accident_id,STATE,ST_CASE,VEH_NO,VE_FORMS,NUMOCCS,DAY,MONTH,HOUR,MINUTE,HARM_EV,MAN_COLL,UNITTYPE,HIT_RUN,REG_STAT,OWNER,MAKE,MODEL,MAK_MOD,BODY_TYP,MOD_YEAR,VIN,VIN_1,VIN_2,VIN_3,VIN_4,VIN_5,VIN_6,VIN_7,VIN_8,VIN_9,VIN_10,VIN_11,VIN_12,TOW_VEH,J_KNIFE,MCARR_I1,MCARR_I2,MCARR_ID,GVWR,V_CONFIG,CARGO_BT,HAZ_INV,HAZ_PLAC,HAZ_ID,HAZ_CNO,HAZ_REL,BUS_USE,SPEC_USE,EMER_USE,TRAV_SP,UNDERIDE,ROLLOVER,ROLINLOC,IMPACT1,DEFORMED,TOWED,M_HARM,VEH_SC1,VEH_SC2,FIRE_EXP,DR_PRES,L_STATE,DR_ZIP,L_STATUS,L_TYPE,CDL_STAT,L_ENDORS,L_COMPL,L_RESTRI,DR_HGT,DR_WGT,PREV_ACC,PREV_SUS,PREV_DWI,PREV_SPD,PREV_OTH,FIRST_MO,FIRST_YR,LAST_MO,LAST_YR,SPEEDREL,DR_SF1,DR_SF2,DR_SF3,DR_SF4,VTRAFWAY,VNUM_LAN,VSPD_LIM,VALIGN,VPROFILE,VPAVETYP,VSURCOND,VTRAFCON,VTCONT_F,P_CRASH1,P_CRASH2,P_CRASH3,PCRASH4,PCRASH5,ACC_TYPE,TRLR1VIN,TRLR2VIN,TRLR3VIN,DEATHS,DR_DRINK,VINTYPE,VINMAKE,VINA_MOD,VIN_BT,VINMODYR,VIN_LNGT,VIN_WGT,WGTCD_TR,WHLBS_LG,WHLBS_SH,SER_TR,FUELCODE,MCYCL_DS,CARBUR,CYLINDER,DISPLACE,MCYCL_CY,MCYCL_WT,TIRE_SZE,TON_RAT,TRK_WT,TRKWTVAR,VIN_REST,WHLDRWHL,Year
2016040063,4,40063,1,2,1,22,2,11,53,12,7,1,0,4,1,49,472,49472,40,2000,4TAWN72N7YZ6,4,T,A,W,N,7,2,N,7,Y,Z,6,0,0,0,Not Applicable,Not Applicable,0,0,0,1,0,0,0,0,0,0,0,30,0,0,0,62,6,2,12,0,0,0,1,4,85716,1,1,0,0,2,0,65,145,1,3,0,1,1,10,2011,1,2015,0,27,0,0,0,1,7,35,1,1,8,1,0,0,15,10,99,1,2,47,No Trailing Units,No Trailing Units,No Trailing Units,1,0,,,,,,,,,,,,,,,,,,,,,,,,,2016
2016040063,4,40063,2,2,1,22,2,11,53,12,7,1,0,4,2,2,404,2404,14,1998,1J4GZ58S0WC1,1,J,4,G,Z,5,8,S,0,W,C,1,0,0,0,Not Applicable,Not Applicable,0,0,0,1,0,0,0,0,0,0,0,35,0,0,0,1,6,2,12,0,0,0,1,4,85719,6,1,0,0,3,0,69,160,0,0,0,0,0,0,0,0,0,0,0,0,0,0,1,7,35,1,1,8,1,0,0,1,61,99,1,1,45,No Trailing Units,No Trailing Units,No Trailing Units,0,0,,,,,,,,,,,,,,,,,,,,,,,,,2016
2016040064,4,40064,1,1,99,2,1,19,10,8,0,1,9,99,9,99,999,99999,99,9999,Unknown,9,9,9,9,9,9,9,9,9,9,9,9,0,0,0,Not Applicable,Not Applicable,0,0,0,1,0,0,0,0,0,0,0,999,0,0,0,98,9,9,8,0,0,0,1,4,85086,6,1,0,0,3,0,75,220,0,1,0,1,0,8,2013,9,2013,0,38,91,0,0,5,3,30,1,1,2,1,0,0,1,80,99,9,1,13,No Trailing Units,No Trailing Units,No Trailing Units,0,1,,,,,,,,,,,,,,,,,,,,,,,,,2016
2016040065,4,40065,1,2,1,3,1,5,23,12,2,1,0,4,1,12,32,12032,5,2015,3FADP4EJ1FM1,3,F,A,D,P,4,E,J,1,F,M,1,0,0,0,Not Applicable,Not Applicable,0,0,0,1,0,0,0,0,0,0,0,50,0,0,0,12,6,2,12,0,0,0,1,4,85550,6,1,0,0,3,0,69,200,0,3,1,0,0,3,2011,2,2014,0,28,0,0,0,1,2,45,1,1,2,1,0,0,1,10,99,9,2,50,No Trailing Units,No Trailing Units,No Trailing Units,1,1,,,,,,,,,,,,,,,,,,,,,,,,,2016
2016040065,4,40065,2,2,1,3,1,5,23,12,2,1,0,4,2,37,32,37032,4,2008,1HGCP36818A0,1,H,G,C,P,3,6,8,1,8,A,0,0,0,0,Not Applicable,Not Applicable,0,0,0,1,0,0,0,0,0,0,0,35,0,0,0,12,6,2,12,0,0,0,1,4,85550,6,1,0,0,3,1,65,222,0,0,0,0,0,0,0,0,0,0,0,0,0,0,1,2,45,1,1,2,1,0,0,1,62,99,9,1,51,No Trailing Units,No Trailing Units,No Trailing Units,0,0,,,,,,,,,,,,,,,,,,,,,,,,,2016
2016040066,4,40066,1,1,1,4,1,6,36,38,0,1,0,92,0,20,37,20037,4,1997,1G1NE52M4VY1,1,G,1,N,E,5,2,M,4,V,Y,1,0,0,0,Not Applicable,Not Applicable,0,0,0,1,0,0,0,0,0,0,0,50,0,0,0,62,6,2,38,0,0,0,1,4,85363,1,1,0,0,2,0,65,172,1,4,0,0,0,2,2011,10,2011,4,0,0,0,0,2,1,25,1,1,2,1,0,0,1,13,7,9,4,5,No Trailing Units,No Trailing Units,No Trailing Units,1,0,,,,,,,,,,,,,,,,,,,,,,,,,2016
2016040067,4,40067,1,1,3,5,1,7,14,35,0,1,0,4,2,20,481,20481,31,1995,2GCEK19K3S12,2,G,C,E,K,1,9,K,3,S,1,2,0,0,0,Not Applicable,Not Applicable,0,0,0,1,0,0,0,0,0,0,0,998,0,1,5,81,6,2,1,0,0,0,1,4,86515,6,1,0,0,3,0,69,240,0,1,0,0,0,7,2014,7,2014,4,87,0,0,0,8,8,99,3,8,8,3,97,8,14,6,98,4,4,99,No Trailing Units,No Trailing Units,No Trailing Units,1,0,,,,,,,,,,,,,,,,,,,,,,,,,2016
2016040068,4,40068,1,1,1,6,1,14,5,8,0,1,0,99,9,52,34,52034,4,2004,Unknown,9,9,9,9,9,9,9,9,9,9,9,9,0,0,0,Not Applicable,Not Applicable,0,0,0,1,0,0,0,0,0,0,0,998,0,0,0,98,9,9,8,0,0,0,1,4,85304,6,1,0,0,3,0,67,200,0,0,0,0,0,0,0,0,0,9,99,99,99,99,5,3,99,1,9,9,99,0,0,1,81,99,9,4,10,No Trailing Units,No Trailing Units,No Trailing Units,0,0,,,,,,,,,,,,,,,,,,,,,,,,,2016
2016040069,4,40069,1,1,1,7,1,15,45,9,0,1,0,99,9,52,34,52034,4,2003,Unknown,9,9,9,9,9,9,9,9,9,9,9,9,0,0,0,Not Applicable,Not Applicable,0,0,0,1,0,0,0,0,0,0,0,998,0,0,0,98,9,9,9,0,0,0,1,4,85339,6,1,0,0,3,0,72,280,0,0,0,1,0,12,2014,12,2014,0,0,0,0,0,5,5,99,1,9,9,99,0,0,1,83,99,9,9,13,No Trailing Units,No Trailing Units,No Trailing Units,0,0,,,,,,,,,,,,,,,,,,,,,,,,,2016
2016040070,4,40070,1,1,1,8,1,18,31,8,0,1,0,4,2,12,481,12481,31,2007,1FTSX21557EB,1,F,T,S,X,2,1,5,5,7,E,B,0,0,0,Not Applicable,Not Applicable,0,0,0,1,0,0,0,0,0,0,0,998,0,0,0,12,2,8,8,0,0,0,1,4,86045,3,1,0,0,2,3,69,165,0,0,0,0,0,0,0,0,0,0,0,0,0,0,1,5,98,1,8,2,98,3,3,3,80,1,1,1,13,No Trailing Units,No Trailing Units,No Trailing Units,0,0,,,,,,,,,,,,,,,,,,,,,,,,,2016
2016040071,4,40071,1,1,2,8,1,23,28,8,0,1,0,4,2,7,482,7482,31,2006,1D7HA18N76S5,1,D,7,H,A,1,8,N,7,6,S,5,0,0,0,Not Applicable,Not Applicable,0,0,0,1,0,0,0,0,0,0,0,21,0,0,0,12,6,2,8,0,0,0,1,4,85006,0,0,0,0,0,0,63,199,0,10,0,0,2,9,2011,12,2015,0,91,0,0,0,1,2,35,1,1,2,1,0,0,1,80,99,9,3,13,No Trailing Units,No Trailing Units,No Trailing Units,0,0,,,,,,,,,,,,,,,,,,,,,,,,,2016
2016040072,4,40072,1,2,1,9,1,12,27,12,6,1,0,4,1,35,47,35047,4,1997,1N4BU31D4VC1,1,N,4,B,U,3,1,D,4,V,C,1,0,0,0,Not Applicable,Not Applicable,0,0,0,1,0,0,0,0,0,0,0,6,0,0,0,63,6,2,12,0,0,0,1,4,85207,6,1,0,0,3,3,59,143,0,0,0,1,0,2,2012,2,2012,0,39,91,0,0,1,2,25,1,1,2,1,20,3,1,17,99,1,1,89,No Trailing Units,No Trailing Units,No Trailing Units,0,0,,,,,,,,,,,,,,,,,,,,,,,,,2016
2016040072,4,40072,2,2,1,9,1,12,27,12,6,1,0,4,1,72,706,72706,80,2004,1HD1FRW124Y7,1,H,D,1,F,R,W,1,2,4,Y,7,0,0,0,Not Applicable,Not Applicable,0,0,0,1,0,0,0,0,0,0,0,49,0,0,0,12,6,2,12,0,0,0,1,4,85203,6,1,0,0,3,0,72,180,1,5,0,0,0,5,2011,9,2012,0,0,0,0,0,3,4,50,1,1,2,1,0,0,1,66,99,1,1,88,No Trailing Units,No Trailing Units,No Trailing Units,1,0,,,,,,,,,,,,,,,,,,,,,,,,,2016
2016040073,4,40073,1,1,1,9,1,20,56,8,0,1,0,4,1,49,404,49404,14,2007,JTEBU11FX700,J,T,E,B,U,1,1,F,X,7,0,0,0,0,0,Not Applicable,Not Applicable,0,0,0,1,0,0,0,0,0,0,0,998,0,0,0,12,6,2,8,0,0,0,1,4,85027,6,1,0,0,3,0,72,265,0,0,0,0,0,0,0,0,0,0,0,0,0,0,5,6,40,1,1,8,1,0,0,1,80,99,9,3,13,No Trailing Units,No Trailing Units,No Trailing Units,0,0,,,,,,,,,,,,,,,,,,,,,,,,,2016
2016040074,4,40074,1,1,99,10,1,0,28,8,0,1,1,99,9,20,499,20499,49,9999,Unknown,9,9,9,9,9,9,9,9,9,9,9,9,0,0,0,Not Applicable,Not Applicable,0,0,0,1,0,0,0,0,0,0,0,999,0,0,0,98,9,5,8,99,99,0,1,99,99999,9,9,99,0,9,9,999,999,99,99,99,99,99,99,9999,99,9999,9,99,99,99,99,9,9,99,1,9,9,99,99,9,1,80,99,9,9,13,No Trailing Units,No Trailing Units,No Trailing Units,0,0,,,,,,,,,,,,,,,,,,,,,,,,,2016
2016040075,4,40075,1,2,2,12,1,14,25,12,6,1,0,4,2,58,37,58037,4,2005,JNKCV51E25M2,J,N,K,C,V,5,1,E,2,5,M,2,0,0,0,Not Applicable,Not Applicable,0,0,0,1,0,0,0,0,0,0,0,92,0,0,0,81,6,2,12,0,0,0,1,4,85021,0,0,0,0,0,0,67,143,0,0,0,0,0,0,0,0,0,2,91,28,58,0,5,7,45,2,5,2,1,0,0,14,6,15,5,2,66,No Trailing Units,No Trailing Units,No Trailing Units,1,0,,,,,,,,,,,,,,,,,,,,,,,,,2016
2016040075,4,40075,2,2,1,12,1,14,25,12,6,1,0,4,1,12,422,12422,15,2004,1FMRU15W24LA,1,F,M,R,U,1,5,W,2,4,L,A,0,0,0,Not Applicable,Not Applicable,0,0,0,1,0,0,0,0,0,0,0,42,0,0,0,12,6,2,12,0,0,0,1,4,85138,6,1,0,0,3,0,64,175,0,0,0,0,0,0,0,0,0,0,0,0,0,0,5,7,45,3,6,2,1,0,0,14,62,1,1,1,66,No Trailing Units,No Trailing Units,No Trailing Units,0,0,,,,,,,,,,,,,,,,,,,,,,,,,2016
2016040076,4,40076,1,1,1,13,1,12,58,33,0,1,0,4,1,6,441,6441,20,2006,2A4GP54L46R7,2,A,4,G,P,5,4,L,4,6,R,7,0,0,0,Not Applicable,Not Applicable,0,0,0,1,0,0,0,0,0,0,0,32,0,0,0,82,2,5,9,0,0,0,1,4,85374,6,1,0,0,3,3,65,145,0,0,0,0,0,0,0,0,0,0,91,0,0,0,2,3,35,1,1,2,1,0,0,1,13,1,1,4,1,No Trailing Units,No Trailing Units,No Trailing Units,0,0,,,,,,,,,,,,,,,,,,,,,,,,,2016
2016040077,4,40077,1,1,1,14,1,10,10,9,0,1,0,4,1,20,4,20004,2,2015,1G1YK2D72F51,1,G,1,Y,K,2,D,7,2,F,5,1,0,0,0,Not Applicable,Not Applicable,0,0,0,1,0,0,0,0,0,0,0,999,0,0,0,12,4,3,9,0,0,0,1,4,85297,6,1,0,0,3,3,75,240,1,1,0,1,1,4,2015,8,2015,4,91,0,0,0,2,2,55,1,1,8,1,0,0,1,83,99,1,4,13,No Trailing Units,No Trailing Units,No Trailing Units,0,1,,,,,,,,,,,,,,,,,,,,,,,,,2016
2016040078,4,40078,1,2,1,19,1,5,54,12,6,1,0,99,9,32,399,32399,9,2008,Unknown,9,9,9,9,9,9,9,9,9,9,9,9,0,0,0,Not Applicable,Not Applicable,0,0,0,1,0,0,0,0,0,0,0,998,0,0,0,12,9,9,12,0,0,0,1,4,86403,6,1,0,0,3,0,72,195,0,0,0,0,1,6,2014,6,2014,9,99,99,99,99,1,4,99,1,1,2,99,3,3,1,17,99,9,9,86,No Trailing Units,No Trailing Units,No Trailing Units,0,0,,,,,,,,,,,,,,,,,,,,,,,,,2016
2016040078,4,40078,2,2,1,19,1,5,54,12,6,1,0,99,9,20,473,20473,30,2012,Unknown,9,9,9,9,9,9,9,9,9,9,9,9,0,0,0,Not Applicable,Not Applicable,0,0,0,1,0,0,0,0,0,0,0,999,0,0,0,81,6,2,12,0,0,0,1,4,86403,6,1,0,0,3,0,68,175,0,0,0,0,0,0,0,0,0,9,99,99,99,99,1,5,99,1,1,2,99,3,3,1,66,99,9,9,87,No Trailing Units,No Trailing Units,No Trailing Units,1,0,,,,,,,,,,,,,,,,,,,,,,,,,2016
2016040079,4,40079,1,1,1,20,1,6,29,8,0,1,0,99,9,20,441,20441,20,2001,Unknown,9,9,9,9,9,9,9,9,9,9,9,9,0,0,0,Not Applicable,Not Applicable,0,0,0,1,0,0,0,0,0,0,0,998,0,0,0,12,9,9,8,0,0,0,1,4,85035,0,0,0,0,0,0,999,999,0,0,0,0,0,0,0,0,0,0,0,0,0,0,1,5,99,1,9,2,99,3,3,1,80,99,9,9,13,No Trailing Units,No Trailing Units,No Trailing Units,0,0,,,,,,,,,,,,,,,,,,,,,,,,,2016
2016040080,4,40080,1,2,1,20,1,7,51,12,6,1,0,4,1,48,38,48038,2,1999,JF1GM6752XG4,J,F,1,G,M,6,7,5,2,X,G,4,0,0,0,Not Applicable,Not Applicable,0,0,0,1,0,0,0,0,0,0,0,10,0,0,0,82,6,2,12,0,0,0,1,4,85249,6,1,0,0,3,3,72,250,0,0,0,0,0,0,0,0,0,0,38,48,0,0,2,4,45,1,1,2,1,3,3,11,15,1,1,1,68,No Trailing Units,No Trailing Units,No Trailing Units,0,0,,,,,,,,,,,,,,,,,,,,,,,,,2016
2016040080,4,40080,2,2,3,20,1,7,51,12,6,1,0,4,2,63,38,63038,5,2015,KNAFX4A67F53,K,N,A,F,X,4,A,6,7,F,5,3,0,0,0,Not Applicable,Not Applicable,0,0,0,1,0,0,0,0,0,0,0,45,0,0,0,12,6,2,12,0,0,0,1,4,85298,6,1,0,0,3,3,62,116,0,0,0,0,0,0,0,0,0,0,0,0,0,0,2,4,45,1,1,2,1,3,3,1,62,1,1,1,69,No Trailing Units,No Trailing Units,No Trailing Units,1,0,,,,,,,,,,,,,,,,,,,,,,,,,2016
2016040081,4,40081,1,1,1,21,1,19,15,8,0,1,0,99,9,7,472,7472,30,2001,Unknown,9,9,9,9,9,9,9,9,9,9,9,9,0,0,0,Not Applicable,Not Applicable,0,0,0,1,0,0,0,0,0,0,0,998,0,0,0,98,9,9,8,0,0,0,1,4,85029,6,1,0,0,3,3,69,230,0,0,0,0,0,0,0,0,0,0,0,0,0,0,5,6,99,9,9,9,99,0,0,99,80,99,9,9,13,No Trailing Units,No Trailing Units,No Trailing Units,0,0,,,,,,,,,,,,,,,,,,,,,,,,,2016
2016040082,4,40082,1,1,3,22,1,15,30,8,0,1,0,4,2,37,31,37031,2,2009,2HGFG12829H5,2,H,G,F,G,1,2,8,2,9,H,5,0,0,0,Not Applicable,Not Applicable,0,0,0,1,0,0,0,0,0,0,0,35,0,0,0,12,2,8,8,0,0,0,1,4,85737,6,1,0,0,3,0,68,175,0,0,0,0,0,0,0,0,0,0,0,0,0,0,2,2,25,3,1,2,1,23,3,14,80,16,2,3,13,No Trailing Units,No Trailing Units,No Trailing Units,0,0,,,,,,,,,,,,,,,,,,,,,,,,,2016
2016040083,4,40083,1,2,1,24,1,20,33,8,0,1,0,99,9,2,407,2407,14,2015,Unknown,9,9,9,9,9,9,9,9,9,9,9,9,0,0,0,Not Applicable,Not Applicable,0,0,0,1,0,0,0,0,0,0,0,998,0,0,0,12,9,9,8,0,0,0,1,4,86503,1,1,0,0,2,0,66,165,0,0,0,0,0,0,0,0,0,0,99,99,99,99,5,6,99,1,9,9,99,0,0,1,80,99,9,9,13,No Trailing Units,No Trailing Units,No Trailing Units,0,1,,,,,,,,,,,,,,,,,,,,,,,,,2016
2016040083,4,40083,2,2,1,24,1,20,33,8,0,1,0,99,9,14,6,14006,4,2000,Unknown,9,9,9,9,9,9,9,9,9,9,9,9,0,0,0,Not Applicable,Not Applicable,0,0,0,1,0,0,0,0,0,0,0,998,0,0,0,12,9,9,54,0,0,0,1,4,85008,6,1,0,0,3,0,67,165,0,0,0,0,0,0,0,0,0,0,0,0,0,0,5,6,99,1,9,9,99,0,0,1,98,99,9,9,98,No Trailing Units,No Trailing Units,No Trailing Units,0,0,,,,,,,,,,,,,,,,,,,,,,,,,2016
2016040084,4,40084,1,1,1,24,1,23,2,8,0,1,0,4,2,52,401,52401,14,2001,JA4LS31R21P0,J,A,4,L,S,3,1,R,2,1,P,0,0,0,0,Not Applicable,Not Applicable,0,0,0,1,0,0,0,0,0,0,0,50,0,0,0,11,2,5,8,0,0,0,1,4,85041,6,1,0,0,3,3,72,175,0,0,0,0,0,0,0,0,0,0,0,0,0,0,5,5,45,1,1,8,1,0,0,1,80,16,2,1,13,No Trailing Units,No Trailing Units,No Trailing Units,0,0,,,,,,,,,,,,,,,,,,,,,,,,,2016
2016040085,4,40085,1,2,1,25,1,6,20,8,0,1,0,4,2,20,481,20481,31,2001,2GCEC19T8113,2,G,C,E,C,1,9,T,8,1,1,3,0,0,0,Not Applicable,Not Applicable,0,0,0,1,0,0,0,0,0,0,0,26,0,0,0,11,4,5,8,0,0,0,1,4,85035,6,1,0,0,3,0,64,160,0,1,0,1,2,12,2013,9,2015,0,0,0,0,0,5,6,40,1,1,2,1,0,0,1,80,99,1,3,13,No Trailing Units,No Trailing Units,No Trailing Units,0,0,,,,,,,,,,,,,,,,,,,,,,,,,2016
2016040085,4,40085,2,2,1,25,1,6,20,8,0,1,0,4,2,23,401,23401,14,2002,1GKDS13S3223,1,G,K,D,S,1,3,S,3,2,2,3,0,0,0,Not Applicable,Not Applicable,0,0,0,1,0,0,0,0,0,0,0,10,0,0,0,11,2,5,54,0,0,0,1,4,85033,6,1,0,0,3,0,68,190,0,0,0,0,0,0,0,0,0,0,0,0,0,0,5,6,40,1,1,2,1,0,0,1,98,99,1,1,98,No Trailing Units,No Trailing Units,No Trailing Units,0,0,,,,,,,,,,,,,,,,,,,,,,,,,2016
2016040086,4,40086,1,1,2,26,1,7,2,8,0,1,0,99,9,24,399,24399,4,2004,Unknown,9,9,9,9,9,9,9,9,9,9,9,9,0,0,0,Not Applicable,Not Applicable,0,0,0,1,0,0,0,0,0,0,0,998,0,0,0,98,9,9,8,0,0,0,1,4,85040,6,1,0,0,3,0,66,185,0,0,0,1,0,4,2013,4,2013,0,0,0,0,0,5,5,99,1,9,9,99,0,0,1,80,99,9,9,13,No Trailing Units,No Trailing Units,No Trailing Units,0,0,,,,,,,,,,,,,,,,,,,,,,,,,2016
2016040087,4,40087,1,1,99,28,1,99,99,8,0,1,9,99,9,99,999,99999,99,9999,Unknown,9,9,9,9,9,9,9,9,9,9,9,9,0,0,0,Not Applicable,Not Applicable,0,0,0,1,0,0,0,0,0,0,0,999,0,0,0,98,9,9,8,0,0,0,1,99,99999,9,9,99,9,9,9,999,999,99,99,99,99,99,99,9999,99,9999,9,99,99,99,99,9,9,99,9,9,9,99,99,9,99,83,99,9,9,13,No Trailing Units,No Trailing Units,No Trailing Units,0,0,,,,,,,,,,,,,,,,,,,,,,,,,2016
2016040088,4,40088,1,3,1,3,1,11,23,12,7,1,0,4,1,20,441,20441,20,1999,1GNDM19WXXB1,1,G,N,D,M,1,9,W,X,X,B,1,0,0,0,Not Applicable,Not Applicable,0,0,0,1,0,0,0,0,0,0,0,998,0,0,0,82,6,2,12,32,0,0,1,4,85351,6,1,3,0,3,0,70,174,0,0,0,0,0,0,0,0,0,0,39,0,0,0,1,2,50,1,1,2,1,20,3,1,50,99,9,3,48,No Trailing Units,No Trailing Units,No Trailing Units,1,0,,,,,,,,,,,,,,,,,,,,,,,,,2016
2016040088,4,40088,2,3,2,3,1,11,23,12,7,1,0,26,1,20,404,20404,14,2014,2GNALBEK7E62,2,G,N,A,L,B,E,K,7,E,6,2,0,0,0,Not Applicable,Not Applicable,0,0,0,1,0,0,0,0,0,0,0,0,0,0,0,63,2,5,12,0,0,0,1,26,48622,6,1,0,0,3,1,72,250,0,0,0,0,0,0,0,0,0,0,0,0,0,0,1,2,50,1,1,2,1,20,3,5,53,1,1,1,48,No Trailing Units,No Trailing Units,No Trailing Units,0,0,,,,,,,,,,,,,,,,,,,,,,,,,2016
2016040088,4,40088,3,3,3,3,1,11,23,12,7,1,0,4,1,63,401,63401,14,2012,KNDPC3A27C71,K,N,D,P,C,3,A,2,7,C,7,1,0,0,0,Not Applicable,Not Applicable,0,0,0,1,0,0,0,0,0,0,0,998,0,1,1,62,6,2,1,0,0,0,1,4,85374,6,1,0,0,3,0,65,120,0,0,0,0,0,0,0,0,0,0,0,0,0,0,2,4,50,1,1,2,1,0,0,1,68,16,9,3,98,No Trailing Units,No Trailing Units,No Trailing Units,0,0,,,,,,,,,,,,,,,,,,,,,,,,,2016
2016040089,4,40089,1,2,1,12,1,99,99,12,2,1,0,99,9,99,999,99999,99,9999,Unknown,9,9,9,9,9,9,9,9,9,9,9,9,0,0,0,Not Applicable,Not Applicable,0,0,0,1,0,0,0,0,0,0,0,999,0,0,0,12,9,9,12,0,0,0,1,4,85033,6,1,0,0,3,3,71,170,0,0,0,0,0,0,0,0,0,9,99,99,99,99,1,5,99,1,1,2,99,3,3,1,10,99,9,2,53,No Trailing Units,No Trailing Units,No Trailing Units,1,0,,,,,,,,,,,,,,,,,,,,,,,,,2016
2016040089,4,40089,2,2,2,12,1,99,99,12,2,1,0,99,9,99,999,99999,99,9999,Unknown,9,9,9,9,9,9,9,9,9,9,9,9,0,0,0,Not Applicable,Not Applicable,0,0,0,1,0,0,0,0,0,0,0,999,0,0,0,12,9,9,12,0,0,0,1,99,99999,9,9,99,0,9,9,999,999,99,99,99,99,99,99,9999,99,9999,9,99,99,99,99,1,5,99,1,1,2,99,3,3,1,62,99,9,9,53,No Trailing Units,No Trailing Units,No Trailing Units,0,0,,,,,,,,,,,,,,,,,,,,,,,,,2016
2016040090,4,40090,1,1,3,28,1,99,99,1,0,1,0,99,9,99,999,99999,99,9999,Unknown,9,9,9,9,9,9,9,9,9,9,9,9,0,0,0,Not Applicable,Not Applicable,0,0,0,1,0,0,0,0,0,0,0,999,0,1,9,0,9,9,1,0,0,0,1,99,99999,9,9,99,0,9,9,999,999,99,99,99,99,99,99,9999,99,9999,9,99,99,99,99,9,9,99,9,9,9,99,99,9,99,99,99,9,9,99,No Trailing Units,No Trailing Units,No Trailing Units,1,0,,,,,,,,,,,,,,,,,,,,,,,,,2016
2016040091,4,40091,1,2,2,11,2,16,18,12,6,1,0,4,1,49,32,49032,4,2014,5YFBURHE3EP0,5,Y,F,B,U,R,H,E,3,E,P,0,0,0,0,Not Applicable,Not Applicable,0,0,0,1,0,0,0,0,0,0,0,998,0,0,0,62,6,2,12,0,0,0,1,4,85256,1,1,0,0,2,3,66,150,0,1,0,1,0,2,2016,2,2016,0,39,0,0,0,1,2,50,1,1,8,1,20,3,11,15,99,9,3,82,No Trailing Units,No Trailing Units,No Trailing Units,1,0,,,,,,,,,,,,,,,,,,,,,,,,,2016
2016040091,4,40091,2,2,1,11,2,16,18,12,6,1,0,4,1,35,402,35402,14,2013,5N1AN0NWXDN8,5,N,1,A,N,0,N,W,X,D,N,8,0,0,0,Not Applicable,Not Applicable,0,0,0,1,0,0,0,0,0,0,0,72,0,0,0,12,6,2,12,0,0,0,1,4,85203,6,1,0,0,3,0,63,150,0,0,0,0,0,0,0,0,0,0,0,0,0,0,1,6,50,1,1,8,1,0,0,1,67,99,9,3,83,No Trailing Units,No Trailing Units,No Trailing Units,0,0,,,,,,,,,,,,,,,,,,,,,,,,,2016
2016040092,4,40092,1,1,1,12,2,0,52,52,0,1,0,48,1,20,481,20481,31,2009,3GCEK33M39G1,3,G,C,E,K,3,3,M,3,9,G,1,0,0,0,Not Applicable,Not Applicable,0,0,0,1,0,0,0,0,0,0,0,998,0,1,5,62,6,2,1,0,0,1,1,48,75852,6,1,6,0,3,0,71,260,1,0,0,0,0,10,2013,10,2013,0,0,0,0,0,3,2,75,3,1,2,1,0,0,14,13,99,9,4,5,No Trailing Units,No Trailing Units,No Trailing Units,1,0,,,,,,,,,,,,,,,,,,,,,,,,,2016
2016040093,4,40093,1,2,1,16,2,0,15,12,1,1,1,4,2,7,43,7043,2,2002,4B3AG42HX2E1,4,B,3,A,G,4,2,H,X,2,E,1,0,0,0,Not Applicable,Not Applicable,0,0,0,1,0,0,0,0,0,0,0,998,0,0,0,12,6,2,12,0,0,0,1,4,86538,6,1,0,0,3,3,60,150,1,3,1,0,0,5,2012,10,2014,0,91,0,0,0,3,5,65,1,1,2,1,0,0,15,11,99,9,3,32,No Trailing Units,No Trailing Units,No Trailing Units,0,1,,,,,,,,,,,,,,,,,,,,,,,,,2016
2016040093,4,40093,2,2,1,16,2,0,15,12,1,1,0,4,1,72,706,72706,80,2015,1HD1KTM12FB6,1,H,D,1,K,T,M,1,2,F,B,6,0,0,0,Not Applicable,Not Applicable,0,0,0,1,0,0,0,0,0,0,0,998,0,0,0,6,6,2,12,0,0,0,1,4,85086,6,1,6,0,3,0,69,200,0,0,0,0,0,0,0,0,0,0,0,0,0,0,3,5,65,1,1,2,1,0,0,1,60,99,1,1,32,No Trailing Units,No Trailing Units,No Trailing Units,1,0,,,,,,,,,,,,,,,,,,,,,,,,,2016