accident_id,STATE,ST_CASE,VEH_NO,VE_FORMS,NUMOCCS,DAY,MONTH,HOUR,MINUTE,HARM_EV,MAN_COLL,UNITTYPE,HIT_RUN,REG_STAT,OWNER,MAKE,MODEL,MAK_MOD,BODY_TYP,MOD_YEAR,VIN,VIN_1,VIN_2,VIN_3,VIN_4,VIN_5,VIN_6,VIN_7,VIN_8,VIN_9,VIN_10,VIN_11,VIN_12,TOW_VEH,J_KNIFE,MCARR_I1,MCARR_I2,MCARR_ID,GVWR,V_CONFIG,CARGO_BT,HAZ_INV,HAZ_PLAC,HAZ_ID,HAZ_CNO,HAZ_REL,BUS_USE,SPEC_USE,EMER_USE,TRAV_SP,UNDERIDE,ROLLOVER,ROLINLOC,IMPACT1,DEFORMED,TOWED,M_HARM,VEH_SC1,VEH_SC2,FIRE_EXP,DR_PRES,L_STATE,DR_ZIP,L_STATUS,L_TYPE,CDL_STAT,L_ENDORS,L_COMPL,L_RESTRI,DR_HGT,DR_WGT,PREV_ACC,PREV_SUS,PREV_DWI,PREV_SPD,PREV_OTH,FIRST_MO,FIRST_YR,LAST_MO,LAST_YR,SPEEDREL,DR_SF1,DR_SF2,DR_SF3,DR_SF4,VTRAFWAY,VNUM_LAN,VSPD_LIM,VALIGN,VPROFILE,VPAVETYP,VSURCOND,VTRAFCON,VTCONT_F,P_CRASH1,P_CRASH2,P_CRASH3,PCRASH4,PCRASH5,ACC_TYPE,TRLR1VIN,TRLR2VIN,TRLR3VIN,DEATHS,DR_DRINK,VINTYPE,VINMAKE,VINA_MOD,VIN_BT,VINMODYR,VIN_LNGT,VIN_WGT,WGTCD_TR,WHLBS_LG,WHLBS_SH,SER_TR,FUELCODE,MCYCL_DS,CARBUR,CYLINDER,DISPLACE,MCYCL_CY,MCYCL_WT,TIRE_SZE,TON_RAT,TRK_WT,TRKWTVAR,VIN_REST,WHLDRWHL,Year
2016040094,4,40094,1,3,4,27,2,12,28,12,6,1,0,4,1,20,481,20481,31,2015,1GC1KVE81FF1,1,G,C,1,K,V,E,8,1,F,F,1,0,0,0,Not Applicable,Not Applicable,0,0,0,1,0,0,0,0,0,0,0,998,0,0,0,12,2,5,12,0,0,0,1,4,85540,6,1,0,0,3,0,69,165,0,0,0,0,0,0,0,0,0,0,38,0,0,0,0,0,0,0,0,0,0,20,3,11,15,16,1,1,76,No Trailing Units,No Trailing Units,No Trailing Units,0,0,,,,,,,,,,,,,,,,,,,,,,,,,2016
2016040094,4,40094,2,3,1,27,2,12,28,12,6,1,0,95,1,72,706,72706,80,2009,1HD1FC4189Y6,1,H,D,1,F,C,4,1,8,9,Y,6,0,0,0,Not Applicable,Not Applicable,0,0,0,1,0,0,0,0,0,0,0,998,0,0,0,81,6,2,12,0,0,0,1,95,0,9,9,99,0,9,9,68,220,99,99,99,99,99,99,9999,99,9999,0,0,0,0,0,5,5,45,1,1,2,1,0,0,1,70,99,9,1,77,No Trailing Units,No Trailing Units,No Trailing Units,1,0,,,,,,,,,,,,,,,,,,,,,,,,,2016
2016040094,4,40094,3,3,4,27,2,12,28,12,6,1,0,4,2,23,481,23481,31,2001,1GKEK13T41R1,1,G,K,E,K,1,3,T,4,1,R,1,0,0,0,Not Applicable,Not Applicable,0,0,0,1,0,0,0,0,0,0,0,998,0,0,0,10,0,5,54,0,0,0,1,4,85142,6,1,0,0,3,0,68,120,0,0,0,1,0,5,2015,5,2015,0,0,0,0,0,5,5,45,1,1,2,1,0,0,1,98,7,1,3,98,No Trailing Units,No Trailing Units,No Trailing Units,0,0,,,,,,,,,,,,,,,,,,,,,,,,,2016
2016040095,4,40095,1,2,2,28,2,11,41,12,6,1,0,4,2,20,441,20441,20,1986,1GCCM15ZXGB1,1,G,C,C,M,1,5,Z,X,G,B,1,0,0,0,Not Applicable,Not Applicable,0,0,0,1,0,0,0,0,0,0,0,998,0,0,0,61,6,2,12,0,0,0,1,4,85901,0,0,0,0,0,0,70,125,0,0,0,0,0,0,0,0,0,0,38,0,0,0,1,2,98,1,1,8,1,20,3,11,15,99,1,1,82,No Trailing Units,No Trailing Units,No Trailing Units,2,0,,,,,,,,,,,,,,,,,,,,,,,,,2016
2016040095,4,40095,2,2,1,28,2,11,41,12,6,1,0,35,3,82,881,82881,66,2007,1FUJAPAV47DW,1,F,U,J,A,P,A,V,4,7,D,W,1,1,57,00703380,5700703380,3,6,3,1,0,0,0,0,0,0,0,998,0,0,0,12,6,2,12,0,0,0,1,4,85923,6,1,6,0,3,3,75,310,0,0,0,0,0,0,0,0,0,0,0,0,0,0,5,3,65,1,1,2,1,0,0,1,67,1,1,1,83,4WWGGB6BX7M6,No Trailing Units,No Trailing Units,0,0,,,,,,,,,,,,,,,,,,,,,,,,,2016
2016040096,4,40096,1,1,2,29,1,18,17,99,0,1,0,4,2,7,482,7482,31,1999,3B7HC13Y9XM5,3,B,7,H,C,1,3,Y,9,X,M,5,0,0,0,Not Applicable,Not Applicable,0,0,0,1,0,0,0,0,0,0,0,998,0,0,0,99,9,5,99,0,0,0,1,4,86035,0,0,0,0,0,0,63,160,0,1,0,0,0,12,2015,12,2015,9,99,99,99,99,8,8,98,8,8,8,98,0,0,99,99,99,9,9,99,No Trailing Units,No Trailing Units,No Trailing Units,1,1,,,,,,,,,,,,,,,,,,,,,,,,,2016
2016040097,4,40097,1,1,2,7,2,1,8,34,0,1,0,4,1,34,35,34035,4,2001,WBADT53421CE,W,B,A,D,T,5,3,4,2,1,C,E,0,0,0,Not Applicable,Not Applicable,0,0,0,1,0,0,0,0,0,0,0,45,0,1,5,12,6,2,1,0,0,0,1,4,85009,6,1,0,0,3,0,76,200,0,1,0,0,0,10,2012,10,2012,0,0,0,0,0,1,2,45,1,1,8,1,0,0,1,13,99,9,4,5,No Trailing Units,No Trailing Units,No Trailing Units,2,1,,,,,,,,,,,,,,,,,,,,,,,,,2016
2016040098,4,40098,1,2,2,22,2,14,37,12,1,1,0,4,1,2,404,2404,14,2007,1J8GS48K87C5,1,J,8,G,S,4,8,K,8,7,C,5,0,0,0,Not Applicable,Not Applicable,0,0,0,1,0,0,0,0,0,0,0,60,0,0,0,12,6,2,12,0,0,0,1,4,85704,6,1,0,0,3,0,66,175,0,0,0,0,0,0,0,0,0,4,0,0,0,0,2,5,50,1,1,2,1,0,0,1,51,99,1,1,24,No Trailing Units,No Trailing Units,No Trailing Units,0,0,,,,,,,,,,,,,,,,,,,,,,,,,2016
2016040098,4,40098,2,2,1,22,2,14,37,12,1,1,0,4,3,12,471,12471,30,2001,1FTYR10U61PA,1,F,T,Y,R,1,0,U,6,1,P,A,0,0,0,Not Applicable,Not Applicable,0,0,0,1,0,0,0,0,0,0,0,50,0,1,1,6,6,2,12,0,0,0,1,4,85139,6,1,0,0,3,3,70,220,0,0,0,0,0,0,0,0,0,0,89,0,0,0,2,5,50,1,1,2,1,0,0,1,53,99,1,1,25,No Trailing Units,No Trailing Units,No Trailing Units,1,0,,,,,,,,,,,,,,,,,,,,,,,,,2016
2016040099,4,40099,1,1,1,25,2,20,1,8,0,1,0,4,1,49,403,49403,14,2007,JTEDP21A0701,J,T,E,D,P,2,1,A,0,7,0,1,0,0,0,Not Applicable,Not Applicable,0,0,0,1,0,0,0,0,0,0,0,39,0,0,0,12,2,3,8,0,0,0,1,4,85304,6,1,0,0,3,0,70,185,0,0,0,0,0,0,0,0,0,0,0,0,0,0,5,6,40,1,1,2,1,0,0,1,80,99,1,1,13,No Trailing Units,No Trailing Units,No Trailing Units,0,0,,,,,,,,,,,,,,,,,,,,,,,,,2016
2016040100,4,40100,1,2,1,27,2,6,43,12,2,1,0,4,2,20,16,20016,2,2004,1G1JC12F7471,1,G,1,J,C,1,2,F,7,4,7,1,0,0,0,Not Applicable,Not Applicable,0,0,0,1,0,0,0,0,0,0,0,45,0,0,0,12,6,2,12,0,0,0,1,4,85213,6,1,0,0,3,0,66,230,0,1,0,1,1,10,2011,7,2014,0,28,0,0,0,2,3,45,1,1,8,1,0,0,1,10,99,3,2,50,No Trailing Units,No Trailing Units,No Trailing Units,1,0,,,,,,,,,,,,,,,,,,,,,,,,,2016
2016040100,4,40100,2,2,1,27,2,6,43,12,2,1,0,4,1,12,481,12481,31,2013,1FTMF1CF0DFD,1,F,T,M,F,1,C,F,0,D,F,D,0,0,0,Not Applicable,Not Applicable,0,0,0,1,0,0,0,0,0,0,0,45,0,0,0,12,6,2,12,0,0,0,1,4,85201,6,1,0,0,3,0,64,133,0,0,0,0,0,0,0,0,0,0,89,0,0,0,2,3,45,1,1,8,1,0,0,1,62,99,1,1,51,No Trailing Units,No Trailing Units,No Trailing Units,0,0,,,,,,,,,,,,,,,,,,,,,,,,,2016
2016040101,4,40101,1,2,1,4,3,9,16,33,0,1,0,4,2,20,421,20421,15,1995,1GNDT13W8SK1,1,G,N,D,T,1,3,W,8,S,K,1,0,0,0,Not Applicable,Not Applicable,0,0,0,1,0,0,0,0,0,0,0,998,0,1,1,98,6,2,1,0,0,0,1,4,85142,1,1,0,0,2,3,71,155,1,6,0,5,0,10,2011,12,2015,0,91,0,0,0,5,5,45,1,1,8,1,0,0,1,9,99,9,4,2,No Trailing Units,No Trailing Units,No Trailing Units,0,0,,,,,,,,,,,,,,,,,,,,,,,,,2016
2016040101,4,40101,2,2,1,4,3,9,16,33,0,1,0,4,2,6,441,6441,20,2002,2C8GP74L52R6,2,C,8,G,P,7,4,L,5,2,R,6,0,0,0,Not Applicable,Not Applicable,0,0,0,1,0,0,0,0,0,0,0,998,0,0,0,98,6,2,12,0,0,0,1,4,85297,6,1,0,0,3,0,64,180,0,0,0,0,0,0,0,0,0,0,0,0,0,0,5,5,45,1,1,8,1,0,0,1,62,99,9,3,98,No Trailing Units,No Trailing Units,No Trailing Units,1,0,,,,,,,,,,,,,,,,,,,,,,,,,2016
2016040102,4,40102,1,1,3,4,3,20,34,8,0,1,0,4,2,12,23,12023,4,2011,3FAHP0HA1BR3,3,F,A,H,P,0,H,A,1,B,R,3,0,0,0,Not Applicable,Not Applicable,0,0,0,1,0,0,0,0,0,0,0,998,0,0,0,82,6,2,8,0,0,0,1,4,86503,6,1,0,0,3,0,65,206,0,0,0,0,0,0,0,0,0,0,0,0,0,0,1,2,65,1,1,2,1,0,0,1,80,1,1,1,13,No Trailing Units,No Trailing Units,No Trailing Units,0,0,,,,,,,,,,,,,,,,,,,,,,,,,2016
2016040103,4,40103,1,1,99,6,3,21,55,8,0,1,1,99,9,99,999,99999,99,9999,Unknown,9,9,9,9,9,9,9,9,9,9,9,9,0,0,0,Not Applicable,Not Applicable,0,0,0,1,0,0,0,0,0,0,0,40,0,0,0,82,9,5,8,0,0,0,1,99,99999,9,9,99,0,9,9,999,999,99,99,99,99,99,99,9999,99,9999,0,27,0,0,0,1,5,40,1,1,2,1,0,0,1,80,99,1,4,13,No Trailing Units,No Trailing Units,No Trailing Units,0,0,,,,,,,,,,,,,,,,,,,,,,,,,2016
2016040104,4,40104,1,1,2,7,3,23,8,42,0,1,0,4,2,6,441,6441,20,1999,1C4GP64L1XB6,1,C,4,G,P,6,4,L,1,X,B,6,0,0,0,Not Applicable,Not Applicable,0,0,0,1,0,0,0,0,0,0,0,40,0,1,5,98,6,2,1,0,0,0,1,4,85641,0,0,0,0,0,0,72,198,0,0,0,0,0,0,0,0,0,4,0,0,0,0,1,2,25,1,1,5,1,0,0,11,6,99,4,4,2,No Trailing Units,No Trailing Units,No Trailing Units,1,1,,,,,,,,,,,,,,,,,,,,,,,,,2016
2016040105,4,40105,1,2,2,8,3,18,51,12,2,1,0,4,1,24,7,24007,4,2006,1G8AL58B36Z2,1,G,8,A,L,5,8,B,3,6,Z,2,0,0,0,Not Applicable,Not Applicable,0,0,0,1,0,0,0,0,0,0,0,998,0,0,0,12,6,2,12,0,0,0,1,4,86044,6,1,0,0,3,0,68,135,0,0,0,0,0,0,0,0,0,0,28,0,0,0,1,3,55,2,6,2,1,0,0,14,10,99,9,2,50,No Trailing Units,No Trailing Units,No Trailing Units,2,0,,,,,,,,,,,,,,,,,,,,,,,,,2016
2016040105,4,40105,2,2,1,8,3,18,51,12,2,1,0,4,1,49,472,49472,30,2014,3TMLU4EN1EM1,3,T,M,L,U,4,E,N,1,E,M,1,0,0,0,Not Applicable,Not Applicable,0,0,0,1,0,0,0,0,0,0,0,998,0,0,0,12,6,2,12,0,0,0,1,4,86001,6,1,0,0,3,3,74,200,0,0,0,0,0,0,0,0,0,0,0,0,0,0,1,3,55,3,5,2,1,0,0,14,62,99,9,1,51,No Trailing Units,No Trailing Units,No Trailing Units,0,0,,,,,,,,,,,,,,,,,,,,,,,,,2016
2016040106,4,40106,1,1,1,10,3,19,22,8,0,1,0,4,2,19,3,19003,4,1993,1G6CD53B1P42,1,G,6,C,D,5,3,B,1,P,4,2,0,0,0,Not Applicable,Not Applicable,0,0,0,1,0,0,0,0,0,0,0,45,0,0,0,12,2,5,8,0,0,0,1,4,85138,6,1,0,0,3,3,63,125,0,0,0,0,0,0,0,0,0,0,0,0,0,0,2,1,45,1,1,8,1,0,0,1,80,1,1,1,13,No Trailing Units,No Trailing Units,No Trailing Units,0,0,,,,,,,,,,,,,,,,,,,,,,,,,2016
2016040107,4,40107,1,2,4,11,3,16,45,12,1,1,0,4,2,49,40,49040,4,2003,4T1BF32K23U0,4,T,1,B,F,3,2,K,2,3,U,0,0,0,0,Not Applicable,Not Applicable,0,0,0,1,0,0,0,0,0,0,0,50,0,0,0,6,6,2,12,0,0,0,1,4,85132,0,0,0,0,0,0,999,999,0,0,0,0,0,0,0,0,0,9,99,99,99,99,1,3,50,1,1,2,1,0,0,99,53,99,9,1,25,No Trailing Units,No Trailing Units,No Trailing Units,1,0,,,,,,,,,,,,,,,,,,,,,,,,,2016
2016040107,4,40107,2,2,1,11,3,16,45,12,1,1,0,4,1,7,482,7482,31,2006,3D7LX39C56G2,3,D,7,L,X,3,9,C,5,6,G,2,0,0,0,Not Applicable,Not Applicable,0,0,0,1,0,0,0,0,0,0,0,60,7,0,0,12,6,2,12,0,0,0,1,4,85901,6,1,6,0,3,0,72,200,0,0,0,0,1,11,2012,11,2012,0,89,0,0,0,1,3,50,1,1,2,1,0,0,1,51,99,1,1,24,No Trailing Units,No Trailing Units,No Trailing Units,0,0,,,,,,,,,,,,,,,,,,,,,,,,,2016
2016040108,4,40108,1,1,1,11,3,22,10,33,0,1,0,4,1,72,706,72706,80,2014,1HD1JRV11EB0,1,H,D,1,J,R,V,1,1,E,B,0,0,0,0,Not Applicable,Not Applicable,0,0,0,1,0,0,0,0,0,0,0,1,0,0,0,62,6,2,33,0,0,0,1,4,85210,6,1,0,0,3,0,68,167,0,0,0,1,0,11,2014,11,2014,0,0,0,0,0,2,3,45,1,6,8,1,3,3,1,12,99,9,4,10,No Trailing Units,No Trailing Units,No Trailing Units,1,1,,,,,,,,,,,,,,,,,,,,,,,,,2016
2016040109,4,40109,1,2,1,12,3,15,0,1,0,1,0,4,1,37,706,37706,80,1995,JH2SC280XSM3,J,H,2,S,C,2,8,0,X,S,M,3,0,0,0,Not Applicable,Not Applicable,0,0,0,1,0,0,0,0,0,0,0,998,0,0,0,0,6,2,12,0,0,0,1,4,85338,6,1,0,0,3,0,75,235,0,1,0,0,0,8,2014,8,2014,4,0,0,0,0,1,2,45,3,3,2,1,0,0,14,6,16,9,3,98,No Trailing Units,No Trailing Units,No Trailing Units,1,0,,,,,,,,,,,,,,,,,,,,,,,,,2016
2016040109,4,40109,2,2,3,12,3,15,0,1,0,1,0,4,2,12,481,12481,31,2012,1FTFW1EF5CFB,1,F,T,F,W,1,E,F,5,C,F,B,1,1,0,Not Applicable,Not Applicable,0,0,0,1,0,0,0,0,0,0,0,998,0,0,0,62,6,2,12,0,0,0,1,4,85194,6,1,0,0,3,3,66,165,0,0,0,0,0,0,0,0,0,0,0,0,0,0,1,2,45,1,3,5,1,0,0,11,15,99,1,1,98,4ZBSU11682F0,No Trailing Units,No Trailing Units,0,0,,,,,,,,,,,,,,,,,,,,,,,,,2016
2016040110,4,40110,1,1,1,16,3,5,12,8,0,1,0,4,1,7,482,7482,31,1994,1B7HF16Z2RS5,1,B,7,H,F,1,6,Z,2,R,S,5,0,0,0,Not Applicable,Not Applicable,0,0,0,1,0,0,0,0,0,0,0,998,0,0,0,12,2,5,8,0,0,0,1,4,85326,6,1,0,0,3,0,73,230,1,1,0,1,1,7,2011,8,2014,0,0,0,0,0,6,1,65,1,6,2,1,0,0,1,80,16,1,1,13,No Trailing Units,No Trailing Units,No Trailing Units,0,0,,,,,,,,,,,,,,,,,,,,,,,,,2016
2016040111,4,40111,1,2,1,19,3,4,16,12,2,1,0,4,1,58,37,58037,2,2004,JNKCV54E54M8,J,N,K,C,V,5,4,E,5,4,M,8,0,0,0,Not Applicable,Not Applicable,0,0,0,1,0,0,0,0,0,0,0,998,0,0,0,12,6,2,12,0,0,0,1,4,85718,6,1,0,0,3,0,65,135,0,1,0,2,0,9,2013,7,2015,0,51,0,0,0,3,3,75,1,1,2,1,0,0,1,54,99,1,1,52,No Trailing Units,No Trailing Units,No Trailing Units,1,1,,,,,,,,,,,,,,,,,,,,,,,,,2016
2016040111,4,40111,2,2,1,19,3,4,16,12,2,1,0,4,2,49,51,49051,4,2009,JTDBT9038940,J,T,D,B,T,9,0,3,8,9,4,0,0,0,0,Not Applicable,Not Applicable,0,0,0,1,0,0,0,0,0,0,0,998,0,0,0,12,6,2,12,0,0,0,1,4,85741,6,1,0,0,3,0,78,280,0,0,0,0,1,7,2013,7,2013,0,0,0,0,0,3,3,75,1,1,2,1,0,0,1,54,99,1,1,52,No Trailing Units,No Trailing Units,No Trailing Units,1,0,,,,,,,,,,,,,,,,,,,,,,,,,2016
2016040112,4,40112,1,2,2,20,3,13,52,12,6,1,0,19,1,18,23,18023,4,2006,1G4HD57286U2,1,G,4,H,D,5,7,2,8,6,U,2,0,0,0,Not Applicable,Not Applicable,0,0,0,1,0,0,0,0,0,0,0,25,0,0,0,3,6,2,12,0,0,0,1,19,50250,6,1,0,0,3,3,66,160,0,0,0,0,0,0,0,0,0,0,39,0,0,0,2,5,40,1,1,2,1,2,3,11,15,99,9,1,68,No Trailing Units,No Trailing Units,No Trailing Units,1,0,,,,,,,,,,,,,,,,,,,,,,,,,2016
2016040112,4,40112,2,2,1,20,3,13,52,12,6,1,0,4,1,7,482,7482,31,2003,1D7HA16D03J6,1,D,7,H,A,1,6,D,0,3,J,6,0,0,0,Not Applicable,Not Applicable,0,0,0,1,0,0,0,0,0,0,0,40,0,0,0,12,6,2,12,0,0,0,1,4,85383,6,1,0,0,3,3,70,210,0,0,0,0,0,0,0,0,0,0,0,0,0,0,2,4,40,2,1,2,1,2,3,14,62,99,9,3,69,No Trailing Units,No Trailing Units,No Trailing Units,0,0,,,,,,,,,,,,,,,,,,,,,,,,,2016
2016040113,4,40113,1,1,1,20,3,17,55,38,0,1,0,4,2,13,401,13401,14,2003,5LMEU68H23ZJ,5,L,M,E,U,6,8,H,2,3,Z,J,0,0,0,Not Applicable,Not Applicable,0,0,0,1,0,0,0,0,0,0,0,50,0,1,5,98,6,2,1,0,0,0,1,4,85756,0,0,0,0,0,0,70,223,0,0,0,0,0,0,0,0,0,4,0,0,0,0,1,2,35,1,5,8,1,0,0,1,6,99,9,4,7,No Trailing Units,No Trailing Units,No Trailing Units,1,1,,,,,,,,,,,,,,,,,,,,,,,,,2016
2016040114,4,40114,1,1,5,20,3,20,30,8,0,1,0,4,1,37,441,37441,20,2000,2HKRL1854YH6,2,H,K,R,L,1,8,5,4,Y,H,6,0,0,0,Not Applicable,Not Applicable,0,0,0,1,0,0,0,0,0,0,0,45,0,0,0,12,2,5,8,0,0,0,1,4,85037,6,1,0,0,3,0,66,140,0,0,0,0,0,0,0,0,0,0,89,0,0,0,5,5,40,1,1,8,1,0,0,1,80,99,1,1,13,No Trailing Units,No Trailing Units,No Trailing Units,0,0,,,,,,,,,,,,,,,,,,,,,,,,,2016
2016040115,4,40115,1,2,1,21,3,12,34,1,0,1,0,32,4,52,48,52048,5,2015,ML32A3HJ3FH0,M,L,3,2,A,3,H,J,3,F,H,0,0,0,0,Not Applicable,Not Applicable,0,0,0,1,0,0,0,0,0,0,0,15,0,0,0,81,2,5,54,0,0,0,1,53,98118,6,1,0,0,3,3,73,185,1,0,0,0,0,1,2016,1,2016,0,39,0,0,0,1,4,35,3,1,2,1,3,3,11,15,1,1,1,98,No Trailing Units,No Trailing Units,No Trailing Units,0,0,,,,,,,,,,,,,,,,,,,,,,,,,2016
2016040115,4,40115,2,2,2,21,3,12,34,1,0,1,0,26,1,72,706,72706,80,2000,1HD1FBW19YY6,1,H,D,1,F,B,W,1,9,Y,Y,6,0,0,0,Not Applicable,Not Applicable,0,0,0,1,0,0,0,0,0,0,0,15,0,0,0,0,4,3,54,0,0,0,1,26,49113,6,1,0,0,3,3,68,147,0,0,0,0,0,0,0,0,0,0,0,0,0,0,2,2,35,2,1,2,1,3,3,14,62,16,2,1,98,No Trailing Units,No Trailing Units,No Trailing Units,1,0,,,,,,,,,,,,,,,,,,,,,,,,,2016
2016040116,4,40116,1,1,1,21,3,15,43,33,0,1,0,4,1,20,32,20032,4,1997,1Y1SK5268VZ4,1,Y,1,S,K,5,2,6,8,V,Z,4,0,0,0,Not Applicable,Not Applicable,0,0,0,1,0,0,0,0,0,0,0,30,0,0,0,12,6,2,38,32,0,0,1,4,85020,6,1,0,0,3,3,71,175,0,0,0,0,0,0,0,0,0,4,51,0,0,0,2,1,30,1,3,8,1,0,0,1,12,99,1,4,6,No Trailing Units,No Trailing Units,No Trailing Units,1,0,,,,,,,,,,,,,,,,,,,,,,,,,2016
2016040117,4,40117,1,1,2,21,3,19,54,9,0,1,1,4,2,21,21,21021,4,2003,1G3NF52E53C1,1,G,3,N,F,5,2,E,5,3,C,1,0,0,0,Not Applicable,Not Applicable,0,0,0,1,0,0,0,0,0,0,0,998,0,0,0,12,2,5,9,0,0,0,1,4,85204,6,1,0,0,3,0,62,130,2,2,0,4,0,1,2013,12,2014,0,0,0,0,0,1,5,45,1,1,8,1,3,3,1,83,99,9,3,13,No Trailing Units,No Trailing Units,No Trailing Units,0,0,,,,,,,,,,,,,,,,,,,,,,,,,2016
2016040118,4,40118,1,1,1,22,3,19,13,42,0,1,0,4,2,20,431,20431,16,1994,1GKFK16KXRJ7,1,G,K,F,K,1,6,K,X,R,J,7,1,1,0,Not Applicable,Not Applicable,0,0,0,1,0,0,0,0,0,0,0,998,0,0,0,12,6,2,42,0,0,0,1,4,85017,1,1,0,0,2,3,71,175,0,8,0,1,3,8,2012,4,2013,4,0,0,0,0,1,2,55,1,1,2,1,0,0,1,12,99,9,4,10,Not Reported,No Trailing Units,No Trailing Units,1,0,,,,,,,,,,,,,,,,,,,,,,,,,2016
2016040119,4,40119,1,1,3,23,3,6,10,1,0,1,0,4,1,55,35,55035,4,2006,KMHDN46D86U3,K,M,H,D,N,4,6,D,8,6,U,3,0,0,0,Not Applicable,Not Applicable,0,0,0,1,0,0,0,0,0,0,0,998,0,1,5,0,6,2,1,0,0,0,1,4,85132,6,1,0,0,3,0,64,209,1,0,0,1,0,1,2014,2,2014,4,0,0,0,0,1,2,65,3,1,2,1,0,0,14,13,99,9,4,7,No Trailing Units,No Trailing Units,No Trailing Units,1,0,,,,,,,,,,,,,,,,,,,,,,,,,2016
2016040120,4,40120,1,1,1,23,3,14,50,1,0,1,0,4,2,72,706,72706,80,2009,1HD1JA5119Y0,1,H,D,1,J,A,5,1,1,9,Y,0,0,0,0,Not Applicable,Not Applicable,0,0,0,1,0,0,0,0,0,0,0,45,0,0,0,0,6,2,1,0,0,0,1,4,85204,1,1,0,0,2,0,71,230,0,1,0,1,0,3,2016,3,2016,0,24,0,0,0,1,7,45,1,1,8,1,3,3,1,99,16,2,3,98,No Trailing Units,No Trailing Units,No Trailing Units,1,1,,,,,,,,,,,,,,,,,,,,,,,,,2016
2016040121,4,40121,1,1,1,23,3,23,11,33,0,1,0,4,2,37,31,37031,4,1998,2HGEJ8646WH5,2,H,G,E,J,8,6,4,6,W,H,5,0,0,0,Not Applicable,Not Applicable,0,0,0,1,0,0,0,0,0,0,0,90,0,1,3,98,6,2,1,0,0,0,1,4,85706,0,0,0,0,0,0,62,115,0,0,0,0,0,0,0,0,0,3,0,0,0,0,2,3,45,3,1,8,1,0,0,14,6,99,9,4,7,No Trailing Units,No Trailing Units,No Trailing Units,1,0,,,,,,,,,,,,,,,,,,,,,,,,,2016
2016040122,4,40122,1,1,2,24,3,5,15,1,0,1,0,45,3,82,881,82881,66,2015,1FUJGLD59FLG,1,F,U,J,G,L,D,5,9,F,L,G,1,1,57,1346198,571346198,3,6,1,1,0,0,0,0,0,0,0,998,0,1,3,0,6,2,1,0,0,0,1,95,0,9,9,99,9,9,9,65,185,99,99,99,99,99,99,9999,99,9999,9,99,99,99,99,2,2,75,2,1,2,1,0,0,14,12,99,9,4,10,1UYVS2539EM8,No Trailing Units,No Trailing Units,1,1,,,,,,,,,,,,,,,,,,,,,,,,,2016
2016040123,4,40123,1,1,1,24,3,20,5,33,0,1,0,4,1,98,709,98709,80,2002,MBWKS7717202,M,B,W,K,S,7,7,1,7,2,0,2,0,0,0,Not Applicable,Not Applicable,0,0,0,1,0,0,0,0,0,0,0,51,0,0,0,98,6,2,31,0,0,0,1,4,85086,6,1,3,0,3,3,71,220,0,0,0,0,0,0,0,0,0,4,0,0,0,0,5,5,40,3,1,8,1,0,0,14,13,99,9,4,5,No Trailing Units,No Trailing Units,No Trailing Units,1,1,,,,,,,,,,,,,,,,,,,,,,,,,2016
2016040124,4,40124,1,2,1,25,3,8,41,12,6,1,0,4,1,37,31,37031,4,2001,2HGES16571H6,2,H,G,E,S,1,6,5,7,1,H,6,0,0,0,Not Applicable,Not Applicable,0,0,0,1,0,0,0,0,0,0,0,998,0,0,0,81,6,2,30,0,0,0,1,4,85704,6,1,0,0,3,3,63,155,0,0,0,0,0,0,0,0,0,0,99,99,99,99,2,5,45,1,1,2,1,3,3,11,15,99,1,1,68,No Trailing Units,No Trailing Units,No Trailing Units,1,0,,,,,,,,,,,,,,,,,,,,,,,,,2016