accident_id,STATE,ST_CASE,VEH_NO,VE_FORMS,NUMOCCS,DAY,MONTH,HOUR,MINUTE,HARM_EV,MAN_COLL,UNITTYPE,HIT_RUN,REG_STAT,OWNER,MAKE,MODEL,MAK_MOD,BODY_TYP,MOD_YEAR,VIN,VIN_1,VIN_2,VIN_3,VIN_4,VIN_5,VIN_6,VIN_7,VIN_8,VIN_9,VIN_10,VIN_11,VIN_12,TOW_VEH,J_KNIFE,MCARR_I1,MCARR_I2,MCARR_ID,GVWR,V_CONFIG,CARGO_BT,HAZ_INV,HAZ_PLAC,HAZ_ID,HAZ_CNO,HAZ_REL,BUS_USE,SPEC_USE,EMER_USE,TRAV_SP,UNDERIDE,ROLLOVER,ROLINLOC,IMPACT1,DEFORMED,TOWED,M_HARM,VEH_SC1,VEH_SC2,FIRE_EXP,DR_PRES,L_STATE,DR_ZIP,L_STATUS,L_TYPE,CDL_STAT,L_ENDORS,L_COMPL,L_RESTRI,DR_HGT,DR_WGT,PREV_ACC,PREV_SUS,PREV_DWI,PREV_SPD,PREV_OTH,FIRST_MO,FIRST_YR,LAST_MO,LAST_YR,SPEEDREL,DR_SF1,DR_SF2,DR_SF3,DR_SF4,VTRAFWAY,VNUM_LAN,VSPD_LIM,VALIGN,VPROFILE,VPAVETYP,VSURCOND,VTRAFCON,VTCONT_F,P_CRASH1,P_CRASH2,P_CRASH3,PCRASH4,PCRASH5,ACC_TYPE,TRLR1VIN,TRLR2VIN,TRLR3VIN,DEATHS,DR_DRINK,VINTYPE,VINMAKE,VINA_MOD,VIN_BT,VINMODYR,VIN_LNGT,VIN_WGT,WGTCD_TR,WHLBS_LG,WHLBS_SH,SER_TR,FUELCODE,MCYCL_DS,CARBUR,CYLINDER,DISPLACE,MCYCL_CY,MCYCL_WT,TIRE_SZE,TON_RAT,TRK_WT,TRKWTVAR,VIN_REST,WHLDRWHL,Year
2016040124,4,40124,2,2,1,25,3,8,41,12,6,1,0,4,1,7,27,7027,6,2013,3C4PDCEG6DT5,3,C,4,P,D,C,E,G,6,D,T,5,0,0,0,Not Applicable,Not Applicable,0,0,0,1,0,0,0,0,0,0,0,45,0,1,1,12,6,2,1,0,0,0,1,4,85711,6,1,0,0,3,0,64,130,0,1,1,0,0,11,2014,1,2015,0,0,0,0,0,2,5,45,1,1,2,1,3,3,1,62,7,1,3,69,No Trailing Units,No Trailing Units,No Trailing Units,0,0,,,,,,,,,,,,,,,,,,,,,,,,,2016
2016040125,4,40125,1,2,1,26,3,4,43,12,2,1,0,4,1,20,37,20037,4,2012,1G1ZB5E03CF2,1,G,1,Z,B,5,E,0,3,C,F,2,0,0,0,Not Applicable,Not Applicable,0,0,0,1,0,0,0,0,0,0,0,998,0,0,0,12,6,2,12,0,0,0,1,4,85224,6,1,0,0,3,0,68,215,0,6,2,0,1,4,2012,3,2015,0,28,0,0,0,1,2,65,2,1,2,1,0,0,14,10,99,9,2,50,No Trailing Units,No Trailing Units,No Trailing Units,1,0,,,,,,,,,,,,,,,,,,,,,,,,,2016
2016040125,4,40125,2,2,1,26,3,4,43,12,2,1,0,4,2,18,7,18007,4,2003,2G4WS52JX312,2,G,4,W,S,5,2,J,X,3,1,2,0,0,0,Not Applicable,Not Applicable,0,0,0,1,0,0,0,0,0,0,0,998,0,0,0,12,6,2,12,0,0,0,1,4,86503,6,1,0,0,3,0,62,174,0,0,0,0,0,0,0,0,0,0,0,0,0,0,1,2,65,3,1,2,1,0,0,14,62,99,9,3,51,No Trailing Units,No Trailing Units,No Trailing Units,1,0,,,,,,,,,,,,,,,,,,,,,,,,,2016
2016040126,4,40126,1,1,1,26,3,15,27,41,0,1,0,4,1,72,706,72706,80,2015,1HD1KTM16FB6,1,H,D,1,K,T,M,1,6,F,B,6,0,0,0,Not Applicable,Not Applicable,0,0,0,1,0,0,0,0,0,0,0,998,0,0,0,12,6,2,41,0,0,0,1,4,85367,6,1,6,0,3,3,72,240,0,0,0,0,0,0,0,0,0,0,99,99,99,99,2,2,75,1,1,2,1,0,0,1,12,99,9,4,10,No Trailing Units,No Trailing Units,No Trailing Units,1,0,,,,,,,,,,,,,,,,,,,,,,,,,2016
2016040127,4,40127,1,1,2,30,3,5,44,1,0,1,0,6,3,84,884,84884,66,2016,3HSDJAPR6GN1,3,H,S,D,J,A,P,R,6,G,N,1,1,3,57,2488731,572488731,3,6,1,1,0,0,0,0,0,0,0,998,0,1,3,0,6,2,1,0,0,0,1,6,93727,6,1,6,0,3,0,68,165,0,0,0,0,2,11,2015,1,2016,4,87,0,0,0,2,2,65,1,1,2,1,0,0,1,12,99,9,4,10,1UYVS253XFU2,No Trailing Units,No Trailing Units,2,1,,,,,,,,,,,,,,,,,,,,,,,,,2016
2016040128,4,40128,1,1,4,31,3,16,17,1,0,1,0,4,2,37,402,37402,14,2004,JHLRD68424C0,J,H,L,R,D,6,8,4,2,4,C,0,0,0,0,Not Applicable,Not Applicable,0,0,0,1,0,0,0,0,0,0,0,56,0,1,1,0,6,2,1,0,0,0,1,4,85207,6,1,0,0,3,0,66,155,0,0,0,0,0,0,0,0,0,4,0,0,0,0,1,2,45,3,1,2,1,0,0,14,6,6,4,6,98,No Trailing Units,No Trailing Units,No Trailing Units,1,0,,,,,,,,,,,,,,,,,,,,,,,,,2016
2016040129,4,40129,1,4,1,27,3,16,9,12,6,1,0,55,1,12,481,12481,31,2003,1FTRW08L73KA,1,F,T,R,W,0,8,L,7,3,K,A,0,0,0,Not Applicable,Not Applicable,0,0,0,1,0,0,0,0,0,0,0,998,0,1,1,12,6,2,12,0,0,0,1,55,53114,6,1,0,0,3,3,64,142,1,1,0,5,0,12,2011,6,2015,0,39,0,0,0,1,5,45,1,1,2,1,3,3,1,17,99,9,3,88,No Trailing Units,No Trailing Units,No Trailing Units,0,0,,,,,,,,,,,,,,,,,,,,,,,,,2016
2016040129,4,40129,2,4,3,27,3,16,9,12,6,1,0,4,1,20,16,20016,4,2004,1G1JC52FX473,1,G,1,J,C,5,2,F,X,4,7,3,0,0,0,Not Applicable,Not Applicable,0,0,0,1,0,0,0,0,0,0,0,998,0,0,0,61,6,2,12,0,0,0,1,4,85119,0,0,0,0,0,0,64,173,0,0,0,0,1,5,2014,5,2014,0,0,0,0,0,1,5,35,1,1,2,1,3,3,1,66,99,9,3,89,No Trailing Units,No Trailing Units,No Trailing Units,1,0,,,,,,,,,,,,,,,,,,,,,,,,,2016
2016040129,4,40129,3,4,1,27,3,16,9,12,6,1,0,4,1,20,403,20403,14,2008,1GNDT13S8821,1,G,N,D,T,1,3,S,8,8,2,1,0,0,0,Not Applicable,Not Applicable,0,0,0,1,0,0,0,0,0,0,0,0,0,0,0,62,6,2,12,0,0,0,1,4,85120,6,1,0,0,3,3,68,145,0,0,0,0,0,0,0,0,0,0,0,0,0,0,1,5,45,1,1,2,1,3,3,5,60,1,1,1,98,No Trailing Units,No Trailing Units,No Trailing Units,0,0,,,,,,,,,,,,,,,,,,,,,,,,,2016
2016040129,4,40129,4,4,5,27,3,16,9,12,6,1,0,4,1,37,441,37441,20,2011,5FNRL5H61BB0,5,F,N,R,L,5,H,6,1,B,B,0,0,0,0,Not Applicable,Not Applicable,0,0,0,1,0,0,0,0,0,0,0,0,0,0,0,62,2,5,12,0,0,0,1,4,85209,6,1,0,0,3,0,68,160,0,0,0,0,0,0,0,0,0,0,0,0,0,0,1,5,45,1,1,2,1,3,3,5,60,1,1,1,98,No Trailing Units,No Trailing Units,No Trailing Units,0,0,,,,,,,,,,,,,,,,,,,,,,,,,2016
2016040130,4,40130,1,1,2,20,3,13,15,33,0,1,0,4,2,54,31,54031,3,1996,JH4DC4349TS0,J,H,4,D,C,4,3,4,9,T,S,0,0,0,0,Not Applicable,Not Applicable,0,0,0,1,0,0,0,0,0,0,0,998,0,0,0,98,6,2,42,0,0,0,1,4,85304,1,1,0,0,2,0,68,168,1,3,0,1,0,12,2014,1,2016,4,0,0,0,0,1,2,25,3,1,8,1,0,0,14,13,99,9,4,5,No Trailing Units,No Trailing Units,No Trailing Units,1,0,,,,,,,,,,,,,,,,,,,,,,,,,2016
2016040131,4,40131,1,1,2,21,2,12,0,1,0,1,0,4,1,98,998,98998,97,2013,3JBKKPP16DJ0,3,J,B,K,K,P,P,1,6,D,J,0,0,0,0,Not Applicable,Not Applicable,0,0,0,1,0,0,0,0,0,0,0,998,0,1,5,0,8,3,1,0,0,0,1,4,85641,6,1,0,0,3,0,74,251,0,0,0,5,0,5,2012,12,2014,0,0,0,0,0,1,2,0,1,3,5,2,0,0,98,12,99,9,4,6,No Trailing Units,No Trailing Units,No Trailing Units,1,0,,,,,,,,,,,,,,,,,,,,,,,,,2016
2016040132,4,40132,1,1,1,14,2,4,14,11,0,1,0,4,1,37,32,37032,4,2010,1HGCP2F32AA1,1,H,G,C,P,2,F,3,2,A,A,1,0,0,0,Not Applicable,Not Applicable,0,0,0,1,0,0,0,0,0,0,0,65,0,0,0,98,6,2,11,0,0,0,1,4,85192,6,1,0,0,3,0,74,215,0,2,0,2,2,10,2011,12,2013,0,99,99,99,99,1,2,65,1,1,2,1,0,0,1,87,1,1,1,13,No Trailing Units,No Trailing Units,No Trailing Units,1,0,,,,,,,,,,,,,,,,,,,,,,,,,2016
2016040133,4,40133,1,1,99,5,2,18,50,8,0,1,1,99,9,20,481,20481,31,9999,Unknown,9,9,9,9,9,9,9,9,9,9,9,9,0,0,0,Not Applicable,Not Applicable,0,0,0,1,0,0,0,0,0,0,0,999,0,0,0,98,9,5,8,0,0,0,1,99,99999,9,9,99,0,9,9,999,999,99,99,99,99,99,99,9999,99,9999,9,99,99,99,99,1,2,99,1,9,9,99,0,0,99,82,99,9,9,13,No Trailing Units,No Trailing Units,No Trailing Units,0,0,,,,,,,,,,,,,,,,,,,,,,,,,2016
2016040135,4,40135,1,2,1,7,2,12,53,12,6,1,0,99,9,20,421,20421,15,2007,Unknown,9,9,9,9,9,9,9,9,9,9,9,9,0,0,0,Not Applicable,Not Applicable,0,0,0,1,0,0,0,0,0,0,0,998,0,0,0,12,9,9,12,0,0,0,1,4,85033,6,1,0,0,3,0,71,170,0,0,0,0,0,0,0,0,0,9,99,99,99,99,1,6,99,1,9,2,99,3,3,1,17,99,9,9,69,No Trailing Units,No Trailing Units,No Trailing Units,0,0,,,,,,,,,,,,,,,,,,,,,,,,,2016
2016040135,4,40135,2,2,2,7,2,12,53,12,6,1,0,99,9,35,43,35043,4,2006,Unknown,9,9,9,9,9,9,9,9,9,9,9,9,0,0,0,Not Applicable,Not Applicable,0,0,0,1,0,0,0,0,0,0,0,998,0,0,0,3,9,9,12,0,0,0,1,99,99999,9,9,99,0,9,9,999,999,99,99,99,99,99,99,9999,99,9999,9,99,99,99,99,1,6,99,1,9,2,99,3,3,11,15,99,9,9,68,No Trailing Units,No Trailing Units,No Trailing Units,1,0,,,,,,,,,,,,,,,,,,,,,,,,,2016
2016040136,4,40136,1,1,99,8,2,7,42,35,0,1,0,4,1,12,401,12401,14,1999,1FMZU34E2XZB,1,F,M,Z,U,3,4,E,2,X,Z,B,0,0,0,Not Applicable,Not Applicable,0,0,0,1,0,0,0,0,0,0,0,998,0,1,5,98,6,2,1,0,0,0,1,4,86047,6,1,0,0,3,0,69,265,0,0,0,0,0,0,0,0,0,0,58,0,0,0,1,2,98,1,8,5,1,0,0,1,9,99,9,4,2,No Trailing Units,No Trailing Units,No Trailing Units,1,0,,,,,,,,,,,,,,,,,,,,,,,,,2016
2016040137,4,40137,1,1,5,10,2,15,14,8,0,1,0,4,2,20,481,20481,31,1990,2GCEC19K5L12,2,G,C,E,C,1,9,K,5,L,1,2,0,0,0,Not Applicable,Not Applicable,0,0,0,1,0,0,0,0,0,0,0,998,0,0,0,82,2,5,8,0,0,0,1,4,85041,6,1,0,0,3,0,65,220,0,2,0,0,0,12,2014,5,2015,0,0,0,0,0,1,2,25,1,1,2,1,0,0,1,80,1,1,1,13,No Trailing Units,No Trailing Units,No Trailing Units,0,0,,,,,,,,,,,,,,,,,,,,,,,,,2016
2016040138,4,40138,1,2,2,10,2,18,8,12,6,1,0,4,1,19,24,19024,4,2013,1G6AA5RX2D01,1,G,6,A,A,5,R,X,2,D,0,1,0,0,0,Not Applicable,Not Applicable,0,0,0,1,0,0,0,0,0,0,0,18,0,0,0,3,6,2,12,32,0,0,1,4,85086,6,1,1,0,3,0,66,130,0,6,0,0,0,12,2011,12,2014,9,38,0,0,0,2,3,55,1,6,2,1,3,3,11,15,99,9,3,68,No Trailing Units,No Trailing Units,No Trailing Units,1,0,,,,,,,,,,,,,,,,,,,,,,,,,2016
2016040138,4,40138,2,2,2,10,2,18,8,12,6,1,0,4,1,23,431,23431,16,1990,1GKGV26K4LF5,1,G,K,G,V,2,6,K,4,L,F,5,0,0,0,Not Applicable,Not Applicable,0,0,0,1,0,0,0,0,0,0,0,31,0,0,0,12,6,2,12,0,0,0,1,4,85087,6,1,0,0,3,0,71,205,0,0,0,0,0,0,0,0,0,0,0,0,0,0,2,4,55,1,5,2,1,3,3,1,62,99,9,3,69,No Trailing Units,No Trailing Units,No Trailing Units,0,0,,,,,,,,,,,,,,,,,,,,,,,,,2016
2016040139,4,40139,1,2,1,12,2,1,46,12,1,1,0,4,1,55,33,55033,4,2002,KMHWF35H92A5,K,M,H,W,F,3,5,H,9,2,A,5,0,0,0,Not Applicable,Not Applicable,0,0,0,1,0,0,0,0,0,0,0,70,0,0,0,12,4,3,12,0,0,0,1,4,85301,1,1,0,0,2,0,69,200,0,1,0,0,2,6,2015,12,2015,4,91,0,0,0,2,3,45,1,1,2,1,0,0,1,51,99,9,3,24,No Trailing Units,No Trailing Units,No Trailing Units,0,1,,,,,,,,,,,,,,,,,,,,,,,,,2016
2016040139,4,40139,2,2,1,12,2,1,46,12,1,1,0,4,3,35,472,35472,30,2013,1N6BD0CT8DN7,1,N,6,B,D,0,C,T,8,D,N,7,0,0,0,Not Applicable,Not Applicable,0,0,0,1,0,0,0,0,0,0,0,54,0,1,5,6,6,2,1,0,0,0,1,4,85015,6,1,0,0,3,0,68,210,0,0,0,0,0,0,0,0,0,0,0,0,0,0,2,3,45,1,1,2,1,0,0,1,53,99,9,1,25,No Trailing Units,No Trailing Units,No Trailing Units,1,0,,,,,,,,,,,,,,,,,,,,,,,,,2016
2016040140,4,40140,1,1,1,13,2,99,99,99,99,1,0,99,9,99,999,99999,99,9999,Unknown,9,9,9,9,9,9,9,9,9,9,9,9,0,0,0,Not Applicable,Not Applicable,0,0,0,1,0,0,0,0,0,0,0,999,0,0,0,99,9,9,99,0,0,0,1,4,85603,6,1,0,0,3,0,62,125,0,0,0,1,0,1,2014,1,2014,9,99,99,99,99,1,2,99,1,9,2,99,0,0,99,99,99,9,9,99,No Trailing Units,No Trailing Units,No Trailing Units,1,1,,,,,,,,,,,,,,,,,,,,,,,,,2016
2016040141,4,40141,1,1,1,13,2,21,24,8,0,1,0,4,2,23,481,23481,31,2000,2GTEC19T2Y12,2,G,T,E,C,1,9,T,2,Y,1,2,0,0,0,Not Applicable,Not Applicable,0,0,0,1,0,0,0,0,0,0,0,40,0,0,0,82,2,3,8,0,0,0,1,4,85335,0,0,0,0,0,0,999,999,0,0,0,0,0,0,0,0,0,0,91,0,0,0,5,5,40,1,1,2,1,0,0,1,80,8,1,3,13,No Trailing Units,No Trailing Units,No Trailing Units,0,1,,,,,,,,,,,,,,,,,,,,,,,,,2016
2016040142,4,40142,1,1,1,13,2,21,43,8,0,1,0,99,9,41,45,41045,1,2007,Unknown,9,9,9,9,9,9,9,9,9,9,9,9,0,0,0,Not Applicable,Not Applicable,0,0,0,1,0,0,0,0,0,0,0,999,0,0,0,98,9,9,8,0,0,0,1,4,85044,1,1,0,0,2,0,69,130,0,3,0,3,0,11,2013,7,2015,9,99,99,99,99,9,9,99,1,9,9,99,0,0,99,80,99,9,9,13,No Trailing Units,No Trailing Units,No Trailing Units,0,0,,,,,,,,,,,,,,,,,,,,,,,,,2016
2016040143,4,40143,1,1,1,14,2,11,42,1,0,1,0,4,1,49,422,49422,15,2003,5TDZT34A83S1,5,T,D,Z,T,3,4,A,8,3,S,1,0,0,0,Not Applicable,Not Applicable,0,0,0,1,0,0,0,0,0,0,0,76,0,1,5,0,6,2,1,0,0,0,1,4,85326,6,1,0,0,3,0,74,320,0,0,0,0,0,0,0,0,0,3,0,0,0,0,1,2,55,1,1,2,1,0,0,1,13,99,9,4,7,No Trailing Units,No Trailing Units,No Trailing Units,1,1,,,,,,,,,,,,,,,,,,,,,,,,,2016
2016040144,4,40144,1,1,1,15,2,9,0,1,0,1,0,99,9,99,739,99739,90,9999,Unknown,9,9,9,9,9,9,9,9,9,9,9,9,0,0,0,Not Applicable,Not Applicable,0,0,0,1,0,0,0,0,0,0,0,999,0,9,9,0,9,9,1,0,0,0,1,4,85638,6,1,0,0,3,0,74,250,0,0,0,0,0,0,0,0,0,9,99,99,99,99,9,9,99,1,9,9,99,0,0,99,99,99,9,9,99,No Trailing Units,No Trailing Units,No Trailing Units,1,0,,,,,,,,,,,,,,,,,,,,,,,,,2016
2016040145,4,40145,1,2,2,15,2,19,48,12,2,1,0,4,1,37,31,37031,4,2013,2HGFB2F99DH5,2,H,G,F,B,2,F,9,9,D,H,5,0,0,0,Not Applicable,Not Applicable,0,0,0,1,0,0,0,0,0,0,0,40,0,0,0,12,6,2,12,0,0,0,1,4,85210,6,1,0,0,3,0,67,125,1,0,0,2,0,11,2012,7,2015,0,28,0,0,0,5,5,40,1,1,2,1,0,0,99,10,99,9,7,50,No Trailing Units,No Trailing Units,No Trailing Units,2,0,,,,,,,,,,,,,,,,,,,,,,,,,2016
2016040145,4,40145,2,2,1,15,2,19,48,12,2,1,0,4,1,18,421,18421,15,2015,5GAKRBKD1FJ1,5,G,A,K,R,B,K,D,1,F,J,1,0,0,0,Not Applicable,Not Applicable,0,0,0,1,0,0,0,0,0,0,0,50,0,0,0,12,6,2,12,0,0,0,1,4,85339,6,1,0,0,3,3,62,150,0,0,0,2,1,3,2012,2,2013,0,0,0,0,0,5,5,40,1,1,2,1,0,0,1,62,99,9,3,51,No Trailing Units,No Trailing Units,No Trailing Units,0,0,,,,,,,,,,,,,,,,,,,,,,,,,2016
2016040146,4,40146,1,1,4,19,2,4,14,1,0,1,0,39,2,12,22,12022,6,2005,1FMZK05125GA,1,F,M,Z,K,0,5,1,2,5,G,A,0,0,0,Not Applicable,Not Applicable,0,0,0,1,0,0,0,0,0,0,0,998,0,1,5,0,6,2,1,0,0,0,1,6,92115,1,1,0,0,2,0,72,235,1,1,0,1,0,6,2014,12,2014,4,0,0,0,0,2,2,75,1,1,2,1,0,0,1,9,6,4,4,2,No Trailing Units,No Trailing Units,No Trailing Units,2,0,,,,,,,,,,,,,,,,,,,,,,,,,2016
2016040147,4,40147,1,2,1,19,2,5,40,12,6,1,0,4,3,19,421,19421,15,2013,1GYS3GEF3DR1,1,G,Y,S,3,G,E,F,3,D,R,1,0,0,0,Not Applicable,Not Applicable,0,0,0,1,0,0,0,0,0,0,0,3,0,0,0,82,6,2,12,0,0,0,1,4,85027,6,1,0,0,3,0,67,167,1,2,0,5,4,3,2011,2,2016,9,38,0,0,0,1,5,40,1,6,2,1,3,3,11,15,99,9,3,68,No Trailing Units,No Trailing Units,No Trailing Units,0,0,,,,,,,,,,,,,,,,,,,,,,,,,2016
2016040147,4,40147,2,2,1,19,2,5,40,12,6,1,0,4,1,76,704,76704,80,2015,MH3RH06Y6FA0,M,H,3,R,H,0,6,Y,6,F,A,0,0,0,0,Not Applicable,Not Applicable,0,0,0,1,0,0,0,0,0,0,0,34,0,0,0,12,6,2,12,0,0,0,1,4,85032,6,1,0,0,2,0,68,180,0,0,0,0,0,0,0,0,0,0,0,0,0,0,1,5,40,1,5,2,1,3,3,1,62,99,9,3,69,No Trailing Units,No Trailing Units,No Trailing Units,1,0,,,,,,,,,,,,,,,,,,,,,,,,,2016
2016040149,4,40149,1,2,2,19,2,23,30,12,6,1,0,4,1,7,482,7482,31,2006,1D7HA18N96S6,1,D,7,H,A,1,8,N,9,6,S,6,0,0,0,Not Applicable,Not Applicable,0,0,0,1,0,0,0,0,0,0,0,36,0,1,1,12,6,2,1,0,0,0,1,4,85029,6,1,0,0,3,0,65,155,1,1,1,0,3,7,2014,2,2016,0,51,39,0,0,1,2,25,1,1,8,1,20,3,1,17,99,9,3,86,No Trailing Units,No Trailing Units,No Trailing Units,1,1,,,,,,,,,,,,,,,,,,,,,,,,,2016
2016040149,4,40149,2,2,1,19,2,23,30,12,6,1,0,4,2,34,34,34034,2,1995,WBABE5322SJA,W,B,A,B,E,5,3,2,2,S,J,A,0,0,0,Not Applicable,Not Applicable,0,0,0,1,0,0,0,0,0,0,0,35,0,0,0,82,6,2,12,0,0,0,1,4,85037,1,1,0,0,2,0,74,190,1,4,0,1,1,6,2011,5,2015,0,0,0,0,0,5,4,40,1,1,8,1,0,0,1,68,99,9,3,87,No Trailing Units,No Trailing Units,No Trailing Units,0,0,,,,,,,,,,,,,,,,,,,,,,,,,2016
2016040150,4,40150,1,1,2,26,2,12,23,15,0,1,0,6,1,37,421,37421,15,2007,5FNYF28767B0,5,F,N,Y,F,2,8,7,6,7,B,0,0,0,0,Not Applicable,Not Applicable,0,0,0,1,0,0,0,0,0,0,0,40,0,0,0,62,6,2,15,0,0,0,1,6,92399,6,1,0,0,3,0,70,170,0,0,0,0,0,0,0,0,0,0,0,0,0,0,5,5,45,1,1,2,1,0,0,1,83,7,1,3,13,No Trailing Units,No Trailing Units,No Trailing Units,0,0,,,,,,,,,,,,,,,,,,,,,,,,,2016
2016040151,4,40151,1,1,2,29,2,11,50,35,0,1,1,4,2,23,481,23481,31,2007,1GTHC23U97F1,1,G,T,H,C,2,3,U,9,7,F,1,0,0,0,Not Applicable,Not Applicable,0,0,0,1,0,0,0,0,0,0,0,70,0,1,5,98,6,2,1,0,0,0,1,4,85542,0,0,0,0,0,0,69,195,0,0,0,0,0,0,0,0,0,4,99,99,99,99,1,2,65,1,5,2,1,0,0,1,12,99,1,4,6,No Trailing Units,No Trailing Units,No Trailing Units,1,1,,,,,,,,,,,,,,,,,,,,,,,,,2016
2016040152,4,40152,1,1,1,27,2,14,45,42,0,1,0,4,1,7,402,7402,14,1998,1B4HS28Y0WF1,1,B,4,H,S,2,8,Y,0,W,F,1,0,0,0,Not Applicable,Not Applicable,0,0,0,1,0,0,0,0,0,0,0,58,0,1,5,98,6,2,1,0,0,0,1,4,85635,6,1,0,0,3,0,63,200,0,1,0,0,1,1,2012,2,2012,4,0,0,0,0,2,2,35,1,6,2,1,0,0,1,12,99,9,4,6,No Trailing Units,No Trailing Units,No Trailing Units,1,0,,,,,,,,,,,,,,,,,,,,,,,,,2016
2016040153,4,40153,1,1,1,28,2,5,25,1,0,1,0,4,2,98,734,98734,90,2014,4XAYN8EA6EA1,4,X,A,Y,N,8,E,A,6,E,A,1,0,0,0,Not Applicable,Not Applicable,0,0,0,1,0,0,0,0,0,0,0,25,0,1,1,0,2,5,1,0,0,0,1,4,85298,6,1,0,0,3,3,68,250,0,0,0,0,0,0,0,0,0,4,0,0,0,0,1,2,25,1,1,2,1,0,0,10,16,99,9,3,98,No Trailing Units,No Trailing Units,No Trailing Units,1,1,,,,,,,,,,,,,,,,,,,,,,,,,2016
2016040154,4,40154,1,2,1,29,2,11,55,12,6,1,0,4,1,20,9,20009,2,2000,2G1FP22G2Y21,2,G,1,F,P,2,2,G,2,Y,2,1,0,0,0,Not Applicable,Not Applicable,0,0,0,1,0,0,0,0,0,0,0,79,0,0,0,12,6,2,12,0,0,0,1,4,85023,6,1,0,0,3,3,70,155,0,10,2,0,4,5,2011,6,2015,3,0,0,0,0,2,4,40,1,1,2,1,0,0,1,17,99,1,1,83,No Trailing Units,No Trailing Units,No Trailing Units,0,0,,,,,,,,,,,,,,,,,,,,,,,,,2016
2016040154,4,40154,2,2,1,29,2,11,55,12,6,1,0,4,1,49,32,49032,4,1998,1NXBR18E4WZ0,1,N,X,B,R,1,8,E,4,W,Z,0,0,0,0,Not Applicable,Not Applicable,0,0,0,1,0,0,0,0,0,0,0,18,0,0,0,62,6,2,12,0,0,0,1,4,85029,6,1,0,0,3,3,65,130,0,1,0,0,1,9,2012,9,2012,0,0,0,0,0,1,2,25,1,1,2,1,20,3,11,15,99,1,1,82,No Trailing Units,No Trailing Units,No Trailing Units,1,0,,,,,,,,,,,,,,,,,,,,,,,,,2016
2016040155,4,40155,1,2,1,21,3,19,36,12,6,1,0,4,5,37,705,37705,80,2003,JH2PC37093M0,J,H,2,P,C,3,7,0,9,3,M,0,0,0,0,Not Applicable,Not Applicable,0,0,0,1,0,0,0,0,0,0,0,80,0,0,0,98,6,2,12,0,0,1,1,4,85747,0,0,0,0,0,0,72,277,0,11,1,1,3,4,2011,7,2015,3,99,99,99,99,2,4,40,1,1,2,1,0,0,1,62,99,1,1,69,No Trailing Units,No Trailing Units,No Trailing Units,1,0,,,,,,,,,,,,,,,,,,,,,,,,,2016
2016040155,4,40155,2,2,1,21,3,19,36,12,6,1,0,4,1,20,421,20421,15,2007,1GCHC23U17F1,1,G,C,H,C,2,3,U,1,7,F,1,0,0,0,Not Applicable,Not Applicable,0,0,0,1,0,0,0,0,0,0,0,20,0,0,0,3,4,5,12,0,0,0,1,4,85710,6,1,0,0,3,0,71,180,0,0,0,1,1,8,2014,11,2014,0,99,99,99,99,2,4,40,1,1,2,1,0,0,11,15,99,1,1,68,No Trailing Units,No Trailing Units,No Trailing Units,0,0,,,,,,,,,,,,,,,,,,,,,,,,,2016
2016040156,4,40156,1,1,3,19,3,10,40,59,0,1,0,4,2,59,32,59032,4,1992,JT8UF11E1N01,J,T,8,U,F,1,1,E,1,N,0,1,0,0,0,Not Applicable,Not Applicable,0,0,0,1,0,0,0,0,0,0,0,998,0,0,0,98,6,2,59,0,0,0,1,4,85706,6,1,6,0,3,0,71,250,0,2,0,0,0,9,2015,9,2015,4,0,0,0,0,3,5,65,1,1,2,1,0,0,1,6,99,9,4,2,No Trailing Units,No Trailing Units,No Trailing Units,2,0,,,,,,,,,,,,,,,,,,,,,,,,,2016
2016040157,4,40157,1,4,2,20,3,14,3,12,1,1,0,4,2,63,401,63401,14,2015,KNDPB3AC0F77,K,N,D,P,B,3,A,C,0,F,7,7,0,0,0,Not Applicable,Not Applicable,0,0,0,1,0,0,0,0,0,0,0,998,0,0,0,12,6,2,12,0,0,0,1,4,85035,6,1,0,0,3,0,70,183,0,0,0,0,0,0,0,0,0,4,0,0,0,0,2,2,75,1,1,2,1,0,0,1,52,99,1,1,28,No Trailing Units,No Trailing Units,No Trailing Units,0,0,,,,,,,,,,,,,,,,,,,,,,,,,2016