accident_id,STATE,ST_CASE,VEH_NO,VE_FORMS,NUMOCCS,DAY,MONTH,HOUR,MINUTE,HARM_EV,MAN_COLL,UNITTYPE,HIT_RUN,REG_STAT,OWNER,MAKE,MODEL,MAK_MOD,BODY_TYP,MOD_YEAR,VIN,VIN_1,VIN_2,VIN_3,VIN_4,VIN_5,VIN_6,VIN_7,VIN_8,VIN_9,VIN_10,VIN_11,VIN_12,TOW_VEH,J_KNIFE,MCARR_I1,MCARR_I2,MCARR_ID,GVWR,V_CONFIG,CARGO_BT,HAZ_INV,HAZ_PLAC,HAZ_ID,HAZ_CNO,HAZ_REL,BUS_USE,SPEC_USE,EMER_USE,TRAV_SP,UNDERIDE,ROLLOVER,ROLINLOC,IMPACT1,DEFORMED,TOWED,M_HARM,VEH_SC1,VEH_SC2,FIRE_EXP,DR_PRES,L_STATE,DR_ZIP,L_STATUS,L_TYPE,CDL_STAT,L_ENDORS,L_COMPL,L_RESTRI,DR_HGT,DR_WGT,PREV_ACC,PREV_SUS,PREV_DWI,PREV_SPD,PREV_OTH,FIRST_MO,FIRST_YR,LAST_MO,LAST_YR,SPEEDREL,DR_SF1,DR_SF2,DR_SF3,DR_SF4,VTRAFWAY,VNUM_LAN,VSPD_LIM,VALIGN,VPROFILE,VPAVETYP,VSURCOND,VTRAFCON,VTCONT_F,P_CRASH1,P_CRASH2,P_CRASH3,PCRASH4,PCRASH5,ACC_TYPE,TRLR1VIN,TRLR2VIN,TRLR3VIN,DEATHS,DR_DRINK,VINTYPE,VINMAKE,VINA_MOD,VIN_BT,VINMODYR,VIN_LNGT,VIN_WGT,WGTCD_TR,WHLBS_LG,WHLBS_SH,SER_TR,FUELCODE,MCYCL_DS,CARBUR,CYLINDER,DISPLACE,MCYCL_CY,MCYCL_WT,TIRE_SZE,TON_RAT,TRK_WT,TRKWTVAR,VIN_REST,WHLDRWHL,Year
2016040217,4,40217,2,3,1,10,3,18,6,12,1,1,0,4,1,35,47,35047,2,2013,1N4AL2EP1DC1,1,N,4,A,L,2,E,P,1,D,C,1,0,0,0,Not Applicable,Not Applicable,0,0,0,1,0,0,0,0,0,0,0,0,0,0,0,6,6,2,12,0,0,0,1,4,85143,6,1,0,0,3,3,69,145,1,0,0,1,0,5,2014,5,2014,0,0,0,0,0,3,4,65,1,1,2,1,0,0,5,53,1,1,1,21,No Trailing Units,No Trailing Units,No Trailing Units,0,0,,,,,,,,,,,,,,,,,,,,,,,,,2016
2016040217,4,40217,3,3,1,10,3,18,6,12,1,1,0,4,1,49,40,49040,4,2014,4T1BF1FK1EU3,4,T,1,B,F,1,F,K,1,E,U,3,0,0,0,Not Applicable,Not Applicable,0,0,0,1,0,0,0,0,0,0,0,0,0,0,0,6,4,5,12,0,0,0,1,4,85143,6,1,6,0,3,0,72,240,0,2,0,0,0,7,2013,7,2013,0,0,0,0,0,3,4,65,1,1,2,1,0,0,5,50,1,1,1,98,No Trailing Units,No Trailing Units,No Trailing Units,0,0,,,,,,,,,,,,,,,,,,,,,,,,,2016
2016040218,4,40218,1,2,1,11,3,2,3,12,99,1,0,4,1,72,706,72706,80,2009,1HD1GM4169K3,1,H,D,1,G,M,4,1,6,9,K,3,0,0,0,Not Applicable,Not Applicable,0,0,0,1,0,0,0,0,0,0,0,41,0,0,0,98,6,2,12,0,0,0,1,4,85345,6,1,0,0,3,0,68,215,0,0,0,1,0,12,2015,12,2015,4,26,0,0,0,5,6,40,1,1,2,1,0,0,1,16,99,9,3,71,No Trailing Units,No Trailing Units,No Trailing Units,0,0,,,,,,,,,,,,,,,,,,,,,,,,,2016
2016040218,4,40218,2,2,1,11,3,2,3,12,99,1,0,4,2,72,706,72706,80,2003,1HD1GDV173K3,1,H,D,1,G,D,V,1,7,3,K,3,0,0,0,Not Applicable,Not Applicable,0,0,0,1,0,0,0,0,0,0,0,27,0,0,0,98,6,2,2,0,0,1,1,4,85302,6,1,0,0,3,0,66,160,1,1,0,4,2,7,2011,12,2013,0,48,0,0,0,5,6,40,1,1,2,1,0,0,10,60,99,9,3,70,No Trailing Units,No Trailing Units,No Trailing Units,1,1,,,,,,,,,,,,,,,,,,,,,,,,,2016
2016040219,4,40219,1,1,1,11,3,23,46,8,0,1,0,4,2,55,37,55037,2,2004,KMHHN65FX4U1,K,M,H,H,N,6,5,F,X,4,U,1,0,0,0,Not Applicable,Not Applicable,0,0,0,1,0,0,0,0,0,0,0,40,0,0,0,98,2,5,8,0,0,0,1,4,85306,6,1,0,0,3,0,71,170,0,0,0,0,0,0,0,0,0,0,86,0,0,0,2,4,45,1,1,2,1,0,0,1,80,1,1,1,13,No Trailing Units,No Trailing Units,No Trailing Units,0,0,,,,,,,,,,,,,,,,,,,,,,,,,2016
2016040220,4,40220,1,2,1,12,3,2,30,12,1,1,0,95,3,82,881,82881,66,2016,3AKJGLD53GSG,3,A,K,J,G,L,D,5,3,G,S,G,1,1,57,0227705,570227705,3,6,98,1,0,0,0,0,0,0,0,60,0,0,0,12,4,3,12,0,0,1,1,95,0,9,9,99,9,9,9,999,999,99,99,99,99,99,99,9999,99,9999,4,0,0,0,0,3,5,65,1,1,2,1,0,0,1,50,1,1,1,20,Unknown,No Trailing Units,No Trailing Units,0,0,,,,,,,,,,,,,,,,,,,,,,,,,2016
2016040220,4,40220,2,2,1,12,3,2,30,12,1,1,0,4,1,2,403,2403,14,2005,1J4FA49S55P3,1,J,4,F,A,4,9,S,5,5,P,3,0,0,0,Not Applicable,Not Applicable,0,0,0,1,0,0,0,0,0,0,0,0,0,0,0,6,6,2,12,0,0,1,1,4,85225,6,1,0,0,3,3,72,190,0,0,0,0,0,0,0,0,0,0,99,99,99,99,3,5,65,1,1,2,1,0,0,5,53,1,1,1,21,No Trailing Units,No Trailing Units,No Trailing Units,1,1,,,,,,,,,,,,,,,,,,,,,,,,,2016
2016040221,4,40221,1,1,2,13,3,22,50,8,0,1,0,99,9,7,20,7020,4,2005,Unknown,9,9,9,9,9,9,9,9,9,9,9,9,0,0,0,Not Applicable,Not Applicable,0,0,0,1,0,0,0,0,0,0,0,999,0,0,0,12,9,9,8,0,0,0,1,4,85042,6,1,0,0,3,3,69,295,0,0,0,0,0,0,0,0,0,9,99,99,99,99,9,9,99,1,9,9,99,0,0,1,80,99,9,9,13,No Trailing Units,No Trailing Units,No Trailing Units,0,0,,,,,,,,,,,,,,,,,,,,,,,,,2016
2016040222,4,40222,1,1,2,14,3,20,35,8,0,1,0,99,9,53,404,53404,14,2003,Unknown,9,9,9,9,9,9,9,9,9,9,9,9,0,0,0,Not Applicable,Not Applicable,0,0,0,1,0,0,0,0,0,0,0,999,0,0,0,12,9,9,8,0,0,0,1,4,85027,0,0,0,0,0,0,73,150,0,0,0,0,0,0,0,0,0,0,0,0,0,0,1,6,99,1,9,9,99,3,3,1,80,16,2,3,13,No Trailing Units,No Trailing Units,No Trailing Units,0,0,,,,,,,,,,,,,,,,,,,,,,,,,2016
2016040223,4,40223,1,2,1,17,3,19,20,8,0,1,0,4,2,37,32,37032,4,2002,JHMCG56712C0,J,H,M,C,G,5,6,7,1,2,C,0,0,0,0,Not Applicable,Not Applicable,0,0,0,1,0,0,0,0,0,0,0,38,0,0,0,12,4,5,8,0,0,0,1,4,85339,6,1,0,0,3,3,65,160,0,0,0,0,0,0,0,0,0,0,0,0,0,0,9,6,40,1,1,8,1,0,0,1,80,99,1,1,13,No Trailing Units,No Trailing Units,No Trailing Units,0,0,,,,,,,,,,,,,,,,,,,,,,,,,2016
2016040223,4,40223,2,2,1,17,3,19,20,8,0,1,0,4,2,6,51,6051,4,2010,2C3CA4CD1AH1,2,C,3,C,A,4,C,D,1,A,H,1,0,0,0,Not Applicable,Not Applicable,0,0,0,1,0,0,0,0,0,0,0,38,0,0,0,12,4,5,8,0,0,0,1,4,85037,1,1,0,0,2,0,68,160,0,3,0,0,2,6,2011,12,2011,0,0,0,0,0,9,6,40,1,1,8,1,0,0,1,80,1,1,1,98,No Trailing Units,No Trailing Units,No Trailing Units,0,1,,,,,,,,,,,,,,,,,,,,,,,,,2016
2016040224,4,40224,1,2,1,25,3,11,48,12,6,1,0,4,1,20,473,20473,30,2004,1GCCS1981481,1,G,C,C,S,1,9,8,1,4,8,1,0,0,0,Not Applicable,Not Applicable,0,0,0,1,0,0,0,0,0,0,0,14,0,1,1,61,6,2,1,0,0,0,1,4,85042,6,1,0,0,3,3,72,220,0,0,0,0,0,0,0,0,0,0,38,0,0,0,1,2,25,1,1,2,1,20,3,1,17,99,9,3,89,No Trailing Units,No Trailing Units,No Trailing Units,1,0,,,,,,,,,,,,,,,,,,,,,,,,,2016
2016040224,4,40224,2,2,1,25,3,11,48,12,6,1,0,4,2,12,481,12481,31,2005,1FTRF02215KE,1,F,T,R,F,0,2,2,1,5,K,E,0,0,0,Not Applicable,Not Applicable,0,0,0,1,0,0,0,0,0,0,0,31,0,0,0,12,6,2,12,0,0,0,1,4,85041,6,1,0,0,3,0,71,200,1,0,0,2,0,10,2014,12,2014,0,0,0,0,0,5,5,40,1,1,2,1,0,0,1,66,1,1,3,88,No Trailing Units,No Trailing Units,No Trailing Units,0,0,,,,,,,,,,,,,,,,,,,,,,,,,2016
2016040225,4,40225,1,1,99,25,3,20,37,8,0,1,1,99,9,99,999,99999,99,9999,Unknown,9,9,9,9,9,9,9,9,9,9,9,9,0,0,0,Not Applicable,Not Applicable,0,0,0,1,0,0,0,0,0,0,0,31,0,0,0,98,9,5,8,0,0,0,1,99,99999,9,9,99,0,9,9,999,999,99,99,99,99,99,99,9999,99,9999,9,99,99,99,99,5,6,40,1,1,8,1,0,0,1,80,99,1,1,13,No Trailing Units,No Trailing Units,No Trailing Units,0,0,,,,,,,,,,,,,,,,,,,,,,,,,2016
2016040226,4,40226,1,1,1,27,3,20,39,8,0,1,0,99,9,58,32,58032,4,2002,Unknown,9,9,9,9,9,9,9,9,9,9,9,9,0,0,0,Not Applicable,Not Applicable,0,0,0,1,0,0,0,0,0,0,0,999,0,0,0,12,9,9,8,0,0,0,1,4,85029,6,1,0,0,3,3,72,200,0,0,0,0,0,0,0,0,0,0,0,0,0,0,5,6,99,1,9,2,99,0,0,1,80,99,9,9,13,No Trailing Units,No Trailing Units,No Trailing Units,0,0,,,,,,,,,,,,,,,,,,,,,,,,,2016
2016040227,4,40227,1,1,3,28,3,21,0,8,0,1,0,99,9,20,24,20024,6,2012,Unknown,9,9,9,9,9,9,9,9,9,9,9,9,0,0,0,Not Applicable,Not Applicable,0,0,0,1,0,0,0,0,0,0,0,999,0,0,0,98,9,9,8,0,0,0,1,4,86504,6,1,0,0,3,3,63,194,0,0,0,0,0,0,0,0,0,9,0,0,0,0,9,9,99,1,9,9,99,0,0,99,80,99,9,9,13,No Trailing Units,No Trailing Units,No Trailing Units,0,0,,,,,,,,,,,,,,,,,,,,,,,,,2016
2016040228,4,40228,1,1,1,29,3,0,28,8,0,1,0,99,9,12,471,12471,30,1997,Unknown,9,9,9,9,9,9,9,9,9,9,9,9,0,0,0,Not Applicable,Not Applicable,0,0,0,1,0,0,0,0,0,0,0,999,0,0,0,98,9,9,8,0,0,0,1,4,85042,6,1,0,0,3,0,64,140,1,0,0,1,0,9,2015,10,2015,0,0,0,0,0,9,9,99,1,9,9,99,0,0,1,80,99,9,9,13,No Trailing Units,No Trailing Units,No Trailing Units,0,0,,,,,,,,,,,,,,,,,,,,,,,,,2016
2016040229,4,40229,1,1,1,29,3,23,18,8,0,1,0,4,1,63,38,63038,5,2015,KNAFK4A61F53,K,N,A,F,K,4,A,6,1,F,5,3,0,0,0,Not Applicable,Not Applicable,0,0,0,1,0,0,0,0,0,0,0,42,0,0,0,12,6,2,8,0,0,0,1,4,85255,6,1,0,0,3,0,67,130,0,2,1,1,0,10,2012,7,2013,0,0,0,0,0,5,6,45,1,1,2,1,0,0,1,80,1,1,1,13,No Trailing Units,No Trailing Units,No Trailing Units,0,0,,,,,,,,,,,,,,,,,,,,,,,,,2016
2016040230,4,40230,1,3,1,9,4,1,39,12,1,1,0,4,1,19,18,19018,4,2014,1G6AP5SX8E01,1,G,6,A,P,5,S,X,8,E,0,1,0,0,0,Not Applicable,Not Applicable,0,0,0,1,0,0,0,0,0,0,0,100,0,0,0,12,6,2,12,0,0,0,1,36,10128,6,1,0,0,3,0,68,180,0,0,0,0,0,0,0,0,0,3,89,0,0,0,3,7,65,1,1,2,1,0,0,1,51,99,9,1,24,No Trailing Units,No Trailing Units,No Trailing Units,0,1,,,,,,,,,,,,,,,,,,,,,,,,,2016
2016040230,4,40230,2,3,2,9,4,1,39,12,1,1,0,4,2,55,36,55036,4,2005,KMHCG45C35U6,K,M,H,C,G,4,5,C,3,5,U,6,0,0,0,Not Applicable,Not Applicable,0,0,0,1,0,0,0,0,0,0,0,63,0,0,0,6,6,2,12,0,0,0,1,4,85286,6,1,0,0,3,0,62,130,0,0,0,0,0,0,0,0,0,0,0,0,0,0,3,7,65,1,1,2,1,0,0,1,53,99,1,1,25,No Trailing Units,No Trailing Units,No Trailing Units,1,0,,,,,,,,,,,,,,,,,,,,,,,,,2016
2016040230,4,40230,3,3,2,9,4,1,39,12,1,1,0,4,1,12,471,12471,30,1995,1FTCR10A8SUA,1,F,T,C,R,1,0,A,8,S,U,A,0,0,0,Not Applicable,Not Applicable,0,0,0,1,0,0,0,0,0,0,0,30,0,0,0,12,6,2,12,0,0,0,1,4,86004,6,1,0,0,3,3,68,145,0,0,0,0,1,6,2015,6,2015,0,84,0,0,0,3,7,65,1,1,2,1,0,0,1,50,16,1,1,98,No Trailing Units,No Trailing Units,No Trailing Units,0,0,,,,,,,,,,,,,,,,,,,,,,,,,2016
2016040231,4,40231,1,1,1,21,4,12,2,1,0,1,0,4,1,20,444,20444,20,2005,1GNDV23L05D3,1,G,N,D,V,2,3,L,0,5,D,3,0,0,0,Not Applicable,Not Applicable,0,0,0,1,0,0,0,0,0,0,0,998,0,1,5,0,6,2,1,0,0,0,1,4,85128,6,1,0,0,3,0,62,143,0,0,0,0,0,0,0,0,0,4,82,0,0,0,1,2,98,1,1,5,1,0,0,1,6,99,9,4,7,No Trailing Units,No Trailing Units,No Trailing Units,1,0,,,,,,,,,,,,,,,,,,,,,,,,,2016
2016040232,4,40232,1,1,1,23,4,3,29,33,0,1,0,4,2,12,471,12471,30,1999,1FTYR14V2XPA,1,F,T,Y,R,1,4,V,2,X,P,A,0,0,0,Not Applicable,Not Applicable,0,0,0,1,0,0,0,0,0,0,0,60,0,1,3,98,6,2,1,0,0,0,1,4,85747,6,1,0,0,3,0,71,108,0,0,0,0,0,0,0,0,0,9,99,99,99,99,2,3,40,1,1,2,1,0,0,99,12,99,9,4,10,No Trailing Units,No Trailing Units,No Trailing Units,1,0,,,,,,,,,,,,,,,,,,,,,,,,,2016
2016040234,4,40234,1,1,1,27,4,8,13,33,0,1,0,4,1,49,403,49403,14,2003,JTEHF21A4301,J,T,E,H,F,2,1,A,4,3,0,1,0,0,0,Not Applicable,Not Applicable,0,0,0,1,0,0,0,0,0,0,0,50,0,0,0,12,6,2,8,0,0,0,1,4,85755,6,1,0,0,3,0,71,175,0,0,0,0,0,0,0,0,0,4,0,0,0,0,2,3,45,1,1,8,1,0,0,1,9,99,9,4,7,No Trailing Units,No Trailing Units,No Trailing Units,0,0,,,,,,,,,,,,,,,,,,,,,,,,,2016
2016040235,4,40235,1,3,2,28,4,13,42,12,6,1,0,4,2,35,39,35039,4,1999,JN1CA21D6XT8,J,N,1,C,A,2,1,D,6,X,T,8,0,0,0,Not Applicable,Not Applicable,0,0,0,1,0,0,0,0,0,0,0,45,0,0,0,82,6,2,12,0,0,0,1,4,85204,0,0,0,0,0,0,999,999,0,0,0,0,0,0,0,0,0,0,39,91,0,0,2,6,45,1,1,8,1,3,3,1,17,99,9,3,83,No Trailing Units,No Trailing Units,No Trailing Units,1,0,,,,,,,,,,,,,,,,,,,,,,,,,2016
2016040235,4,40235,2,3,1,28,4,13,42,12,6,1,0,4,1,41,471,41471,30,2000,4F4YR16V9YTM,4,F,4,Y,R,1,6,V,9,Y,T,M,0,0,0,Not Applicable,Not Applicable,0,0,0,1,0,0,0,0,0,0,0,10,0,0,0,12,6,2,12,0,0,0,1,4,85302,6,1,0,0,3,3,72,160,0,0,0,1,0,3,2012,3,2012,0,0,0,0,0,2,5,45,1,1,8,1,3,3,11,66,99,9,3,82,No Trailing Units,No Trailing Units,No Trailing Units,0,0,,,,,,,,,,,,,,,,,,,,,,,,,2016
2016040235,4,40235,3,3,1,28,4,13,42,12,6,1,0,4,3,20,461,20461,21,2010,1GCUGAD49A11,1,G,C,U,G,A,D,4,9,A,1,1,0,0,0,Not Applicable,Not Applicable,0,0,0,1,0,0,0,0,0,0,0,10,0,0,0,98,6,2,12,0,0,0,1,4,85143,6,1,0,0,3,0,69,165,0,0,0,1,0,11,2015,11,2015,0,0,0,0,0,2,5,45,1,1,8,1,3,3,11,66,99,9,3,98,No Trailing Units,No Trailing Units,No Trailing Units,0,0,,,,,,,,,,,,,,,,,,,,,,,,,2016
2016040236,4,40236,1,2,1,29,4,17,5,12,6,1,0,4,1,35,43,35043,4,2001,3N1CB51D31L5,3,N,1,C,B,5,1,D,3,1,L,5,0,0,0,Not Applicable,Not Applicable,0,0,0,1,0,0,0,0,0,0,0,50,0,0,0,83,6,2,12,0,0,0,1,4,85342,6,1,0,0,3,0,64,170,0,0,0,1,0,6,2015,6,2015,0,28,0,0,0,1,2,35,3,1,2,1,0,0,14,10,99,9,6,66,No Trailing Units,No Trailing Units,No Trailing Units,1,0,,,,,,,,,,,,,,,,,,,,,,,,,2016
2016040236,4,40236,2,2,1,29,4,17,5,12,6,1,0,4,1,12,473,12473,30,2005,1FMZU67KX5UA,1,F,M,Z,U,6,7,K,X,5,U,A,0,0,0,Not Applicable,Not Applicable,0,0,0,1,0,0,0,0,0,0,0,20,0,0,0,12,6,2,12,0,0,0,1,4,85308,6,1,0,0,3,3,65,150,0,0,0,0,0,0,0,0,0,0,89,0,0,0,1,2,35,2,1,2,1,0,0,14,62,99,9,3,66,No Trailing Units,No Trailing Units,No Trailing Units,0,0,,,,,,,,,,,,,,,,,,,,,,,,,2016
2016040237,4,40237,1,2,3,5,4,8,43,12,6,1,0,6,1,37,441,37441,20,2016,5FNRL5H66GB0,5,F,N,R,L,5,H,6,6,G,B,0,0,0,0,Not Applicable,Not Applicable,0,0,0,1,0,0,0,0,0,0,0,998,0,0,0,62,6,2,12,0,0,0,1,6,90731,6,1,0,0,3,3,64,205,0,0,0,0,0,0,0,0,0,0,38,0,0,0,1,2,65,1,1,2,1,20,3,11,15,99,9,1,82,No Trailing Units,No Trailing Units,No Trailing Units,1,0,,,,,,,,,,,,,,,,,,,,,,,,,2016
2016040237,4,40237,2,2,1,5,4,8,43,12,6,1,0,4,1,7,472,7472,31,2006,1D7HE22K56S7,1,D,7,H,E,2,2,K,5,6,S,7,0,0,0,Not Applicable,Not Applicable,0,0,0,1,0,0,0,0,0,0,0,998,0,0,0,12,6,2,12,0,0,0,1,4,85128,6,1,0,0,3,3,67,180,0,0,0,0,0,0,0,0,0,0,0,0,0,0,1,3,65,1,1,2,1,0,0,1,67,16,2,1,83,No Trailing Units,No Trailing Units,No Trailing Units,0,0,,,,,,,,,,,,,,,,,,,,,,,,,2016
2016040238,4,40238,1,1,1,11,4,5,49,17,0,1,0,4,4,49,40,49040,4,2016,4T1BF1FK9GU1,4,T,1,B,F,1,F,K,9,G,U,1,0,0,0,Not Applicable,Not Applicable,0,0,0,1,0,0,0,0,0,0,0,999,0,1,3,12,6,2,17,0,0,0,1,4,85748,6,1,0,0,3,0,72,265,0,0,0,0,2,6,2014,4,2015,4,0,0,0,0,3,2,55,2,1,2,1,40,3,14,12,99,9,4,6,No Trailing Units,No Trailing Units,No Trailing Units,1,0,,,,,,,,,,,,,,,,,,,,,,,,,2016
2016040239,4,40239,1,1,2,27,1,16,10,5,0,1,9,99,9,99,999,99999,99,9999,Unknown,9,9,9,9,9,9,9,9,9,9,9,9,0,0,0,Not Applicable,Not Applicable,0,0,0,1,0,0,0,0,0,0,0,999,0,0,0,0,0,9,5,0,0,0,1,99,99999,9,9,99,9,9,9,999,999,99,99,99,99,99,99,9999,99,9999,9,99,99,99,99,9,9,99,1,9,9,99,99,9,99,98,99,9,9,0,No Trailing Units,No Trailing Units,No Trailing Units,1,0,,,,,,,,,,,,,,,,,,,,,,,,,2016
2016040240,4,40240,1,1,2,21,2,99,99,99,99,1,9,99,9,99,999,99999,99,9999,Unknown,9,9,9,9,9,9,9,9,9,9,9,9,0,0,0,Not Applicable,Not Applicable,0,0,0,1,0,0,0,0,0,0,0,999,0,0,0,99,9,9,99,0,0,0,1,99,99999,9,9,99,0,9,9,999,999,99,99,99,99,99,99,9999,99,9999,9,99,99,99,99,9,9,99,9,9,9,99,99,9,99,99,99,9,9,99,No Trailing Units,No Trailing Units,No Trailing Units,1,0,,,,,,,,,,,,,,,,,,,,,,,,,2016
2016040241,4,40241,1,2,1,3,4,17,27,12,6,1,0,4,1,77,706,77706,80,2007,5VPCB26D6730,5,V,P,C,B,2,6,D,6,7,3,0,0,0,0,Not Applicable,Not Applicable,0,0,0,1,0,0,0,0,0,0,0,35,0,0,0,62,6,2,12,0,0,0,1,4,85310,6,1,0,0,2,3,72,180,0,0,0,2,0,8,2011,8,2014,0,39,0,0,0,2,3,25,1,1,2,1,20,3,1,17,99,1,1,69,No Trailing Units,No Trailing Units,No Trailing Units,1,1,,,,,,,,,,,,,,,,,,,,,,,,,2016
2016040241,4,40241,2,2,1,3,4,17,27,12,6,1,0,4,1,14,6,14006,4,2002,2MEFM75W62X6,2,M,E,F,M,7,5,W,6,2,X,6,0,0,0,Not Applicable,Not Applicable,0,0,0,1,0,0,0,0,0,0,0,15,0,0,0,12,6,2,12,32,0,0,1,4,85331,6,1,0,0,3,3,61,136,0,0,0,0,0,0,0,0,0,0,0,0,0,0,2,3,25,1,1,2,1,20,3,11,63,1,1,1,68,No Trailing Units,No Trailing Units,No Trailing Units,0,0,,,,,,,,,,,,,,,,,,,,,,,,,2016
2016040242,4,40242,1,1,2,13,4,17,8,18,0,1,0,4,1,98,998,98998,95,2010,1A9LA21A2AM7,1,A,9,L,A,2,1,A,2,A,M,7,0,0,0,Not Applicable,Not Applicable,0,0,0,1,0,0,0,0,0,0,0,15,0,0,0,12,4,5,18,0,0,0,1,8,80906,6,1,0,0,3,3,68,155,1,0,0,0,0,8,2014,8,2014,0,81,0,0,0,1,2,25,1,1,2,1,0,0,1,90,99,1,1,12,No Trailing Units,No Trailing Units,No Trailing Units,1,0,,,,,,,,,,,,,,,,,,,,,,,,,2016
2016040243,4,40243,1,1,1,16,4,10,58,8,0,1,1,4,1,59,34,59034,4,2001,JT8BD69S2101,J,T,8,B,D,6,9,S,2,1,0,1,0,0,0,Not Applicable,Not Applicable,0,0,0,1,0,0,0,0,0,0,0,998,0,0,0,12,2,5,8,0,0,0,1,4,85138,6,1,0,0,3,0,67,150,0,0,0,2,1,6,2012,1,2014,0,0,0,0,0,6,1,50,2,6,2,1,0,0,14,80,99,9,1,13,No Trailing Units,No Trailing Units,No Trailing Units,0,0,,,,,,,,,,,,,,,,,,,,,,,,,2016
2016040244,4,40244,1,1,2,22,4,19,43,8,0,1,0,35,1,20,4,20004,2,2005,1G1YY24U6551,1,G,1,Y,Y,2,4,U,6,5,5,1,0,0,0,Not Applicable,Not Applicable,0,0,0,1,0,0,0,0,0,0,0,22,0,0,0,12,2,5,8,0,0,0,1,35,87108,6,1,0,0,3,0,66,165,98,0,0,1,0,7,2013,7,2013,0,0,0,0,0,5,5,30,1,1,8,1,0,0,1,80,99,9,3,13,No Trailing Units,No Trailing Units,No Trailing Units,0,0,,,,,,,,,,,,,,,,,,,,,,,,,2016
2016040245,4,40245,1,1,3,22,4,21,0,8,0,1,1,92,0,7,482,7482,31,2005,3D7MS48C85G8,3,D,7,M,S,4,8,C,8,5,G,8,0,0,88,None,None,2,1,96,1,0,0,0,0,0,0,0,65,0,0,0,12,2,5,8,0,0,0,1,4,85145,6,1,0,0,3,0,68,165,0,0,0,1,1,1,2013,3,2013,0,91,0,0,0,1,2,50,1,1,2,1,0,0,1,80,6,1,1,13,No Trailing Units,No Trailing Units,No Trailing Units,0,1,,,,,,,,,,,,,,,,,,,,,,,,,2016
2016040246,4,40246,1,1,3,3,4,6,30,1,0,1,0,4,1,2,403,2403,14,2007,1J4GA39127L1,1,J,4,G,A,3,9,1,2,7,L,1,0,0,0,Not Applicable,Not Applicable,0,0,0,1,0,0,0,0,0,0,0,45,0,1,5,0,6,2,1,0,0,0,1,4,85331,6,1,0,0,3,0,70,150,0,1,0,1,0,10,2015,11,2015,4,0,0,0,0,1,2,0,2,6,5,1,40,3,14,12,99,9,4,10,No Trailing Units,No Trailing Units,No Trailing Units,1,0,,,,,,,,,,,,,,,,,,,,,,,,,2016
2016040247,4,40247,1,1,2,14,4,8,46,9,0,1,0,4,1,49,46,49046,5,2013,JTDKN3DU2D55,J,T,D,K,N,3,D,U,2,D,5,5,0,0,0,Not Applicable,Not Applicable,0,0,0,1,0,0,0,0,0,0,0,46,0,0,0,1,6,2,9,0,0,0,1,4,85298,6,1,0,0,3,0,64,140,0,0,0,0,0,0,0,0,0,0,0,0,0,0,5,5,45,1,1,8,1,0,0,1,11,99,1,4,13,No Trailing Units,No Trailing Units,No Trailing Units,0,0,,,,,,,,,,,,,,,,,,,,,,,,,2016
2016040248,4,40248,1,1,1,1,4,12,30,9,0,1,9,99,9,99,999,99999,99,9999,Unknown,9,9,9,9,9,9,9,9,9,9,9,9,0,0,0,Not Applicable,Not Applicable,0,0,0,1,0,0,0,0,0,0,0,999,0,0,0,99,9,9,9,0,0,0,1,99,99999,9,9,99,0,9,9,999,999,99,99,99,99,99,99,9999,99,9999,9,99,99,99,99,9,9,99,9,9,9,99,99,9,99,85,99,9,9,13,No Trailing Units,No Trailing Units,No Trailing Units,0,0,,,,,,,,,,,,,,,,,,,,,,,,,2016