accident_id,STATE,ST_CASE,VEH_NO,VE_FORMS,NUMOCCS,DAY,MONTH,HOUR,MINUTE,HARM_EV,MAN_COLL,UNITTYPE,HIT_RUN,REG_STAT,OWNER,MAKE,MODEL,MAK_MOD,BODY_TYP,MOD_YEAR,VIN,VIN_1,VIN_2,VIN_3,VIN_4,VIN_5,VIN_6,VIN_7,VIN_8,VIN_9,VIN_10,VIN_11,VIN_12,TOW_VEH,J_KNIFE,MCARR_I1,MCARR_I2,MCARR_ID,GVWR,V_CONFIG,CARGO_BT,HAZ_INV,HAZ_PLAC,HAZ_ID,HAZ_CNO,HAZ_REL,BUS_USE,SPEC_USE,EMER_USE,TRAV_SP,UNDERIDE,ROLLOVER,ROLINLOC,IMPACT1,DEFORMED,TOWED,M_HARM,VEH_SC1,VEH_SC2,FIRE_EXP,DR_PRES,L_STATE,DR_ZIP,L_STATUS,L_TYPE,CDL_STAT,L_ENDORS,L_COMPL,L_RESTRI,DR_HGT,DR_WGT,PREV_ACC,PREV_SUS,PREV_DWI,PREV_SPD,PREV_OTH,FIRST_MO,FIRST_YR,LAST_MO,LAST_YR,SPEEDREL,DR_SF1,DR_SF2,DR_SF3,DR_SF4,VTRAFWAY,VNUM_LAN,VSPD_LIM,VALIGN,VPROFILE,VPAVETYP,VSURCOND,VTRAFCON,VTCONT_F,P_CRASH1,P_CRASH2,P_CRASH3,PCRASH4,PCRASH5,ACC_TYPE,TRLR1VIN,TRLR2VIN,TRLR3VIN,DEATHS,DR_DRINK,VINTYPE,VINMAKE,VINA_MOD,VIN_BT,VINMODYR,VIN_LNGT,VIN_WGT,WGTCD_TR,WHLBS_LG,WHLBS_SH,SER_TR,FUELCODE,MCYCL_DS,CARBUR,CYLINDER,DISPLACE,MCYCL_CY,MCYCL_WT,TIRE_SZE,TON_RAT,TRK_WT,TRKWTVAR,VIN_REST,WHLDRWHL,Year
2016040279,4,40279,1,3,1,29,4,23,4,1,0,1,0,4,2,19,18,19018,4,2003,1G6DM57N6301,1,G,6,D,M,5,7,N,6,3,0,1,0,0,0,Not Applicable,Not Applicable,0,0,0,1,0,0,0,0,0,0,0,60,0,1,1,0,6,2,12,0,0,0,1,4,85037,6,1,0,0,3,0,69,153,0,0,0,1,0,3,2016,3,2016,4,28,0,0,0,5,6,40,1,1,2,1,0,0,99,6,99,9,3,98,No Trailing Units,No Trailing Units,No Trailing Units,1,0,,,,,,,,,,,,,,,,,,,,,,,,,2016
2016040279,4,40279,2,3,3,29,4,23,4,1,0,1,0,4,2,63,34,63034,4,2011,KNAGN4A64B51,K,N,A,G,N,4,A,6,4,B,5,1,0,0,0,Not Applicable,Not Applicable,0,0,0,1,0,0,0,0,0,0,0,43,0,0,0,98,6,2,12,0,0,0,1,4,85009,0,0,0,0,0,0,999,999,0,4,0,0,2,9,2013,9,2013,0,0,0,0,0,5,6,40,1,1,2,1,0,0,1,62,99,1,1,98,No Trailing Units,No Trailing Units,No Trailing Units,0,0,,,,,,,,,,,,,,,,,,,,,,,,,2016
2016040279,4,40279,3,3,2,29,4,23,4,1,0,1,0,4,2,12,422,12422,15,2006,1FMPU15536LA,1,F,M,P,U,1,5,5,3,6,L,A,0,0,0,Not Applicable,Not Applicable,0,0,0,1,0,0,0,0,0,0,0,40,0,0,0,98,6,2,12,0,0,0,1,4,85353,0,0,0,0,0,0,72,135,0,0,0,0,0,0,0,0,0,0,0,0,0,0,5,6,40,1,1,2,1,0,0,1,60,99,1,1,98,No Trailing Units,No Trailing Units,No Trailing Units,0,0,,,,,,,,,,,,,,,,,,,,,,,,,2016
2016040280,4,40280,1,1,2,30,4,6,20,1,0,1,0,4,1,37,734,37734,90,2014,JH2TE3208EK5,J,H,2,T,E,3,2,0,8,E,K,5,0,0,0,Not Applicable,Not Applicable,0,0,0,1,0,0,0,0,0,0,0,35,0,1,5,0,4,5,1,0,0,0,1,4,85331,0,0,0,0,0,0,71,150,0,3,1,0,0,8,2011,7,2012,4,0,0,0,0,1,2,35,3,1,2,1,40,3,14,14,99,9,4,98,No Trailing Units,No Trailing Units,No Trailing Units,2,1,,,,,,,,,,,,,,,,,,,,,,,,,2016
2016040281,4,40281,1,1,1,30,4,19,34,8,0,1,0,99,9,37,31,37031,4,2002,Unknown,9,9,9,9,9,9,9,9,9,9,9,9,0,0,0,Not Applicable,Not Applicable,0,0,0,1,0,0,0,0,0,0,0,999,0,0,0,98,9,9,8,0,0,0,1,99,99999,9,9,99,0,9,9,999,999,99,99,99,99,99,99,9999,99,9999,0,99,99,99,99,9,9,99,1,9,9,99,0,0,1,80,99,9,3,13,No Trailing Units,No Trailing Units,No Trailing Units,0,0,,,,,,,,,,,,,,,,,,,,,,,,,2016
2016040282,4,40282,1,3,99,1,5,17,5,12,7,1,1,99,9,99,999,99999,99,9999,Unknown,9,9,9,9,9,9,9,9,9,9,9,9,0,0,0,Not Applicable,Not Applicable,0,0,0,1,0,0,0,0,0,0,0,998,0,0,0,63,2,5,12,0,0,0,1,99,99999,9,9,99,9,9,9,999,999,99,99,99,99,99,99,9999,99,9999,9,27,0,0,0,2,2,75,1,1,2,1,0,0,15,10,99,1,2,47,No Trailing Units,No Trailing Units,No Trailing Units,0,0,,,,,,,,,,,,,,,,,,,,,,,,,2016
2016040282,4,40282,2,3,1,1,5,17,5,12,7,1,0,48,2,35,39,35039,4,2002,JN1DA31D22T4,J,N,1,D,A,3,1,D,2,2,T,4,0,0,0,Not Applicable,Not Applicable,0,0,0,1,0,0,0,0,0,0,0,998,0,0,0,82,6,2,12,0,0,0,1,48,79907,6,1,0,0,3,0,999,999,0,0,0,0,0,0,0,0,0,0,0,0,0,0,2,2,75,1,1,2,1,0,0,1,61,99,1,1,45,No Trailing Units,No Trailing Units,No Trailing Units,0,0,,,,,,,,,,,,,,,,,,,,,,,,,2016
2016040282,4,40282,3,3,3,1,5,17,5,12,7,1,0,4,2,19,431,19431,16,2003,1GYEK63N43R3,1,G,Y,E,K,6,3,N,4,3,R,3,0,0,0,Not Applicable,Not Applicable,0,0,0,1,0,0,0,0,0,0,0,998,0,1,1,98,6,2,1,0,0,0,1,4,85381,6,1,0,0,3,3,70,180,0,0,0,0,0,0,0,0,0,0,0,0,0,0,2,2,75,1,1,2,1,0,0,1,62,1,1,1,98,No Trailing Units,No Trailing Units,No Trailing Units,1,0,,,,,,,,,,,,,,,,,,,,,,,,,2016
2016040283,4,40283,1,1,1,2,5,21,25,8,0,1,0,4,1,55,401,55401,14,2005,KM8SC13E35U9,K,M,8,S,C,1,3,E,3,5,U,9,0,0,0,Not Applicable,Not Applicable,0,0,0,1,0,0,0,0,0,0,0,45,0,0,0,12,2,5,8,0,0,0,1,4,85706,6,1,0,0,3,3,62,190,0,0,0,0,1,3,2012,3,2012,0,0,0,0,0,5,5,45,1,1,2,1,0,0,1,80,1,1,1,13,No Trailing Units,No Trailing Units,No Trailing Units,0,0,,,,,,,,,,,,,,,,,,,,,,,,,2016
2016040284,4,40284,1,1,1,5,5,6,38,1,0,1,0,4,1,12,471,12471,30,1998,1FTZR15X0WPA,1,F,T,Z,R,1,5,X,0,W,P,A,0,0,0,Not Applicable,Not Applicable,0,0,0,1,0,0,0,0,0,0,0,65,0,1,5,0,6,2,1,0,0,0,1,4,86046,6,1,0,0,3,0,77,175,0,0,0,0,0,0,0,0,0,0,89,58,0,0,1,2,65,1,1,2,1,0,0,1,13,7,3,4,5,No Trailing Units,No Trailing Units,No Trailing Units,1,0,,,,,,,,,,,,,,,,,,,,,,,,,2016
2016040285,4,40285,1,1,1,5,5,22,25,8,0,1,0,4,1,41,402,41402,14,2003,4F2CZ061X3KM,4,F,2,C,Z,0,6,1,X,3,K,M,0,0,0,Not Applicable,Not Applicable,0,0,0,1,0,0,0,0,0,0,0,998,0,0,0,12,6,2,8,0,0,0,1,4,85344,6,1,0,0,3,0,68,159,1,0,0,0,0,4,2012,4,2012,0,89,0,0,0,5,5,55,1,1,2,1,0,0,1,80,1,1,1,13,No Trailing Units,No Trailing Units,No Trailing Units,0,0,,,,,,,,,,,,,,,,,,,,,,,,,2016
2016040286,4,40286,1,1,1,7,5,19,28,33,0,1,0,4,1,12,16,12016,4,1989,2FABP74F7KX1,2,F,A,B,P,7,4,F,7,K,X,1,0,0,0,Not Applicable,Not Applicable,0,0,0,1,0,0,0,0,0,0,0,45,0,0,0,12,4,3,42,0,0,0,1,4,85546,6,1,0,0,3,3,66,153,0,0,0,0,0,0,0,0,0,0,0,0,0,0,2,3,45,1,1,8,1,3,3,1,12,99,1,4,6,No Trailing Units,No Trailing Units,No Trailing Units,1,0,,,,,,,,,,,,,,,,,,,,,,,,,2016
2016040287,4,40287,1,1,3,8,5,5,29,1,0,1,0,32,2,37,402,37402,14,2002,JHLRD78832C0,J,H,L,R,D,7,8,8,3,2,C,0,0,0,0,Not Applicable,Not Applicable,0,0,0,1,0,0,0,0,0,0,0,998,0,1,5,0,6,2,1,0,0,0,1,32,89030,1,1,0,0,2,0,72,175,0,4,0,0,1,3,2013,11,2013,4,0,0,0,0,2,2,75,1,1,2,1,0,0,1,12,99,9,4,5,No Trailing Units,No Trailing Units,No Trailing Units,1,0,,,,,,,,,,,,,,,,,,,,,,,,,2016
2016040288,4,40288,1,1,1,11,5,17,25,58,0,1,0,4,1,98,709,98709,80,2000,19ZWS31A6YA0,1,9,Z,W,S,3,1,A,6,Y,A,0,0,0,0,Not Applicable,Not Applicable,0,0,0,1,0,0,0,0,0,0,0,35,0,0,0,3,6,2,1,0,0,0,1,4,86406,6,1,0,0,2,0,68,170,1,0,0,1,0,1,2014,6,2014,0,28,0,0,0,5,3,35,2,5,2,1,0,0,14,10,99,9,2,98,No Trailing Units,No Trailing Units,No Trailing Units,1,1,,,,,,,,,,,,,,,,,,,,,,,,,2016
2016040289,4,40289,1,3,2,14,5,7,3,12,2,1,0,4,2,2,1,2001,6,2012,1C4NJCBB0CD6,1,C,4,N,J,C,B,B,0,C,D,6,0,0,0,Not Applicable,Not Applicable,0,0,0,1,0,0,0,0,0,0,0,998,0,0,0,12,6,2,12,0,0,0,1,4,85641,6,1,0,0,3,0,66,137,0,0,0,0,0,0,0,0,0,0,99,99,99,99,2,4,45,1,1,2,1,0,0,99,10,99,9,2,50,No Trailing Units,No Trailing Units,No Trailing Units,2,0,,,,,,,,,,,,,,,,,,,,,,,,,2016
2016040289,4,40289,2,3,1,14,5,7,3,12,2,1,0,4,3,12,880,12880,67,2013,1FT8W3BT6DEB,1,F,T,8,W,3,B,T,6,D,E,B,0,0,88,None,None,2,1,97,1,0,0,0,0,0,0,0,45,0,1,1,12,6,2,12,0,0,0,1,4,85710,6,1,0,0,3,3,70,200,0,1,0,1,0,7,2011,1,2012,0,0,0,0,0,2,4,45,1,1,2,1,0,0,1,62,99,1,1,51,No Trailing Units,No Trailing Units,No Trailing Units,0,0,,,,,,,,,,,,,,,,,,,,,,,,,2016
2016040289,4,40289,3,3,1,14,5,7,3,12,2,1,0,4,1,20,481,20481,31,2014,1GB0CVCG0EF1,1,G,B,0,C,V,C,G,0,E,F,1,0,0,0,Not Applicable,Not Applicable,0,0,0,1,0,0,0,0,0,0,0,45,0,0,0,62,2,5,12,0,0,0,1,4,85710,6,1,0,0,3,0,69,155,0,0,0,0,0,0,0,0,0,0,0,0,0,0,2,4,45,1,1,2,1,0,0,1,60,99,1,1,98,No Trailing Units,No Trailing Units,No Trailing Units,0,0,,,,,,,,,,,,,,,,,,,,,,,,,2016
2016040290,4,40290,1,1,1,16,5,5,59,52,0,1,0,4,3,12,481,12481,31,2014,1FT7X2A64EEA,1,F,T,7,X,2,A,6,4,E,E,A,0,0,0,Not Applicable,Not Applicable,0,0,0,1,0,0,0,0,0,0,0,998,0,1,5,82,6,2,1,0,0,0,1,4,85643,6,1,1,0,3,3,74,330,0,0,0,0,0,0,0,0,0,4,0,0,0,0,1,2,65,1,1,2,1,0,0,1,13,99,1,4,1,No Trailing Units,No Trailing Units,No Trailing Units,1,0,,,,,,,,,,,,,,,,,,,,,,,,,2016
2016040291,4,40291,1,1,3,17,5,5,38,1,0,1,0,6,2,12,401,12401,14,2001,1FMZU74EX1ZA,1,F,M,Z,U,7,4,E,X,1,Z,A,0,0,0,Not Applicable,Not Applicable,0,0,0,1,0,0,0,0,0,0,0,998,0,1,1,0,6,2,1,0,0,0,1,6,91042,6,1,0,0,3,3,68,200,2,0,0,0,0,11,2013,2,2016,0,58,0,0,0,2,2,75,2,1,2,1,0,0,14,12,99,1,6,98,No Trailing Units,No Trailing Units,No Trailing Units,1,0,,,,,,,,,,,,,,,,,,,,,,,,,2016
2016040292,4,40292,1,2,1,18,5,10,36,12,2,1,0,4,1,49,402,49402,14,2009,JTMZF33V59D0,J,T,M,Z,F,3,3,V,5,9,D,0,0,0,0,Not Applicable,Not Applicable,0,0,0,1,0,0,0,0,0,0,0,10,0,0,0,12,6,2,12,0,0,0,1,4,85718,6,1,0,0,3,3,72,170,0,0,0,0,0,0,0,0,0,0,38,0,0,0,2,5,40,1,1,2,1,3,3,11,15,1,1,1,68,No Trailing Units,No Trailing Units,No Trailing Units,0,0,,,,,,,,,,,,,,,,,,,,,,,,,2016
2016040292,4,40292,2,2,1,18,5,10,36,12,2,1,0,4,1,72,706,72706,80,1999,1HD1GEV11XY3,1,H,D,1,G,E,V,1,1,X,Y,3,0,0,0,Not Applicable,Not Applicable,0,0,0,1,0,0,0,0,0,0,0,45,0,0,0,12,6,2,12,0,0,0,1,4,85704,6,1,1,0,3,3,74,231,0,5,0,2,0,9,2011,3,2013,0,0,0,0,0,2,5,45,1,1,2,1,3,3,1,62,99,9,3,69,No Trailing Units,No Trailing Units,No Trailing Units,1,0,,,,,,,,,,,,,,,,,,,,,,,,,2016
2016040293,4,40293,1,1,1,19,5,2,43,8,0,1,0,4,3,82,881,82881,66,2012,1FUJGEDR6CSB,1,F,U,J,G,E,D,R,6,C,S,B,1,1,57,454597,57454597,3,6,2,1,0,0,0,0,0,0,0,998,0,0,0,12,2,5,8,0,0,0,1,4,85747,6,1,6,1,3,0,71,260,0,0,0,0,0,0,0,0,0,0,0,0,0,0,2,3,75,1,1,2,1,0,0,1,80,6,1,3,13,1BN2T44286K0,No Trailing Units,No Trailing Units,0,0,,,,,,,,,,,,,,,,,,,,,,,,,2016
2016040294,4,40294,1,2,1,20,5,3,39,12,2,1,0,4,1,7,482,7482,31,2012,1C6RD6FT1CS1,1,C,6,R,D,6,F,T,1,C,S,1,0,0,0,Not Applicable,Not Applicable,0,0,0,1,0,0,0,0,0,0,0,75,0,0,0,12,6,2,12,0,0,0,1,4,85323,6,1,0,0,3,0,67,155,0,0,0,0,0,0,0,0,0,4,99,99,99,99,2,2,75,1,1,2,1,0,0,1,12,99,9,4,52,No Trailing Units,No Trailing Units,No Trailing Units,1,1,,,,,,,,,,,,,,,,,,,,,,,,,2016
2016040294,4,40294,2,2,2,20,5,3,39,12,2,1,0,18,4,82,881,82881,66,2016,3AKJGLD51GSH,3,A,K,J,G,L,D,5,1,G,S,H,1,1,57,0272577,570272577,3,6,1,1,0,0,0,0,0,0,0,998,0,1,2,12,6,2,1,0,0,0,1,6,90020,6,1,6,0,3,3,63,150,0,0,0,1,0,10,2015,10,2015,0,0,0,0,0,2,2,75,1,1,2,1,0,0,1,62,1,1,1,52,5V8VC5321EM4,No Trailing Units,No Trailing Units,0,0,,,,,,,,,,,,,,,,,,,,,,,,,2016
2016040295,4,40295,1,1,1,20,5,8,45,34,0,1,0,4,2,13,5,13005,4,2000,1LNHM97V1YY7,1,L,N,H,M,9,7,V,1,Y,Y,7,0,0,0,Not Applicable,Not Applicable,0,0,0,1,0,0,0,0,0,0,0,45,0,1,5,98,6,2,1,0,0,0,1,41,97402,6,1,0,0,3,3,71,200,0,0,0,0,0,0,0,0,0,4,0,0,0,0,1,2,65,1,6,5,1,0,0,1,6,99,9,4,2,No Trailing Units,No Trailing Units,No Trailing Units,1,1,,,,,,,,,,,,,,,,,,,,,,,,,2016
2016040296,4,40296,1,1,2,21,5,19,23,1,0,1,0,4,2,2,404,2404,14,2002,1J4GW58N52C1,1,J,4,G,W,5,8,N,5,2,C,1,0,0,0,Not Applicable,Not Applicable,0,0,0,1,0,0,0,0,0,0,0,998,0,1,5,0,6,2,1,0,0,0,1,35,87072,0,0,0,0,0,0,71,200,98,1,0,0,0,5,2013,5,2013,9,99,99,99,99,1,2,65,2,1,2,1,0,0,14,13,99,1,4,1,No Trailing Units,No Trailing Units,No Trailing Units,1,1,,,,,,,,,,,,,,,,,,,,,,,,,2016
2016040297,4,40297,1,1,2,22,5,6,8,1,0,1,0,6,4,49,51,49051,9,2015,VNKKTUD31FA0,V,N,K,K,T,U,D,3,1,F,A,0,0,0,0,Not Applicable,Not Applicable,0,0,0,1,0,0,0,0,0,0,0,998,0,1,5,0,6,2,1,0,0,0,1,51,20120,1,1,0,0,2,0,69,165,0,0,0,0,0,0,0,0,0,3,0,0,0,0,1,2,65,1,1,2,1,0,0,1,12,99,9,4,5,No Trailing Units,No Trailing Units,No Trailing Units,1,0,,,,,,,,,,,,,,,,,,,,,,,,,2016
2016040298,4,40298,1,1,1,23,5,3,46,1,0,1,0,4,3,82,881,82881,66,2007,1FUJF0CV07PZ,1,F,U,J,F,0,C,V,0,7,P,Z,1,1,57,1435950,571435950,3,6,2,1,0,0,0,0,0,0,0,998,0,1,5,0,6,2,1,0,0,0,1,4,85140,6,1,6,0,3,2,77,224,1,2,0,1,0,4,2012,3,2015,0,58,74,0,0,1,2,40,1,1,5,1,0,0,1,12,7,1,4,10,5WSAA4324CN0,No Trailing Units,No Trailing Units,1,0,,,,,,,,,,,,,,,,,,,,,,,,,2016
2016040299,4,40299,1,1,1,25,5,17,57,15,0,1,0,4,1,20,473,20473,30,2015,1GCGSBE3XF11,1,G,C,G,S,B,E,3,X,F,1,1,0,0,0,Not Applicable,Not Applicable,0,0,0,1,0,0,0,0,0,0,0,25,0,0,0,12,2,3,15,0,0,0,1,4,85747,6,1,0,0,3,3,69,230,0,0,0,0,0,0,0,0,0,4,91,0,0,0,1,2,25,1,1,8,1,0,0,11,80,1,1,1,13,No Trailing Units,No Trailing Units,No Trailing Units,0,1,,,,,,,,,,,,,,,,,,,,,,,,,2016
2016040300,4,40300,1,1,1,25,5,18,38,1,0,1,0,4,4,82,881,82881,66,2014,3AKBGDDV2ESF,3,A,K,B,G,D,D,V,2,E,S,F,1,1,57,2045470,572045470,3,6,1,1,0,0,0,0,0,0,0,998,0,1,3,0,6,2,1,0,0,0,1,4,85051,6,1,6,0,3,0,74,258,1,2,0,1,1,2,2013,12,2014,4,58,0,0,0,2,2,65,3,1,8,1,0,0,14,13,99,9,4,7,3H3V532C2ET2,No Trailing Units,No Trailing Units,1,0,,,,,,,,,,,,,,,,,,,,,,,,,2016
2016040301,4,40301,1,2,1,31,5,19,13,12,6,1,0,4,1,72,706,72706,80,1997,1HD1GHL17VY3,1,H,D,1,G,H,L,1,7,V,Y,3,0,0,0,Not Applicable,Not Applicable,0,0,0,1,0,0,0,0,0,0,0,60,0,0,0,12,6,2,12,0,0,0,1,4,85711,6,1,0,0,3,3,73,165,0,1,0,1,1,12,2013,12,2014,4,0,0,0,0,2,4,40,1,1,2,1,0,0,1,17,99,9,1,69,No Trailing Units,No Trailing Units,No Trailing Units,1,1,,,,,,,,,,,,,,,,,,,,,,,,,2016
2016040301,4,40301,2,2,2,31,5,19,13,12,6,1,0,4,1,18,7,18007,4,1994,3G4AG55M8RS6,3,G,4,A,G,5,5,M,8,R,S,6,0,0,0,Not Applicable,Not Applicable,0,0,0,1,0,0,0,0,0,0,0,5,0,0,0,82,6,2,12,0,0,0,1,4,85712,6,1,0,0,3,3,69,155,0,0,0,0,1,9,2014,9,2014,0,0,0,0,0,2,4,40,1,1,2,1,0,0,11,63,99,1,1,68,No Trailing Units,No Trailing Units,No Trailing Units,0,0,,,,,,,,,,,,,,,,,,,,,,,,,2016
2016040302,4,40302,1,3,1,12,5,17,46,12,6,1,0,4,2,6,51,6051,4,2005,2C3JA43R65H1,2,C,3,J,A,4,3,R,6,5,H,1,0,0,0,Not Applicable,Not Applicable,0,0,0,1,0,0,0,0,0,0,0,998,0,0,0,12,6,2,12,0,0,0,1,4,85249,6,1,0,0,3,0,71,140,0,0,0,0,0,0,0,0,0,0,38,89,0,0,0,0,0,0,0,0,0,0,0,1,17,99,1,1,86,No Trailing Units,No Trailing Units,No Trailing Units,0,0,,,,,,,,,,,,,,,,,,,,,,,,,2016
2016040302,4,40302,2,3,2,12,5,17,46,12,6,1,0,4,1,69,54,69054,3,2008,WMWMM33548TP,W,M,W,M,M,3,3,5,4,8,T,P,0,0,0,Not Applicable,Not Applicable,0,0,0,1,0,0,0,0,0,0,0,998,0,0,0,3,6,2,12,0,0,0,1,4,85020,6,1,0,0,3,3,66,175,0,0,0,0,0,0,0,0,0,0,0,0,0,0,1,6,35,1,1,8,1,0,0,1,71,99,1,1,87,No Trailing Units,No Trailing Units,No Trailing Units,1,0,,,,,,,,,,,,,,,,,,,,,,,,,2016
2016040302,4,40302,3,3,1,12,5,17,46,12,6,1,0,4,1,18,22,18022,4,2010,1G4GC5GG2AF1,1,G,4,G,C,5,G,G,2,A,F,1,0,0,0,Not Applicable,Not Applicable,0,0,0,1,0,0,0,0,0,0,0,998,0,0,0,6,4,5,12,0,0,0,1,4,85382,6,1,0,0,3,0,67,135,0,0,0,0,0,0,0,0,0,0,0,0,0,0,1,6,35,1,1,8,1,0,0,1,71,99,1,1,98,No Trailing Units,No Trailing Units,No Trailing Units,0,0,,,,,,,,,,,,,,,,,,,,,,,,,2016
2016040303,4,40303,1,2,1,15,5,19,25,12,6,1,0,4,1,72,706,72706,80,2010,1HD1GP412AC3,1,H,D,1,G,P,4,1,2,A,C,3,0,0,0,Not Applicable,Not Applicable,0,0,0,1,0,0,0,0,0,0,0,25,0,0,0,62,6,2,12,0,0,0,1,4,85295,6,1,0,0,3,0,71,200,0,1,0,2,0,1,2012,8,2012,0,39,0,0,0,2,6,45,1,1,8,1,3,3,1,17,16,2,1,69,No Trailing Units,No Trailing Units,No Trailing Units,1,0,,,,,,,,,,,,,,,,,,,,,,,,,2016
2016040303,4,40303,2,2,2,15,5,19,25,12,6,1,0,4,1,37,31,37031,2,2012,2HGFG3B88CH5,2,H,G,F,G,3,B,8,8,C,H,5,0,0,0,Not Applicable,Not Applicable,0,0,0,1,0,0,0,0,0,0,0,15,0,0,0,12,6,2,12,0,0,0,1,4,85207,6,1,0,0,3,0,72,130,0,0,0,1,0,4,2012,4,2012,0,0,0,0,0,2,6,45,1,1,8,1,3,3,11,63,99,9,3,68,No Trailing Units,No Trailing Units,No Trailing Units,0,0,,,,,,,,,,,,,,,,,,,,,,,,,2016
2016040304,4,40304,1,1,99,19,5,22,44,8,0,1,1,99,9,20,37,20037,9,2012,Unknown,9,9,9,9,9,9,9,9,9,9,9,9,0,0,0,Not Applicable,Not Applicable,0,0,0,1,0,0,0,0,0,0,0,35,0,0,0,98,2,5,8,0,0,0,1,99,99999,9,9,99,0,9,9,999,999,99,99,99,99,99,99,9999,99,9999,9,99,99,99,99,5,6,35,1,1,8,1,0,0,1,80,99,9,3,13,No Trailing Units,No Trailing Units,No Trailing Units,0,0,,,,,,,,,,,,,,,,,,,,,,,,,2016
2016040305,4,40305,1,1,1,23,5,19,23,1,0,1,0,4,3,42,48,42048,4,1998,WDBJF65F6WA6,W,D,B,J,F,6,5,F,6,W,A,6,0,0,0,Not Applicable,Not Applicable,0,0,0,1,0,0,0,0,0,0,0,55,0,1,5,0,6,2,1,0,0,0,1,4,85361,6,1,0,0,3,0,74,196,0,0,0,0,0,0,0,0,0,4,0,0,0,0,6,1,55,2,5,8,1,0,0,14,12,99,1,4,6,No Trailing Units,No Trailing Units,No Trailing Units,1,0,,,,,,,,,,,,,,,,,,,,,,,,,2016
2016040306,4,40306,1,1,1,29,5,15,58,35,0,1,0,4,2,12,422,12422,15,1999,1FMRU1763XLA,1,F,M,R,U,1,7,6,3,X,L,A,0,0,0,Not Applicable,Not Applicable,0,0,0,1,0,0,0,0,0,0,0,65,0,1,5,98,6,2,1,0,0,0,1,22,70461,0,0,0,0,0,0,66,132,99,99,99,99,99,99,9999,99,9999,4,80,0,0,0,3,6,65,1,1,2,1,0,0,1,1,99,9,4,2,No Trailing Units,No Trailing Units,No Trailing Units,1,0,,,,,,,,,,,,,,,,,,,,,,,,,2016
2016040307,4,40307,1,2,1,29,5,1,56,31,0,1,0,4,2,12,401,12401,14,2002,1FMZU72E82UA,1,F,M,Z,U,7,2,E,8,2,U,A,0,0,0,Not Applicable,Not Applicable,0,0,0,1,0,0,0,0,0,0,0,998,0,1,1,12,6,2,1,0,0,0,1,4,85935,6,1,0,0,3,0,67,180,0,0,0,0,0,0,0,0,0,0,0,0,0,0,2,3,55,1,1,2,1,40,3,1,12,99,9,4,6,No Trailing Units,No Trailing Units,No Trailing Units,1,1,,,,,,,,,,,,,,,,,,,,,,,,,2016
2016040307,4,40307,2,2,1,29,5,1,56,31,0,1,0,4,2,20,481,20481,31,2002,1GCHK29U92E2,1,G,C,H,K,2,9,U,9,2,E,2,0,0,0,Not Applicable,Not Applicable,0,0,0,1,0,0,0,0,0,0,0,998,0,0,0,12,6,2,12,0,0,0,1,4,85941,6,1,6,0,3,1,78,240,0,0,0,0,0,0,0,0,0,0,0,0,0,0,2,2,55,1,1,2,1,40,3,1,62,99,9,3,98,No Trailing Units,No Trailing Units,No Trailing Units,0,1,,,,,,,,,,,,,,,,,,,,,,,,,2016
2016040308,4,40308,1,2,1,18,5,13,21,1,0,1,0,4,1,2,405,2405,14,2003,1J4GL58K93W5,1,J,4,G,L,5,8,K,9,3,W,5,0,0,0,Not Applicable,Not Applicable,0,0,0,1,0,0,0,0,0,0,0,998,0,0,0,9,2,5,12,0,0,0,1,4,85202,6,1,0,0,3,0,68,215,0,0,0,0,0,0,0,0,0,0,38,0,0,0,0,0,0,0,0,0,0,0,0,11,15,99,1,1,98,No Trailing Units,No Trailing Units,No Trailing Units,0,0,,,,,,,,,,,,,,,,,,,,,,,,,2016
2016040308,4,40308,2,2,1,18,5,13,21,1,0,1,0,4,1,37,703,37703,80,2006,JH2MC13056K2,J,H,2,M,C,1,3,0,5,6,K,2,0,0,0,Not Applicable,Not Applicable,0,0,0,1,0,0,0,0,0,0,0,46,0,0,0,0,6,2,12,0,0,0,1,4,85282,6,1,0,0,3,0,72,190,0,0,0,0,1,3,2016,3,2016,0,0,0,0,0,5,7,45,1,1,2,1,0,0,1,72,16,2,1,98,No Trailing Units,No Trailing Units,No Trailing Units,1,0,,,,,,,,,,,,,,,,,,,,,,,,,2016