accident_id,STATE,ST_CASE,VEH_NO,VE_FORMS,NUMOCCS,DAY,MONTH,HOUR,MINUTE,HARM_EV,MAN_COLL,UNITTYPE,HIT_RUN,REG_STAT,OWNER,MAKE,MODEL,MAK_MOD,BODY_TYP,MOD_YEAR,VIN,VIN_1,VIN_2,VIN_3,VIN_4,VIN_5,VIN_6,VIN_7,VIN_8,VIN_9,VIN_10,VIN_11,VIN_12,TOW_VEH,J_KNIFE,MCARR_I1,MCARR_I2,MCARR_ID,GVWR,V_CONFIG,CARGO_BT,HAZ_INV,HAZ_PLAC,HAZ_ID,HAZ_CNO,HAZ_REL,BUS_USE,SPEC_USE,EMER_USE,TRAV_SP,UNDERIDE,ROLLOVER,ROLINLOC,IMPACT1,DEFORMED,TOWED,M_HARM,VEH_SC1,VEH_SC2,FIRE_EXP,DR_PRES,L_STATE,DR_ZIP,L_STATUS,L_TYPE,CDL_STAT,L_ENDORS,L_COMPL,L_RESTRI,DR_HGT,DR_WGT,PREV_ACC,PREV_SUS,PREV_DWI,PREV_SPD,PREV_OTH,FIRST_MO,FIRST_YR,LAST_MO,LAST_YR,SPEEDREL,DR_SF1,DR_SF2,DR_SF3,DR_SF4,VTRAFWAY,VNUM_LAN,VSPD_LIM,VALIGN,VPROFILE,VPAVETYP,VSURCOND,VTRAFCON,VTCONT_F,P_CRASH1,P_CRASH2,P_CRASH3,PCRASH4,PCRASH5,ACC_TYPE,TRLR1VIN,TRLR2VIN,TRLR3VIN,DEATHS,DR_DRINK,VINTYPE,VINMAKE,VINA_MOD,VIN_BT,VINMODYR,VIN_LNGT,VIN_WGT,WGTCD_TR,WHLBS_LG,WHLBS_SH,SER_TR,FUELCODE,MCYCL_DS,CARBUR,CYLINDER,DISPLACE,MCYCL_CY,MCYCL_WT,TIRE_SZE,TON_RAT,TRK_WT,TRKWTVAR,VIN_REST,WHLDRWHL,Year
2016040339,4,40339,1,1,1,3,5,15,46,8,0,1,0,4,3,98,988,98988,52,2001,Unknown,9,9,9,9,9,9,9,9,9,9,9,9,0,0,99,Unknown,Unknown,2,21,22,1,0,0,0,0,6,3,0,998,0,0,0,4,0,5,8,0,0,0,1,4,85303,6,1,6,0,3,0,72,245,0,0,0,0,0,0,0,0,0,9,0,0,0,0,9,9,99,1,9,9,99,0,0,1,81,1,1,1,13,No Trailing Units,No Trailing Units,No Trailing Units,0,0,,,,,,,,,,,,,,,,,,,,,,,,,2016
2016040340,4,40340,1,6,1,5,5,4,23,12,99,1,0,99,9,84,881,84881,62,2007,Unknown,9,9,9,9,9,9,9,9,9,9,9,9,0,0,77,Not Reported,Not Reported,2,1,3,1,0,0,0,0,0,0,0,998,0,0,0,98,6,2,12,0,0,0,1,4,85035,6,1,0,0,2,0,71,260,0,0,0,1,1,9,2014,4,2015,9,39,0,0,0,1,6,99,1,9,9,99,3,3,1,17,99,9,3,91,No Trailing Units,No Trailing Units,No Trailing Units,0,0,,,,,,,,,,,,,,,,,,,,,,,,,2016
2016040340,4,40340,2,6,1,5,5,4,23,12,99,1,0,99,9,52,399,52399,9,2003,Unknown,9,9,9,9,9,9,9,9,9,9,9,9,0,0,0,Not Applicable,Not Applicable,0,0,0,1,0,0,0,0,0,0,0,999,0,0,0,81,6,9,2,0,0,1,1,4,85031,6,1,0,0,3,0,67,170,0,0,0,1,0,6,2011,6,2011,9,99,99,99,99,1,6,99,1,9,9,99,3,3,1,66,99,9,3,91,No Trailing Units,No Trailing Units,No Trailing Units,1,0,,,,,,,,,,,,,,,,,,,,,,,,,2016
2016040340,4,40340,3,6,1,5,5,4,23,12,99,1,0,99,9,49,46,49046,9,2005,Unknown,9,9,9,9,9,9,9,9,9,9,9,9,0,0,0,Not Applicable,Not Applicable,0,0,0,1,0,0,0,0,0,0,0,999,0,0,0,98,9,9,12,0,0,0,1,99,99999,9,9,99,0,9,9,999,999,99,99,99,99,99,99,9999,99,9999,9,99,99,99,99,1,6,99,1,9,9,99,3,3,1,66,99,9,3,98,No Trailing Units,No Trailing Units,No Trailing Units,0,0,,,,,,,,,,,,,,,,,,,,,,,,,2016
2016040340,4,40340,4,6,1,5,5,4,23,12,99,1,0,99,9,12,481,12481,31,2001,Unknown,9,9,9,9,9,9,9,9,9,9,9,9,0,0,0,Not Applicable,Not Applicable,0,0,0,1,0,0,0,0,0,0,0,998,0,0,0,98,6,2,12,0,0,0,1,4,85017,6,1,0,0,3,0,66,165,0,0,0,0,2,8,2012,8,2012,9,99,99,99,99,1,7,99,1,9,9,99,3,3,99,78,99,9,3,98,No Trailing Units,No Trailing Units,No Trailing Units,0,0,,,,,,,,,,,,,,,,,,,,,,,,,2016
2016040340,4,40340,5,6,1,5,5,4,23,12,99,1,0,99,9,35,39,35039,4,2000,Unknown,9,9,9,9,9,9,9,9,9,9,9,9,0,0,0,Not Applicable,Not Applicable,0,0,0,1,0,0,0,0,0,0,0,0,0,0,0,98,9,9,12,0,0,0,1,4,85031,0,0,0,0,0,0,999,999,0,0,0,0,0,0,0,0,0,0,99,99,99,99,1,6,99,1,9,9,99,3,3,5,78,1,1,1,98,No Trailing Units,No Trailing Units,No Trailing Units,0,0,,,,,,,,,,,,,,,,,,,,,,,,,2016
2016040340,4,40340,6,6,3,5,5,4,23,12,99,1,0,99,9,63,441,63441,20,2005,Unknown,9,9,9,9,9,9,9,9,9,9,9,9,0,0,0,Not Applicable,Not Applicable,0,0,0,1,0,0,0,0,0,0,0,998,0,0,0,98,9,9,12,0,0,0,1,99,99999,9,9,99,0,9,9,999,999,99,99,99,99,99,99,9999,99,9999,9,99,99,99,99,1,6,99,1,9,9,99,3,3,99,99,99,9,9,98,No Trailing Units,No Trailing Units,No Trailing Units,0,0,,,,,,,,,,,,,,,,,,,,,,,,,2016
2016040341,4,40341,1,1,1,5,5,21,42,8,0,1,0,99,9,12,481,12481,31,1997,Unknown,9,9,9,9,9,9,9,9,9,9,9,9,0,0,0,Not Applicable,Not Applicable,0,0,0,1,0,0,0,0,0,0,0,998,0,0,0,98,9,9,8,0,0,0,1,4,85043,6,1,0,0,3,3,73,165,0,0,0,0,0,0,0,0,0,0,0,0,0,0,9,9,99,1,9,2,99,0,0,1,81,99,9,3,13,No Trailing Units,No Trailing Units,No Trailing Units,0,0,,,,,,,,,,,,,,,,,,,,,,,,,2016
2016040342,4,40342,1,1,1,9,5,5,9,8,0,1,0,4,2,35,47,35047,4,2010,1N4AL2AP2AN5,1,N,4,A,L,2,A,P,2,A,N,5,0,0,0,Not Applicable,Not Applicable,0,0,0,1,0,0,0,0,0,0,0,40,0,0,0,12,6,2,8,0,0,0,1,4,85043,0,0,0,0,0,0,999,999,1,0,0,1,1,2,2013,3,2013,0,0,0,0,0,1,6,40,1,1,2,1,0,0,1,80,99,9,3,13,No Trailing Units,No Trailing Units,No Trailing Units,0,0,,,,,,,,,,,,,,,,,,,,,,,,,2016
2016040343,4,40343,1,1,99,12,5,0,7,9,0,1,1,99,9,99,999,99999,99,9999,Unknown,9,9,9,9,9,9,9,9,9,9,9,9,0,0,0,Not Applicable,Not Applicable,0,0,0,1,0,0,0,0,0,0,0,998,0,0,0,98,9,5,9,0,0,0,1,99,99999,9,9,99,0,9,9,999,999,99,99,99,99,99,99,9999,99,9999,9,99,99,99,99,9,9,99,1,9,2,99,0,0,1,83,99,9,3,13,No Trailing Units,No Trailing Units,No Trailing Units,0,0,,,,,,,,,,,,,,,,,,,,,,,,,2016
2016040344,4,40344,1,1,99,14,5,2,16,8,0,1,1,99,9,99,499,99499,20,9999,Unknown,9,9,9,9,9,9,9,9,9,9,9,9,0,0,0,Not Applicable,Not Applicable,0,0,0,1,0,0,0,0,0,0,0,998,0,0,0,12,9,5,8,0,0,0,1,99,99999,9,9,99,0,9,9,999,999,99,99,99,99,99,99,9999,99,9999,9,99,99,99,99,9,9,99,1,9,9,99,0,0,1,80,99,9,3,13,No Trailing Units,No Trailing Units,No Trailing Units,0,0,,,,,,,,,,,,,,,,,,,,,,,,,2016
2016040345,4,40345,1,1,99,20,5,3,10,8,0,1,1,99,9,99,999,99999,99,9999,Unknown,9,9,9,9,9,9,9,9,9,9,9,9,0,0,0,Not Applicable,Not Applicable,0,0,0,1,0,0,0,0,0,0,0,999,0,0,0,12,9,5,8,0,0,0,1,99,99999,9,9,99,0,9,9,999,999,99,99,99,99,99,99,9999,99,9999,9,99,99,99,99,9,9,99,9,9,9,99,0,0,99,80,99,9,3,13,No Trailing Units,No Trailing Units,No Trailing Units,0,0,,,,,,,,,,,,,,,,,,,,,,,,,2016
2016040346,4,40346,1,3,2,20,5,12,42,12,6,1,0,99,9,18,2,18002,4,2003,Unknown,9,9,9,9,9,9,9,9,9,9,9,9,0,0,0,Not Applicable,Not Applicable,0,0,0,1,0,0,0,0,0,0,0,998,0,0,0,12,9,9,12,0,0,0,1,4,85020,6,1,0,0,3,0,64,180,0,0,0,0,0,0,0,0,0,0,39,0,0,0,1,6,99,1,9,9,99,3,3,1,17,99,9,3,69,No Trailing Units,No Trailing Units,No Trailing Units,1,0,,,,,,,,,,,,,,,,,,,,,,,,,2016
2016040346,4,40346,2,3,1,20,5,12,42,12,6,1,0,99,9,20,481,20481,31,2007,Unknown,9,9,9,9,9,9,9,9,9,9,9,9,0,0,0,Not Applicable,Not Applicable,0,0,0,1,0,0,0,0,0,0,0,998,0,0,0,82,9,9,12,0,0,0,1,4,85027,6,1,0,0,3,3,71,195,0,0,0,0,0,0,0,0,0,0,0,0,0,0,1,6,99,1,9,9,99,3,3,11,63,99,9,3,68,No Trailing Units,No Trailing Units,No Trailing Units,0,0,,,,,,,,,,,,,,,,,,,,,,,,,2016
2016040346,4,40346,3,3,1,20,5,12,42,12,6,1,0,99,9,34,35,34035,4,2011,Unknown,9,9,9,9,9,9,9,9,9,9,9,9,0,0,0,Not Applicable,Not Applicable,0,0,0,1,0,0,0,0,0,0,0,0,0,0,0,98,9,9,12,0,0,0,1,4,85021,6,1,0,0,3,3,68,130,0,0,0,0,0,0,0,0,0,0,0,0,0,0,1,6,99,1,9,9,99,3,3,5,78,1,1,1,98,No Trailing Units,No Trailing Units,No Trailing Units,0,0,,,,,,,,,,,,,,,,,,,,,,,,,2016
2016040347,4,40347,1,1,1,31,5,1,33,40,0,1,0,4,4,12,17,12017,4,2002,1FAFP53U82A1,1,F,A,F,P,5,3,U,8,2,A,1,0,0,0,Not Applicable,Not Applicable,0,0,0,1,0,0,0,0,0,0,0,98,0,1,5,98,6,2,1,0,0,0,1,4,85035,6,1,0,0,3,0,68,288,0,0,0,0,0,0,0,0,0,4,37,0,0,0,5,5,40,1,1,2,1,0,0,1,9,99,9,4,2,No Trailing Units,No Trailing Units,No Trailing Units,1,0,,,,,,,,,,,,,,,,,,,,,,,,,2016
2016040348,4,40348,1,3,1,7,5,7,40,33,0,1,0,4,1,20,2,20002,4,2012,2G1WF5E38C13,2,G,1,W,F,5,E,3,8,C,1,3,0,0,0,Not Applicable,Not Applicable,0,0,0,1,0,0,0,0,0,0,0,998,0,0,0,12,6,2,12,0,0,0,1,4,85741,6,1,0,0,3,0,74,170,0,0,0,0,0,0,0,0,0,5,91,0,0,0,2,3,45,1,1,2,1,0,0,1,12,99,9,4,10,No Trailing Units,No Trailing Units,No Trailing Units,0,0,,,,,,,,,,,,,,,,,,,,,,,,,2016
2016040348,4,40348,2,3,1,7,5,7,40,33,0,1,0,4,1,49,46,49046,5,2009,JTDKB20U2934,J,T,D,K,B,2,0,U,2,9,3,4,0,0,0,Not Applicable,Not Applicable,0,0,0,1,0,0,0,0,0,0,0,998,0,0,0,62,6,2,12,0,0,0,1,4,85718,6,1,0,0,3,3,61,110,0,0,0,0,1,1,2015,1,2015,0,0,0,0,0,2,2,45,1,1,2,1,0,0,1,62,99,9,3,98,No Trailing Units,No Trailing Units,No Trailing Units,1,0,,,,,,,,,,,,,,,,,,,,,,,,,2016
2016040348,4,40348,3,3,1,7,5,7,40,33,0,1,0,4,1,20,481,20481,31,2003,2GCEC19T7311,2,G,C,E,C,1,9,T,7,3,1,1,0,0,0,Not Applicable,Not Applicable,0,0,0,1,0,0,0,0,0,0,0,998,0,0,0,62,6,2,12,0,0,0,1,4,85704,6,1,0,0,3,0,71,240,0,0,0,0,0,0,0,0,0,0,0,0,0,0,2,2,45,1,1,2,1,0,0,1,60,7,1,3,98,No Trailing Units,No Trailing Units,No Trailing Units,0,0,,,,,,,,,,,,,,,,,,,,,,,,,2016
2016040349,4,40349,1,1,1,1,6,19,4,33,0,1,0,4,1,20,20,20020,4,1995,2G1WL52MXS93,2,G,1,W,L,5,2,M,X,S,9,3,0,0,0,Not Applicable,Not Applicable,0,0,0,1,0,0,0,0,0,0,0,998,0,0,0,98,6,2,33,0,0,0,1,4,85202,6,1,0,0,3,0,64,130,0,2,0,0,1,12,2011,5,2012,0,0,0,0,0,5,5,40,1,1,8,1,0,0,1,13,99,1,4,1,No Trailing Units,No Trailing Units,No Trailing Units,1,0,,,,,,,,,,,,,,,,,,,,,,,,,2016
2016040350,4,40350,1,2,5,3,6,13,52,8,0,1,0,4,2,35,43,35043,4,2005,3N1CB51D25L4,3,N,1,C,B,5,1,D,2,5,L,4,0,0,0,Not Applicable,Not Applicable,0,0,0,1,0,0,0,0,0,0,0,65,0,0,0,12,4,5,8,0,0,0,1,4,85302,6,1,0,0,3,0,64,220,1,6,0,0,1,10,2012,2,2015,0,0,0,0,0,3,4,55,1,1,2,1,0,0,1,80,8,1,1,13,No Trailing Units,No Trailing Units,No Trailing Units,0,0,,,,,,,,,,,,,,,,,,,,,,,,,2016
2016040350,4,40350,2,2,1,3,6,13,52,8,0,1,0,4,3,20,481,20481,31,2005,1GCEC19T25Z3,1,G,C,E,C,1,9,T,2,5,Z,3,0,0,0,Not Applicable,Not Applicable,0,0,0,1,0,0,0,0,0,0,0,60,0,0,0,12,2,5,54,0,0,0,1,4,85306,6,1,0,0,3,0,67,200,0,0,0,1,0,9,2014,9,2014,0,0,0,0,0,3,4,55,1,1,2,1,0,0,1,83,98,1,1,98,No Trailing Units,No Trailing Units,No Trailing Units,0,0,,,,,,,,,,,,,,,,,,,,,,,,,2016
2016040351,4,40351,1,1,2,4,6,1,5,8,0,1,0,4,1,49,32,49032,4,2003,JTDBR32E4300,J,T,D,B,R,3,2,E,4,3,0,0,0,0,0,Not Applicable,Not Applicable,0,0,0,1,0,0,0,0,0,0,0,40,0,0,0,12,4,3,8,0,0,0,1,4,85209,6,1,0,0,3,0,65,125,0,0,0,1,0,9,2013,9,2013,0,0,0,0,0,5,6,40,1,1,8,1,0,0,1,80,99,1,1,13,No Trailing Units,No Trailing Units,No Trailing Units,0,0,,,,,,,,,,,,,,,,,,,,,,,,,2016
2016040352,4,40352,1,1,99,4,6,2,38,8,0,1,1,99,9,99,999,99999,99,9999,Unknown,9,9,9,9,9,9,9,9,9,9,9,9,9,0,99,Unknown,Unknown,9,99,99,1,0,0,0,0,0,0,0,999,0,0,0,98,9,5,8,0,0,0,1,99,99999,9,9,99,9,9,9,999,999,99,99,99,99,99,99,9999,99,9999,9,99,99,99,99,2,2,98,1,1,2,1,0,0,1,80,99,9,3,13,No Trailing Units,No Trailing Units,No Trailing Units,0,0,,,,,,,,,,,,,,,,,,,,,,,,,2016
2016040353,4,40353,1,1,1,4,6,20,22,8,0,1,0,4,1,34,401,34401,14,2001,WBAFA53551LM,W,B,A,F,A,5,3,5,5,1,L,M,0,0,0,Not Applicable,Not Applicable,0,0,0,1,0,0,0,0,0,0,0,30,0,0,0,12,2,5,8,0,0,0,1,4,85718,6,1,0,0,3,3,75,195,0,0,0,0,0,0,0,0,0,0,0,0,0,0,1,2,30,1,1,2,1,0,0,1,80,16,1,1,13,No Trailing Units,No Trailing Units,No Trailing Units,0,0,,,,,,,,,,,,,,,,,,,,,,,,,2016
2016040354,4,40354,1,2,2,5,6,11,27,12,8,1,0,4,1,20,9,20009,2,2001,2G1FP22GX121,2,G,1,F,P,2,2,G,X,1,2,1,0,0,0,Not Applicable,Not Applicable,0,0,0,1,0,0,0,0,0,0,0,68,0,0,0,3,6,2,12,0,0,0,1,4,85204,6,1,0,0,3,0,67,150,0,2,1,1,0,7,2012,8,2015,2,89,91,0,0,5,6,40,1,1,2,1,0,0,1,6,98,5,2,66,No Trailing Units,No Trailing Units,No Trailing Units,1,0,,,,,,,,,,,,,,,,,,,,,,,,,2016
2016040354,4,40354,2,2,4,5,6,11,27,12,8,1,0,4,2,20,404,20404,14,2007,2CNDL23F3760,2,C,N,D,L,2,3,F,3,7,6,0,0,0,0,Not Applicable,Not Applicable,0,0,0,1,0,0,0,0,0,0,0,36,0,0,0,62,6,2,12,0,0,0,1,4,85301,0,0,0,0,0,0,69,165,0,0,0,0,0,0,0,0,0,0,0,0,0,0,5,6,40,1,1,2,1,0,0,1,62,99,9,3,66,No Trailing Units,No Trailing Units,No Trailing Units,0,1,,,,,,,,,,,,,,,,,,,,,,,,,2016
2016040355,4,40355,1,1,1,5,6,11,34,1,0,1,0,4,1,12,442,12442,20,2000,2FMDA5245YBB,2,F,M,D,A,5,2,4,5,Y,B,B,0,0,0,Not Applicable,Not Applicable,0,0,0,1,0,0,0,0,0,0,0,998,0,1,3,0,6,2,1,0,0,0,1,4,85213,6,1,0,0,3,0,68,172,1,0,0,2,0,10,2014,12,2014,0,0,0,0,0,2,2,75,1,1,2,1,0,0,1,13,99,9,4,7,No Trailing Units,No Trailing Units,No Trailing Units,1,0,,,,,,,,,,,,,,,,,,,,,,,,,2016
2016040356,4,40356,1,1,1,7,6,5,32,9,0,1,1,92,0,37,33,37033,2,1995,JHMBB2272SC0,J,H,M,B,B,2,2,7,2,S,C,0,0,0,0,Not Applicable,Not Applicable,0,0,0,1,0,0,0,0,0,0,0,55,0,0,0,12,4,5,9,0,0,0,1,4,85298,6,1,0,0,3,0,69,165,0,0,0,0,0,0,0,0,0,0,91,0,0,0,2,3,45,1,1,2,1,0,0,1,11,1,1,4,13,No Trailing Units,No Trailing Units,No Trailing Units,0,0,,,,,,,,,,,,,,,,,,,,,,,,,2016
2016040357,4,40357,1,2,1,7,6,8,14,12,2,1,0,16,1,18,2,18002,4,2004,1G4HR54K84U1,1,G,4,H,R,5,4,K,8,4,U,1,0,0,0,Not Applicable,Not Applicable,0,0,0,1,0,0,0,0,0,0,0,998,0,0,0,12,6,2,12,0,0,0,1,4,85367,6,1,0,0,3,0,65,115,0,0,0,0,0,0,0,0,0,0,51,89,0,0,2,2,60,1,1,2,1,0,0,1,54,99,1,1,52,No Trailing Units,No Trailing Units,No Trailing Units,1,0,,,,,,,,,,,,,,,,,,,,,,,,,2016
2016040357,4,40357,2,2,1,7,6,8,14,12,2,1,0,4,1,37,32,37032,4,2000,1HGCG1659YA0,1,H,G,C,G,1,6,5,9,Y,A,0,0,0,0,Not Applicable,Not Applicable,0,0,0,1,0,0,0,0,0,0,0,998,0,0,0,12,6,2,12,0,0,0,1,4,85365,6,1,0,0,3,3,71,225,0,0,0,0,0,0,0,0,0,0,89,0,0,0,2,2,60,1,1,2,1,0,0,1,54,99,1,1,52,No Trailing Units,No Trailing Units,No Trailing Units,1,0,,,,,,,,,,,,,,,,,,,,,,,,,2016
2016040358,4,40358,1,2,1,7,6,9,2,12,6,1,0,4,1,7,26,7026,4,2008,1B3LC76MX8N5,1,B,3,L,C,7,6,M,X,8,N,5,0,0,0,Not Applicable,Not Applicable,0,0,0,1,0,0,0,0,0,0,0,998,0,0,0,81,6,2,12,0,0,0,1,4,86333,6,1,0,0,3,0,69,210,0,0,0,0,0,0,0,0,0,0,0,0,0,0,2,2,75,2,1,2,1,0,0,14,12,99,9,4,98,No Trailing Units,No Trailing Units,No Trailing Units,1,0,,,,,,,,,,,,,,,,,,,,,,,,,2016
2016040358,4,40358,2,2,1,7,6,9,2,12,6,1,0,4,1,49,472,49472,30,2006,5TEKU72N76Z2,5,T,E,K,U,7,2,N,7,6,Z,2,0,0,0,Not Applicable,Not Applicable,0,0,0,1,0,0,0,0,0,0,0,998,0,1,9,12,6,2,12,0,0,0,1,4,85044,6,1,0,0,3,0,73,155,0,0,0,0,0,0,0,0,0,0,0,0,0,0,2,2,75,1,1,2,1,0,0,1,62,1,1,1,98,No Trailing Units,No Trailing Units,No Trailing Units,0,0,,,,,,,,,,,,,,,,,,,,,,,,,2016
2016040359,4,40359,1,1,1,7,6,22,20,8,0,1,0,4,1,20,461,20461,22,1991,2GBGG35K8M41,2,G,B,G,G,3,5,K,8,M,4,1,0,0,0,Not Applicable,Not Applicable,0,0,0,1,0,0,0,0,0,0,0,30,0,0,0,12,2,5,8,0,0,0,1,4,85614,6,1,0,0,3,0,66,170,0,0,0,0,1,3,2014,3,2014,0,0,0,0,0,5,5,35,1,1,2,1,0,0,1,80,6,1,3,13,No Trailing Units,No Trailing Units,No Trailing Units,0,0,,,,,,,,,,,,,,,,,,,,,,,,,2016
2016040360,4,40360,1,1,1,10,6,14,6,9,0,1,0,4,3,87,881,87881,66,1989,1XPAL20X7KN2,1,X,P,A,L,2,0,X,7,K,N,2,1,1,77,Not Reported,Not Reported,3,6,3,1,0,0,0,0,0,0,0,5,0,0,0,83,0,3,9,0,0,0,1,4,85711,6,1,6,0,3,3,70,170,0,4,0,1,0,7,2011,7,2015,0,38,0,0,0,1,5,35,1,1,2,1,3,3,10,83,1,1,1,13,Not Reported,No Trailing Units,No Trailing Units,0,0,,,,,,,,,,,,,,,,,,,,,,,,,2016
2016040361,4,40361,1,2,5,10,6,12,30,12,2,1,0,4,2,63,401,63401,14,2016,KNDPB3ACXG78,K,N,D,P,B,3,A,C,X,G,7,8,0,0,0,Not Applicable,Not Applicable,0,0,0,1,0,0,0,0,0,0,0,998,0,0,0,12,6,2,12,0,0,1,1,4,86045,0,0,0,0,0,0,68,200,0,0,0,0,0,0,0,0,0,0,51,0,0,0,1,2,65,2,6,2,1,0,0,6,54,99,9,1,52,No Trailing Units,No Trailing Units,No Trailing Units,2,0,,,,,,,,,,,,,,,,,,,,,,,,,2016
2016040361,4,40361,2,2,1,10,6,12,30,12,2,1,0,4,3,87,884,87884,66,2006,1XP5DB9X36D8,1,X,P,5,D,B,9,X,3,6,D,8,1,1,57,1457438,571457438,3,6,2,1,0,0,0,0,0,0,0,998,0,0,0,12,6,2,12,0,0,0,1,4,86046,6,1,6,0,3,3,70,260,0,2,0,0,0,10,2011,11,2011,0,0,0,0,0,1,2,65,3,5,2,1,0,0,14,54,16,9,1,52,Not Reported,No Trailing Units,No Trailing Units,0,0,,,,,,,,,,,,,,,,,,,,,,,,,2016
2016040362,4,40362,1,2,1,11,6,8,0,12,2,1,0,4,1,37,31,37031,4,2012,19XFB2F52CE3,1,9,X,F,B,2,F,5,2,C,E,3,0,0,0,Not Applicable,Not Applicable,0,0,0,1,0,0,0,0,0,0,0,998,0,0,0,12,6,2,12,0,0,0,1,4,86305,6,1,0,0,3,0,64,155,0,0,0,0,0,0,0,0,0,0,51,58,0,0,1,2,65,1,1,2,1,0,0,1,10,7,1,2,52,No Trailing Units,No Trailing Units,No Trailing Units,1,0,,,,,,,,,,,,,,,,,,,,,,,,,2016
2016040362,4,40362,2,2,1,11,6,8,0,12,2,1,0,18,3,82,881,82881,66,2012,1FUJGBDVXCLB,1,F,U,J,G,B,D,V,X,C,L,B,1,1,57,0005578,570005578,3,6,1,1,0,0,0,0,0,0,0,998,0,0,0,12,6,2,12,0,0,0,1,4,85043,6,1,6,0,3,3,64,145,0,0,0,0,0,0,0,0,0,0,0,0,0,0,1,2,65,1,1,2,1,0,0,1,62,9,1,1,52,Not Reported,No Trailing Units,No Trailing Units,0,0,,,,,,,,,,,,,,,,,,,,,,,,,2016
2016040363,4,40363,1,3,2,12,6,12,25,12,2,1,0,4,1,37,402,37402,14,2009,JHLRE38719C0,J,H,L,R,E,3,8,7,1,9,C,0,0,0,0,Not Applicable,Not Applicable,0,0,0,1,0,0,0,0,0,0,0,998,0,0,0,12,6,2,12,32,0,0,1,4,85374,6,1,0,0,3,3,66,190,0,0,0,0,0,0,0,0,0,0,28,0,0,0,1,2,65,1,5,2,1,0,0,1,10,99,9,2,50,No Trailing Units,No Trailing Units,No Trailing Units,2,0,,,,,,,,,,,,,,,,,,,,,,,,,2016
2016040363,4,40363,2,3,1,12,6,12,25,12,2,1,0,4,1,20,481,20481,31,2003,1GCEK19T63Z1,1,G,C,E,K,1,9,T,6,3,Z,1,0,0,0,Not Applicable,Not Applicable,0,0,0,1,0,0,0,0,0,0,0,998,0,0,0,12,6,2,12,0,0,0,1,4,85390,6,1,0,0,3,0,65,190,0,0,0,0,0,0,0,0,0,0,0,0,0,0,1,2,65,1,6,2,1,0,0,1,62,6,1,1,51,No Trailing Units,No Trailing Units,No Trailing Units,0,0,,,,,,,,,,,,,,,,,,,,,,,,,2016
2016040363,4,40363,3,3,1,12,6,12,25,12,2,1,0,4,1,12,37,12037,4,2014,1FADP3F21EL3,1,F,A,D,P,3,F,2,1,E,L,3,0,0,0,Not Applicable,Not Applicable,0,0,0,1,0,0,0,0,0,0,0,998,0,0,0,12,6,2,12,0,0,0,1,6,99999,6,1,0,0,3,0,62,120,0,0,0,0,0,0,0,0,0,0,0,0,0,0,1,2,65,1,5,2,1,0,0,1,62,99,9,1,98,No Trailing Units,No Trailing Units,No Trailing Units,0,0,,,,,,,,,,,,,,,,,,,,,,,,,2016
2016040364,4,40364,1,2,2,13,6,10,8,12,6,1,0,4,1,12,471,12471,30,2000,1FTZR15X6YTA,1,F,T,Z,R,1,5,X,6,Y,T,A,0,0,0,Not Applicable,Not Applicable,0,0,0,1,0,0,0,0,0,0,0,998,0,0,0,12,6,2,12,0,0,0,1,4,86327,6,1,0,0,3,3,72,215,0,0,0,0,0,0,0,0,0,0,58,0,0,0,1,2,65,3,1,2,1,0,0,14,13,6,9,6,66,No Trailing Units,No Trailing Units,No Trailing Units,1,0,,,,,,,,,,,,,,,,,,,,,,,,,2016
2016040364,4,40364,2,2,2,13,6,10,8,12,6,1,0,6,4,12,17,12017,4,2016,1FAHP2F82GG1,1,F,A,H,P,2,F,8,2,G,G,1,0,0,0,Not Applicable,Not Applicable,0,0,0,1,0,0,0,0,0,0,0,998,0,0,0,81,6,2,12,0,0,0,1,97,0,9,9,99,0,9,9,999,999,99,99,99,99,99,99,9999,99,9999,0,0,0,0,0,1,2,65,2,1,2,1,0,0,14,62,6,1,3,66,No Trailing Units,No Trailing Units,No Trailing Units,1,0,,,,,,,,,,,,,,,,,,,,,,,,,2016