accident_id,STATE,ST_CASE,VEH_NO,VE_FORMS,NUMOCCS,DAY,MONTH,HOUR,MINUTE,HARM_EV,MAN_COLL,UNITTYPE,HIT_RUN,REG_STAT,OWNER,MAKE,MODEL,MAK_MOD,BODY_TYP,MOD_YEAR,VIN,VIN_1,VIN_2,VIN_3,VIN_4,VIN_5,VIN_6,VIN_7,VIN_8,VIN_9,VIN_10,VIN_11,VIN_12,TOW_VEH,J_KNIFE,MCARR_I1,MCARR_I2,MCARR_ID,GVWR,V_CONFIG,CARGO_BT,HAZ_INV,HAZ_PLAC,HAZ_ID,HAZ_CNO,HAZ_REL,BUS_USE,SPEC_USE,EMER_USE,TRAV_SP,UNDERIDE,ROLLOVER,ROLINLOC,IMPACT1,DEFORMED,TOWED,M_HARM,VEH_SC1,VEH_SC2,FIRE_EXP,DR_PRES,L_STATE,DR_ZIP,L_STATUS,L_TYPE,CDL_STAT,L_ENDORS,L_COMPL,L_RESTRI,DR_HGT,DR_WGT,PREV_ACC,PREV_SUS,PREV_DWI,PREV_SPD,PREV_OTH,FIRST_MO,FIRST_YR,LAST_MO,LAST_YR,SPEEDREL,DR_SF1,DR_SF2,DR_SF3,DR_SF4,VTRAFWAY,VNUM_LAN,VSPD_LIM,VALIGN,VPROFILE,VPAVETYP,VSURCOND,VTRAFCON,VTCONT_F,P_CRASH1,P_CRASH2,P_CRASH3,PCRASH4,PCRASH5,ACC_TYPE,TRLR1VIN,TRLR2VIN,TRLR3VIN,DEATHS,DR_DRINK,VINTYPE,VINMAKE,VINA_MOD,VIN_BT,VINMODYR,VIN_LNGT,VIN_WGT,WGTCD_TR,WHLBS_LG,WHLBS_SH,SER_TR,FUELCODE,MCYCL_DS,CARBUR,CYLINDER,DISPLACE,MCYCL_CY,MCYCL_WT,TIRE_SZE,TON_RAT,TRK_WT,TRKWTVAR,VIN_REST,WHLDRWHL,Year
2016040365,4,40365,1,1,1,13,6,17,0,17,0,1,0,4,3,53,734,53734,90,2014,5SAAK4CK2E71,5,S,A,A,K,4,C,K,2,E,7,1,0,0,0,Not Applicable,Not Applicable,0,0,0,1,0,0,0,0,0,0,0,998,0,1,5,12,2,5,1,0,0,0,1,37,27850,6,1,0,0,3,3,71,999,2,0,0,1,1,11,2012,2,2016,0,0,0,0,0,1,2,0,2,5,5,1,0,0,14,13,99,9,4,5,No Trailing Units,No Trailing Units,No Trailing Units,1,0,,,,,,,,,,,,,,,,,,,,,,,,,2016
2016040366,4,40366,1,1,2,13,6,20,24,8,0,1,0,4,1,7,482,7482,31,2007,3D7KR26C97G7,3,D,7,K,R,2,6,C,9,7,G,7,0,0,0,Not Applicable,Not Applicable,0,0,0,1,0,0,0,0,0,0,0,30,0,0,0,62,2,5,8,0,0,0,1,4,85736,6,1,0,0,3,0,72,300,0,0,0,0,0,0,0,0,0,0,0,0,0,0,2,3,40,1,1,2,1,0,0,1,80,1,1,1,13,No Trailing Units,No Trailing Units,No Trailing Units,0,0,,,,,,,,,,,,,,,,,,,,,,,,,2016
2016040367,4,40367,1,3,2,14,6,15,8,12,6,1,0,4,1,18,22,18022,4,2006,2G4WC5824611,2,G,4,W,C,5,8,2,4,6,1,1,0,0,0,Not Applicable,Not Applicable,0,0,0,1,0,0,0,0,0,0,0,20,0,0,0,4,6,2,12,0,0,0,1,4,86314,6,1,0,0,3,0,70,115,0,0,0,0,0,0,0,0,0,0,38,0,0,0,2,4,35,1,1,2,1,3,3,11,15,1,1,1,68,No Trailing Units,No Trailing Units,No Trailing Units,1,0,,,,,,,,,,,,,,,,,,,,,,,,,2016
2016040367,4,40367,2,3,1,14,6,15,8,12,6,1,0,4,1,49,40,49040,4,2015,4T1BD1FK2FU1,4,T,1,B,D,1,F,K,2,F,U,1,0,0,0,Not Applicable,Not Applicable,0,0,0,1,0,0,0,0,0,0,0,40,0,0,0,12,6,2,12,0,0,0,1,4,86314,6,1,0,0,3,0,65,140,0,0,0,0,0,0,0,0,0,0,0,0,0,0,2,4,35,2,1,2,1,3,3,14,62,1,1,1,69,No Trailing Units,No Trailing Units,No Trailing Units,0,0,,,,,,,,,,,,,,,,,,,,,,,,,2016
2016040367,4,40367,3,3,3,14,6,15,8,12,6,1,0,4,2,6,18,6018,4,2013,1C3CCBCG0DN6,1,C,3,C,C,B,C,G,0,D,N,6,0,0,0,Not Applicable,Not Applicable,0,0,0,1,0,0,0,0,0,0,0,0,0,0,0,12,6,2,12,0,0,0,1,4,86314,6,1,0,0,3,0,60,220,0,0,0,0,0,0,0,0,0,0,0,0,0,0,0,0,0,0,0,0,0,3,3,5,67,1,9,1,98,No Trailing Units,No Trailing Units,No Trailing Units,0,0,,,,,,,,,,,,,,,,,,,,,,,,,2016
2016040368,4,40368,1,1,1,14,6,20,15,8,0,1,0,4,1,20,22,20022,2,2007,1G1AK15F0772,1,G,1,A,K,1,5,F,0,7,7,2,0,0,0,Not Applicable,Not Applicable,0,0,0,1,0,0,0,0,0,0,0,45,0,0,0,12,6,2,8,0,0,0,1,4,85756,6,1,0,0,3,0,62,130,0,0,0,0,0,0,0,0,0,0,0,0,0,0,2,2,45,1,1,8,1,0,0,1,80,99,9,1,13,No Trailing Units,No Trailing Units,No Trailing Units,0,0,,,,,,,,,,,,,,,,,,,,,,,,,2016
2016040369,4,40369,1,2,1,14,6,21,10,12,6,1,0,4,1,7,482,7482,31,1995,3B7KC23C0SM1,3,B,7,K,C,2,3,C,0,S,M,1,1,1,0,Not Applicable,Not Applicable,0,0,0,1,0,0,0,0,0,0,0,55,0,1,1,83,6,2,12,0,0,0,1,4,85653,6,1,0,0,3,0,69,222,0,0,0,0,0,0,0,0,0,0,39,0,0,0,1,2,55,1,1,2,1,20,3,1,17,99,9,1,87,00013711076,No Trailing Units,No Trailing Units,0,0,,,,,,,,,,,,,,,,,,,,,,,,,2016
2016040369,4,40369,2,2,1,14,6,21,10,12,6,1,0,4,1,37,706,37706,80,2004,1HFSC55004A0,1,H,F,S,C,5,5,0,0,4,A,0,0,0,0,Not Applicable,Not Applicable,0,0,0,1,0,0,0,0,0,0,0,50,0,0,0,12,6,2,12,0,0,0,1,4,85743,6,1,0,0,3,0,71,200,0,0,0,1,1,7,2011,7,2011,0,0,0,0,0,1,2,50,1,1,2,1,0,0,1,66,99,9,1,86,No Trailing Units,No Trailing Units,No Trailing Units,1,0,,,,,,,,,,,,,,,,,,,,,,,,,2016
2016040370,4,40370,1,2,1,15,6,6,18,12,99,1,0,4,1,12,444,12444,20,2013,NM0KS9BN6DT1,N,M,0,K,S,9,B,N,6,D,T,1,0,0,0,Not Applicable,Not Applicable,0,0,0,1,0,0,0,0,0,0,0,5,0,0,0,62,6,2,12,0,0,0,1,4,85745,6,1,0,0,3,3,72,250,0,0,0,0,0,0,0,0,0,0,38,0,0,0,2,4,35,1,1,2,1,3,3,10,15,99,9,3,78,No Trailing Units,No Trailing Units,No Trailing Units,0,0,,,,,,,,,,,,,,,,,,,,,,,,,2016
2016040370,4,40370,2,2,1,15,6,6,18,12,99,1,0,4,1,98,709,98709,82,2015,2BXRDCD2XFV0,2,B,X,R,D,C,D,2,X,F,V,0,0,0,0,Not Applicable,Not Applicable,0,0,0,1,0,0,0,0,0,0,0,35,0,0,0,98,6,2,12,0,0,0,1,4,85742,6,1,0,0,3,0,75,210,0,1,0,2,1,8,2011,2,2015,0,0,0,0,0,2,4,35,1,1,2,1,3,3,1,62,1,1,1,79,No Trailing Units,No Trailing Units,No Trailing Units,1,0,,,,,,,,,,,,,,,,,,,,,,,,,2016
2016040371,4,40371,1,1,1,16,6,16,33,33,0,1,0,4,2,55,33,55033,4,2003,KMHWF25H03A8,K,M,H,W,F,2,5,H,0,3,A,8,0,0,0,Not Applicable,Not Applicable,0,0,0,1,0,0,0,0,0,0,0,75,0,0,0,98,6,2,46,0,0,0,1,4,85742,6,1,0,0,3,3,66,180,0,0,0,0,0,0,0,0,0,4,8,0,0,0,2,3,45,1,1,2,1,0,0,1,13,99,9,4,5,No Trailing Units,No Trailing Units,No Trailing Units,1,1,,,,,,,,,,,,,,,,,,,,,,,,,2016
2016040372,4,40372,1,1,1,16,6,23,5,8,0,1,0,4,2,7,28,7028,2,2012,2C3CDYAG6CH2,2,C,3,C,D,Y,A,G,6,C,H,2,0,0,0,Not Applicable,Not Applicable,0,0,0,1,0,0,0,0,0,0,0,55,0,0,0,82,2,3,8,0,0,0,1,4,85730,6,1,0,0,3,0,63,140,0,0,0,0,0,0,0,0,0,4,91,0,0,0,2,3,40,1,1,2,1,0,0,1,80,99,9,3,13,No Trailing Units,No Trailing Units,No Trailing Units,0,1,,,,,,,,,,,,,,,,,,,,,,,,,2016
2016040373,4,40373,1,4,1,17,6,3,11,12,1,1,0,6,3,85,884,85884,66,2014,1XK4D49X2FJ4,1,X,K,4,D,4,9,X,2,F,J,4,1,1,57,0125643,570125643,3,6,1,1,0,0,0,0,0,0,0,998,0,0,0,12,6,2,12,0,0,0,1,6,92308,6,1,6,0,3,0,66,180,0,0,0,0,0,0,0,0,0,4,84,0,0,0,2,2,75,1,5,2,1,0,0,1,50,16,2,1,20,1UYVS25395U5,No Trailing Units,No Trailing Units,0,0,,,,,,,,,,,,,,,,,,,,,,,,,2016
2016040373,4,40373,2,4,2,17,6,3,11,12,1,1,0,4,1,23,481,23481,31,2015,3GTU2VEC6FG2,3,G,T,U,2,V,E,C,6,F,G,2,0,0,0,Not Applicable,Not Applicable,0,0,0,1,0,0,0,0,0,0,0,0,0,0,0,6,6,2,12,0,0,0,1,4,85351,6,1,0,0,3,3,59,156,0,0,0,0,0,0,0,0,0,0,0,0,0,0,2,2,75,1,5,2,1,0,0,5,53,1,1,1,21,No Trailing Units,No Trailing Units,No Trailing Units,1,0,,,,,,,,,,,,,,,,,,,,,,,,,2016
2016040373,4,40373,3,4,4,17,6,3,11,12,1,1,0,4,2,37,31,37031,4,2011,19XFA1F66BE0,1,9,X,F,A,1,F,6,6,B,E,0,0,0,0,Not Applicable,Not Applicable,0,0,0,1,0,0,0,0,0,0,0,0,0,0,0,6,6,2,12,0,0,0,1,4,85254,6,1,0,0,3,0,71,175,0,0,0,0,0,0,0,0,0,0,0,0,0,0,2,2,75,1,5,2,1,0,0,5,53,1,1,1,98,No Trailing Units,No Trailing Units,No Trailing Units,1,0,,,,,,,,,,,,,,,,,,,,,,,,,2016
2016040373,4,40373,4,4,1,17,6,3,11,12,1,1,0,6,3,82,881,82881,66,2012,1FUJGHDV1CSB,1,F,U,J,G,H,D,V,1,C,S,B,1,1,57,0212154,570212154,3,6,3,1,0,0,0,0,0,0,0,0,0,0,0,6,6,2,12,0,0,0,1,6,92398,6,1,6,0,3,3,68,150,0,0,0,1,1,1,2014,3,2015,0,0,0,0,0,2,2,75,1,5,2,1,0,0,5,53,1,1,1,98,1TTE482X4E38,No Trailing Units,No Trailing Units,0,0,,,,,,,,,,,,,,,,,,,,,,,,,2016
2016040374,4,40374,1,2,1,17,6,21,31,12,2,1,0,4,1,37,31,37031,4,2016,19XFC2E54GE0,1,9,X,F,C,2,E,5,4,G,E,0,0,0,0,Not Applicable,Not Applicable,0,0,0,1,0,0,0,0,0,0,0,998,0,0,0,12,6,2,12,0,0,0,1,4,85048,6,1,0,0,3,0,72,205,2,1,0,2,0,5,2012,9,2012,0,51,0,0,0,2,2,75,1,1,2,1,0,0,1,54,99,9,3,52,No Trailing Units,No Trailing Units,No Trailing Units,1,1,,,,,,,,,,,,,,,,,,,,,,,,,2016
2016040374,4,40374,2,2,3,17,6,21,31,12,2,1,0,6,2,63,32,63032,5,2013,KNADM4A35D62,K,N,A,D,M,4,A,3,5,D,6,2,0,0,0,Not Applicable,Not Applicable,0,0,0,1,0,0,0,0,0,0,0,998,0,0,0,12,6,2,12,0,0,0,1,15,96712,6,1,0,0,3,0,65,120,0,0,0,2,0,5,2014,5,2015,0,0,0,0,0,2,2,75,1,1,2,1,0,0,1,54,99,9,3,52,No Trailing Units,No Trailing Units,No Trailing Units,2,0,,,,,,,,,,,,,,,,,,,,,,,,,2016
2016040375,4,40375,1,2,2,18,6,8,25,12,99,1,0,4,1,35,472,35472,30,2006,1N6AD07U66C4,1,N,6,A,D,0,7,U,6,6,C,4,0,0,0,Not Applicable,Not Applicable,0,0,0,1,0,0,0,0,0,0,0,50,0,1,5,98,6,2,1,0,0,0,1,4,85629,6,1,6,0,3,0,72,280,0,2,0,1,0,1,2012,12,2015,9,99,99,99,99,1,2,50,3,1,2,1,0,0,6,99,99,9,3,99,No Trailing Units,No Trailing Units,No Trailing Units,1,0,,,,,,,,,,,,,,,,,,,,,,,,,2016
2016040375,4,40375,2,2,1,18,6,8,25,12,99,1,0,4,2,24,7,24007,4,2005,1G8AW14F15Z1,1,G,8,A,W,1,4,F,1,5,Z,1,0,0,0,Not Applicable,Not Applicable,0,0,0,1,0,0,0,0,0,0,0,50,0,1,5,98,6,2,1,0,0,0,1,4,85629,6,1,0,0,3,0,74,280,0,0,0,0,1,4,2015,4,2015,9,99,99,99,99,1,2,50,3,1,2,1,0,0,14,99,99,9,3,99,No Trailing Units,No Trailing Units,No Trailing Units,1,0,,,,,,,,,,,,,,,,,,,,,,,,,2016
2016040376,4,40376,1,1,2,20,6,20,24,35,0,1,0,4,1,49,401,49401,14,2008,JTEBU14R18K0,J,T,E,B,U,1,4,R,1,8,K,0,0,0,0,Not Applicable,Not Applicable,0,0,0,1,0,0,0,0,0,0,0,998,0,1,5,98,6,2,1,0,0,0,1,4,86336,6,1,0,0,3,0,65,155,0,0,0,0,0,0,0,0,0,4,89,0,0,0,1,2,40,3,6,2,1,0,0,14,13,99,9,4,5,No Trailing Units,No Trailing Units,No Trailing Units,1,1,,,,,,,,,,,,,,,,,,,,,,,,,2016
2016040377,4,40377,1,1,4,24,6,13,25,1,0,1,0,4,1,13,12,13012,4,2006,1LNHM82V36Y6,1,L,N,H,M,8,2,V,3,6,Y,6,0,0,0,Not Applicable,Not Applicable,0,0,0,1,0,0,0,0,0,0,0,998,0,1,3,0,6,2,1,0,0,0,1,4,85255,6,1,0,0,3,0,69,200,0,0,0,1,1,4,2013,4,2015,4,0,0,0,0,2,2,75,1,1,2,1,0,0,1,12,99,9,4,10,No Trailing Units,No Trailing Units,No Trailing Units,2,0,,,,,,,,,,,,,,,,,,,,,,,,,2016
2016040378,4,40378,1,1,1,25,6,6,29,43,0,1,0,4,1,7,472,7472,31,1999,1B7FL26X3XS1,1,B,7,F,L,2,6,X,3,X,S,1,0,0,0,Not Applicable,Not Applicable,0,0,0,1,0,0,0,0,0,0,0,998,0,1,5,12,6,2,1,0,0,0,1,4,85365,6,1,0,0,3,0,70,200,0,0,0,0,0,0,0,0,0,9,99,99,99,99,1,4,55,1,1,2,1,0,0,1,12,99,9,4,10,No Trailing Units,No Trailing Units,No Trailing Units,1,0,,,,,,,,,,,,,,,,,,,,,,,,,2016
2016040379,4,40379,1,3,1,26,6,20,41,12,1,1,0,4,1,55,36,55036,4,2013,KMHCT4AE2DU5,K,M,H,C,T,4,A,E,2,D,U,5,0,0,0,Not Applicable,Not Applicable,0,0,0,1,0,0,0,0,0,0,0,40,0,0,0,12,6,2,12,32,0,0,1,4,85710,6,1,0,0,3,0,60,190,0,0,0,3,0,4,2012,4,2015,4,0,0,0,0,2,3,40,1,1,2,1,3,3,1,50,99,9,1,20,No Trailing Units,No Trailing Units,No Trailing Units,1,0,,,,,,,,,,,,,,,,,,,,,,,,,2016
2016040379,4,40379,2,3,2,26,6,20,41,12,1,1,0,4,2,7,402,7402,14,1999,1B4HS28Y5XF5,1,B,4,H,S,2,8,Y,5,X,F,5,0,0,0,Not Applicable,Not Applicable,0,0,0,1,0,0,0,0,0,0,0,0,0,0,0,6,6,2,12,0,0,0,1,4,85748,6,1,0,0,3,3,66,190,0,0,0,1,1,1,2014,6,2016,0,0,0,0,0,2,3,40,1,1,2,1,3,3,5,53,1,1,1,21,No Trailing Units,No Trailing Units,No Trailing Units,0,0,,,,,,,,,,,,,,,,,,,,,,,,,2016
2016040379,4,40379,3,3,1,26,6,20,41,12,1,1,0,4,1,49,403,49403,14,2006,JTEZU14R3680,J,T,E,Z,U,1,4,R,3,6,8,0,0,0,0,Not Applicable,Not Applicable,0,0,0,1,0,0,0,0,0,0,0,0,0,0,0,6,2,5,12,0,0,0,1,4,85748,6,1,0,0,3,0,66,145,0,0,0,0,0,0,0,0,0,0,0,0,0,0,2,3,40,1,1,2,1,3,3,5,53,1,1,1,98,No Trailing Units,No Trailing Units,No Trailing Units,0,0,,,,,,,,,,,,,,,,,,,,,,,,,2016
2016040380,4,40380,1,2,1,26,6,23,22,12,2,1,0,4,1,12,471,12471,30,1986,1FTCR10T6GUC,1,F,T,C,R,1,0,T,6,G,U,C,0,0,0,Not Applicable,Not Applicable,0,0,0,1,0,0,0,0,0,0,0,998,0,0,0,12,6,2,2,0,0,1,1,4,86403,6,1,0,0,3,0,67,155,0,1,1,1,0,6,2016,6,2016,0,51,0,0,0,2,2,75,1,1,2,1,0,0,1,54,99,9,2,52,No Trailing Units,No Trailing Units,No Trailing Units,1,1,,,,,,,,,,,,,,,,,,,,,,,,,2016
2016040380,4,40380,2,2,1,26,6,23,22,12,2,1,0,47,3,82,881,82881,66,2015,3AKJGLD68FSG,3,A,K,J,G,L,D,6,8,F,S,G,1,1,57,0706271,570706271,3,6,1,1,0,0,0,0,0,0,0,998,0,0,0,12,6,2,2,0,0,1,1,4,86403,6,1,6,0,3,0,73,195,0,0,0,1,0,11,2011,11,2011,0,0,0,0,0,2,2,75,1,1,2,1,0,0,1,54,6,1,2,52,1GRAA03294K2,No Trailing Units,No Trailing Units,0,0,,,,,,,,,,,,,,,,,,,,,,,,,2016
2016040381,4,40381,1,4,2,27,6,10,40,1,0,1,0,4,3,82,881,82881,66,2014,3AKJGEDV6ESF,3,A,K,J,G,E,D,V,6,E,S,F,1,1,57,0025275,570025275,3,6,1,1,0,0,0,0,0,0,0,998,0,1,1,0,6,2,12,0,0,0,1,4,86033,6,1,6,0,3,3,72,260,0,1,0,0,0,6,2016,6,2016,0,0,0,0,0,1,2,65,3,6,2,1,0,0,14,13,99,9,6,98,3H3V402C2DT4,No Trailing Units,No Trailing Units,0,0,,,,,,,,,,,,,,,,,,,,,,,,,2016
2016040381,4,40381,2,4,8,27,6,10,40,1,0,1,0,35,4,12,850,12850,65,2001,1FDXE45S11HA,1,F,D,X,E,4,5,S,1,1,H,A,0,0,0,Not Applicable,Not Applicable,0,0,0,1,0,0,0,0,0,0,0,998,0,0,0,10,6,2,12,0,0,0,1,35,87109,6,1,0,0,3,0,71,190,98,0,0,0,0,0,0,0,0,0,0,0,0,0,1,2,65,2,5,2,1,0,0,14,62,7,1,3,98,No Trailing Units,No Trailing Units,No Trailing Units,2,0,,,,,,,,,,,,,,,,,,,,,,,,,2016
2016040381,4,40381,3,4,1,27,6,10,40,1,0,1,0,4,1,35,47,35047,4,2013,1N4AL3AP8DN5,1,N,4,A,L,3,A,P,8,D,N,5,0,0,0,Not Applicable,Not Applicable,0,0,0,1,0,0,0,0,0,0,0,998,0,0,0,62,2,5,12,0,0,0,1,4,86040,6,1,0,0,3,3,70,165,1,0,0,0,0,11,2013,11,2013,0,0,0,0,0,1,2,65,2,5,2,1,0,0,14,62,7,1,3,98,No Trailing Units,No Trailing Units,No Trailing Units,0,0,,,,,,,,,,,,,,,,,,,,,,,,,2016
2016040381,4,40381,4,4,1,27,6,10,40,1,0,1,0,49,1,49,403,49403,14,2007,JTEDP21A4701,J,T,E,D,P,2,1,A,4,7,0,1,0,0,0,Not Applicable,Not Applicable,0,0,0,1,0,0,0,0,0,0,0,998,0,0,0,14,6,2,17,0,0,0,1,49,84770,6,1,0,0,3,0,70,185,98,0,0,0,0,0,0,0,0,0,0,0,0,0,1,2,65,2,5,2,1,0,0,14,62,7,1,4,98,No Trailing Units,No Trailing Units,No Trailing Units,0,0,,,,,,,,,,,,,,,,,,,,,,,,,2016
2016040382,4,40382,1,1,1,5,7,6,33,35,0,1,0,4,2,49,401,49401,14,1997,JT3HN87R0V00,J,T,3,H,N,8,7,R,0,V,0,0,0,0,0,Not Applicable,Not Applicable,0,0,0,1,0,0,0,0,0,0,0,55,0,1,5,98,6,2,1,0,0,0,1,4,85712,6,1,0,0,3,3,61,135,0,2,0,0,0,3,2015,4,2015,4,0,0,0,0,1,2,35,1,6,2,1,0,0,1,6,99,5,4,7,No Trailing Units,No Trailing Units,No Trailing Units,1,1,,,,,,,,,,,,,,,,,,,,,,,,,2016
2016040383,4,40383,1,1,3,28,6,22,41,1,0,1,0,4,1,20,421,20421,15,2004,1GNEC13V74R2,1,G,N,E,C,1,3,V,7,4,R,2,0,0,0,Not Applicable,Not Applicable,0,0,0,1,0,0,0,0,0,0,0,75,0,1,1,0,6,2,1,0,0,0,1,4,85335,6,1,0,0,3,0,65,166,0,0,0,0,0,0,0,0,0,0,0,0,0,0,2,3,75,1,1,2,1,0,0,1,12,99,9,6,98,No Trailing Units,No Trailing Units,No Trailing Units,2,0,,,,,,,,,,,,,,,,,,,,,,,,,2016
2016040384,4,40384,1,2,1,29,6,20,2,12,6,1,0,4,1,49,46,49046,5,2009,JTDKB20U7935,J,T,D,K,B,2,0,U,7,9,3,5,0,0,0,Not Applicable,Not Applicable,0,0,0,1,0,0,0,0,0,1,0,15,0,0,0,82,6,2,12,0,0,0,1,4,85379,6,1,0,0,3,0,73,250,1,2,0,0,1,10,2012,4,2013,0,38,0,0,0,5,6,40,1,1,8,1,0,0,11,15,99,9,3,68,No Trailing Units,No Trailing Units,No Trailing Units,0,0,,,,,,,,,,,,,,,,,,,,,,,,,2016
2016040384,4,40384,2,2,1,29,6,20,2,12,6,1,0,4,2,37,706,37706,80,1996,JH2SC2617TM6,J,H,2,S,C,2,6,1,7,T,M,6,0,0,0,Not Applicable,Not Applicable,0,0,0,1,0,0,0,0,0,0,0,40,0,0,0,12,6,2,12,0,0,0,1,4,85023,6,1,0,0,2,0,72,180,0,0,0,0,0,0,0,0,0,0,0,0,0,0,5,6,40,1,1,8,1,0,0,1,62,99,9,1,69,No Trailing Units,No Trailing Units,No Trailing Units,1,0,,,,,,,,,,,,,,,,,,,,,,,,,2016
2016040385,4,40385,1,8,1,30,6,18,51,12,7,1,0,32,2,37,32,37032,4,1999,1HGCG1649XA0,1,H,G,C,G,1,6,4,9,X,A,0,0,0,0,Not Applicable,Not Applicable,0,0,0,1,0,0,0,0,0,0,0,0,0,0,0,6,6,2,12,0,0,0,1,4,85383,1,1,0,0,2,3,74,180,0,1,0,0,1,12,2015,1,2016,0,91,0,0,0,3,6,65,1,1,2,1,0,0,5,2,1,1,1,98,No Trailing Units,No Trailing Units,No Trailing Units,0,0,,,,,,,,,,,,,,,,,,,,,,,,,2016
2016040385,4,40385,2,8,4,30,6,18,51,12,7,1,0,4,3,12,481,12481,31,2003,2FTPX17Z63CA,2,F,T,P,X,1,7,Z,6,3,C,A,0,0,0,Not Applicable,Not Applicable,0,0,0,1,0,0,0,0,0,0,0,65,0,0,0,12,6,2,12,0,0,0,1,4,85020,6,1,0,0,3,3,76,250,0,0,0,0,0,0,0,0,0,0,89,0,0,0,3,6,65,1,1,2,1,0,0,1,50,99,1,1,98,No Trailing Units,No Trailing Units,No Trailing Units,0,0,,,,,,,,,,,,,,,,,,,,,,,,,2016
2016040385,4,40385,3,8,1,30,6,18,51,12,7,1,0,4,1,7,20,7020,4,2002,1B3ES16CX2D6,1,B,3,E,S,1,6,C,X,2,D,6,0,0,0,Not Applicable,Not Applicable,0,0,0,1,0,0,0,0,0,0,0,0,0,0,0,83,6,2,12,0,0,0,1,4,85022,6,1,0,0,3,0,74,210,0,0,0,0,0,0,0,0,0,0,0,0,0,0,3,6,65,1,1,2,1,0,0,5,53,1,1,1,48,No Trailing Units,No Trailing Units,No Trailing Units,1,0,,,,,,,,,,,,,,,,,,,,,,,,,2016
2016040385,4,40385,4,8,1,30,6,18,51,12,7,1,0,4,1,35,47,35047,4,2013,1N4AL3AP7DN4,1,N,4,A,L,3,A,P,7,D,N,4,0,0,0,Not Applicable,Not Applicable,0,0,0,1,0,0,0,0,0,0,0,0,0,0,0,6,6,2,12,0,0,0,1,4,85022,6,1,0,0,3,0,62,115,0,0,0,0,0,0,0,0,0,0,0,0,0,0,3,6,65,1,1,2,1,0,0,5,53,1,1,1,98,No Trailing Units,No Trailing Units,No Trailing Units,0,0,,,,,,,,,,,,,,,,,,,,,,,,,2016
2016040385,4,40385,5,8,1,30,6,18,51,12,7,1,0,4,1,49,46,49046,5,2010,JTDKN3DU6A01,J,T,D,K,N,3,D,U,6,A,0,1,0,0,0,Not Applicable,Not Applicable,0,0,0,1,0,0,0,0,0,0,0,55,0,0,0,62,6,2,12,0,0,0,1,4,85258,6,1,0,0,3,0,74,210,0,0,0,0,0,0,0,0,0,0,0,0,0,0,3,6,65,1,1,2,1,0,0,1,50,7,1,1,48,No Trailing Units,No Trailing Units,No Trailing Units,0,0,,,,,,,,,,,,,,,,,,,,,,,,,2016
2016040385,4,40385,6,8,1,30,6,18,51,12,7,1,0,4,1,41,37,41037,4,2002,1YVGF22C6252,1,Y,V,G,F,2,2,C,6,2,5,2,0,0,0,Not Applicable,Not Applicable,0,0,0,1,0,0,0,0,0,0,0,60,0,0,0,98,6,2,12,0,0,0,1,4,85259,6,1,0,0,3,0,69,190,0,2,0,0,0,1,2013,5,2013,0,0,0,0,0,3,6,65,1,1,2,1,0,0,1,60,99,1,1,98,No Trailing Units,No Trailing Units,No Trailing Units,0,0,,,,,,,,,,,,,,,,,,,,,,,,,2016
2016040385,4,40385,7,8,1,30,6,18,51,12,7,1,0,4,2,34,403,34403,14,2015,WBAVM1C51FVZ,W,B,A,V,M,1,C,5,1,F,V,Z,0,0,0,Not Applicable,Not Applicable,0,0,0,1,0,0,0,0,0,0,0,50,0,0,0,98,6,2,12,0,0,0,1,4,85021,6,1,0,0,3,0,66,133,0,2,0,1,2,10,2013,6,2016,0,0,0,0,0,3,6,65,1,1,2,1,0,0,1,60,99,1,1,98,No Trailing Units,No Trailing Units,No Trailing Units,0,0,,,,,,,,,,,,,,,,,,,,,,,,,2016
2016040385,4,40385,8,8,1,30,6,18,51,12,7,1,0,4,1,12,3,12003,2,2013,1ZVBP8CF0D52,1,Z,V,B,P,8,C,F,0,D,5,2,0,0,0,Not Applicable,Not Applicable,0,0,0,1,0,0,0,0,0,0,0,70,0,0,0,98,6,2,12,0,0,0,1,4,85048,6,1,0,0,3,3,78,220,0,0,0,2,0,4,2014,5,2014,0,0,0,0,0,3,6,65,1,1,2,1,0,0,2,61,16,1,1,98,No Trailing Units,No Trailing Units,No Trailing Units,0,0,,,,,,,,,,,,,,,,,,,,,,,,,2016