accident_id,STATE,ST_CASE,VEH_NO,VE_FORMS,NUMOCCS,DAY,MONTH,HOUR,MINUTE,HARM_EV,MAN_COLL,UNITTYPE,HIT_RUN,REG_STAT,OWNER,MAKE,MODEL,MAK_MOD,BODY_TYP,MOD_YEAR,VIN,VIN_1,VIN_2,VIN_3,VIN_4,VIN_5,VIN_6,VIN_7,VIN_8,VIN_9,VIN_10,VIN_11,VIN_12,TOW_VEH,J_KNIFE,MCARR_I1,MCARR_I2,MCARR_ID,GVWR,V_CONFIG,CARGO_BT,HAZ_INV,HAZ_PLAC,HAZ_ID,HAZ_CNO,HAZ_REL,BUS_USE,SPEC_USE,EMER_USE,TRAV_SP,UNDERIDE,ROLLOVER,ROLINLOC,IMPACT1,DEFORMED,TOWED,M_HARM,VEH_SC1,VEH_SC2,FIRE_EXP,DR_PRES,L_STATE,DR_ZIP,L_STATUS,L_TYPE,CDL_STAT,L_ENDORS,L_COMPL,L_RESTRI,DR_HGT,DR_WGT,PREV_ACC,PREV_SUS,PREV_DWI,PREV_SPD,PREV_OTH,FIRST_MO,FIRST_YR,LAST_MO,LAST_YR,SPEEDREL,DR_SF1,DR_SF2,DR_SF3,DR_SF4,VTRAFWAY,VNUM_LAN,VSPD_LIM,VALIGN,VPROFILE,VPAVETYP,VSURCOND,VTRAFCON,VTCONT_F,P_CRASH1,P_CRASH2,P_CRASH3,PCRASH4,PCRASH5,ACC_TYPE,TRLR1VIN,TRLR2VIN,TRLR3VIN,DEATHS,DR_DRINK,VINTYPE,VINMAKE,VINA_MOD,VIN_BT,VINMODYR,VIN_LNGT,VIN_WGT,WGTCD_TR,WHLBS_LG,WHLBS_SH,SER_TR,FUELCODE,MCYCL_DS,CARBUR,CYLINDER,DISPLACE,MCYCL_CY,MCYCL_WT,TIRE_SZE,TON_RAT,TRK_WT,TRKWTVAR,VIN_REST,WHLDRWHL,Year
2016040386,4,40386,1,2,1,3,6,4,53,12,1,1,0,4,2,35,47,35047,2,2010,1N4BL2EP3AC1,1,N,4,B,L,2,E,P,3,A,C,1,0,0,0,Not Applicable,Not Applicable,0,0,0,1,0,0,0,0,0,0,0,998,0,0,0,12,6,2,12,0,0,0,1,4,85282,6,1,0,0,3,0,72,190,0,0,0,1,0,3,2015,3,2015,4,0,0,0,0,3,4,65,2,1,2,1,0,0,14,51,99,9,1,24,No Trailing Units,No Trailing Units,No Trailing Units,0,0,,,,,,,,,,,,,,,,,,,,,,,,,2016
2016040386,4,40386,2,2,4,3,6,4,53,12,1,1,0,4,1,35,43,35043,4,1994,1N4EB31F4RC7,1,N,4,E,B,3,1,F,4,R,C,7,0,0,0,Not Applicable,Not Applicable,0,0,0,1,0,0,0,0,0,0,0,998,0,0,0,6,6,2,12,0,0,0,1,4,85501,6,1,0,0,3,0,64,185,0,0,0,0,0,0,0,0,0,0,0,0,0,0,3,4,65,2,1,2,1,0,0,14,53,99,9,1,25,No Trailing Units,No Trailing Units,No Trailing Units,1,0,,,,,,,,,,,,,,,,,,,,,,,,,2016
2016040387,4,40387,1,1,1,3,6,22,41,8,0,1,0,4,1,35,47,35047,4,2009,1N4AL21E69N5,1,N,4,A,L,2,1,E,6,9,N,5,0,0,0,Not Applicable,Not Applicable,0,0,0,1,0,0,0,0,0,0,0,65,0,0,0,12,6,2,8,0,0,0,1,4,85224,6,1,0,0,3,3,68,180,0,0,0,0,0,0,0,0,0,0,0,0,0,0,3,4,65,1,1,2,1,0,0,1,80,1,1,1,13,No Trailing Units,No Trailing Units,No Trailing Units,0,0,,,,,,,,,,,,,,,,,,,,,,,,,2016
2016040389,4,40389,1,1,1,20,6,20,52,8,0,1,0,4,1,12,422,12422,15,2000,1FMPU16L2YLA,1,F,M,P,U,1,6,L,2,Y,L,A,0,0,0,Not Applicable,Not Applicable,0,0,0,1,0,0,0,0,0,0,0,40,0,0,0,12,2,5,8,32,0,0,1,4,85205,6,1,0,0,3,3,65,290,0,0,0,0,0,0,0,0,0,0,0,0,0,0,5,5,45,1,1,8,1,0,0,1,80,99,9,3,13,No Trailing Units,No Trailing Units,No Trailing Units,0,0,,,,,,,,,,,,,,,,,,,,,,,,,2016
2016040390,4,40390,1,3,4,27,6,4,48,12,1,1,0,18,3,51,881,51881,66,2015,4V4NC9EH8FN1,4,V,4,N,C,9,E,H,8,F,N,1,1,1,57,327318,57327318,3,6,1,1,0,0,0,0,0,0,0,998,0,0,0,12,6,2,12,0,0,0,1,13,30809,6,1,6,0,3,3,72,200,98,1,0,1,0,7,2011,7,2011,4,0,0,0,0,2,2,75,1,1,2,1,0,0,1,50,16,2,1,20,1KKVE5321XL1,No Trailing Units,No Trailing Units,1,0,,,,,,,,,,,,,,,,,,,,,,,,,2016
2016040390,4,40390,2,3,1,27,6,4,48,12,1,1,0,6,3,82,881,82881,66,2013,3AKJGLDR2DSF,3,A,K,J,G,L,D,R,2,D,S,F,1,1,57,2354837,572354837,3,6,1,1,0,0,0,0,0,0,0,0,0,0,0,6,6,2,12,0,0,0,1,6,93304,6,1,1,0,2,3,67,180,0,0,0,0,0,0,0,0,0,0,0,0,0,0,2,2,75,1,1,2,1,0,0,5,53,1,1,1,21,Not Reported,No Trailing Units,No Trailing Units,0,0,,,,,,,,,,,,,,,,,,,,,,,,,2016
2016040390,4,40390,3,3,2,27,6,4,48,12,1,1,0,1,3,82,881,82881,66,2013,3ALXFB002DDF,3,A,L,X,F,B,0,0,2,D,D,F,1,1,57,842593,57842593,3,6,1,1,0,0,0,0,0,0,0,0,0,0,0,6,4,5,12,0,0,0,1,1,35581,6,1,6,0,3,3,70,222,1,0,0,0,1,12,2011,2,2012,0,0,0,0,0,2,2,75,1,1,2,1,0,0,5,53,1,1,1,98,1GRDM9621CH7,No Trailing Units,No Trailing Units,0,0,,,,,,,,,,,,,,,,,,,,,,,,,2016
2016040391,4,40391,1,1,1,5,6,17,34,38,0,1,0,4,2,20,481,20481,31,2004,1GCEC19XX4Z2,1,G,C,E,C,1,9,X,X,4,Z,2,0,0,0,Not Applicable,Not Applicable,0,0,0,1,0,0,0,0,0,0,0,75,0,0,0,12,6,2,38,0,0,0,1,4,85641,1,1,0,0,2,0,71,185,0,1,0,1,0,5,2014,6,2015,0,99,99,99,99,6,1,75,1,6,2,1,0,0,1,12,99,9,4,10,No Trailing Units,No Trailing Units,No Trailing Units,1,0,,,,,,,,,,,,,,,,,,,,,,,,,2016
2016040392,4,40392,1,1,1,8,6,20,46,35,0,1,0,4,2,35,47,35047,4,2012,1N4AL2AP1CC2,1,N,4,A,L,2,A,P,1,C,C,2,0,0,0,Not Applicable,Not Applicable,0,0,0,1,0,0,0,0,0,0,0,65,0,1,3,98,6,2,1,0,0,1,1,4,86301,6,1,0,0,3,0,70,175,0,4,0,0,2,11,2013,8,2014,9,89,0,0,0,3,4,65,3,1,2,1,0,0,14,9,99,5,4,7,No Trailing Units,No Trailing Units,No Trailing Units,1,0,,,,,,,,,,,,,,,,,,,,,,,,,2016
2016040393,4,40393,1,1,1,13,6,2,54,8,0,1,0,4,3,6,51,6051,4,2015,2C3CCAAG0FH7,2,C,3,C,C,A,A,G,0,F,H,7,0,0,0,Not Applicable,Not Applicable,0,0,0,1,0,0,0,0,0,1,0,50,0,0,0,12,6,2,8,0,0,0,1,4,85257,6,1,0,0,3,0,72,240,0,2,0,0,1,11,2014,4,2015,0,0,0,0,0,3,5,55,1,1,2,1,28,3,1,80,9,2,1,13,No Trailing Units,No Trailing Units,No Trailing Units,0,0,,,,,,,,,,,,,,,,,,,,,,,,,2016
2016040394,4,40394,1,2,2,13,6,3,10,12,2,1,0,32,1,82,881,82881,66,1998,1FUPCDZB5WL9,1,F,U,P,C,D,Z,B,5,W,L,9,1,3,57,2404737,572404737,3,6,3,1,0,0,0,0,0,0,0,999,0,0,0,12,6,2,12,0,0,0,1,32,89121,1,1,1,0,2,3,71,200,0,3,0,1,2,6,2013,2,2016,0,28,0,0,0,1,2,65,1,1,2,1,0,0,1,10,99,9,2,50,1TTF48203720,No Trailing Units,No Trailing Units,1,0,,,,,,,,,,,,,,,,,,,,,,,,,2016
2016040394,4,40394,2,2,1,13,6,3,10,12,2,1,0,4,3,84,884,84884,66,1998,2HSFHAMR1WC0,2,H,S,F,H,A,M,R,1,W,C,0,1,3,57,600491,57600491,3,6,1,1,0,0,0,0,0,0,0,999,0,0,0,12,6,2,12,0,0,0,1,4,86409,6,1,6,0,3,3,69,165,1,0,0,0,1,10,2013,4,2014,0,0,0,0,0,1,2,65,1,1,2,1,0,0,1,62,7,1,3,51,3H3V482C3VT0,No Trailing Units,No Trailing Units,0,0,,,,,,,,,,,,,,,,,,,,,,,,,2016
2016040395,4,40395,1,1,1,14,6,14,40,41,0,1,0,4,1,18,2,18002,4,2001,1G4HR54K91U2,1,G,4,H,R,5,4,K,9,1,U,2,0,0,0,Not Applicable,Not Applicable,0,0,0,1,0,0,0,0,0,0,0,998,0,1,3,12,6,2,1,32,0,0,1,4,85141,6,1,0,0,3,0,60,160,0,0,0,0,0,0,0,0,0,4,0,0,0,0,2,3,75,1,1,2,1,0,0,1,12,99,1,4,6,No Trailing Units,No Trailing Units,No Trailing Units,1,0,,,,,,,,,,,,,,,,,,,,,,,,,2016
2016040396,4,40396,1,7,2,19,6,12,14,12,99,1,0,4,3,85,881,85881,63,2001,1NKDLB0X81J8,1,N,K,D,L,B,0,X,8,1,J,8,5,0,57,2293434,572293434,3,4,96,1,0,0,0,0,0,0,0,999,0,0,0,98,6,2,12,42,0,0,1,4,85053,6,1,6,0,3,3,77,290,1,4,0,2,0,5,2012,5,2016,4,27,24,21,84,2,2,75,1,6,2,1,40,3,1,10,16,2,2,49,No Trailing Units,No Trailing Units,No Trailing Units,0,0,,,,,,,,,,,,,,,,,,,,,,,,,2016
2016040396,4,40396,2,7,4,19,6,12,14,12,99,1,0,4,1,12,402,12402,14,2009,1FMCU03G29KA,1,F,M,C,U,0,3,G,2,9,K,A,1,1,0,Not Applicable,Not Applicable,0,0,0,1,0,0,0,0,0,0,0,999,0,1,3,98,6,2,1,0,0,0,1,4,85653,6,1,0,0,3,3,71,180,0,0,0,0,0,0,0,0,0,0,0,0,0,0,2,2,75,1,6,2,1,0,0,2,78,99,9,3,49,1SAAS01F181A,No Trailing Units,No Trailing Units,0,0,,,,,,,,,,,,,,,,,,,,,,,,,2016
2016040396,4,40396,3,7,4,19,6,12,14,12,99,1,0,4,2,19,18,19018,4,2012,1G6DF5E51C01,1,G,6,D,F,5,E,5,1,C,0,1,0,0,0,Not Applicable,Not Applicable,0,0,0,1,0,0,0,0,0,0,0,999,0,0,0,98,6,2,12,0,0,0,1,4,85212,6,1,0,0,3,0,72,200,0,0,0,0,0,0,0,0,0,0,0,0,0,0,2,2,75,1,6,2,1,0,0,2,78,99,9,3,98,No Trailing Units,No Trailing Units,No Trailing Units,0,0,,,,,,,,,,,,,,,,,,,,,,,,,2016
2016040396,4,40396,4,7,2,19,6,12,14,12,99,1,0,4,1,49,46,49046,5,2013,JTDKN3DU5D16,J,T,D,K,N,3,D,U,5,D,1,6,0,0,0,Not Applicable,Not Applicable,0,0,0,1,0,0,0,0,0,0,0,999,0,0,0,98,6,2,12,0,0,0,1,4,85268,6,1,0,0,3,3,70,175,0,0,0,0,1,10,2011,10,2011,0,0,0,0,0,2,2,75,1,6,2,1,0,0,1,78,99,9,3,98,No Trailing Units,No Trailing Units,No Trailing Units,0,0,,,,,,,,,,,,,,,,,,,,,,,,,2016
2016040396,4,40396,5,7,1,19,6,12,14,12,99,1,0,4,1,12,37,12037,5,2013,1FADP3K26DL2,1,F,A,D,P,3,K,2,6,D,L,2,0,0,0,Not Applicable,Not Applicable,0,0,0,1,0,0,0,0,0,0,0,999,0,0,0,98,6,2,12,0,0,0,1,4,85641,6,1,0,0,3,0,60,105,0,0,0,0,0,0,0,0,0,0,0,0,0,0,2,2,75,1,6,2,1,0,0,2,78,99,9,3,98,No Trailing Units,No Trailing Units,No Trailing Units,0,0,,,,,,,,,,,,,,,,,,,,,,,,,2016
2016040396,4,40396,6,7,2,19,6,12,14,12,99,1,0,4,1,2,403,2403,14,2003,1J4FA59S53P3,1,J,4,F,A,5,9,S,5,3,P,3,1,3,0,Not Applicable,Not Applicable,0,0,0,1,0,0,0,0,0,0,0,999,0,0,0,98,6,2,12,0,0,0,1,4,85641,6,1,0,0,3,0,65,165,0,0,0,0,0,0,0,0,0,0,0,0,0,0,2,2,75,1,6,2,1,0,0,2,78,99,9,3,98,1V0AB1716TC0,No Trailing Units,No Trailing Units,0,0,,,,,,,,,,,,,,,,,,,,,,,,,2016
2016040396,4,40396,7,7,5,19,6,12,14,12,99,1,0,4,1,20,431,20431,16,1999,3GNFK16R4XG2,3,G,N,F,K,1,6,R,4,X,G,2,0,0,0,Not Applicable,Not Applicable,0,0,0,1,0,0,0,0,0,0,0,999,0,1,1,98,6,2,1,0,0,0,1,4,85213,6,1,0,0,3,0,61,115,0,0,0,0,0,0,0,0,0,0,0,0,0,0,2,2,75,1,6,2,1,0,0,2,78,99,9,3,98,No Trailing Units,No Trailing Units,No Trailing Units,1,0,,,,,,,,,,,,,,,,,,,,,,,,,2016
2016040397,4,40397,1,1,2,19,6,22,7,33,0,1,1,4,3,7,482,7482,31,2016,3C6JR6DG9GG1,3,C,6,J,R,6,D,G,9,G,G,1,0,0,0,Not Applicable,Not Applicable,0,0,0,1,0,0,0,0,0,0,0,80,0,1,5,12,6,2,42,0,0,0,1,4,85284,6,1,0,0,3,0,75,205,0,3,1,2,2,10,2013,6,2016,4,0,0,0,0,5,5,45,1,1,8,1,0,0,1,9,99,9,4,7,No Trailing Units,No Trailing Units,No Trailing Units,1,1,,,,,,,,,,,,,,,,,,,,,,,,,2016
2016040398,4,40398,1,2,2,20,6,10,56,12,6,1,0,4,1,12,442,12442,20,1998,2FMZA51U5WBE,2,F,M,Z,A,5,1,U,5,W,B,E,0,0,0,Not Applicable,Not Applicable,0,0,0,1,0,0,0,0,0,0,0,10,0,0,0,62,6,2,12,0,0,0,1,4,85365,6,1,0,0,3,0,69,257,0,0,0,0,0,0,0,0,0,0,39,0,0,0,1,2,25,1,1,8,1,20,3,11,15,1,1,1,82,No Trailing Units,No Trailing Units,No Trailing Units,0,0,,,,,,,,,,,,,,,,,,,,,,,,,2016
2016040398,4,40398,2,2,1,20,6,10,56,12,6,1,0,4,1,55,36,55036,4,2003,KMHCG45C03U4,K,M,H,C,G,4,5,C,0,3,U,4,0,0,0,Not Applicable,Not Applicable,0,0,0,1,0,0,0,0,0,0,0,35,0,0,0,12,6,2,12,0,0,0,1,4,85364,6,1,0,0,3,3,63,160,0,0,0,0,0,0,0,0,0,0,0,0,0,0,5,5,35,1,1,8,1,0,0,1,67,16,2,1,83,No Trailing Units,No Trailing Units,No Trailing Units,1,0,,,,,,,,,,,,,,,,,,,,,,,,,2016
2016040399,4,40399,1,2,1,21,6,20,40,12,7,1,0,4,3,20,461,20461,21,2008,1GCGG25C8811,1,G,C,G,G,2,5,C,8,8,1,1,0,0,0,Not Applicable,Not Applicable,0,0,0,1,0,0,0,0,0,0,0,999,0,1,5,81,6,2,1,0,0,0,1,4,85248,6,1,0,0,3,3,68,185,0,1,0,2,0,7,2011,8,2011,0,0,0,0,0,2,2,65,1,1,2,1,0,0,1,12,99,9,6,48,No Trailing Units,No Trailing Units,No Trailing Units,1,0,,,,,,,,,,,,,,,,,,,,,,,,,2016
2016040399,4,40399,2,2,2,21,6,20,40,12,7,1,0,4,1,23,481,23481,31,2013,1GT121C80DF1,1,G,T,1,2,1,C,8,0,D,F,1,0,0,0,Not Applicable,Not Applicable,0,0,0,1,0,0,0,0,0,0,0,65,0,0,0,62,2,5,12,0,0,0,1,4,85048,6,1,0,0,3,0,71,225,0,0,0,0,0,0,0,0,0,0,0,0,0,0,2,2,65,1,1,2,1,0,0,1,60,99,1,1,48,No Trailing Units,No Trailing Units,No Trailing Units,0,0,,,,,,,,,,,,,,,,,,,,,,,,,2016
2016040400,4,40400,1,2,1,24,6,9,23,12,6,1,0,4,1,18,7,18007,4,2002,2G4WS52J3211,2,G,4,W,S,5,2,J,3,2,1,1,0,0,0,Not Applicable,Not Applicable,0,0,0,1,0,0,0,0,0,0,0,13,0,0,0,12,6,2,12,32,0,0,1,4,85257,6,1,0,0,3,3,61,204,1,0,0,0,1,11,2015,12,2015,0,38,0,0,0,5,6,40,1,1,8,1,0,0,11,15,99,1,1,68,No Trailing Units,No Trailing Units,No Trailing Units,1,0,,,,,,,,,,,,,,,,,,,,,,,,,2016
2016040400,4,40400,2,2,1,24,6,9,23,12,6,1,0,4,1,12,461,12461,21,2003,1FDRE14W23HA,1,F,D,R,E,1,4,W,2,3,H,A,0,0,0,Not Applicable,Not Applicable,0,0,0,1,0,0,0,0,0,0,0,46,0,0,0,11,6,2,12,0,0,0,1,4,85032,6,1,0,0,3,0,72,230,0,0,0,0,0,0,0,0,0,0,0,0,0,0,5,6,40,1,1,8,1,0,0,1,62,16,2,2,69,No Trailing Units,No Trailing Units,No Trailing Units,0,0,,,,,,,,,,,,,,,,,,,,,,,,,2016
2016040401,4,40401,1,2,1,27,6,11,3,12,2,1,0,4,2,20,473,20473,30,2015,1GCCS14B6F82,1,G,C,C,S,1,4,B,6,F,8,2,0,0,0,Not Applicable,Not Applicable,0,0,0,1,0,0,0,0,0,0,0,50,0,0,0,12,6,2,12,0,0,1,1,4,85501,1,1,0,0,2,0,69,190,0,1,0,0,0,7,2015,7,2015,0,28,0,0,0,5,5,45,1,1,2,1,0,0,1,10,99,9,2,50,No Trailing Units,No Trailing Units,No Trailing Units,1,0,,,,,,,,,,,,,,,,,,,,,,,,,2016
2016040401,4,40401,2,2,2,27,6,11,3,12,2,1,0,4,1,49,44,49044,2,2001,2T1CF22P61C4,2,T,1,C,F,2,2,P,6,1,C,4,0,0,0,Not Applicable,Not Applicable,0,0,0,1,0,0,0,0,0,0,0,40,0,0,0,12,6,2,12,0,0,0,1,4,85614,6,1,0,0,3,0,64,163,0,0,0,0,0,0,0,0,0,0,0,0,0,0,5,5,45,1,1,2,1,0,0,1,62,99,9,1,51,No Trailing Units,No Trailing Units,No Trailing Units,1,0,,,,,,,,,,,,,,,,,,,,,,,,,2016
2016040402,4,40402,1,3,1,29,6,18,33,12,1,1,0,4,1,49,32,49032,4,2016,5YFBURHE1GP3,5,Y,F,B,U,R,H,E,1,G,P,3,0,0,0,Not Applicable,Not Applicable,0,0,0,1,0,0,0,0,0,0,0,60,0,0,0,12,6,2,12,0,0,0,1,4,85173,6,1,0,0,3,0,70,230,0,0,0,1,0,4,2016,4,2016,4,0,0,0,0,3,2,65,1,6,2,1,50,3,1,52,99,1,1,28,No Trailing Units,No Trailing Units,No Trailing Units,1,1,,,,,,,,,,,,,,,,,,,,,,,,,2016
2016040402,4,40402,2,3,1,29,6,18,33,12,1,1,0,4,1,7,482,7482,31,2005,3D7KR28C15G7,3,D,7,K,R,2,8,C,1,5,G,7,0,0,0,Not Applicable,Not Applicable,0,0,0,1,0,0,0,0,0,0,0,5,0,0,0,6,6,2,12,0,0,0,1,4,85119,6,1,0,0,3,0,71,195,0,0,0,0,0,0,0,0,0,0,0,0,0,0,3,2,65,1,6,2,1,50,3,2,53,1,1,1,29,No Trailing Units,No Trailing Units,No Trailing Units,0,0,,,,,,,,,,,,,,,,,,,,,,,,,2016
2016040402,4,40402,3,3,1,29,6,18,33,12,1,1,0,4,1,49,40,49040,4,2009,4T1BK46K79U0,4,T,1,B,K,4,6,K,7,9,U,0,0,0,0,Not Applicable,Not Applicable,0,0,0,1,0,0,0,0,0,0,0,5,0,0,0,6,4,5,12,0,0,0,1,4,85544,6,1,0,0,3,0,65,140,0,0,0,0,0,0,0,0,0,0,0,0,0,0,3,2,65,1,1,2,1,50,3,2,53,1,1,1,98,No Trailing Units,No Trailing Units,No Trailing Units,0,0,,,,,,,,,,,,,,,,,,,,,,,,,2016
2016040403,4,40403,1,1,3,10,6,17,7,59,0,1,0,4,2,12,481,12481,31,2008,1FTRF12218KB,1,F,T,R,F,1,2,2,1,8,K,B,0,0,0,Not Applicable,Not Applicable,0,0,0,1,0,0,0,0,0,0,0,25,0,1,5,98,6,2,1,0,0,0,1,4,85542,0,0,0,0,0,0,999,999,99,99,99,99,99,99,9999,99,9999,4,58,0,0,0,1,2,45,1,1,8,2,0,0,1,54,7,9,4,2,No Trailing Units,No Trailing Units,No Trailing Units,1,1,,,,,,,,,,,,,,,,,,,,,,,,,2016
2016040404,4,40404,1,1,1,3,6,9,25,8,0,1,0,4,2,37,31,37031,4,2001,2HGES16571H5,2,H,G,E,S,1,6,5,7,1,H,5,0,0,0,Not Applicable,Not Applicable,0,0,0,1,0,0,0,0,0,0,0,76,0,0,0,12,4,3,8,0,0,0,1,4,85008,0,0,0,0,0,0,66,170,0,2,0,0,0,1,2013,1,2013,3,91,0,0,0,1,6,40,1,1,2,1,3,3,1,80,16,2,2,13,No Trailing Units,No Trailing Units,No Trailing Units,0,0,,,,,,,,,,,,,,,,,,,,,,,,,2016
2016040405,4,40405,1,1,2,4,6,18,27,1,0,1,0,4,1,7,421,7421,15,1978,A10BE8S13817,A,1,0,B,E,8,S,1,3,8,1,7,0,0,0,Not Applicable,Not Applicable,0,0,0,1,0,0,0,0,0,0,0,45,0,1,5,0,6,2,1,0,0,0,1,4,86039,6,1,0,0,3,3,71,235,2,1,0,0,0,1,2013,12,2013,4,0,0,0,0,1,2,98,1,1,5,1,0,0,1,13,99,1,4,1,No Trailing Units,No Trailing Units,No Trailing Units,1,1,,,,,,,,,,,,,,,,,,,,,,,,,2016
2016040406,4,40406,1,1,1,7,6,20,38,8,0,1,0,4,1,37,31,37031,4,2015,19XFB2F53FE0,1,9,X,F,B,2,F,5,3,F,E,0,0,0,0,Not Applicable,Not Applicable,0,0,0,1,0,0,0,0,0,0,0,30,0,0,0,82,4,5,8,32,0,0,1,4,85304,6,1,0,0,3,0,66,145,0,1,0,1,0,1,2014,1,2014,0,0,0,0,0,5,5,40,1,1,8,1,0,0,1,80,99,9,3,13,No Trailing Units,No Trailing Units,No Trailing Units,0,0,,,,,,,,,,,,,,,,,,,,,,,,,2016
2016040407,4,40407,1,3,1,9,6,4,14,12,99,1,0,99,9,23,421,23421,15,2002,Unknown,9,9,9,9,9,9,9,9,9,9,9,9,0,0,0,Not Applicable,Not Applicable,0,0,0,1,0,0,0,0,0,0,0,999,0,0,0,98,9,9,12,0,0,0,1,99,99999,9,9,99,0,9,9,999,999,99,99,99,99,99,99,9999,99,9999,0,39,0,0,0,1,7,99,1,9,2,99,3,3,1,17,99,9,9,99,No Trailing Units,No Trailing Units,No Trailing Units,0,0,,,,,,,,,,,,,,,,,,,,,,,,,2016
2016040407,4,40407,2,3,2,9,6,4,14,12,99,1,0,99,9,12,461,12461,21,2004,Unknown,9,9,9,9,9,9,9,9,9,9,9,9,0,0,0,Not Applicable,Not Applicable,0,0,0,1,0,0,0,0,0,0,0,999,0,1,1,98,9,9,1,0,0,0,1,4,85035,6,1,0,0,3,0,66,190,0,0,0,2,0,4,2012,6,2015,0,0,0,0,0,2,4,99,1,9,2,99,3,3,1,66,99,9,3,99,No Trailing Units,No Trailing Units,No Trailing Units,1,0,,,,,,,,,,,,,,,,,,,,,,,,,2016
2016040407,4,40407,3,3,1,9,6,4,14,12,99,1,0,99,9,35,47,35047,4,2015,Unknown,9,9,9,9,9,9,9,9,9,9,9,9,0,0,0,Not Applicable,Not Applicable,0,0,0,1,0,0,0,0,0,0,0,0,0,0,0,98,9,9,12,0,0,0,1,4,85022,6,1,0,0,3,3,68,240,0,0,0,0,0,0,0,0,0,0,0,0,0,0,1,7,99,1,9,2,99,3,3,5,66,1,1,1,98,No Trailing Units,No Trailing Units,No Trailing Units,0,0,,,,,,,,,,,,,,,,,,,,,,,,,2016
2016040408,4,40408,1,2,2,10,6,15,33,12,2,1,0,4,2,7,482,7482,31,2015,3C6JR6AT7FG6,3,C,6,J,R,6,A,T,7,F,G,6,0,0,0,Not Applicable,Not Applicable,0,0,0,1,0,0,0,0,0,0,0,70,0,0,0,12,6,2,12,0,0,0,1,6,92821,1,1,0,0,2,0,61,120,0,1,0,0,1,6,2015,1,2016,4,28,91,0,0,1,2,40,2,5,2,1,0,0,14,10,99,9,2,50,No Trailing Units,No Trailing Units,No Trailing Units,0,0,,,,,,,,,,,,,,,,,,,,,,,,,2016
2016040408,4,40408,2,2,6,10,6,15,33,12,2,1,0,6,1,35,401,35401,14,2006,5N1AR18U16C6,5,N,1,A,R,1,8,U,1,6,C,6,0,0,0,Not Applicable,Not Applicable,0,0,0,1,0,0,0,0,0,0,0,30,0,0,0,12,6,2,12,0,0,0,1,6,91724,6,1,0,0,3,0,69,200,1,0,0,0,0,9,2014,9,2014,0,0,0,0,0,1,2,35,3,6,2,1,0,0,14,62,99,9,3,51,No Trailing Units,No Trailing Units,No Trailing Units,2,0,,,,,,,,,,,,,,,,,,,,,,,,,2016
2016040409,4,40409,1,1,1,11,6,0,6,9,0,1,0,4,1,59,31,59031,4,2003,JTHBF30G2301,J,T,H,B,F,3,0,G,2,3,0,1,0,0,0,Not Applicable,Not Applicable,0,0,0,1,0,0,0,0,0,0,0,41,0,0,0,98,6,2,9,0,0,0,1,4,85033,0,0,0,0,0,0,74,298,0,0,0,0,0,0,0,0,0,0,0,0,0,0,1,2,35,1,1,8,1,0,0,1,83,99,9,3,13,No Trailing Units,No Trailing Units,No Trailing Units,0,0,,,,,,,,,,,,,,,,,,,,,,,,,2016
2016040410,4,40410,1,1,1,11,6,2,22,38,0,1,0,99,9,7,482,7482,31,2003,Unknown,9,9,9,9,9,9,9,9,9,9,9,9,0,0,0,Not Applicable,Not Applicable,0,0,0,1,0,0,0,0,0,0,0,999,0,0,0,12,9,9,38,0,0,0,1,4,85302,1,1,0,0,2,0,69,200,0,1,0,1,0,10,2015,1,2016,9,99,99,99,99,1,6,99,1,1,9,99,0,0,1,9,99,9,4,7,No Trailing Units,No Trailing Units,No Trailing Units,1,1,,,,,,,,,,,,,,,,,,,,,,,,,2016
2016040411,4,40411,1,1,3,11,6,22,53,43,0,1,0,99,9,49,471,49471,30,1988,Unknown,9,9,9,9,9,9,9,9,9,9,9,9,0,0,0,Not Applicable,Not Applicable,0,0,0,1,0,0,0,0,0,0,0,999,0,0,0,98,9,9,43,0,0,0,1,99,99999,9,9,99,0,9,9,999,999,99,99,99,99,99,99,9999,99,9999,5,99,99,99,99,2,3,99,1,1,9,99,0,0,1,9,99,9,4,2,No Trailing Units,No Trailing Units,No Trailing Units,1,1,,,,,,,,,,,,,,,,,,,,,,,,,2016