accident_id,STATE,ST_CASE,VEH_NO,VE_FORMS,NUMOCCS,DAY,MONTH,HOUR,MINUTE,HARM_EV,MAN_COLL,UNITTYPE,HIT_RUN,REG_STAT,OWNER,MAKE,MODEL,MAK_MOD,BODY_TYP,MOD_YEAR,VIN,VIN_1,VIN_2,VIN_3,VIN_4,VIN_5,VIN_6,VIN_7,VIN_8,VIN_9,VIN_10,VIN_11,VIN_12,TOW_VEH,J_KNIFE,MCARR_I1,MCARR_I2,MCARR_ID,GVWR,V_CONFIG,CARGO_BT,HAZ_INV,HAZ_PLAC,HAZ_ID,HAZ_CNO,HAZ_REL,BUS_USE,SPEC_USE,EMER_USE,TRAV_SP,UNDERIDE,ROLLOVER,ROLINLOC,IMPACT1,DEFORMED,TOWED,M_HARM,VEH_SC1,VEH_SC2,FIRE_EXP,DR_PRES,L_STATE,DR_ZIP,L_STATUS,L_TYPE,CDL_STAT,L_ENDORS,L_COMPL,L_RESTRI,DR_HGT,DR_WGT,PREV_ACC,PREV_SUS,PREV_DWI,PREV_SPD,PREV_OTH,FIRST_MO,FIRST_YR,LAST_MO,LAST_YR,SPEEDREL,DR_SF1,DR_SF2,DR_SF3,DR_SF4,VTRAFWAY,VNUM_LAN,VSPD_LIM,VALIGN,VPROFILE,VPAVETYP,VSURCOND,VTRAFCON,VTCONT_F,P_CRASH1,P_CRASH2,P_CRASH3,PCRASH4,PCRASH5,ACC_TYPE,TRLR1VIN,TRLR2VIN,TRLR3VIN,DEATHS,DR_DRINK,VINTYPE,VINMAKE,VINA_MOD,VIN_BT,VINMODYR,VIN_LNGT,VIN_WGT,WGTCD_TR,WHLBS_LG,WHLBS_SH,SER_TR,FUELCODE,MCYCL_DS,CARBUR,CYLINDER,DISPLACE,MCYCL_CY,MCYCL_WT,TIRE_SZE,TON_RAT,TRK_WT,TRKWTVAR,VIN_REST,WHLDRWHL,Year
2016040439,4,40439,2,2,2,11,7,13,34,12,6,1,0,4,1,37,31,37031,4,2001,2HGES16541H5,2,H,G,E,S,1,6,5,4,1,H,5,0,0,0,Not Applicable,Not Applicable,0,0,0,1,0,0,0,0,0,0,0,45,0,0,0,3,4,3,12,0,0,0,1,4,85297,6,1,0,0,3,0,69,165,0,0,0,1,0,4,2012,4,2012,0,0,0,0,0,1,4,45,1,1,8,1,3,3,1,66,99,1,1,87,No Trailing Units,No Trailing Units,No Trailing Units,1,0,,,,,,,,,,,,,,,,,,,,,,,,,2016
2016040440,4,40440,1,2,1,11,7,22,51,12,6,1,0,4,2,72,706,72706,80,1993,1HD4CFM37PY2,1,H,D,4,C,F,M,3,7,P,Y,2,0,0,0,Not Applicable,Not Applicable,0,0,0,1,0,0,0,0,0,0,0,999,0,0,0,12,6,2,12,0,0,0,1,4,85746,1,1,0,0,2,0,71,140,0,9,0,3,2,9,2012,3,2016,3,37,0,0,0,2,3,40,1,1,2,1,0,0,1,17,99,9,9,98,No Trailing Units,No Trailing Units,No Trailing Units,1,1,,,,,,,,,,,,,,,,,,,,,,,,,2016
2016040440,4,40440,2,2,1,11,7,22,51,12,6,1,0,4,3,12,16,12016,4,2007,2FAFP71W27X1,2,F,A,F,P,7,1,W,2,7,X,1,0,0,0,Not Applicable,Not Applicable,0,0,0,1,0,0,0,0,0,5,5,5,0,0,0,82,6,2,12,0,0,0,1,4,99999,9,9,99,0,9,9,999,999,99,99,99,99,99,99,9999,99,9999,0,37,16,0,0,2,3,40,1,1,2,1,0,0,12,63,99,9,3,98,No Trailing Units,No Trailing Units,No Trailing Units,0,0,,,,,,,,,,,,,,,,,,,,,,,,,2016
2016040441,4,40441,1,2,5,11,7,22,54,12,6,1,0,4,2,19,431,19431,16,2003,1GYEK63NX3R2,1,G,Y,E,K,6,3,N,X,3,R,2,1,1,0,Not Applicable,Not Applicable,0,0,0,1,0,0,0,0,0,0,0,998,0,0,0,7,6,2,12,0,0,0,1,8,80233,6,1,0,0,3,0,75,260,0,0,0,0,0,0,0,0,0,0,38,0,0,0,1,3,65,1,1,2,1,20,3,1,17,10,1,1,89,Not Reported,No Trailing Units,No Trailing Units,0,0,,,,,,,,,,,,,,,,,,,,,,,,,2016
2016040441,4,40441,2,2,1,11,7,22,54,12,6,1,0,4,2,53,705,53705,80,2009,JS1NP41A1921,J,S,1,N,P,4,1,A,1,9,2,1,0,0,0,Not Applicable,Not Applicable,0,0,0,1,0,0,0,0,0,0,0,998,0,0,0,12,6,2,12,0,0,0,1,4,86409,6,1,0,0,2,3,72,240,0,0,0,1,0,12,2015,12,2015,0,0,0,0,0,2,4,65,1,1,2,1,0,0,1,66,16,2,1,88,No Trailing Units,No Trailing Units,No Trailing Units,1,0,,,,,,,,,,,,,,,,,,,,,,,,,2016
2016040442,4,40442,1,1,1,12,7,15,30,1,0,1,0,4,1,38,401,38401,14,1995,JACDJ58V6S79,J,A,C,D,J,5,8,V,6,S,7,9,0,0,0,Not Applicable,Not Applicable,0,0,0,1,0,0,0,0,0,0,0,998,0,1,3,0,6,2,1,32,0,0,1,4,86320,6,1,0,0,3,3,76,210,1,0,0,1,0,9,2014,8,2015,0,99,99,99,99,2,2,75,2,6,2,1,0,0,14,12,99,9,4,6,No Trailing Units,No Trailing Units,No Trailing Units,1,0,,,,,,,,,,,,,,,,,,,,,,,,,2016
2016040443,4,40443,1,1,1,12,7,19,39,33,0,1,0,4,1,2,404,2404,14,2013,1C4RJFAG8DC6,1,C,4,R,J,F,A,G,8,D,C,6,0,0,0,Not Applicable,Not Applicable,0,0,0,1,0,0,0,0,0,0,0,50,0,0,0,12,6,2,38,0,0,0,1,4,86001,6,1,0,0,3,0,73,180,0,0,0,1,0,8,2012,8,2012,3,89,0,0,0,1,3,25,3,1,2,1,3,3,14,13,99,9,4,1,No Trailing Units,No Trailing Units,No Trailing Units,1,0,,,,,,,,,,,,,,,,,,,,,,,,,2016
2016040444,4,40444,1,2,1,14,7,18,31,12,6,1,0,4,1,55,33,55033,4,2013,5NPEB4AC0DH7,5,N,P,E,B,4,A,C,0,D,H,7,0,0,0,Not Applicable,Not Applicable,0,0,0,1,0,0,0,0,0,0,0,45,0,0,0,12,6,2,12,0,0,0,1,4,85301,6,1,0,0,3,0,71,201,0,0,0,0,0,0,0,0,0,0,39,0,0,0,2,4,45,1,1,8,1,3,3,1,17,99,9,3,86,No Trailing Units,No Trailing Units,No Trailing Units,0,0,,,,,,,,,,,,,,,,,,,,,,,,,2016
2016040444,4,40444,2,2,2,14,7,18,31,12,6,1,0,4,1,35,471,35471,30,1997,1N6SD16S9VC3,1,N,6,S,D,1,6,S,9,V,C,3,0,0,0,Not Applicable,Not Applicable,0,0,0,1,0,0,0,0,0,0,0,40,0,0,0,3,6,2,12,0,0,0,1,4,85340,6,1,0,0,3,0,68,120,0,0,0,0,0,0,0,0,0,0,0,0,0,0,2,4,40,1,1,8,1,3,3,1,66,99,9,3,87,No Trailing Units,No Trailing Units,No Trailing Units,1,0,,,,,,,,,,,,,,,,,,,,,,,,,2016
2016040445,4,40445,1,2,1,15,7,3,7,12,2,1,0,4,2,19,3,19003,4,1998,1G6KD54Y8WU7,1,G,6,K,D,5,4,Y,8,W,U,7,0,0,0,Not Applicable,Not Applicable,0,0,0,1,0,0,0,0,0,0,0,998,0,0,0,12,6,2,12,0,0,0,1,4,85325,6,1,0,0,3,0,63,120,0,0,0,1,0,7,2015,7,2015,0,28,0,0,0,1,3,65,1,1,2,1,0,0,1,10,99,1,2,52,No Trailing Units,No Trailing Units,No Trailing Units,1,0,,,,,,,,,,,,,,,,,,,,,,,,,2016
2016040445,4,40445,2,2,1,15,7,3,7,12,2,1,0,4,4,84,884,84884,66,2016,3HSDJAPR4GN2,3,H,S,D,J,A,P,R,4,G,N,2,1,1,57,1479532,571479532,3,6,1,1,0,0,0,0,0,0,0,998,0,0,0,12,6,2,12,0,0,0,1,4,85365,6,1,6,0,3,0,71,184,0,0,0,0,0,0,0,0,0,0,0,0,0,0,1,3,65,1,1,2,1,0,0,1,62,9,2,4,52,1H2V02813JC0,No Trailing Units,No Trailing Units,0,0,,,,,,,,,,,,,,,,,,,,,,,,,2016
2016040446,4,40446,1,1,1,15,7,14,1,8,0,1,0,4,1,7,402,7402,14,2002,1B4HR58ZX2F1,1,B,4,H,R,5,8,Z,X,2,F,1,0,0,0,Not Applicable,Not Applicable,0,0,0,1,0,0,0,0,0,0,0,998,0,0,0,12,6,2,8,0,0,0,1,4,85342,6,1,0,0,3,3,83,148,1,0,0,0,1,4,2014,5,2014,5,91,0,0,0,2,2,65,1,6,2,1,0,0,1,9,16,3,4,13,No Trailing Units,No Trailing Units,No Trailing Units,0,0,,,,,,,,,,,,,,,,,,,,,,,,,2016
2016040447,4,40447,1,1,1,15,7,23,57,39,0,1,0,4,2,59,401,59401,14,2000,JT6GF10U6Y00,J,T,6,G,F,1,0,U,6,Y,0,0,0,0,0,Not Applicable,Not Applicable,0,0,0,1,0,0,0,0,0,0,0,998,0,1,5,12,6,2,1,0,0,0,1,4,85053,6,1,0,0,3,3,74,200,0,0,0,6,0,10,2012,12,2015,0,27,0,0,0,3,4,65,1,1,2,1,0,0,99,9,7,3,4,3,No Trailing Units,No Trailing Units,No Trailing Units,1,0,,,,,,,,,,,,,,,,,,,,,,,,,2016
2016040448,4,40448,1,1,1,16,7,0,8,33,0,1,0,4,1,35,43,35043,4,2010,3N1AB6AP8AL6,3,N,1,A,B,6,A,P,8,A,L,6,0,0,0,Not Applicable,Not Applicable,0,0,0,1,0,0,0,0,0,0,0,90,0,0,0,12,6,2,43,0,0,1,1,4,85210,6,1,0,0,3,0,65,200,0,1,1,1,1,2,2012,7,2013,4,50,0,0,0,4,3,45,1,1,1,1,0,0,1,9,6,4,4,7,No Trailing Units,No Trailing Units,No Trailing Units,1,1,,,,,,,,,,,,,,,,,,,,,,,,,2016
2016040449,4,40449,1,2,1,18,7,2,1,12,1,1,0,4,2,72,706,72706,80,2007,1HD1KB4117Y6,1,H,D,1,K,B,4,1,1,7,Y,6,0,0,0,Not Applicable,Not Applicable,0,0,0,1,0,0,0,0,0,0,0,998,0,0,0,12,6,2,12,0,0,0,1,4,85138,6,1,0,0,3,0,68,240,1,0,0,1,0,7,2012,5,2014,4,89,0,0,0,5,5,35,1,1,2,1,0,0,1,51,99,9,1,24,No Trailing Units,No Trailing Units,No Trailing Units,1,1,,,,,,,,,,,,,,,,,,,,,,,,,2016
2016040449,4,40449,2,2,1,18,7,2,1,12,1,1,0,4,2,12,402,12402,14,2014,1FMCU0GX3EUE,1,F,M,C,U,0,G,X,3,E,U,E,0,0,0,Not Applicable,Not Applicable,0,0,0,1,0,0,0,0,0,0,0,35,0,0,0,6,6,2,12,0,0,0,1,4,85258,6,1,0,0,3,0,73,145,0,0,0,0,0,0,0,0,0,0,0,0,0,0,5,5,35,1,1,2,1,0,0,11,53,1,1,1,26,No Trailing Units,No Trailing Units,No Trailing Units,0,0,,,,,,,,,,,,,,,,,,,,,,,,,2016
2016040450,4,40450,1,1,1,20,7,8,40,1,0,1,0,4,1,53,705,53705,80,2008,JS1GN7EA3821,J,S,1,G,N,7,E,A,3,8,2,1,0,0,0,Not Applicable,Not Applicable,0,0,0,1,0,0,0,0,0,0,0,55,0,0,0,0,6,2,1,0,0,0,1,4,85281,6,1,0,0,3,0,72,170,0,2,0,0,1,2,2014,12,2014,4,0,0,0,0,2,3,40,3,1,2,1,0,0,14,98,16,9,3,98,No Trailing Units,No Trailing Units,No Trailing Units,1,1,,,,,,,,,,,,,,,,,,,,,,,,,2016
2016040451,4,40451,1,1,5,21,7,16,25,38,0,1,0,4,2,14,401,14401,14,2002,4M2DU86W22ZJ,4,M,2,D,U,8,6,W,2,2,Z,J,0,0,0,Not Applicable,Not Applicable,0,0,0,1,0,0,0,0,0,0,0,998,0,1,5,98,6,2,1,0,0,0,1,4,85017,0,0,0,0,0,0,65,160,0,0,0,0,0,0,0,0,0,5,99,99,99,99,3,2,65,1,1,2,1,0,0,1,9,99,9,4,2,No Trailing Units,No Trailing Units,No Trailing Units,1,1,,,,,,,,,,,,,,,,,,,,,,,,,2016
2016040452,4,40452,1,1,3,21,7,20,8,42,0,1,0,32,1,12,481,12481,31,2014,1FTFW1CF5EKD,1,F,T,F,W,1,C,F,5,E,K,D,0,0,0,Not Applicable,Not Applicable,0,0,0,1,0,0,0,0,0,0,0,998,0,0,0,12,6,2,42,0,0,0,1,32,89081,6,1,0,0,3,0,74,230,0,0,0,0,0,0,0,0,0,0,0,0,0,0,2,2,65,1,1,2,1,0,0,1,13,99,1,4,1,No Trailing Units,No Trailing Units,No Trailing Units,1,0,,,,,,,,,,,,,,,,,,,,,,,,,2016
2016040453,4,40453,1,2,1,22,7,11,55,12,2,1,0,4,2,7,482,7482,31,2008,1D7HA16K68J2,1,D,7,H,A,1,6,K,6,8,J,2,0,0,0,Not Applicable,Not Applicable,0,0,0,1,0,0,0,0,0,0,0,998,0,0,0,12,6,2,12,0,0,0,1,4,85201,6,1,0,0,3,0,71,140,1,0,0,1,0,8,2011,9,2012,4,35,0,0,0,1,2,65,1,6,2,1,0,0,6,54,99,9,1,52,No Trailing Units,No Trailing Units,No Trailing Units,1,0,,,,,,,,,,,,,,,,,,,,,,,,,2016
2016040453,4,40453,2,2,1,22,7,11,55,12,2,1,0,4,3,20,481,20481,31,2007,1GCHK23647F5,1,G,C,H,K,2,3,6,4,7,F,5,1,1,0,Not Applicable,Not Applicable,0,0,0,1,0,0,0,0,0,0,0,998,0,0,0,12,6,2,12,0,0,0,1,4,85122,6,1,0,0,3,0,67,180,0,0,0,1,0,7,2011,7,2011,0,0,0,0,0,1,2,65,1,5,2,1,0,0,1,54,99,9,3,52,Not Reported,No Trailing Units,No Trailing Units,0,0,,,,,,,,,,,,,,,,,,,,,,,,,2016
2016040454,4,40454,1,1,1,23,7,6,19,5,0,1,0,4,1,72,706,72706,80,2013,1HD1BWV1XDB0,1,H,D,1,B,W,V,1,X,D,B,0,0,0,0,Not Applicable,Not Applicable,0,0,0,1,0,0,0,0,0,0,0,45,0,0,0,0,6,2,35,0,0,0,1,4,86404,6,1,6,0,3,3,73,250,0,0,0,2,0,7,2012,8,2015,0,89,0,0,0,1,2,45,3,6,2,99,0,0,14,13,99,9,4,0,No Trailing Units,No Trailing Units,No Trailing Units,1,0,,,,,,,,,,,,,,,,,,,,,,,,,2016
2016040455,4,40455,1,1,2,24,7,13,33,1,0,1,0,4,2,98,998,98998,97,2011,4XATY76A1B42,4,X,A,T,Y,7,6,A,1,B,4,2,0,0,0,Not Applicable,Not Applicable,0,0,0,1,0,0,0,0,0,0,0,67,0,1,1,0,6,2,1,0,0,0,1,4,85207,6,1,0,0,3,0,65,150,0,0,0,0,2,1,2015,7,2015,3,0,0,0,0,1,2,35,2,6,8,1,0,0,14,6,99,9,6,98,No Trailing Units,No Trailing Units,No Trailing Units,1,0,,,,,,,,,,,,,,,,,,,,,,,,,2016
2016040456,4,40456,1,2,4,24,7,13,40,12,6,1,0,6,4,7,442,7442,20,2016,2C4RDGCG0GR3,2,C,4,R,D,G,C,G,0,G,R,3,0,0,0,Not Applicable,Not Applicable,0,0,0,1,0,0,0,0,0,0,0,998,0,1,5,81,6,2,12,0,0,0,1,97,0,9,9,99,0,9,9,999,999,99,99,99,99,99,99,9999,99,9999,0,38,0,0,0,1,2,65,1,1,2,1,20,3,1,17,99,9,3,87,No Trailing Units,No Trailing Units,No Trailing Units,4,0,,,,,,,,,,,,,,,,,,,,,,,,,2016
2016040456,4,40456,2,2,4,24,7,13,40,12,6,1,0,48,3,98,850,98850,65,2014,2PCYS3496BC7,2,P,C,Y,S,3,4,9,6,B,C,7,0,0,0,Not Applicable,Not Applicable,0,0,0,1,0,0,0,0,0,0,0,998,0,0,0,12,6,2,12,0,0,0,1,48,75134,6,1,6,0,3,0,999,999,0,0,0,2,0,9,2011,4,2013,0,0,0,0,0,2,4,65,1,1,2,1,0,0,1,66,99,9,3,86,No Trailing Units,No Trailing Units,No Trailing Units,0,0,,,,,,,,,,,,,,,,,,,,,,,,,2016
2016040458,4,40458,1,1,8,25,7,13,10,1,0,1,0,40,4,63,441,63441,20,2015,KNDMB5C14F60,K,N,D,M,B,5,C,1,4,F,6,0,0,0,0,Not Applicable,Not Applicable,0,0,0,1,0,0,0,0,0,0,0,998,0,1,3,0,6,2,1,0,0,0,1,47,38118,6,1,0,0,3,0,60,113,2,0,0,1,0,7,2012,4,2013,0,58,0,0,0,2,2,75,1,1,2,1,0,0,1,12,99,9,4,10,No Trailing Units,No Trailing Units,No Trailing Units,1,0,,,,,,,,,,,,,,,,,,,,,,,,,2016
2016040459,4,40459,1,1,1,26,7,99,99,14,0,1,1,4,2,48,34,48034,6,1996,4S3BK4352T63,4,S,3,B,K,4,3,5,2,T,6,3,0,0,0,Not Applicable,Not Applicable,0,0,0,1,0,0,0,0,0,0,0,35,0,0,0,12,4,5,14,0,0,0,1,6,85367,1,1,0,0,2,0,72,290,0,1,0,0,0,1,2014,1,2014,4,0,0,0,0,1,2,25,1,1,2,1,0,0,1,12,99,1,4,6,No Trailing Units,No Trailing Units,No Trailing Units,1,1,,,,,,,,,,,,,,,,,,,,,,,,,2016
2016040460,4,40460,1,2,3,28,7,15,16,12,2,1,0,4,2,23,401,23401,14,2002,1GKDT13S1221,1,G,K,D,T,1,3,S,1,2,2,1,0,0,0,Not Applicable,Not Applicable,0,0,0,1,0,0,0,0,0,0,0,998,0,1,1,12,6,2,12,0,0,0,1,4,85210,6,1,0,0,3,0,69,180,0,0,0,0,0,0,0,0,0,0,28,0,0,0,5,5,45,1,1,8,1,0,0,1,10,99,1,2,50,No Trailing Units,No Trailing Units,No Trailing Units,0,0,,,,,,,,,,,,,,,,,,,,,,,,,2016
2016040460,4,40460,2,2,2,28,7,15,16,12,2,1,0,4,1,49,47,49047,6,2005,2T1KR32E15C4,2,T,1,K,R,3,2,E,1,5,C,4,0,0,0,Not Applicable,Not Applicable,0,0,0,1,0,0,0,0,0,0,0,998,0,0,0,12,6,2,12,0,0,0,1,4,85201,6,1,0,0,3,3,64,200,0,0,0,0,0,0,0,0,0,0,0,0,0,0,5,5,45,1,1,8,1,0,0,1,62,99,9,3,51,No Trailing Units,No Trailing Units,No Trailing Units,1,0,,,,,,,,,,,,,,,,,,,,,,,,,2016
2016040461,4,40461,1,1,1,30,7,20,26,8,0,1,0,4,1,12,481,12481,31,1973,F10YRR08863,F,1,0,Y,R,R,0,8,8,6,3,,0,0,0,Not Applicable,Not Applicable,0,0,0,1,0,0,0,0,0,0,0,40,0,0,0,12,2,5,8,0,0,0,1,4,85603,6,1,0,0,3,3,72,190,0,0,0,0,0,0,0,0,0,0,0,0,0,0,2,3,45,1,1,2,2,0,0,1,80,16,1,1,13,No Trailing Units,No Trailing Units,No Trailing Units,0,0,,,,,,,,,,,,,,,,,,,,,,,,,2016
2016040462,4,40462,1,1,1,31,7,19,37,1,0,1,0,4,1,76,734,76734,90,2004,JY4AJ11Y94C0,J,Y,4,A,J,1,1,Y,9,4,C,0,0,0,0,Not Applicable,Not Applicable,0,0,0,1,0,0,0,0,0,0,0,50,0,1,5,0,6,2,1,0,0,0,1,4,85365,6,1,0,0,3,0,68,175,0,2,1,0,0,10,2011,4,2012,4,0,0,0,0,1,2,35,1,1,5,1,0,0,1,12,99,9,4,10,No Trailing Units,No Trailing Units,No Trailing Units,1,1,,,,,,,,,,,,,,,,,,,,,,,,,2016
2016040463,4,40463,1,1,1,5,7,6,7,35,0,1,0,4,2,12,24,12024,6,2008,2FMDK36C98BA,2,F,M,D,K,3,6,C,9,8,B,A,0,0,0,Not Applicable,Not Applicable,0,0,0,1,0,0,0,0,0,0,0,50,0,1,1,98,6,2,1,0,0,0,1,4,85147,6,1,0,0,3,3,70,250,0,0,0,0,0,0,0,0,0,0,99,99,99,99,1,2,35,1,1,5,1,0,0,1,13,99,9,4,5,No Trailing Units,No Trailing Units,No Trailing Units,1,1,,,,,,,,,,,,,,,,,,,,,,,,,2016
2016040465,4,40465,1,2,5,30,7,16,5,12,6,1,0,6,2,37,31,37031,2,2008,2HGFG12618H5,2,H,G,F,G,1,2,6,1,8,H,5,0,0,0,Not Applicable,Not Applicable,0,0,0,1,0,0,0,0,0,0,0,998,0,0,0,3,6,2,12,0,0,0,1,6,92630,6,1,0,0,3,0,62,125,0,0,0,0,0,0,0,0,0,0,39,0,0,0,1,2,65,1,1,2,1,20,3,1,17,1,1,1,87,No Trailing Units,No Trailing Units,No Trailing Units,3,0,,,,,,,,,,,,,,,,,,,,,,,,,2016
2016040465,4,40465,2,2,4,30,7,16,5,12,6,1,0,6,4,20,2,20002,4,2016,2G1145S3XG91,2,G,1,1,4,5,S,3,X,G,9,1,0,0,0,Not Applicable,Not Applicable,0,0,0,1,0,0,0,0,0,0,0,998,0,0,0,12,6,2,12,0,0,0,1,96,0,9,9,99,0,9,9,999,999,99,99,99,99,99,99,9999,99,9999,0,0,0,0,0,2,4,65,1,1,2,1,0,0,1,66,99,9,3,86,No Trailing Units,No Trailing Units,No Trailing Units,0,0,,,,,,,,,,,,,,,,,,,,,,,,,2016
2016040466,4,40466,1,2,2,7,6,19,56,12,99,1,0,4,1,23,481,23481,31,1999,1GTEK19T9XE5,1,G,T,E,K,1,9,T,9,X,E,5,0,0,0,Not Applicable,Not Applicable,0,0,0,1,0,0,0,0,0,0,0,15,0,0,0,98,6,2,12,0,0,0,1,4,85204,6,1,0,0,3,3,64,130,0,0,0,0,0,0,0,0,0,0,38,0,0,0,5,5,45,1,1,8,1,0,0,11,15,99,9,3,68,No Trailing Units,No Trailing Units,No Trailing Units,1,0,,,,,,,,,,,,,,,,,,,,,,,,,2016
2016040466,4,40466,2,2,3,7,6,19,56,12,99,1,0,4,2,35,51,35051,6,2013,JN8AS5MV0DW1,J,N,8,A,S,5,M,V,0,D,W,1,0,0,0,Not Applicable,Not Applicable,0,0,0,1,0,0,0,0,0,0,0,45,0,0,0,98,6,2,12,0,0,0,1,4,85202,0,0,0,0,0,0,68,150,0,1,0,0,0,4,2016,4,2016,0,91,0,0,0,5,5,45,1,1,8,1,0,0,1,62,99,9,3,69,No Trailing Units,No Trailing Units,No Trailing Units,0,1,,,,,,,,,,,,,,,,,,,,,,,,,2016
2016040467,4,40467,1,1,1,23,2,0,25,99,99,1,0,99,9,99,999,99999,99,9999,Unknown,9,9,9,9,9,9,9,9,9,9,9,9,0,0,0,Not Applicable,Not Applicable,0,0,0,1,0,0,0,0,0,0,0,999,0,0,0,99,9,9,99,0,0,0,1,4,86505,6,1,0,0,3,3,66,219,0,2,1,0,0,11,2014,2,2015,9,99,99,99,99,2,2,99,1,9,2,99,0,0,99,99,99,9,9,99,No Trailing Units,No Trailing Units,No Trailing Units,1,1,,,,,,,,,,,,,,,,,,,,,,,,,2016
2016040468,4,40468,1,1,2,13,3,20,40,5,0,1,0,4,1,12,422,12422,15,2006,1FMPU16516LA,1,F,M,P,U,1,6,5,1,6,L,A,0,0,0,Not Applicable,Not Applicable,0,0,0,1,0,0,0,0,0,0,0,998,0,0,0,0,0,5,5,0,0,0,1,4,85193,0,0,0,0,0,0,61,183,0,0,0,0,1,4,2014,4,2014,0,0,0,0,0,1,2,98,1,1,8,1,0,0,1,98,99,9,3,0,No Trailing Units,No Trailing Units,No Trailing Units,1,0,,,,,,,,,,,,,,,,,,,,,,,,,2016
2016040469,4,40469,1,1,1,14,6,21,0,8,0,1,0,4,1,59,403,59403,14,2012,2T2ZK1BA9CC0,2,T,2,Z,K,1,B,A,9,C,C,0,0,0,0,Not Applicable,Not Applicable,0,0,0,1,0,0,0,0,0,0,0,40,0,0,0,12,6,2,8,0,0,0,1,4,85225,6,1,0,0,3,1,63,120,0,0,0,0,0,0,0,0,0,0,86,0,0,0,5,5,45,1,1,8,1,0,0,1,80,6,1,2,13,No Trailing Units,No Trailing Units,No Trailing Units,0,0,,,,,,,,,,,,,,,,,,,,,,,,,2016
2016040470,4,40470,1,1,4,25,6,99,99,99,99,1,0,99,9,99,999,99999,99,9999,Unknown,9,9,9,9,9,9,9,9,9,9,9,9,0,0,0,Not Applicable,Not Applicable,0,0,0,1,0,0,0,0,0,0,0,999,0,0,0,99,9,9,99,0,0,0,1,4,85363,6,1,0,0,3,3,59,138,0,0,0,0,0,0,0,0,0,9,99,99,99,99,9,9,99,9,9,9,99,99,9,99,99,99,9,9,99,No Trailing Units,No Trailing Units,No Trailing Units,1,0,,,,,,,,,,,,,,,,,,,,,,,,,2016
2016040471,4,40471,1,1,1,15,7,23,16,35,0,1,0,26,1,7,402,7402,14,1998,1B4HS28Y7WF2,1,B,4,H,S,2,8,Y,7,W,F,2,0,0,0,Not Applicable,Not Applicable,0,0,0,1,0,0,0,0,0,0,0,998,0,1,5,62,6,2,1,0,0,1,1,12,32808,2,1,0,0,2,0,66,160,0,3,1,1,0,5,2012,12,2015,4,0,0,0,0,1,2,0,2,6,5,1,0,0,14,12,99,9,4,6,No Trailing Units,No Trailing Units,No Trailing Units,1,0,,,,,,,,,,,,,,,,,,,,,,,,,2016
2016040473,4,40473,1,1,1,4,7,20,24,8,0,1,1,4,1,7,482,7482,31,2005,1D7HA16K85J6,1,D,7,H,A,1,6,K,8,5,J,6,0,0,0,Not Applicable,Not Applicable,0,0,0,1,0,0,0,0,0,0,0,998,0,0,0,12,4,5,8,0,0,0,1,4,86413,6,1,0,0,3,0,72,155,0,3,1,0,0,1,2012,10,2015,0,89,33,0,0,6,1,55,1,5,2,1,98,3,6,12,1,1,4,6,No Trailing Units,No Trailing Units,No Trailing Units,0,1,,,,,,,,,,,,,,,,,,,,,,,,,2016
2016040474,4,40474,1,1,5,6,7,10,28,38,0,1,0,4,3,12,461,12461,21,1999,1FBSS31S5XHB,1,F,B,S,S,3,1,S,5,X,H,B,0,0,0,Not Applicable,Not Applicable,0,0,0,1,0,0,0,0,7,3,0,75,0,1,5,98,6,2,1,0,0,0,1,4,85706,6,1,6,1,3,0,62,181,0,7,0,0,0,8,2012,3,2016,5,91,0,0,0,2,2,75,1,1,2,1,0,0,1,12,99,9,4,2,No Trailing Units,No Trailing Units,No Trailing Units,1,0,,,,,,,,,,,,,,,,,,,,,,,,,2016
2016040475,4,40475,1,1,2,14,7,14,15,1,0,1,0,4,2,12,401,12401,14,1996,1FMDU32X9TZB,1,F,M,D,U,3,2,X,9,T,Z,B,0,0,0,Not Applicable,Not Applicable,0,0,0,1,0,0,0,0,0,0,0,998,0,1,2,0,6,2,1,0,0,0,1,4,85736,6,1,0,0,3,0,66,160,0,2,0,1,0,9,2011,7,2015,0,80,0,0,0,2,3,75,1,1,2,1,0,0,1,1,99,9,4,98,No Trailing Units,No Trailing Units,No Trailing Units,1,0,,,,,,,,,,,,,,,,,,,,,,,,,2016