accident_id,STATE,ST_CASE,VEH_NO,VE_FORMS,NUMOCCS,DAY,MONTH,HOUR,MINUTE,HARM_EV,MAN_COLL,UNITTYPE,HIT_RUN,REG_STAT,OWNER,MAKE,MODEL,MAK_MOD,BODY_TYP,MOD_YEAR,VIN,VIN_1,VIN_2,VIN_3,VIN_4,VIN_5,VIN_6,VIN_7,VIN_8,VIN_9,VIN_10,VIN_11,VIN_12,TOW_VEH,J_KNIFE,MCARR_I1,MCARR_I2,MCARR_ID,GVWR,V_CONFIG,CARGO_BT,HAZ_INV,HAZ_PLAC,HAZ_ID,HAZ_CNO,HAZ_REL,BUS_USE,SPEC_USE,EMER_USE,TRAV_SP,UNDERIDE,ROLLOVER,ROLINLOC,IMPACT1,DEFORMED,TOWED,M_HARM,VEH_SC1,VEH_SC2,FIRE_EXP,DR_PRES,L_STATE,DR_ZIP,L_STATUS,L_TYPE,CDL_STAT,L_ENDORS,L_COMPL,L_RESTRI,DR_HGT,DR_WGT,PREV_ACC,PREV_SUS,PREV_DWI,PREV_SPD,PREV_OTH,FIRST_MO,FIRST_YR,LAST_MO,LAST_YR,SPEEDREL,DR_SF1,DR_SF2,DR_SF3,DR_SF4,VTRAFWAY,VNUM_LAN,VSPD_LIM,VALIGN,VPROFILE,VPAVETYP,VSURCOND,VTRAFCON,VTCONT_F,P_CRASH1,P_CRASH2,P_CRASH3,PCRASH4,PCRASH5,ACC_TYPE,TRLR1VIN,TRLR2VIN,TRLR3VIN,DEATHS,DR_DRINK,VINTYPE,VINMAKE,VINA_MOD,VIN_BT,VINMODYR,VIN_LNGT,VIN_WGT,WGTCD_TR,WHLBS_LG,WHLBS_SH,SER_TR,FUELCODE,MCYCL_DS,CARBUR,CYLINDER,DISPLACE,MCYCL_CY,MCYCL_WT,TIRE_SZE,TON_RAT,TRK_WT,TRKWTVAR,VIN_REST,WHLDRWHL,Year
2016040476,4,40476,1,1,7,26,7,3,22,1,0,1,0,4,2,20,401,20401,14,2004,1GNET16S0462,1,G,N,E,T,1,6,S,0,4,6,2,0,0,0,Not Applicable,Not Applicable,0,0,0,1,0,0,0,0,0,0,0,998,0,1,3,0,6,2,1,0,0,0,1,4,85037,6,1,0,0,3,0,67,180,0,0,0,0,0,0,0,0,0,4,0,0,0,0,2,2,75,1,1,2,1,0,0,1,12,99,9,4,10,No Trailing Units,No Trailing Units,No Trailing Units,3,0,,,,,,,,,,,,,,,,,,,,,,,,,2016
2016040477,4,40477,1,2,1,2,7,2,24,12,6,1,0,4,2,12,481,12481,31,2010,1FTMF1C80AKC,1,F,T,M,F,1,C,8,0,A,K,C,0,0,0,Not Applicable,Not Applicable,0,0,0,1,0,0,0,0,0,0,0,998,0,1,1,63,4,3,12,0,0,0,1,4,85301,0,0,0,0,0,0,60,147,0,1,0,0,0,8,2014,8,2014,0,39,91,0,0,5,2,25,1,1,2,1,20,3,1,17,99,1,1,89,No Trailing Units,No Trailing Units,No Trailing Units,0,1,,,,,,,,,,,,,,,,,,,,,,,,,2016
2016040477,4,40477,2,2,1,2,7,2,24,12,6,1,0,4,1,72,706,72706,80,2015,1HD1GYM17FC3,1,H,D,1,G,Y,M,1,7,F,C,3,0,0,0,Not Applicable,Not Applicable,0,0,0,1,0,0,0,0,0,0,0,998,0,0,0,12,6,2,12,0,0,0,1,4,85303,6,1,0,0,2,0,73,165,0,1,0,1,2,6,2014,1,2015,0,0,0,0,0,5,7,40,1,1,2,1,0,0,1,66,99,1,1,88,No Trailing Units,No Trailing Units,No Trailing Units,1,0,,,,,,,,,,,,,,,,,,,,,,,,,2016
2016040478,4,40478,1,1,1,2,7,13,52,8,0,1,0,4,2,7,482,7482,31,2000,1B7KF23W4YJ1,1,B,7,K,F,2,3,W,4,Y,J,1,0,0,0,Not Applicable,Not Applicable,0,0,0,1,0,0,0,0,0,0,0,10,0,0,0,12,2,5,8,0,0,0,1,4,86046,6,1,0,0,3,0,72,250,0,0,0,0,0,0,0,0,0,0,0,0,0,0,1,2,25,1,1,2,1,20,3,1,80,16,1,1,13,No Trailing Units,No Trailing Units,No Trailing Units,0,0,,,,,,,,,,,,,,,,,,,,,,,,,2016
2016040479,4,40479,1,1,2,3,7,21,26,1,0,1,0,4,2,12,422,12422,15,2004,1FMPU17LX4LA,1,F,M,P,U,1,7,L,X,4,L,A,0,0,0,Not Applicable,Not Applicable,0,0,0,1,0,0,0,0,0,0,0,998,0,1,5,0,6,2,1,0,0,0,1,4,85634,6,1,0,0,3,0,69,275,0,0,0,0,0,0,0,0,0,4,80,0,0,0,1,2,45,1,1,2,1,0,0,1,1,99,9,4,2,No Trailing Units,No Trailing Units,No Trailing Units,1,0,,,,,,,,,,,,,,,,,,,,,,,,,2016
2016040480,4,40480,1,1,1,3,7,2,6,17,0,1,0,4,2,49,40,49040,4,2015,4T1BF1FK1FU0,4,T,1,B,F,1,F,K,1,F,U,0,0,0,0,Not Applicable,Not Applicable,0,0,0,1,0,0,0,0,0,0,0,49,0,1,9,12,6,2,2,0,0,1,1,4,85396,6,1,0,0,3,3,76,245,0,0,0,0,0,0,0,0,0,4,0,0,0,0,1,2,30,1,1,4,1,0,0,1,14,99,9,4,14,No Trailing Units,No Trailing Units,No Trailing Units,1,1,,,,,,,,,,,,,,,,,,,,,,,,,2016
2016040481,4,40481,1,2,3,3,7,19,0,12,99,1,0,99,9,99,999,99999,99,9999,Unknown,9,9,9,9,9,9,9,9,9,9,9,9,0,0,0,Not Applicable,Not Applicable,0,0,0,1,0,0,0,0,0,0,0,999,0,0,0,99,9,9,12,0,0,0,1,99,99999,9,9,99,0,9,9,999,999,99,99,99,99,99,99,9999,99,9999,9,99,99,99,99,9,9,99,9,9,9,99,99,9,99,99,99,9,9,99,No Trailing Units,No Trailing Units,No Trailing Units,2,0,,,,,,,,,,,,,,,,,,,,,,,,,2016
2016040481,4,40481,2,2,1,3,7,19,0,12,99,1,0,99,9,99,999,99999,99,9999,Unknown,9,9,9,9,9,9,9,9,9,9,9,9,0,0,0,Not Applicable,Not Applicable,0,0,0,1,0,0,0,0,0,0,0,999,0,0,0,99,9,9,12,0,0,0,1,99,99999,9,9,99,0,9,9,999,999,99,99,99,99,99,99,9999,99,9999,9,99,99,99,99,9,9,99,9,9,9,99,99,9,99,99,99,9,9,99,No Trailing Units,No Trailing Units,No Trailing Units,0,0,,,,,,,,,,,,,,,,,,,,,,,,,2016
2016040482,4,40482,1,1,99,4,7,99,99,99,99,1,0,99,9,99,999,99999,99,9999,Unknown,9,9,9,9,9,9,9,9,9,9,9,9,0,0,0,Not Applicable,Not Applicable,0,0,0,1,0,0,0,0,0,0,0,999,0,0,0,99,9,9,99,0,0,0,1,4,85365,6,1,0,0,3,0,66,180,0,0,0,0,0,0,0,0,0,9,99,99,99,99,9,9,99,9,9,9,99,99,9,99,99,99,9,9,99,No Trailing Units,No Trailing Units,No Trailing Units,1,0,,,,,,,,,,,,,,,,,,,,,,,,,2016
2016040483,4,40483,1,1,1,14,7,1,22,33,0,1,0,4,1,23,471,23471,30,2000,1GTCS19W3Y82,1,G,T,C,S,1,9,W,3,Y,8,2,0,0,0,Not Applicable,Not Applicable,0,0,0,1,0,0,0,0,0,0,0,998,0,1,6,62,6,2,38,0,0,0,1,4,85286,6,1,0,0,3,0,68,125,1,2,0,4,3,8,2011,2,2016,9,99,99,99,99,2,2,45,1,1,2,1,0,0,1,12,99,9,4,6,No Trailing Units,No Trailing Units,No Trailing Units,1,1,,,,,,,,,,,,,,,,,,,,,,,,,2016
2016040484,4,40484,1,1,99,16,7,14,1,1,0,1,0,99,9,99,999,99999,99,9999,Unknown,9,9,9,9,9,9,9,9,9,9,9,9,0,0,0,Not Applicable,Not Applicable,0,0,0,1,0,0,0,0,0,0,0,999,0,9,9,0,9,9,99,0,0,0,1,4,86043,6,1,0,0,3,3,66,220,0,1,0,1,0,10,2012,1,2013,9,99,99,99,99,1,2,99,1,9,2,99,0,0,99,99,99,9,9,99,No Trailing Units,No Trailing Units,No Trailing Units,1,0,,,,,,,,,,,,,,,,,,,,,,,,,2016
2016040485,4,40485,1,2,1,17,7,17,43,12,1,1,0,6,4,7,482,7482,31,2016,1C6RR6GT6GS2,1,C,6,R,R,6,G,T,6,G,S,2,0,0,0,Not Applicable,Not Applicable,0,0,0,1,0,0,0,0,0,0,0,71,7,0,0,12,6,2,12,0,0,0,1,4,85396,6,1,0,0,3,0,72,169,0,0,0,0,0,0,0,0,0,4,39,91,0,0,1,2,45,1,1,2,1,20,3,1,51,1,1,1,32,No Trailing Units,No Trailing Units,No Trailing Units,0,0,,,,,,,,,,,,,,,,,,,,,,,,,2016
2016040485,4,40485,2,2,2,17,7,17,43,12,1,1,0,4,2,35,43,35043,4,2016,3N1AB7AP6GY2,3,N,1,A,B,7,A,P,6,G,Y,2,0,0,0,Not Applicable,Not Applicable,0,0,0,1,0,0,0,0,0,0,0,3,0,0,0,6,6,2,12,0,0,0,1,4,85204,6,1,0,0,3,0,65,162,0,0,0,1,0,5,2016,5,2016,0,0,0,0,0,1,2,45,1,1,2,1,20,3,3,53,99,1,1,32,No Trailing Units,No Trailing Units,No Trailing Units,1,0,,,,,,,,,,,,,,,,,,,,,,,,,2016
2016040486,4,40486,1,1,1,1,8,2,42,8,0,1,0,6,3,82,881,82881,66,1999,1FUYDZYB9XL9,1,F,U,Y,D,Z,Y,B,9,X,L,9,1,1,57,0218275,570218275,3,6,1,1,0,0,0,0,0,0,0,73,0,0,0,12,2,5,8,0,0,0,1,6,92311,6,1,6,0,3,0,65,247,1,0,0,0,0,4,2014,4,2014,0,0,0,0,0,2,2,75,1,1,2,1,0,0,1,80,1,1,1,13,1UYVS25316P6,No Trailing Units,No Trailing Units,0,0,,,,,,,,,,,,,,,,,,,,,,,,,2016
2016040487,4,40487,1,1,1,1,8,6,50,35,0,1,0,6,1,63,34,63034,4,2002,KNAGD1280251,K,N,A,G,D,1,2,8,0,2,5,1,0,0,0,Not Applicable,Not Applicable,0,0,0,1,0,0,0,0,0,0,0,92,0,1,5,98,6,2,1,0,0,0,1,6,91739,6,1,0,0,3,0,65,112,0,0,0,0,0,0,0,0,0,3,99,99,99,99,1,2,50,1,4,2,1,0,0,1,13,99,3,4,2,No Trailing Units,No Trailing Units,No Trailing Units,1,0,,,,,,,,,,,,,,,,,,,,,,,,,2016
2016040488,4,40488,1,2,4,1,8,13,53,12,6,1,0,32,1,49,32,49032,4,2015,5YFBURHE7FP2,5,Y,F,B,U,R,H,E,7,F,P,2,0,0,0,Not Applicable,Not Applicable,0,0,0,1,0,0,0,0,0,0,0,998,0,0,0,62,6,2,12,0,0,0,1,32,89130,6,1,0,0,3,3,60,159,0,0,0,0,0,0,0,0,0,0,38,0,0,0,1,3,65,1,1,2,1,20,3,11,15,99,9,3,82,No Trailing Units,No Trailing Units,No Trailing Units,1,0,,,,,,,,,,,,,,,,,,,,,,,,,2016
2016040488,4,40488,2,2,13,1,8,13,53,12,6,1,0,53,3,12,461,12461,21,2002,1FBSS31S02HA,1,F,B,S,S,3,1,S,0,2,H,A,0,0,0,Not Applicable,Not Applicable,0,0,0,1,0,0,0,0,0,0,0,998,0,0,0,12,6,2,12,0,0,0,1,17,61944,6,1,0,0,3,3,67,125,0,0,0,0,0,0,0,0,0,0,0,0,0,0,1,4,65,1,1,2,1,0,0,1,67,9,1,1,83,No Trailing Units,No Trailing Units,No Trailing Units,0,0,,,,,,,,,,,,,,,,,,,,,,,,,2016
2016040489,4,40489,1,1,1,2,8,21,42,8,0,1,1,4,2,2,404,2404,14,1995,1J4GZ78Y9SC7,1,J,4,G,Z,7,8,Y,9,S,C,7,0,0,0,Not Applicable,Not Applicable,0,0,0,1,0,0,0,0,0,0,0,10,0,0,0,82,2,5,8,0,0,0,1,4,85208,1,1,0,0,2,0,71,160,1,10,1,0,1,6,2014,1,2016,0,35,0,0,0,1,2,25,1,1,8,1,0,0,1,82,99,9,9,13,No Trailing Units,No Trailing Units,No Trailing Units,0,0,,,,,,,,,,,,,,,,,,,,,,,,,2016
2016040490,4,40490,1,2,2,3,8,10,38,12,6,1,0,4,1,37,32,37032,4,2006,1HGCM66886A0,1,H,G,C,M,6,6,8,8,6,A,0,0,0,0,Not Applicable,Not Applicable,0,0,0,1,0,0,0,0,0,0,0,38,0,0,0,3,6,2,12,0,0,0,1,4,85207,6,1,0,0,3,0,59,114,0,0,0,0,0,0,0,0,0,0,39,91,0,0,2,5,45,1,1,1,1,2,3,1,17,99,1,1,87,No Trailing Units,No Trailing Units,No Trailing Units,1,0,,,,,,,,,,,,,,,,,,,,,,,,,2016
2016040490,4,40490,2,2,1,3,8,10,38,12,6,1,0,4,1,49,49,49049,6,2010,JTLZE4FE9A11,J,T,L,Z,E,4,F,E,9,A,1,1,0,0,0,Not Applicable,Not Applicable,0,0,0,1,0,0,0,0,0,0,0,42,0,0,0,12,6,2,12,0,0,0,1,4,85282,6,1,0,0,3,0,66,140,0,0,0,0,0,0,0,0,0,0,0,0,0,0,4,4,45,1,1,1,1,2,3,1,66,1,1,1,86,No Trailing Units,No Trailing Units,No Trailing Units,0,0,,,,,,,,,,,,,,,,,,,,,,,,,2016
2016040491,4,40491,1,3,2,3,8,13,20,12,6,1,0,4,2,20,443,20443,20,2004,1GNDX03E04D2,1,G,N,D,X,0,3,E,0,4,D,2,0,0,0,Not Applicable,Not Applicable,0,0,0,1,0,0,0,0,0,0,0,998,0,0,0,83,6,2,12,0,0,0,1,4,86503,0,0,0,0,0,0,73,160,0,0,0,0,0,0,0,0,0,4,0,0,0,0,1,2,65,1,1,2,1,0,0,1,6,99,9,6,66,No Trailing Units,No Trailing Units,No Trailing Units,2,1,,,,,,,,,,,,,,,,,,,,,,,,,2016
2016040491,4,40491,2,3,1,3,8,13,20,12,6,1,0,4,3,20,481,20481,31,2002,1GCEC14VX2Z2,1,G,C,E,C,1,4,V,X,2,Z,2,0,0,0,Not Applicable,Not Applicable,0,0,0,1,0,0,0,0,0,0,0,998,0,1,1,12,6,2,12,0,0,0,1,4,86503,6,1,0,0,3,3,69,185,0,2,0,0,0,4,2012,5,2012,0,0,0,0,0,1,2,65,1,1,2,1,0,0,1,62,99,9,3,66,No Trailing Units,No Trailing Units,No Trailing Units,0,0,,,,,,,,,,,,,,,,,,,,,,,,,2016
2016040491,4,40491,3,3,2,3,8,13,20,12,6,1,0,4,1,7,482,7482,31,2005,1D7HU18D05S2,1,D,7,H,U,1,8,D,0,5,S,2,0,0,0,Not Applicable,Not Applicable,0,0,0,1,0,0,0,0,0,0,0,55,0,0,0,98,4,5,12,0,0,0,1,4,86503,6,1,0,0,3,0,74,200,0,1,0,0,0,5,2012,5,2012,0,0,0,0,0,1,2,65,1,1,2,1,0,0,1,50,16,9,1,98,No Trailing Units,No Trailing Units,No Trailing Units,0,0,,,,,,,,,,,,,,,,,,,,,,,,,2016
2016040492,4,40492,1,2,2,4,8,20,7,12,6,1,0,4,1,7,482,7482,31,2016,3C6JR6AT3GG2,3,C,6,J,R,6,A,T,3,G,G,2,0,0,0,Not Applicable,Not Applicable,0,0,0,1,0,0,0,0,0,0,0,101,0,0,0,12,6,2,12,0,0,0,1,4,85009,6,1,0,0,3,0,67,157,0,0,0,0,0,0,0,0,0,4,91,0,0,0,1,6,40,1,1,2,1,3,3,1,17,9,2,2,69,No Trailing Units,No Trailing Units,No Trailing Units,0,0,,,,,,,,,,,,,,,,,,,,,,,,,2016
2016040492,4,40492,2,2,1,4,8,20,7,12,6,1,0,4,2,30,40,30040,4,2000,3VWSA29M3YM0,3,V,W,S,A,2,9,M,3,Y,M,0,0,0,0,Not Applicable,Not Applicable,0,0,0,1,0,0,0,0,0,0,0,22,0,0,0,82,6,2,12,0,0,0,1,4,85031,1,1,0,0,2,0,67,161,1,4,0,0,2,9,2012,7,2014,0,0,0,0,0,1,6,40,1,1,2,1,3,3,11,63,99,9,3,68,No Trailing Units,No Trailing Units,No Trailing Units,1,0,,,,,,,,,,,,,,,,,,,,,,,,,2016
2016040493,4,40493,1,2,1,6,8,13,31,12,6,1,0,4,3,13,398,13398,9,2003,1LJFM81W23Y6,1,L,J,F,M,8,1,W,2,3,Y,6,0,0,0,Not Applicable,Not Applicable,0,0,0,1,0,0,0,0,0,0,0,35,0,0,0,12,6,2,12,0,0,0,1,4,85392,6,1,6,0,3,3,74,233,1,2,0,1,0,2,2015,3,2016,0,28,0,0,0,5,6,35,1,1,8,1,0,0,1,10,99,1,2,64,No Trailing Units,No Trailing Units,No Trailing Units,1,0,,,,,,,,,,,,,,,,,,,,,,,,,2016
2016040493,4,40493,2,2,2,6,8,13,31,12,6,1,0,4,1,12,481,12481,31,2008,1FTSW21Y58EB,1,F,T,S,W,2,1,Y,5,8,E,B,0,0,0,Not Applicable,Not Applicable,0,0,0,1,0,0,0,0,0,0,0,30,0,0,0,11,6,2,12,0,0,0,1,4,86001,6,1,0,0,3,3,69,180,0,0,0,0,0,0,0,0,0,0,0,0,0,0,5,6,35,1,1,8,1,0,0,1,62,1,1,1,65,No Trailing Units,No Trailing Units,No Trailing Units,0,0,,,,,,,,,,,,,,,,,,,,,,,,,2016
2016040494,4,40494,1,1,2,7,8,17,6,1,0,1,0,4,2,2,404,2404,14,1995,1J4FJ68S8SL6,1,J,4,F,J,6,8,S,8,S,L,6,0,0,0,Not Applicable,Not Applicable,0,0,0,1,0,0,0,0,0,0,0,998,0,1,3,0,6,2,1,0,0,0,1,4,86004,6,1,0,0,3,0,63,105,0,0,0,0,0,0,0,0,0,4,87,0,0,0,2,2,75,1,1,2,2,0,0,1,6,99,9,4,7,No Trailing Units,No Trailing Units,No Trailing Units,1,0,,,,,,,,,,,,,,,,,,,,,,,,,2016
2016040495,4,40495,1,1,4,7,8,17,42,1,0,1,0,6,1,12,401,12401,14,2002,1FMZU63E92ZA,1,F,M,Z,U,6,3,E,9,2,Z,A,0,0,0,Not Applicable,Not Applicable,0,0,0,1,0,0,0,0,0,0,0,998,0,1,3,0,6,2,1,0,0,0,1,6,93101,6,1,0,0,3,0,66,186,0,0,0,0,0,0,0,0,0,0,80,0,0,0,2,2,75,1,1,2,1,0,0,1,1,99,9,4,7,No Trailing Units,No Trailing Units,No Trailing Units,2,0,,,,,,,,,,,,,,,,,,,,,,,,,2016
2016040496,4,40496,1,2,1,9,8,18,10,12,6,1,0,4,2,54,35,54035,4,2006,19UUA66256A0,1,9,U,U,A,6,6,2,5,6,A,0,0,0,0,Not Applicable,Not Applicable,0,0,0,1,0,0,0,0,0,0,0,45,0,0,0,12,6,2,12,0,0,0,1,4,85381,6,1,0,0,3,0,64,150,1,2,0,1,0,9,2011,8,2015,0,39,91,0,0,2,4,45,1,1,8,1,3,3,1,17,99,1,1,88,No Trailing Units,No Trailing Units,No Trailing Units,0,0,,,,,,,,,,,,,,,,,,,,,,,,,2016
2016040496,4,40496,2,2,1,9,8,18,10,12,6,1,0,4,1,49,40,49040,4,2016,4T1BF1FK8GU1,4,T,1,B,F,1,F,K,8,G,U,1,0,0,0,Not Applicable,Not Applicable,0,0,0,1,0,0,0,0,0,0,0,25,0,0,0,62,6,2,12,32,0,0,1,4,85345,6,1,0,0,3,0,61,84,0,0,0,1,0,2,2016,2,2016,0,0,0,0,0,1,3,25,1,1,8,1,3,3,1,66,99,1,1,89,No Trailing Units,No Trailing Units,No Trailing Units,1,0,,,,,,,,,,,,,,,,,,,,,,,,,2016
2016040497,4,40497,1,1,4,9,8,11,9,1,0,1,0,6,1,49,482,49482,31,2002,5TBRT34102S2,5,T,B,R,T,3,4,1,0,2,S,2,0,0,0,Not Applicable,Not Applicable,0,0,0,1,0,0,0,0,0,0,0,998,0,1,1,0,6,2,1,0,0,0,1,6,92311,1,1,0,0,2,0,75,150,0,1,1,0,1,2,2015,6,2016,4,0,0,0,0,1,4,55,1,1,2,1,0,0,1,6,6,4,6,98,No Trailing Units,No Trailing Units,No Trailing Units,2,1,,,,,,,,,,,,,,,,,,,,,,,,,2016
2016040498,4,40498,1,1,2,11,8,0,45,8,0,1,0,4,2,20,22,20022,4,2008,1G1AL58F3872,1,G,1,A,L,5,8,F,3,8,7,2,0,0,0,Not Applicable,Not Applicable,0,0,0,1,0,0,0,0,0,0,0,998,0,0,0,14,6,2,8,0,0,0,1,4,85941,6,1,0,0,3,3,64,140,0,1,0,0,1,5,2014,5,2014,0,0,0,0,0,1,2,55,1,1,2,1,0,0,1,80,1,1,1,13,No Trailing Units,No Trailing Units,No Trailing Units,0,0,,,,,,,,,,,,,,,,,,,,,,,,,2016
2016040499,4,40499,1,2,1,11,8,10,57,33,0,1,0,4,1,59,403,59403,14,2014,2T2ZK1BA6EC1,2,T,2,Z,K,1,B,A,6,E,C,1,0,0,0,Not Applicable,Not Applicable,0,0,0,1,0,0,0,0,0,0,0,50,0,1,5,82,6,2,1,0,0,0,1,4,85255,6,1,0,0,3,0,64,167,0,0,0,0,0,0,0,0,0,3,89,0,0,0,1,3,30,1,1,8,1,3,3,1,13,99,9,4,5,No Trailing Units,No Trailing Units,No Trailing Units,1,0,,,,,,,,,,,,,,,,,,,,,,,,,2016
2016040499,4,40499,2,2,1,11,8,10,57,33,0,1,0,4,2,55,401,55401,14,2013,5XYZU3LA2DG0,5,X,Y,Z,U,3,L,A,2,D,G,0,0,0,0,Not Applicable,Not Applicable,0,0,0,1,0,0,0,0,0,0,0,20,0,0,0,6,2,5,12,0,0,0,1,4,85255,6,1,0,0,3,0,70,170,0,0,0,0,0,0,0,0,0,0,89,0,0,0,1,3,30,1,1,8,1,3,3,2,61,6,9,3,98,No Trailing Units,No Trailing Units,No Trailing Units,0,0,,,,,,,,,,,,,,,,,,,,,,,,,2016
2016040500,4,40500,1,3,1,11,8,14,39,24,0,1,0,4,1,18,7,18007,4,2002,2G4WS52J6212,2,G,4,W,S,5,2,J,6,2,1,2,0,0,0,Not Applicable,Not Applicable,0,0,0,1,0,0,0,0,0,0,0,998,0,0,0,98,6,2,12,0,0,0,1,4,85730,6,1,0,0,3,1,69,140,0,0,0,0,0,0,0,0,0,5,91,0,0,0,2,2,45,1,1,2,1,0,0,1,6,99,9,4,2,No Trailing Units,No Trailing Units,No Trailing Units,0,0,,,,,,,,,,,,,,,,,,,,,,,,,2016
2016040500,4,40500,2,3,2,11,8,14,39,24,0,1,0,4,1,49,40,49040,4,2009,4T1BB46K19U0,4,T,1,B,B,4,6,K,1,9,U,0,0,0,0,Not Applicable,Not Applicable,0,0,0,1,0,0,0,0,0,0,0,45,0,0,0,13,6,2,12,32,0,0,1,4,85614,6,1,0,0,3,0,74,235,0,0,0,1,0,12,2013,12,2013,0,0,0,0,0,2,1,45,1,1,2,1,0,0,1,62,99,9,3,98,No Trailing Units,No Trailing Units,No Trailing Units,2,0,,,,,,,,,,,,,,,,,,,,,,,,,2016
2016040500,4,40500,3,3,2,11,8,14,39,24,0,1,0,4,1,35,50,35050,4,2007,3N1BC11E67L3,3,N,1,B,C,1,1,E,6,7,L,3,0,0,0,Not Applicable,Not Applicable,0,0,0,1,0,0,0,0,0,0,0,45,0,0,0,12,0,9,54,0,0,0,1,4,85706,6,1,0,0,3,0,63,150,0,0,0,0,0,0,0,0,0,0,0,0,0,0,2,1,45,1,1,2,1,0,0,1,50,98,9,9,98,No Trailing Units,No Trailing Units,No Trailing Units,0,0,,,,,,,,,,,,,,,,,,,,,,,,,2016
2016040501,4,40501,1,1,1,12,8,17,55,9,0,1,1,4,1,7,26,7026,4,2013,1C3CDZAB0DN5,1,C,3,C,D,Z,A,B,0,D,N,5,0,0,0,Not Applicable,Not Applicable,0,0,0,1,0,0,0,0,0,0,0,45,0,0,0,12,2,5,9,0,0,0,1,4,85746,6,1,0,0,3,0,67,160,0,2,1,0,0,12,2011,8,2012,0,39,91,0,0,1,4,45,1,1,2,1,3,3,1,83,99,9,3,13,No Trailing Units,No Trailing Units,No Trailing Units,0,1,,,,,,,,,,,,,,,,,,,,,,,,,2016
2016040502,4,40502,1,1,1,13,8,13,51,38,0,1,0,4,1,72,706,72706,82,2008,1HD1FC4118Y6,1,H,D,1,F,C,4,1,1,8,Y,6,0,0,0,Not Applicable,Not Applicable,0,0,0,1,0,0,0,0,0,0,0,998,0,1,5,81,6,2,1,0,0,0,1,4,86409,6,1,0,0,3,3,70,190,0,0,0,1,0,7,2013,7,2013,0,89,0,0,0,2,2,55,1,1,2,1,0,0,1,13,1,1,4,1,No Trailing Units,No Trailing Units,No Trailing Units,1,0,,,,,,,,,,,,,,,,,,,,,,,,,2016
2016040503,4,40503,1,1,1,14,8,11,14,1,0,1,0,1,1,72,709,72709,80,2001,Not Reported,8,8,8,8,8,8,8,8,8,8,8,8,0,0,0,Not Applicable,Not Applicable,0,0,0,1,0,0,0,0,0,0,0,998,0,0,0,0,6,2,1,0,0,0,1,1,35147,6,1,0,0,3,0,69,210,0,0,0,0,1,9,2015,9,2015,3,0,0,0,0,1,2,55,2,6,2,1,0,0,14,12,99,1,4,6,No Trailing Units,No Trailing Units,No Trailing Units,1,0,,,,,,,,,,,,,,,,,,,,,,,,,2016
2016040504,4,40504,1,1,2,15,8,5,42,1,0,1,0,4,1,37,705,37705,80,1981,JH2RC0117BM1,J,H,2,R,C,0,1,1,7,B,M,1,0,0,0,Not Applicable,Not Applicable,0,0,0,1,0,0,0,0,0,0,0,55,0,0,0,0,6,2,1,0,0,0,1,4,86441,6,1,0,0,3,0,71,170,0,0,0,0,0,0,0,0,0,4,0,0,0,0,1,2,55,2,1,2,1,0,0,14,12,99,9,4,10,No Trailing Units,No Trailing Units,No Trailing Units,1,0,,,,,,,,,,,,,,,,,,,,,,,,,2016
2016040505,4,40505,1,1,1,15,8,13,12,1,0,1,0,4,1,23,481,23481,31,1999,1GTGC24R5XR7,1,G,T,G,C,2,4,R,5,X,R,7,0,0,0,Not Applicable,Not Applicable,0,0,0,1,0,0,0,0,0,0,0,998,0,1,1,0,6,2,1,0,0,0,1,4,85304,6,1,0,0,3,0,72,200,0,0,0,0,1,2,2016,2,2016,0,80,0,0,0,3,4,65,1,1,2,1,0,0,1,1,99,9,2,98,No Trailing Units,No Trailing Units,No Trailing Units,1,0,,,,,,,,,,,,,,,,,,,,,,,,,2016
2016040506,4,40506,1,3,1,15,8,14,35,12,1,1,0,48,1,82,881,82881,66,2013,1FUJGLDR7DSB,1,F,U,J,G,L,D,R,7,D,S,B,1,1,57,0104309,570104309,3,6,1,1,0,0,0,0,0,0,0,998,0,0,0,12,6,2,12,0,0,0,1,48,78045,6,1,6,0,3,0,999,999,0,0,0,0,1,7,2012,7,2012,4,0,0,0,0,2,2,75,1,1,2,1,0,0,1,50,16,2,1,98,1JJV532D2GL9,No Trailing Units,No Trailing Units,0,0,,,,,,,,,,,,,,,,,,,,,,,,,2016