accident_id,STATE,ST_CASE,VEH_NO,VE_FORMS,NUMOCCS,DAY,MONTH,HOUR,MINUTE,HARM_EV,MAN_COLL,UNITTYPE,HIT_RUN,REG_STAT,OWNER,MAKE,MODEL,MAK_MOD,BODY_TYP,MOD_YEAR,VIN,VIN_1,VIN_2,VIN_3,VIN_4,VIN_5,VIN_6,VIN_7,VIN_8,VIN_9,VIN_10,VIN_11,VIN_12,TOW_VEH,J_KNIFE,MCARR_I1,MCARR_I2,MCARR_ID,GVWR,V_CONFIG,CARGO_BT,HAZ_INV,HAZ_PLAC,HAZ_ID,HAZ_CNO,HAZ_REL,BUS_USE,SPEC_USE,EMER_USE,TRAV_SP,UNDERIDE,ROLLOVER,ROLINLOC,IMPACT1,DEFORMED,TOWED,M_HARM,VEH_SC1,VEH_SC2,FIRE_EXP,DR_PRES,L_STATE,DR_ZIP,L_STATUS,L_TYPE,CDL_STAT,L_ENDORS,L_COMPL,L_RESTRI,DR_HGT,DR_WGT,PREV_ACC,PREV_SUS,PREV_DWI,PREV_SPD,PREV_OTH,FIRST_MO,FIRST_YR,LAST_MO,LAST_YR,SPEEDREL,DR_SF1,DR_SF2,DR_SF3,DR_SF4,VTRAFWAY,VNUM_LAN,VSPD_LIM,VALIGN,VPROFILE,VPAVETYP,VSURCOND,VTRAFCON,VTCONT_F,P_CRASH1,P_CRASH2,P_CRASH3,PCRASH4,PCRASH5,ACC_TYPE,TRLR1VIN,TRLR2VIN,TRLR3VIN,DEATHS,DR_DRINK,VINTYPE,VINMAKE,VINA_MOD,VIN_BT,VINMODYR,VIN_LNGT,VIN_WGT,WGTCD_TR,WHLBS_LG,WHLBS_SH,SER_TR,FUELCODE,MCYCL_DS,CARBUR,CYLINDER,DISPLACE,MCYCL_CY,MCYCL_WT,TIRE_SZE,TON_RAT,TRK_WT,TRKWTVAR,VIN_REST,WHLDRWHL,Year
2016040506,4,40506,2,3,1,15,8,14,35,12,1,1,0,4,1,48,45,48045,6,2014,4S4BRBCC8E33,4,S,4,B,R,B,C,C,8,E,3,3,0,0,0,Not Applicable,Not Applicable,0,0,0,1,0,0,0,0,0,0,0,998,0,0,0,12,6,2,12,0,0,0,1,4,85340,6,1,0,0,3,0,70,198,0,0,0,0,0,0,0,0,0,4,89,0,0,0,2,2,75,1,1,2,1,0,0,1,50,99,9,1,20,No Trailing Units,No Trailing Units,No Trailing Units,1,0,,,,,,,,,,,,,,,,,,,,,,,,,2016
2016040506,4,40506,3,3,1,15,8,14,35,12,1,1,0,18,3,82,881,82881,66,2010,1FUBGADV5ASA,1,F,U,B,G,A,D,V,5,A,S,A,2,1,57,0024182,570024182,3,7,1,1,0,0,0,0,0,0,0,0,0,0,0,6,2,5,12,0,0,0,1,4,85392,6,1,6,1,3,0,72,300,0,1,0,1,0,12,2012,4,2013,0,0,0,0,0,2,2,75,1,1,2,1,0,0,5,53,1,1,1,21,Not Reported,1RZ1KA1A5J10,No Trailing Units,0,0,,,,,,,,,,,,,,,,,,,,,,,,,2016
2016040507,4,40507,1,1,2,21,8,4,0,1,0,1,0,4,2,12,401,12401,14,1994,1FMDU34X3RUA,1,F,M,D,U,3,4,X,3,R,U,A,0,0,0,Not Applicable,Not Applicable,0,0,0,1,0,0,0,0,0,0,0,998,0,1,1,0,6,2,1,0,0,0,1,4,86001,6,1,0,0,3,0,63,180,0,0,0,0,0,0,0,0,0,4,89,0,0,0,1,2,65,1,5,2,1,0,0,1,13,6,9,6,98,No Trailing Units,No Trailing Units,No Trailing Units,1,0,,,,,,,,,,,,,,,,,,,,,,,,,2016
2016040508,4,40508,1,4,1,22,8,12,32,12,7,1,0,4,1,49,472,49472,30,2009,5TEUU42N79Z6,5,T,E,U,U,4,2,N,7,9,Z,6,0,0,0,Not Applicable,Not Applicable,0,0,0,1,0,0,0,0,0,0,0,45,0,0,0,82,6,2,12,0,0,0,1,4,85541,6,1,0,0,3,0,67,150,0,0,0,0,0,0,0,0,0,4,0,0,0,0,2,4,45,1,1,2,1,3,3,15,11,99,9,2,46,No Trailing Units,No Trailing Units,No Trailing Units,1,0,,,,,,,,,,,,,,,,,,,,,,,,,2016
2016040508,4,40508,2,4,1,22,8,12,32,12,7,1,0,4,1,38,421,38421,15,2003,4NUES16P0361,4,N,U,E,S,1,6,P,0,3,6,1,0,0,0,Not Applicable,Not Applicable,0,0,0,1,0,0,0,0,0,0,0,5,0,0,0,9,6,2,12,0,0,0,1,4,85541,6,1,0,0,3,0,65,127,0,0,0,0,0,0,0,0,0,0,0,0,0,0,2,4,45,1,1,2,1,3,3,3,60,99,9,1,45,No Trailing Units,No Trailing Units,No Trailing Units,0,0,,,,,,,,,,,,,,,,,,,,,,,,,2016
2016040508,4,40508,3,4,1,22,8,12,32,12,7,1,0,4,1,49,401,49401,14,2002,JT3GN86R3202,J,T,3,G,N,8,6,R,3,2,0,2,0,0,0,Not Applicable,Not Applicable,0,0,0,1,0,0,0,0,0,0,0,0,0,0,0,6,6,2,12,0,0,0,1,4,85541,6,1,0,0,3,0,67,152,0,0,0,0,0,0,0,0,0,0,0,0,0,0,2,4,45,1,1,2,1,3,3,5,53,1,1,1,98,No Trailing Units,No Trailing Units,No Trailing Units,0,0,,,,,,,,,,,,,,,,,,,,,,,,,2016
2016040508,4,40508,4,4,1,22,8,12,32,12,7,1,0,4,1,23,472,23472,30,2010,1GTJTCDEXA81,1,G,T,J,T,C,D,E,X,A,8,1,0,0,0,Not Applicable,Not Applicable,0,0,0,1,0,0,0,0,0,0,0,15,0,0,0,6,2,5,12,0,0,0,1,4,85541,6,1,0,0,3,0,64,118,0,0,0,1,0,3,2012,3,2012,0,0,0,0,0,2,4,45,1,1,2,1,3,3,3,53,10,1,1,98,No Trailing Units,No Trailing Units,No Trailing Units,0,0,,,,,,,,,,,,,,,,,,,,,,,,,2016
2016040509,4,40509,1,1,1,22,8,22,44,20,0,1,0,4,1,35,50,35050,4,2015,3N1CN7AP9FL8,3,N,1,C,N,7,A,P,9,F,L,8,0,0,0,Not Applicable,Not Applicable,0,0,0,1,0,0,0,0,0,0,0,998,0,0,0,12,6,2,20,0,0,0,1,4,85302,6,1,0,0,3,0,64,105,0,0,0,1,0,8,2014,8,2014,0,0,0,0,0,3,5,65,1,1,2,1,0,0,1,19,99,9,4,99,No Trailing Units,No Trailing Units,No Trailing Units,1,1,,,,,,,,,,,,,,,,,,,,,,,,,2016
2016040510,4,40510,1,3,1,23,8,11,14,12,6,1,0,4,1,76,706,76706,80,2005,JYARP07E85A0,J,Y,A,R,P,0,7,E,8,5,A,0,0,0,0,Not Applicable,Not Applicable,0,0,0,1,0,0,0,0,0,0,0,100,0,0,0,12,6,2,12,0,0,0,1,4,85210,6,1,0,0,3,0,72,165,0,2,0,0,1,10,2014,6,2016,4,39,89,0,0,2,5,40,1,1,2,1,3,3,1,17,99,9,3,86,No Trailing Units,No Trailing Units,No Trailing Units,1,0,,,,,,,,,,,,,,,,,,,,,,,,,2016
2016040510,4,40510,2,3,1,23,8,11,14,12,6,1,0,4,1,20,421,20421,15,2002,1GNCT18W72K1,1,G,N,C,T,1,8,W,7,2,K,1,0,0,0,Not Applicable,Not Applicable,0,0,0,1,0,0,0,0,0,0,0,40,0,0,0,83,4,5,12,0,0,0,1,4,85205,6,1,0,0,3,3,66,130,0,0,0,0,0,0,0,0,0,0,89,0,0,0,2,5,40,1,1,2,1,3,3,1,66,99,9,3,87,No Trailing Units,No Trailing Units,No Trailing Units,0,0,,,,,,,,,,,,,,,,,,,,,,,,,2016
2016040510,4,40510,3,3,1,23,8,11,14,12,6,1,0,4,1,6,52,6052,6,2001,3C8FY4BB51T6,3,C,8,F,Y,4,B,B,5,1,T,6,0,0,0,Not Applicable,Not Applicable,0,0,0,1,0,0,0,0,0,0,0,10,0,0,0,9,2,5,54,0,0,0,1,4,85206,6,1,0,0,3,0,68,220,0,0,0,1,0,1,2015,1,2015,0,0,0,0,0,1,6,40,1,1,2,1,3,3,1,98,99,9,3,98,No Trailing Units,No Trailing Units,No Trailing Units,0,0,,,,,,,,,,,,,,,,,,,,,,,,,2016
2016040511,4,40511,1,1,1,23,8,16,57,1,0,1,0,4,2,20,421,20421,15,1999,1GNEK13R5XJ4,1,G,N,E,K,1,3,R,5,X,J,4,0,0,0,Not Applicable,Not Applicable,0,0,0,1,0,0,0,0,0,0,0,998,0,1,5,0,6,2,1,0,0,0,1,4,86401,1,1,0,0,2,0,62,135,1,3,0,1,0,5,2014,4,2016,4,12,0,0,0,2,2,65,1,1,2,1,0,0,1,6,7,9,4,2,No Trailing Units,No Trailing Units,No Trailing Units,1,0,,,,,,,,,,,,,,,,,,,,,,,,,2016
2016040512,4,40512,1,2,1,24,8,21,40,12,1,1,0,4,2,63,401,63401,14,2013,KNDPB3A29D74,K,N,D,P,B,3,A,2,9,D,7,4,0,0,0,Not Applicable,Not Applicable,0,0,0,1,0,0,0,0,0,0,0,65,0,0,0,12,6,2,12,0,0,0,1,4,85379,6,1,0,0,3,0,70,245,0,7,1,4,1,12,2012,4,2015,4,0,0,0,0,2,2,65,1,1,2,1,0,0,1,51,99,1,1,24,No Trailing Units,No Trailing Units,No Trailing Units,1,0,,,,,,,,,,,,,,,,,,,,,,,,,2016
2016040512,4,40512,2,2,1,24,8,21,40,12,1,1,0,4,1,12,401,12401,14,1999,1FMZU32X0XZA,1,F,M,Z,U,3,2,X,0,X,Z,A,0,0,0,Not Applicable,Not Applicable,0,0,0,1,0,0,0,0,0,0,0,30,0,1,3,6,6,2,12,0,0,0,1,4,86326,6,1,0,0,3,0,66,125,0,0,0,0,0,0,0,0,0,0,53,0,0,0,2,2,65,1,1,2,1,0,0,1,53,99,1,1,25,No Trailing Units,No Trailing Units,No Trailing Units,0,0,,,,,,,,,,,,,,,,,,,,,,,,,2016
2016040513,4,40513,1,2,1,24,8,22,9,12,2,1,0,4,2,22,2,22002,4,1990,1G2HY54C8L12,1,G,2,H,Y,5,4,C,8,L,1,2,0,0,0,Not Applicable,Not Applicable,0,0,0,1,0,0,0,0,0,0,0,998,0,0,0,12,6,2,12,0,0,0,1,4,86413,6,1,0,0,3,0,69,180,0,0,0,0,0,0,0,0,0,0,28,89,23,0,5,5,55,1,1,2,1,0,0,1,10,99,1,2,50,No Trailing Units,No Trailing Units,No Trailing Units,1,1,,,,,,,,,,,,,,,,,,,,,,,,,2016
2016040513,4,40513,2,2,1,24,8,22,9,12,2,1,0,4,1,12,4,12004,2,1992,1FAPP64R4NH1,1,F,A,P,P,6,4,R,4,N,H,1,0,0,0,Not Applicable,Not Applicable,0,0,0,1,0,0,0,0,0,0,0,998,0,0,0,12,6,2,12,0,0,0,1,4,86413,0,0,0,0,0,0,70,162,0,0,0,0,0,0,0,0,0,0,0,0,0,0,5,5,55,1,1,2,1,0,0,1,62,99,9,3,51,No Trailing Units,No Trailing Units,No Trailing Units,0,0,,,,,,,,,,,,,,,,,,,,,,,,,2016
2016040514,4,40514,1,1,1,26,8,23,12,73,0,1,0,8,2,72,706,72706,80,2014,1HD1VAM11EC3,1,H,D,1,V,A,M,1,1,E,C,3,0,0,0,Not Applicable,Not Applicable,0,0,0,1,0,0,0,0,0,0,0,75,0,0,0,12,2,5,5,0,0,0,1,8,80134,6,1,0,0,3,0,68,198,1,0,0,3,2,3,2012,4,2016,0,81,0,0,0,2,2,75,1,1,2,1,0,0,1,90,99,1,1,12,No Trailing Units,No Trailing Units,No Trailing Units,1,0,,,,,,,,,,,,,,,,,,,,,,,,,2016
2016040515,4,40515,1,2,1,27,8,17,32,12,1,1,0,4,1,34,35,34035,4,2007,WBANF73547CU,W,B,A,N,F,7,3,5,4,7,C,U,0,0,0,Not Applicable,Not Applicable,0,0,0,1,0,0,0,0,0,0,0,998,0,0,0,12,6,2,12,0,0,0,1,12,33125,6,1,0,0,3,0,67,130,0,2,0,0,0,7,2013,9,2013,4,91,0,0,0,1,7,45,1,1,8,1,3,3,1,52,99,1,1,28,No Trailing Units,No Trailing Units,No Trailing Units,0,1,,,,,,,,,,,,,,,,,,,,,,,,,2016
2016040515,4,40515,2,2,2,27,8,17,32,12,1,1,0,4,1,55,36,55036,4,2013,KMHCT4AE4DU5,K,M,H,C,T,4,A,E,4,D,U,5,0,0,0,Not Applicable,Not Applicable,0,0,0,1,0,0,0,0,0,0,0,3,0,0,0,6,6,2,12,0,0,0,1,4,85201,6,1,0,0,3,0,67,135,0,0,0,1,0,3,2012,3,2012,0,0,0,0,0,1,7,45,1,1,8,1,3,3,2,53,99,1,1,31,No Trailing Units,No Trailing Units,No Trailing Units,2,1,,,,,,,,,,,,,,,,,,,,,,,,,2016
2016040516,4,40516,1,3,1,29,8,7,17,12,1,1,0,4,1,72,706,72706,80,2009,1HD1JM5179Y0,1,H,D,1,J,M,5,1,7,9,Y,0,0,0,0,Not Applicable,Not Applicable,0,0,0,1,0,0,0,0,0,0,0,998,0,0,0,12,6,2,12,0,0,0,1,4,85205,6,1,0,0,3,3,66,145,1,1,0,0,1,11,2011,7,2014,4,0,0,0,0,3,5,65,1,1,2,1,0,0,15,10,99,1,2,32,No Trailing Units,No Trailing Units,No Trailing Units,1,0,,,,,,,,,,,,,,,,,,,,,,,,,2016
2016040516,4,40516,2,3,1,29,8,7,17,12,1,1,0,4,1,12,23,12023,4,2014,3FA6P0H93ER2,3,F,A,6,P,0,H,9,3,E,R,2,0,0,0,Not Applicable,Not Applicable,0,0,0,1,0,0,0,0,0,0,0,55,0,0,0,6,6,2,12,0,0,0,1,4,85209,6,1,0,0,3,0,65,150,0,0,0,0,0,0,0,0,0,0,0,0,0,0,3,5,65,1,1,2,1,0,0,2,61,99,1,1,32,No Trailing Units,No Trailing Units,No Trailing Units,0,0,,,,,,,,,,,,,,,,,,,,,,,,,2016
2016040516,4,40516,3,3,1,29,8,7,17,12,1,1,0,4,1,35,446,35446,20,2016,3N6CM0KN5GK6,3,N,6,C,M,0,K,N,5,G,K,6,0,0,0,Not Applicable,Not Applicable,0,0,0,1,0,0,0,0,0,0,0,40,0,0,0,12,6,2,12,0,0,0,1,4,85120,6,1,0,0,3,3,68,200,0,1,0,1,1,9,2014,7,2015,0,0,0,0,0,3,5,65,1,1,2,1,0,0,1,54,16,1,1,98,No Trailing Units,No Trailing Units,No Trailing Units,0,0,,,,,,,,,,,,,,,,,,,,,,,,,2016
2016040517,4,40517,1,2,1,30,8,13,40,12,6,1,0,35,1,49,40,49040,4,2013,4T4BF1FK5DR3,4,T,4,B,F,1,F,K,5,D,R,3,0,0,0,Not Applicable,Not Applicable,0,0,0,1,0,0,0,0,0,0,0,998,0,0,0,12,6,2,12,0,0,0,1,35,87565,6,1,0,0,3,0,67,175,98,0,0,0,0,0,0,0,0,4,0,0,0,0,2,2,75,1,1,2,1,0,0,1,12,1,1,4,64,No Trailing Units,No Trailing Units,No Trailing Units,1,0,,,,,,,,,,,,,,,,,,,,,,,,,2016
2016040517,4,40517,2,2,1,30,8,13,40,12,6,1,0,40,3,85,881,85881,66,2016,1XKAD49X0GJ4,1,X,K,A,D,4,9,X,0,G,J,4,1,1,57,1627517,571627517,3,6,1,1,0,0,0,0,0,0,0,998,0,0,0,63,2,5,12,0,0,0,1,40,74965,6,1,6,0,3,0,76,290,0,0,0,1,0,3,2016,3,2016,0,0,0,0,0,2,2,75,1,1,2,1,0,0,1,62,99,9,3,65,1UYVS2530FM2,No Trailing Units,No Trailing Units,0,0,,,,,,,,,,,,,,,,,,,,,,,,,2016
2016040518,4,40518,1,1,1,3,7,20,10,8,0,1,0,99,9,23,423,23423,15,2014,Unknown,9,9,9,9,9,9,9,9,9,9,9,9,0,0,0,Not Applicable,Not Applicable,0,0,0,1,0,0,0,0,0,0,0,999,0,0,0,98,9,9,8,0,0,0,1,99,99999,9,9,99,0,9,9,999,999,99,99,99,99,99,99,9999,99,9999,9,99,99,99,99,9,9,99,1,9,9,99,0,0,1,80,99,9,3,13,No Trailing Units,No Trailing Units,No Trailing Units,0,0,,,,,,,,,,,,,,,,,,,,,,,,,2016
2016040519,4,40519,1,2,1,7,7,1,5,12,99,1,0,99,9,85,881,85881,63,2007,Unknown,9,9,9,9,9,9,9,9,9,9,9,9,0,0,99,Unknown,Unknown,3,2,5,1,0,0,0,0,0,0,0,999,0,0,0,98,9,9,12,0,0,0,1,99,99999,9,9,99,9,9,9,999,999,99,99,99,99,99,99,9999,99,9999,9,38,0,0,0,5,6,99,1,9,2,99,0,0,11,15,99,9,3,68,No Trailing Units,No Trailing Units,No Trailing Units,0,0,,,,,,,,,,,,,,,,,,,,,,,,,2016
2016040519,4,40519,2,2,1,7,7,1,5,12,99,1,0,99,9,37,31,37031,9,2015,Unknown,9,9,9,9,9,9,9,9,9,9,9,9,0,0,0,Not Applicable,Not Applicable,0,0,0,1,0,0,0,0,0,0,0,999,0,0,0,12,9,9,12,0,0,0,1,4,85031,6,1,0,0,3,3,61,165,0,0,0,0,0,0,0,0,0,9,99,99,99,99,5,7,99,1,9,2,99,0,0,1,62,99,9,3,69,No Trailing Units,No Trailing Units,No Trailing Units,1,1,,,,,,,,,,,,,,,,,,,,,,,,,2016
2016040520,4,40520,1,2,1,13,7,12,39,12,1,1,0,99,9,20,444,20444,20,2006,Unknown,9,9,9,9,9,9,9,9,9,9,9,9,0,0,0,Not Applicable,Not Applicable,0,0,0,1,0,0,0,0,0,0,0,999,0,0,0,12,9,9,12,0,0,0,1,4,85031,6,1,0,0,3,3,69,190,0,0,0,1,2,4,2014,9,2015,5,91,0,0,0,2,3,99,1,1,1,99,0,0,1,51,99,9,1,24,No Trailing Units,No Trailing Units,No Trailing Units,0,0,,,,,,,,,,,,,,,,,,,,,,,,,2016
2016040520,4,40520,2,2,1,13,7,12,39,12,1,1,0,99,9,20,481,20481,31,1986,Unknown,9,9,9,9,9,9,9,9,9,9,9,9,0,0,0,Not Applicable,Not Applicable,0,0,0,1,0,0,0,0,0,0,0,999,0,1,1,6,9,9,1,0,0,0,1,4,85222,1,1,0,0,2,3,64,200,1,2,0,0,1,7,2014,12,2014,0,0,0,0,0,2,3,99,1,1,1,99,0,0,1,53,99,9,1,25,No Trailing Units,No Trailing Units,No Trailing Units,1,0,,,,,,,,,,,,,,,,,,,,,,,,,2016
2016040521,4,40521,1,2,1,15,7,20,51,12,1,1,0,99,9,20,481,20481,31,2001,Unknown,9,9,9,9,9,9,9,9,9,9,9,9,0,0,0,Not Applicable,Not Applicable,0,0,0,1,0,0,0,0,0,0,0,999,0,0,0,12,9,9,12,0,0,0,1,4,85303,1,1,0,0,2,3,67,205,0,4,0,3,0,3,2013,11,2015,5,99,99,99,99,9,9,99,1,9,9,99,0,0,99,51,99,9,3,32,No Trailing Units,No Trailing Units,No Trailing Units,1,1,,,,,,,,,,,,,,,,,,,,,,,,,2016
2016040521,4,40521,2,2,2,15,7,20,51,12,1,1,0,99,9,35,402,35402,14,2000,Unknown,9,9,9,9,9,9,9,9,9,9,9,9,0,0,0,Not Applicable,Not Applicable,0,0,0,1,0,0,0,0,0,0,0,999,0,1,1,6,9,9,1,0,0,0,1,4,85009,0,0,0,0,0,0,999,999,0,0,0,1,0,12,2014,12,2014,9,99,99,99,99,9,9,99,1,9,9,99,0,0,99,99,99,9,9,32,No Trailing Units,No Trailing Units,No Trailing Units,0,0,,,,,,,,,,,,,,,,,,,,,,,,,2016
2016040522,4,40522,1,1,7,6,8,17,3,1,0,1,0,4,2,23,421,23421,15,2011,1GKS1CE05BR2,1,G,K,S,1,C,E,0,5,B,R,2,0,0,0,Not Applicable,Not Applicable,0,0,0,1,0,0,0,0,0,0,0,998,0,1,1,0,6,2,1,0,0,0,1,4,85296,6,1,0,0,3,3,69,140,0,0,0,0,0,0,0,0,0,4,0,0,0,0,2,2,65,1,6,2,1,0,0,1,10,99,4,6,98,No Trailing Units,No Trailing Units,No Trailing Units,1,0,,,,,,,,,,,,,,,,,,,,,,,,,2016
2016040523,4,40523,1,1,1,11,8,5,58,30,0,1,0,4,1,30,32,30032,2,1971,1112490625,1,1,1,2,4,9,0,6,2,5,,,0,0,0,Not Applicable,Not Applicable,0,0,0,1,0,0,0,0,0,0,0,998,0,0,0,61,6,2,30,0,0,0,1,4,86001,6,1,0,0,3,3,69,170,0,0,0,0,0,0,0,0,0,0,99,99,99,99,2,3,65,2,1,2,1,0,0,14,12,7,9,4,10,No Trailing Units,No Trailing Units,No Trailing Units,1,0,,,,,,,,,,,,,,,,,,,,,,,,,2016
2016040524,4,40524,1,1,1,17,8,15,22,1,0,1,0,4,1,72,706,72706,80,2001,1HD1DDV111Y6,1,H,D,1,D,D,V,1,1,1,Y,6,0,0,0,Not Applicable,Not Applicable,0,0,0,1,0,0,0,0,0,0,0,998,0,0,0,0,6,2,1,0,0,0,1,4,85259,6,1,0,0,3,0,73,180,0,0,0,0,0,0,0,0,0,9,0,0,0,0,6,1,65,3,1,1,1,0,0,14,11,99,9,4,5,No Trailing Units,No Trailing Units,No Trailing Units,1,1,,,,,,,,,,,,,,,,,,,,,,,,,2016
2016040525,4,40525,1,1,1,19,8,4,11,19,0,1,0,4,1,20,403,20403,14,2003,1GNDS13S5321,1,G,N,D,S,1,3,S,5,3,2,1,0,0,0,Not Applicable,Not Applicable,0,0,0,1,0,0,0,0,0,0,0,90,0,0,0,98,6,2,19,0,0,0,1,4,85022,6,1,0,0,3,0,66,135,0,0,0,0,1,4,2016,4,2016,3,0,0,0,0,1,7,40,1,1,2,1,0,0,1,6,99,4,4,7,No Trailing Units,No Trailing Units,No Trailing Units,1,1,,,,,,,,,,,,,,,,,,,,,,,,,2016
2016040526,4,40526,1,2,1,20,8,10,48,12,2,1,0,4,1,12,481,12481,31,2003,1FTSW31FX3EB,1,F,T,S,W,3,1,F,X,3,E,B,0,0,0,Not Applicable,Not Applicable,0,0,0,1,0,0,0,0,0,0,0,998,0,0,0,12,6,2,12,0,0,0,1,4,85283,6,1,0,0,3,0,68,251,0,0,0,1,0,5,2016,5,2016,0,80,0,0,0,2,2,75,1,6,2,1,0,0,1,1,99,9,4,50,No Trailing Units,No Trailing Units,No Trailing Units,0,0,,,,,,,,,,,,,,,,,,,,,,,,,2016
2016040526,4,40526,2,2,2,20,8,10,48,12,2,1,0,4,2,49,401,49401,14,2014,JTEBU5JR7E51,J,T,E,B,U,5,J,R,7,E,5,1,0,0,0,Not Applicable,Not Applicable,0,0,0,1,0,0,0,0,0,0,0,998,0,0,0,12,6,2,12,0,0,0,1,4,85050,0,0,0,0,0,0,60,135,0,0,0,0,0,0,0,0,0,0,0,0,0,0,2,2,75,1,5,2,1,0,0,1,62,1,1,1,51,No Trailing Units,No Trailing Units,No Trailing Units,1,0,,,,,,,,,,,,,,,,,,,,,,,,,2016
2016040527,4,40527,1,1,1,27,8,6,15,8,0,1,1,4,2,12,401,12401,14,2002,1FMZU63E12ZC,1,F,M,Z,U,6,3,E,1,2,Z,C,0,0,0,Not Applicable,Not Applicable,0,0,0,1,0,0,0,0,0,0,0,998,0,0,0,12,6,2,8,0,0,0,1,4,85353,6,1,0,0,3,0,71,185,0,8,0,3,3,1,2014,12,2015,9,99,99,99,99,5,5,45,1,1,2,1,0,0,1,80,99,1,1,13,No Trailing Units,No Trailing Units,No Trailing Units,0,0,,,,,,,,,,,,,,,,,,,,,,,,,2016
2016040528,4,40528,1,2,1,30,8,8,55,12,99,1,0,4,3,20,481,20481,31,2009,3GCEK23C49G2,3,G,C,E,K,2,3,C,4,9,G,2,0,0,0,Not Applicable,Not Applicable,0,0,0,1,0,0,0,0,0,5,6,998,0,1,9,98,6,2,12,0,0,0,1,4,86503,6,1,0,0,3,0,69,230,0,0,0,0,0,0,0,0,0,9,16,0,0,0,1,2,55,2,1,2,1,0,0,14,10,99,9,1,66,No Trailing Units,No Trailing Units,No Trailing Units,1,0,,,,,,,,,,,,,,,,,,,,,,,,,2016
2016040528,4,40528,2,2,2,30,8,8,55,12,99,1,0,35,3,23,880,23880,67,2015,1GT422C88FF5,1,G,T,4,2,2,C,8,8,F,F,5,1,1,77,Not Reported,Not Reported,2,4,3,1,0,0,0,0,0,0,0,998,0,0,0,83,6,2,12,0,0,0,1,35,87316,6,1,0,0,3,3,72,230,98,0,0,1,0,8,2014,8,2014,0,0,0,0,0,1,2,55,3,1,2,1,0,0,14,62,6,1,3,66,16VGX2028626,No Trailing Units,No Trailing Units,0,0,,,,,,,,,,,,,,,,,,,,,,,,,2016
2016040529,4,40529,1,1,1,4,8,11,29,1,0,1,0,8,1,12,481,12481,31,1998,2FTZF1826WCA,2,F,T,Z,F,1,8,2,6,W,C,A,0,0,0,Not Applicable,Not Applicable,0,0,0,1,0,0,0,0,0,0,0,998,0,1,3,0,6,2,1,0,0,0,1,8,80905,2,1,0,0,2,0,67,185,0,1,1,0,1,1,2012,5,2016,9,99,99,99,99,2,2,75,3,6,2,1,0,0,14,12,8,1,4,10,No Trailing Units,No Trailing Units,No Trailing Units,1,1,,,,,,,,,,,,,,,,,,,,,,,,,2016
2016040530,4,40530,1,7,1,7,8,20,16,12,8,1,0,4,2,63,398,63398,4,2004,KNAFE1225450,K,N,A,F,E,1,2,2,5,4,5,0,0,0,0,Not Applicable,Not Applicable,0,0,0,1,0,0,0,0,0,0,0,998,0,0,0,62,6,2,12,0,0,0,1,4,85139,6,1,0,0,3,0,71,240,0,0,0,0,0,0,0,0,0,0,0,0,0,0,2,2,55,1,1,2,1,0,0,1,12,99,9,4,66,No Trailing Units,No Trailing Units,No Trailing Units,1,0,,,,,,,,,,,,,,,,,,,,,,,,,2016
2016040530,4,40530,2,7,1,7,8,20,16,12,8,1,0,4,3,20,422,20422,15,2015,1GNSKKKC7FR1,1,G,N,S,K,K,K,C,7,F,R,1,0,0,0,Not Applicable,Not Applicable,0,0,0,1,0,0,0,0,0,0,0,998,0,0,0,63,4,5,12,0,0,0,1,4,85250,6,1,0,0,3,0,72,215,0,0,0,2,0,9,2013,12,2013,0,0,0,0,0,2,2,55,1,1,2,1,0,0,1,62,99,9,1,66,No Trailing Units,No Trailing Units,No Trailing Units,0,0,,,,,,,,,,,,,,,,,,,,,,,,,2016
2016040530,4,40530,3,7,1,7,8,20,16,12,8,1,0,4,1,12,880,12880,67,2014,1FT8W3DTXEEA,1,F,T,8,W,3,D,T,X,E,E,A,0,0,88,None,None,2,1,97,1,0,0,0,0,0,0,0,998,0,0,0,12,6,2,99,0,0,0,1,4,85138,6,1,0,0,3,0,68,280,0,0,0,0,0,0,0,0,0,0,0,0,0,0,2,2,55,1,1,2,1,0,0,1,62,6,1,4,98,No Trailing Units,No Trailing Units,No Trailing Units,0,0,,,,,,,,,,,,,,,,,,,,,,,,,2016