accident_id,STATE,ST_CASE,VEH_NO,VE_FORMS,NUMOCCS,DAY,MONTH,HOUR,MINUTE,HARM_EV,MAN_COLL,UNITTYPE,HIT_RUN,REG_STAT,OWNER,MAKE,MODEL,MAK_MOD,BODY_TYP,MOD_YEAR,VIN,VIN_1,VIN_2,VIN_3,VIN_4,VIN_5,VIN_6,VIN_7,VIN_8,VIN_9,VIN_10,VIN_11,VIN_12,TOW_VEH,J_KNIFE,MCARR_I1,MCARR_I2,MCARR_ID,GVWR,V_CONFIG,CARGO_BT,HAZ_INV,HAZ_PLAC,HAZ_ID,HAZ_CNO,HAZ_REL,BUS_USE,SPEC_USE,EMER_USE,TRAV_SP,UNDERIDE,ROLLOVER,ROLINLOC,IMPACT1,DEFORMED,TOWED,M_HARM,VEH_SC1,VEH_SC2,FIRE_EXP,DR_PRES,L_STATE,DR_ZIP,L_STATUS,L_TYPE,CDL_STAT,L_ENDORS,L_COMPL,L_RESTRI,DR_HGT,DR_WGT,PREV_ACC,PREV_SUS,PREV_DWI,PREV_SPD,PREV_OTH,FIRST_MO,FIRST_YR,LAST_MO,LAST_YR,SPEEDREL,DR_SF1,DR_SF2,DR_SF3,DR_SF4,VTRAFWAY,VNUM_LAN,VSPD_LIM,VALIGN,VPROFILE,VPAVETYP,VSURCOND,VTRAFCON,VTCONT_F,P_CRASH1,P_CRASH2,P_CRASH3,PCRASH4,PCRASH5,ACC_TYPE,TRLR1VIN,TRLR2VIN,TRLR3VIN,DEATHS,DR_DRINK,VINTYPE,VINMAKE,VINA_MOD,VIN_BT,VINMODYR,VIN_LNGT,VIN_WGT,WGTCD_TR,WHLBS_LG,WHLBS_SH,SER_TR,FUELCODE,MCYCL_DS,CARBUR,CYLINDER,DISPLACE,MCYCL_CY,MCYCL_WT,TIRE_SZE,TON_RAT,TRK_WT,TRKWTVAR,VIN_REST,WHLDRWHL,Year
2016040583,4,40583,1,1,1,24,9,18,47,8,0,1,0,4,1,24,1,24001,4,1998,1G8ZK5278WZ2,1,G,8,Z,K,5,2,7,8,W,Z,2,0,0,0,Not Applicable,Not Applicable,0,0,0,1,0,0,0,0,0,0,0,40,0,0,0,9,2,5,8,0,0,0,1,4,85021,6,1,0,0,3,0,66,190,0,0,0,0,0,0,0,0,0,0,0,0,0,0,2,3,40,1,1,8,1,0,0,1,80,99,1,1,13,No Trailing Units,No Trailing Units,No Trailing Units,0,0,,,,,,,,,,,,,,,,,,,,,,,,,2016
2016040584,4,40584,1,1,1,31,1,16,35,33,0,1,0,4,2,72,706,72706,80,1999,1HD1BKL19XY0,1,H,D,1,B,K,L,1,9,X,Y,0,0,0,0,Not Applicable,Not Applicable,0,0,0,1,0,0,0,0,0,0,0,10,0,0,0,98,6,2,33,0,0,0,1,4,85119,6,1,0,0,2,3,71,175,0,2,0,1,2,7,2012,7,2015,0,0,0,0,0,1,2,25,1,1,8,1,0,0,1,13,99,9,4,5,No Trailing Units,No Trailing Units,No Trailing Units,1,0,,,,,,,,,,,,,,,,,,,,,,,,,2016
2016040585,4,40585,1,3,2,29,8,22,38,8,0,1,0,4,1,20,39,20039,4,2006,KL1TG66616B5,K,L,1,T,G,6,6,6,1,6,B,5,0,0,0,Not Applicable,Not Applicable,0,0,0,1,0,0,0,0,0,0,0,998,0,0,0,14,0,5,8,0,0,0,1,4,85705,6,1,0,0,3,0,60,120,0,0,0,0,0,0,0,0,0,0,0,0,0,0,3,4,65,1,1,2,1,0,0,1,80,99,9,3,13,No Trailing Units,No Trailing Units,No Trailing Units,0,0,,,,,,,,,,,,,,,,,,,,,,,,,2016
2016040585,4,40585,2,3,1,29,8,22,38,8,0,1,0,4,2,49,40,49040,4,1998,JT2BG28K3W01,J,T,2,B,G,2,8,K,3,W,0,1,0,0,0,Not Applicable,Not Applicable,0,0,0,1,0,0,0,0,0,0,0,998,0,0,0,14,0,5,8,0,0,0,1,4,85746,6,1,0,0,3,3,66,180,0,0,0,3,0,11,2011,5,2012,0,0,0,0,0,3,4,65,1,1,2,1,0,0,1,80,99,9,3,98,No Trailing Units,No Trailing Units,No Trailing Units,0,0,,,,,,,,,,,,,,,,,,,,,,,,,2016
2016040585,4,40585,3,3,1,29,8,22,38,8,0,1,0,18,3,85,881,85881,66,2014,1XKYA48X1EJ4,1,X,K,Y,A,4,8,X,1,E,J,4,2,1,57,239039,57239039,3,7,1,1,0,0,0,0,0,0,0,998,0,0,0,98,0,5,8,0,0,0,1,6,92316,6,1,6,1,3,3,69,240,0,0,0,0,0,0,0,0,0,0,0,0,0,0,3,4,65,1,1,2,1,0,0,1,80,99,9,3,98,Not Reported,Not Reported,No Trailing Units,0,0,,,,,,,,,,,,,,,,,,,,,,,,,2016
2016040586,4,40586,1,1,99,14,8,23,25,15,0,1,1,99,9,99,499,99499,39,9999,Unknown,9,9,9,9,9,9,9,9,9,9,9,9,0,0,0,Not Applicable,Not Applicable,0,0,0,1,0,0,0,0,0,0,0,999,0,0,0,98,9,5,15,0,0,0,1,99,99999,9,9,99,0,9,9,999,999,99,99,99,99,99,99,9999,99,9999,9,99,99,99,99,9,9,99,1,9,9,99,0,0,1,80,99,9,2,13,No Trailing Units,No Trailing Units,No Trailing Units,0,0,,,,,,,,,,,,,,,,,,,,,,,,,2016
2016040587,4,40587,1,1,1,24,8,8,17,8,0,1,0,99,9,37,32,37032,4,2002,Unknown,9,9,9,9,9,9,9,9,9,9,9,9,0,0,0,Not Applicable,Not Applicable,0,0,0,1,0,0,0,0,0,0,0,999,0,0,0,98,9,9,8,0,0,0,1,4,85029,6,1,0,0,3,0,63,140,1,0,0,0,2,9,2013,12,2013,0,0,0,0,0,9,9,99,9,9,9,99,0,0,99,80,99,9,3,13,No Trailing Units,No Trailing Units,No Trailing Units,0,0,,,,,,,,,,,,,,,,,,,,,,,,,2016
2016040588,4,40588,1,3,1,15,9,16,18,12,1,1,0,4,1,53,706,53706,80,2005,JS1GW71A8521,J,S,1,G,W,7,1,A,8,5,2,1,0,0,0,Not Applicable,Not Applicable,0,0,0,1,0,0,0,0,0,0,0,998,0,0,0,12,6,2,12,0,0,0,1,4,85204,6,1,0,0,3,0,69,186,1,0,0,4,0,6,2015,6,2016,4,27,0,0,0,3,6,65,1,1,2,1,0,0,15,10,11,9,2,32,No Trailing Units,No Trailing Units,No Trailing Units,1,0,,,,,,,,,,,,,,,,,,,,,,,,,2016
2016040588,4,40588,2,3,1,15,9,16,18,12,1,1,0,4,1,7,482,7482,31,2002,1D7HU18Z12J1,1,D,7,H,U,1,8,Z,1,2,J,1,0,0,0,Not Applicable,Not Applicable,0,0,0,1,0,0,0,0,0,0,0,998,0,0,0,6,2,5,12,0,0,0,1,4,85032,6,1,0,0,3,0,75,240,0,0,0,1,2,3,2012,10,2013,0,0,0,0,0,3,6,65,1,1,2,1,0,0,15,53,8,1,2,32,No Trailing Units,No Trailing Units,No Trailing Units,0,0,,,,,,,,,,,,,,,,,,,,,,,,,2016
2016040588,4,40588,3,3,1,15,9,16,18,12,1,1,0,4,1,41,421,41421,15,2014,JM3TB2CVXE04,J,M,3,T,B,2,C,V,X,E,0,4,0,0,0,Not Applicable,Not Applicable,0,0,0,1,0,0,0,0,0,0,0,998,0,0,0,6,2,5,12,0,0,0,1,4,85234,6,1,0,0,3,0,64,130,0,0,0,0,0,0,0,0,0,0,0,0,0,0,3,6,65,1,1,2,1,0,0,2,53,16,1,1,98,No Trailing Units,No Trailing Units,No Trailing Units,0,0,,,,,,,,,,,,,,,,,,,,,,,,,2016
2016040589,4,40589,1,2,1,26,9,13,24,12,1,1,0,4,3,6,441,6441,20,2006,2A4GP44RX6R7,2,A,4,G,P,4,4,R,X,6,R,7,0,0,0,Not Applicable,Not Applicable,0,0,0,1,0,0,0,0,0,0,0,20,0,0,0,12,4,5,12,32,0,0,1,4,85392,6,1,0,0,3,0,71,275,0,0,0,2,1,11,2012,4,2016,4,0,0,0,0,1,6,35,1,1,8,2,0,0,1,51,99,9,1,24,No Trailing Units,No Trailing Units,No Trailing Units,0,0,,,,,,,,,,,,,,,,,,,,,,,,,2016
2016040589,4,40589,2,2,2,26,9,13,24,12,1,1,0,4,1,12,471,12471,30,2010,1FTKR4EE7APA,1,F,T,K,R,4,E,E,7,A,P,A,0,0,0,Not Applicable,Not Applicable,0,0,0,1,0,0,0,0,0,0,0,998,0,0,0,6,6,2,12,0,0,0,1,4,85041,6,1,0,0,3,3,69,220,0,0,0,0,0,0,0,0,0,0,0,0,0,0,1,6,35,1,1,8,2,0,0,1,53,99,1,1,25,No Trailing Units,No Trailing Units,No Trailing Units,1,0,,,,,,,,,,,,,,,,,,,,,,,,,2016
2016040590,4,40590,1,1,1,19,9,18,55,8,0,1,0,49,1,20,461,20461,29,2014,1GB0G2CG3E11,1,G,B,0,G,2,C,G,3,E,1,1,0,0,0,Not Applicable,Not Applicable,0,0,0,1,0,0,0,0,0,0,0,35,0,0,0,12,2,5,8,0,0,0,1,4,86047,6,1,0,0,3,3,71,165,0,0,0,0,0,0,0,0,0,0,0,0,0,0,5,4,45,1,1,2,1,0,0,15,80,1,1,1,13,No Trailing Units,No Trailing Units,No Trailing Units,0,0,,,,,,,,,,,,,,,,,,,,,,,,,2016
2016040591,4,40591,1,1,1,21,9,19,10,8,0,1,0,4,1,6,43,6043,4,2010,1C3CC5FB3AN1,1,C,3,C,C,5,F,B,3,A,N,1,0,0,0,Not Applicable,Not Applicable,0,0,0,1,0,0,0,0,0,0,0,40,0,0,0,62,6,2,8,0,0,0,1,4,85730,6,1,0,0,3,0,63,108,0,0,0,0,0,0,0,0,0,0,0,0,0,0,5,7,40,1,1,2,1,0,0,1,80,99,9,3,13,No Trailing Units,No Trailing Units,No Trailing Units,0,0,,,,,,,,,,,,,,,,,,,,,,,,,2016
2016040592,4,40592,1,1,1,27,9,13,27,17,0,1,0,4,1,63,32,63032,4,2004,KNADC125X463,K,N,A,D,C,1,2,5,X,4,6,3,0,0,0,Not Applicable,Not Applicable,0,0,0,1,0,0,0,0,0,0,0,50,0,1,6,12,6,2,1,32,0,0,1,4,85623,6,1,0,0,3,3,68,155,0,0,0,0,0,0,0,0,0,0,0,0,0,0,1,2,50,2,5,2,1,0,0,14,12,99,1,4,6,No Trailing Units,No Trailing Units,No Trailing Units,1,0,,,,,,,,,,,,,,,,,,,,,,,,,2016
2016040593,4,40593,1,1,1,30,9,10,25,1,0,1,0,4,1,20,421,20421,15,2000,1GNDT13W1Y23,1,G,N,D,T,1,3,W,1,Y,2,3,0,0,0,Not Applicable,Not Applicable,0,0,0,1,0,0,0,0,0,0,0,55,0,1,5,0,6,2,1,0,0,0,1,4,85735,6,1,0,0,3,0,69,130,0,0,0,0,0,0,0,0,0,0,0,0,0,0,1,2,55,1,1,8,1,0,0,1,13,7,9,4,5,No Trailing Units,No Trailing Units,No Trailing Units,1,0,,,,,,,,,,,,,,,,,,,,,,,,,2016
2016040594,4,40594,1,1,1,1,9,23,45,1,0,1,0,4,2,12,481,12481,31,1988,1FTEF15N1JNB,1,F,T,E,F,1,5,N,1,J,N,B,0,0,0,Not Applicable,Not Applicable,0,0,0,1,0,0,0,0,0,0,0,70,0,1,5,0,6,2,1,32,0,0,1,4,85602,0,0,0,0,0,0,67,225,0,0,0,0,0,0,0,0,0,0,0,0,0,0,1,2,55,1,1,2,1,0,0,1,13,6,4,4,7,No Trailing Units,No Trailing Units,No Trailing Units,1,1,,,,,,,,,,,,,,,,,,,,,,,,,2016
2016040595,4,40595,1,2,1,8,9,14,7,35,0,1,0,4,1,12,37,12037,4,2012,1FAHP3H26CL3,1,F,A,H,P,3,H,2,6,C,L,3,0,0,0,Not Applicable,Not Applicable,0,0,0,1,0,0,0,0,0,0,0,998,0,1,1,62,6,2,1,0,0,0,1,4,85024,6,1,0,0,3,0,66,260,0,0,0,2,0,8,2013,8,2014,0,99,99,99,99,2,2,75,1,6,2,1,0,0,1,12,1,1,4,6,No Trailing Units,No Trailing Units,No Trailing Units,1,0,,,,,,,,,,,,,,,,,,,,,,,,,2016
2016040595,4,40595,2,2,1,8,9,14,7,35,0,1,0,47,3,85,881,85881,66,2012,1XKAD49X0CJ3,1,X,K,A,D,4,9,X,0,C,J,3,1,1,57,0287123,570287123,3,6,1,1,0,0,0,0,0,0,0,998,0,0,0,61,4,5,12,0,0,0,1,6,91802,6,1,6,0,3,3,69,200,0,0,0,0,0,0,0,0,0,0,0,0,0,0,2,2,75,1,6,2,1,0,0,1,60,1,1,1,98,Not Reported,No Trailing Units,No Trailing Units,0,0,,,,,,,,,,,,,,,,,,,,,,,,,2016
2016040596,4,40596,1,1,1,17,9,12,1,1,0,1,0,4,1,24,7,24007,17,2003,1G8AW12F23Z1,1,G,8,A,W,1,2,F,2,3,Z,1,0,0,0,Not Applicable,Not Applicable,0,0,0,1,0,0,0,0,0,0,0,998,0,1,5,0,6,2,1,0,0,0,1,4,85706,6,1,0,0,3,0,67,143,0,0,0,0,1,4,2014,4,2014,0,38,0,0,0,4,1,45,1,1,2,1,0,0,1,9,99,9,4,2,No Trailing Units,No Trailing Units,No Trailing Units,1,0,,,,,,,,,,,,,,,,,,,,,,,,,2016
2016040597,4,40597,1,1,1,26,9,23,43,8,0,1,0,4,1,35,471,35471,30,1990,1N6SD11S0LC3,1,N,6,S,D,1,1,S,0,L,C,3,0,0,0,Not Applicable,Not Applicable,0,0,0,1,0,0,0,0,0,0,0,998,0,0,0,12,6,2,8,0,0,0,1,4,85202,6,1,0,0,3,0,71,280,0,0,0,1,0,8,2013,8,2013,0,99,99,99,99,3,3,55,1,1,2,1,0,0,1,80,99,1,4,13,No Trailing Units,No Trailing Units,No Trailing Units,0,1,,,,,,,,,,,,,,,,,,,,,,,,,2016
2016040598,4,40598,1,3,1,29,9,19,0,12,6,1,0,4,1,7,880,7880,67,2001,1B7MC33681J5,1,B,7,M,C,3,3,6,8,1,J,5,0,0,88,None,None,2,1,97,1,0,0,0,0,0,0,0,998,0,0,0,12,6,2,12,0,0,0,1,4,85602,0,0,0,0,0,0,61,185,0,0,0,0,0,0,0,0,0,0,51,0,0,0,2,2,75,1,1,2,2,0,0,1,54,99,1,1,66,No Trailing Units,No Trailing Units,No Trailing Units,1,0,,,,,,,,,,,,,,,,,,,,,,,,,2016
2016040598,4,40598,2,3,2,29,9,19,0,12,6,1,0,1,3,82,881,82881,66,2015,3AKJGLD54FSG,3,A,K,J,G,L,D,5,4,F,S,G,1,1,57,0009561,570009561,3,6,98,1,0,0,0,0,0,0,0,998,0,0,0,61,6,2,12,0,0,0,1,6,92324,6,1,6,0,3,0,67,160,0,0,0,0,0,0,0,0,0,0,0,0,0,0,2,2,75,1,1,2,2,0,0,1,54,9,1,3,66,1GRAA0628EE7,No Trailing Units,No Trailing Units,0,0,,,,,,,,,,,,,,,,,,,,,,,,,2016
2016040598,4,40598,3,3,1,29,9,19,0,12,6,1,0,6,3,85,884,85884,66,2000,1XKWD69XXYR8,1,X,K,W,D,6,9,X,X,Y,R,8,1,1,57,0077502,570077502,3,6,98,1,0,0,0,0,0,0,0,998,0,0,0,12,6,2,12,0,0,0,1,6,92173,6,1,6,0,3,0,68,187,0,0,0,0,0,0,0,0,0,0,0,0,0,0,2,2,75,1,1,2,2,0,0,1,54,1,1,1,98,4HXSU08159C1,No Trailing Units,No Trailing Units,0,0,,,,,,,,,,,,,,,,,,,,,,,,,2016
2016040599,4,40599,1,2,1,3,8,11,3,12,1,1,0,4,2,12,471,12471,30,2010,1FTKR1AD0APA,1,F,T,K,R,1,A,D,0,A,P,A,0,0,0,Not Applicable,Not Applicable,0,0,0,1,0,0,0,0,0,0,0,999,0,1,1,12,6,2,1,0,0,0,1,55,53089,6,1,0,0,3,0,68,150,2,0,0,1,3,8,2012,7,2015,4,0,0,0,0,3,4,65,1,1,2,1,0,0,1,51,99,1,1,32,No Trailing Units,No Trailing Units,No Trailing Units,1,0,,,,,,,,,,,,,,,,,,,,,,,,,2016
2016040599,4,40599,2,2,1,3,8,11,3,12,1,1,0,4,1,35,47,35047,4,2014,1N4AL3AP4EC1,1,N,4,A,L,3,A,P,4,E,C,1,0,0,0,Not Applicable,Not Applicable,0,0,0,1,0,0,0,0,0,0,0,65,0,0,0,6,6,2,12,0,0,0,1,4,85225,6,1,0,0,3,0,68,155,0,0,0,0,0,0,0,0,0,0,0,0,0,0,3,4,65,1,1,2,1,0,0,1,53,9,1,3,32,No Trailing Units,No Trailing Units,No Trailing Units,0,0,,,,,,,,,,,,,,,,,,,,,,,,,2016
2016040600,4,40600,1,2,1,3,8,13,23,12,6,1,0,4,1,73,705,73705,80,2007,JKAZX4P117A0,J,K,A,Z,X,4,P,1,1,7,A,0,0,0,0,Not Applicable,Not Applicable,0,0,0,1,0,0,0,0,0,0,0,75,0,0,0,12,6,2,12,0,0,0,1,4,85225,6,1,0,0,3,0,69,150,0,2,0,4,1,11,2012,4,2016,4,0,0,0,0,2,3,45,1,1,2,1,0,0,1,17,16,2,1,83,No Trailing Units,No Trailing Units,No Trailing Units,1,0,,,,,,,,,,,,,,,,,,,,,,,,,2016
2016040600,4,40600,2,2,2,3,8,13,23,12,6,1,0,4,1,59,403,59403,14,2016,2T2ZZMCAXGC0,2,T,2,Z,Z,M,C,A,X,G,C,0,0,0,0,Not Applicable,Not Applicable,0,0,0,1,0,0,0,0,0,0,0,13,0,0,0,8,6,2,12,0,0,0,1,4,85225,6,1,0,0,3,0,69,180,0,0,0,0,0,0,0,0,0,0,0,0,0,0,1,2,45,1,1,2,1,20,3,11,66,1,1,1,82,No Trailing Units,No Trailing Units,No Trailing Units,0,0,,,,,,,,,,,,,,,,,,,,,,,,,2016
2016040601,4,40601,1,2,1,11,8,16,54,12,6,1,0,4,1,12,17,12017,6,2002,1FAFP58U32A2,1,F,A,F,P,5,8,U,3,2,A,2,0,0,0,Not Applicable,Not Applicable,0,0,0,1,0,0,0,0,0,0,0,35,0,0,0,9,6,2,12,0,0,0,1,4,85006,6,1,0,0,3,3,50,130,0,0,0,0,0,0,0,0,0,0,48,0,0,0,4,1,35,1,1,8,1,3,3,11,15,99,1,1,72,No Trailing Units,No Trailing Units,No Trailing Units,1,0,,,,,,,,,,,,,,,,,,,,,,,,,2016
2016040601,4,40601,2,2,1,11,8,16,54,12,6,1,0,4,1,2,404,2404,14,2014,1C4PJMBS5EW2,1,C,4,P,J,M,B,S,5,E,W,2,0,0,0,Not Applicable,Not Applicable,0,0,0,1,0,0,0,0,0,0,0,35,0,0,0,12,6,2,12,0,0,0,1,4,85254,6,1,0,0,3,0,72,200,0,0,0,0,0,0,0,0,0,0,0,0,0,0,4,3,35,1,1,8,1,3,3,1,61,99,9,1,73,No Trailing Units,No Trailing Units,No Trailing Units,0,0,,,,,,,,,,,,,,,,,,,,,,,,,2016
2016040602,4,40602,1,2,1,31,8,12,5,12,6,1,0,4,2,12,442,12442,20,1999,2FMZA5243XBA,2,F,M,Z,A,5,2,4,3,X,B,A,0,0,0,Not Applicable,Not Applicable,0,0,0,1,0,0,0,0,0,0,0,998,0,0,0,62,6,2,12,32,0,0,1,4,85326,6,1,0,0,3,3,60,150,0,0,0,0,0,0,0,0,0,4,39,0,0,0,1,3,45,1,1,8,1,20,3,1,17,99,1,1,89,No Trailing Units,No Trailing Units,No Trailing Units,1,0,,,,,,,,,,,,,,,,,,,,,,,,,2016
2016040602,4,40602,2,2,2,31,8,12,5,12,6,1,0,4,1,12,422,12422,15,2008,1FMFU16588LA,1,F,M,F,U,1,6,5,8,8,L,A,0,0,0,Not Applicable,Not Applicable,0,0,0,1,0,0,0,0,0,0,0,998,0,0,0,12,6,2,12,0,0,0,1,4,85326,6,1,0,0,3,0,65,199,0,0,0,0,0,0,0,0,0,0,89,0,0,0,1,3,45,1,1,8,1,20,3,1,66,99,1,1,88,No Trailing Units,No Trailing Units,No Trailing Units,0,0,,,,,,,,,,,,,,,,,,,,,,,,,2016
2016040603,4,40603,1,1,1,3,8,20,9,8,0,1,0,99,9,49,46,49046,9,2010,Unknown,9,9,9,9,9,9,9,9,9,9,9,9,0,0,0,Not Applicable,Not Applicable,0,0,0,1,0,0,0,0,0,1,0,999,0,0,0,98,9,9,8,0,0,0,1,4,85008,6,1,0,0,3,3,72,180,0,2,0,1,0,12,2011,9,2012,0,0,0,0,0,9,9,35,1,1,2,99,0,0,1,80,16,1,3,13,No Trailing Units,No Trailing Units,No Trailing Units,0,0,,,,,,,,,,,,,,,,,,,,,,,,,2016
2016040604,4,40604,1,1,1,8,8,11,0,43,0,1,0,99,9,23,421,23421,15,2000,Unknown,9,9,9,9,9,9,9,9,9,9,9,9,1,1,0,Not Applicable,Not Applicable,0,0,0,1,0,0,0,0,0,0,0,999,0,0,0,98,9,9,43,0,0,0,1,4,85020,6,1,0,0,3,0,69,395,0,1,0,0,0,6,2012,6,2012,9,51,0,0,0,9,9,99,1,1,9,99,0,0,1,12,99,1,4,10,Not Reported,No Trailing Units,No Trailing Units,1,0,,,,,,,,,,,,,,,,,,,,,,,,,2016
2016040605,4,40605,1,3,3,9,8,7,49,12,6,1,0,99,9,2,405,2405,14,2003,Unknown,9,9,9,9,9,9,9,9,9,9,9,9,0,0,0,Not Applicable,Not Applicable,0,0,0,1,0,0,0,0,0,0,0,998,0,0,0,82,9,9,12,0,0,0,1,4,85031,0,0,0,0,0,0,63,117,0,0,0,0,0,0,0,0,0,0,38,0,0,0,9,9,99,1,1,9,99,0,0,12,21,99,9,3,98,No Trailing Units,No Trailing Units,No Trailing Units,1,0,,,,,,,,,,,,,,,,,,,,,,,,,2016
2016040605,4,40605,2,3,4,9,8,7,49,12,6,1,0,99,9,23,421,23421,15,2000,Unknown,9,9,9,9,9,9,9,9,9,9,9,9,0,0,0,Not Applicable,Not Applicable,0,0,0,1,0,0,0,0,0,0,0,999,0,0,0,12,9,9,12,0,0,0,1,4,85043,6,1,0,0,3,0,66,180,0,0,0,0,1,4,2013,4,2013,9,99,99,99,99,9,9,99,1,1,9,99,0,0,1,62,99,9,9,98,No Trailing Units,No Trailing Units,No Trailing Units,0,0,,,,,,,,,,,,,,,,,,,,,,,,,2016
2016040605,4,40605,3,3,1,9,8,7,49,12,6,1,0,99,9,12,481,12481,31,2002,Unknown,9,9,9,9,9,9,9,9,9,9,9,9,0,0,0,Not Applicable,Not Applicable,0,0,0,1,0,0,0,0,0,0,0,999,0,0,0,98,9,9,54,0,0,0,1,4,85339,6,1,0,0,3,0,61,150,0,0,0,0,1,3,2012,3,2012,0,0,0,0,0,9,9,99,1,1,9,99,0,0,1,98,99,9,3,98,No Trailing Units,No Trailing Units,No Trailing Units,0,0,,,,,,,,,,,,,,,,,,,,,,,,,2016
2016040606,4,40606,1,1,2,9,8,21,7,99,99,1,0,99,9,99,999,99999,99,9999,Unknown,9,9,9,9,9,9,9,9,9,9,9,9,0,0,0,Not Applicable,Not Applicable,0,0,0,1,0,0,0,0,0,0,0,999,0,0,0,99,9,9,99,0,0,0,1,99,99999,9,9,99,0,9,9,999,999,99,99,99,99,99,99,9999,99,9999,9,99,99,99,99,3,2,99,9,9,2,1,0,0,99,99,99,9,9,99,No Trailing Units,No Trailing Units,No Trailing Units,1,0,,,,,,,,,,,,,,,,,,,,,,,,,2016
2016040608,4,40608,1,1,1,12,8,18,30,8,0,1,0,99,9,20,421,20421,15,2001,Unknown,9,9,9,9,9,9,9,9,9,9,9,9,0,0,0,Not Applicable,Not Applicable,0,0,0,1,0,0,0,0,0,0,0,999,0,0,0,98,9,9,8,0,0,0,1,4,85020,6,1,0,0,3,0,69,185,1,4,0,0,0,10,2012,8,2015,9,38,0,0,0,1,6,99,1,9,9,99,3,3,10,80,1,1,1,13,No Trailing Units,No Trailing Units,No Trailing Units,0,0,,,,,,,,,,,,,,,,,,,,,,,,,2016
2016040609,4,40609,1,1,1,12,8,22,16,8,0,1,0,99,9,12,37,12037,9,2004,Unknown,9,9,9,9,9,9,9,9,9,9,9,9,0,0,0,Not Applicable,Not Applicable,0,0,0,1,0,0,0,0,0,0,0,999,0,0,0,12,9,9,8,0,0,0,1,4,85041,6,1,0,0,3,3,64,210,0,0,0,2,0,6,2012,8,2016,0,0,0,0,0,2,9,99,1,1,9,99,0,0,1,80,1,1,1,13,No Trailing Units,No Trailing Units,No Trailing Units,0,0,,,,,,,,,,,,,,,,,,,,,,,,,2016
2016040610,4,40610,1,1,99,16,8,8,50,99,99,1,0,99,9,99,999,99999,99,9999,Unknown,9,9,9,9,9,9,9,9,9,9,9,9,0,0,0,Not Applicable,Not Applicable,0,0,0,1,0,0,0,0,0,0,0,999,0,0,0,99,9,9,99,0,0,0,1,99,99999,9,9,99,0,9,9,999,999,99,99,99,99,99,99,9999,99,9999,9,99,99,99,99,9,9,99,9,9,2,99,0,0,99,99,99,9,9,99,No Trailing Units,No Trailing Units,No Trailing Units,2,0,,,,,,,,,,,,,,,,,,,,,,,,,2016
2016040611,4,40611,1,1,99,17,8,19,40,8,0,1,1,99,9,20,499,20499,39,9999,Unknown,9,9,9,9,9,9,9,9,9,9,9,9,0,0,0,Not Applicable,Not Applicable,0,0,0,1,0,0,0,0,0,0,0,999,0,0,0,98,9,5,8,0,0,0,1,99,99999,9,9,99,0,9,9,999,999,99,99,99,99,99,99,9999,99,9999,9,99,99,99,99,9,9,99,1,1,9,99,0,0,99,80,99,9,3,13,No Trailing Units,No Trailing Units,No Trailing Units,0,0,,,,,,,,,,,,,,,,,,,,,,,,,2016
2016040612,4,40612,1,2,1,19,8,4,15,12,99,1,1,99,9,99,399,99399,4,9999,Unknown,9,9,9,9,9,9,9,9,9,9,9,9,0,0,0,Not Applicable,Not Applicable,0,0,0,1,0,0,0,0,0,0,0,999,0,0,0,98,9,9,12,0,0,0,1,99,99999,9,9,99,0,9,9,999,999,99,99,99,99,99,99,9999,99,9999,9,99,99,99,99,9,9,99,1,1,2,99,0,0,99,99,99,9,9,99,No Trailing Units,No Trailing Units,No Trailing Units,0,0,,,,,,,,,,,,,,,,,,,,,,,,,2016
2016040612,4,40612,2,2,1,19,8,4,15,12,99,1,0,99,9,99,709,99709,80,9999,Unknown,9,9,9,9,9,9,9,9,9,9,9,9,0,0,0,Not Applicable,Not Applicable,0,0,0,1,0,0,0,0,0,0,0,999,0,0,0,98,9,9,12,0,0,0,1,4,85335,6,1,6,0,2,0,65,170,0,1,0,0,0,6,2016,6,2016,9,99,99,99,99,9,9,99,1,1,2,99,0,0,99,99,99,9,9,99,No Trailing Units,No Trailing Units,No Trailing Units,1,0,,,,,,,,,,,,,,,,,,,,,,,,,2016