accident_id,STATE,ST_CASE,VEH_NO,VE_FORMS,NUMOCCS,DAY,MONTH,HOUR,MINUTE,HARM_EV,MAN_COLL,UNITTYPE,HIT_RUN,REG_STAT,OWNER,MAKE,MODEL,MAK_MOD,BODY_TYP,MOD_YEAR,VIN,VIN_1,VIN_2,VIN_3,VIN_4,VIN_5,VIN_6,VIN_7,VIN_8,VIN_9,VIN_10,VIN_11,VIN_12,TOW_VEH,J_KNIFE,MCARR_I1,MCARR_I2,MCARR_ID,GVWR,V_CONFIG,CARGO_BT,HAZ_INV,HAZ_PLAC,HAZ_ID,HAZ_CNO,HAZ_REL,BUS_USE,SPEC_USE,EMER_USE,TRAV_SP,UNDERIDE,ROLLOVER,ROLINLOC,IMPACT1,DEFORMED,TOWED,M_HARM,VEH_SC1,VEH_SC2,FIRE_EXP,DR_PRES,L_STATE,DR_ZIP,L_STATUS,L_TYPE,CDL_STAT,L_ENDORS,L_COMPL,L_RESTRI,DR_HGT,DR_WGT,PREV_ACC,PREV_SUS,PREV_DWI,PREV_SPD,PREV_OTH,FIRST_MO,FIRST_YR,LAST_MO,LAST_YR,SPEEDREL,DR_SF1,DR_SF2,DR_SF3,DR_SF4,VTRAFWAY,VNUM_LAN,VSPD_LIM,VALIGN,VPROFILE,VPAVETYP,VSURCOND,VTRAFCON,VTCONT_F,P_CRASH1,P_CRASH2,P_CRASH3,PCRASH4,PCRASH5,ACC_TYPE,TRLR1VIN,TRLR2VIN,TRLR3VIN,DEATHS,DR_DRINK,VINTYPE,VINMAKE,VINA_MOD,VIN_BT,VINMODYR,VIN_LNGT,VIN_WGT,WGTCD_TR,WHLBS_LG,WHLBS_SH,SER_TR,FUELCODE,MCYCL_DS,CARBUR,CYLINDER,DISPLACE,MCYCL_CY,MCYCL_WT,TIRE_SZE,TON_RAT,TRK_WT,TRKWTVAR,VIN_REST,WHLDRWHL,Year
2016040646,4,40646,1,1,1,23,9,11,10,9,0,1,0,4,3,82,881,82881,66,2016,3AKBGBDV1GDG,3,A,K,B,G,B,D,V,1,G,D,G,1,1,57,82866,5782866,3,6,1,1,0,0,0,0,0,0,0,10,0,0,0,98,0,5,9,0,0,0,1,4,85122,6,1,6,0,3,0,65,190,0,4,0,1,0,11,2015,6,2016,0,0,0,0,0,1,2,40,1,1,2,1,20,3,10,81,99,1,1,13,Not Reported,No Trailing Units,No Trailing Units,0,0,,,,,,,,,,,,,,,,,,,,,,,,,2016
2016040648,4,40648,1,2,1,23,9,23,7,33,0,1,0,99,9,7,482,7482,31,2002,Unknown,9,9,9,9,9,9,9,9,9,9,9,9,0,0,0,Not Applicable,Not Applicable,0,0,0,1,0,0,0,0,0,0,0,999,0,1,1,6,9,9,1,0,0,0,1,4,85022,6,1,0,0,3,0,66,135,0,0,0,1,0,10,2011,10,2011,5,99,99,99,99,2,3,99,9,9,9,99,0,0,99,6,99,9,4,2,No Trailing Units,No Trailing Units,No Trailing Units,1,0,,,,,,,,,,,,,,,,,,,,,,,,,2016
2016040648,4,40648,2,2,1,23,9,23,7,33,0,1,0,99,9,20,24,20024,6,2012,Unknown,9,9,9,9,9,9,9,9,9,9,9,9,0,0,0,Not Applicable,Not Applicable,0,0,0,1,0,0,0,0,0,0,0,999,0,0,0,81,9,9,12,0,0,0,1,4,86047,6,1,0,0,3,3,61,160,0,0,0,0,0,0,0,0,0,0,0,0,0,0,9,9,99,9,9,9,99,3,3,10,78,99,9,1,98,No Trailing Units,No Trailing Units,No Trailing Units,0,0,,,,,,,,,,,,,,,,,,,,,,,,,2016
2016040649,4,40649,1,2,1,25,9,21,40,12,2,1,0,4,1,30,47,30047,3,2014,3VWJL7AT0EM6,3,V,W,J,L,7,A,T,0,E,M,6,0,0,0,Not Applicable,Not Applicable,0,0,0,1,0,0,0,0,0,0,0,63,0,0,0,12,6,2,12,0,0,0,1,4,85381,6,1,0,0,3,3,68,150,0,0,0,0,0,0,0,0,0,3,91,0,0,0,5,5,40,1,1,8,1,0,0,1,10,99,1,2,50,No Trailing Units,No Trailing Units,No Trailing Units,0,0,,,,,,,,,,,,,,,,,,,,,,,,,2016
2016040649,4,40649,2,2,1,25,9,21,40,12,2,1,0,4,2,7,24,7024,4,2007,2B3KA43G67H8,2,B,3,K,A,4,3,G,6,7,H,8,0,0,0,Not Applicable,Not Applicable,0,0,0,1,0,0,0,0,0,0,0,40,0,0,0,12,6,2,12,0,0,0,1,4,86040,1,1,0,0,2,3,69,200,0,2,0,0,0,9,2015,9,2015,0,0,0,0,0,5,5,40,1,1,8,1,0,0,1,62,99,1,1,51,No Trailing Units,No Trailing Units,No Trailing Units,1,0,,,,,,,,,,,,,,,,,,,,,,,,,2016
2016040650,4,40650,1,2,1,26,9,15,44,12,99,1,0,99,9,35,47,35047,4,2015,Unknown,9,9,9,9,9,9,9,9,9,9,9,9,0,0,0,Not Applicable,Not Applicable,0,0,0,1,0,0,0,0,0,0,0,999,0,0,0,98,6,2,46,0,0,0,1,4,85017,6,1,0,0,3,0,70,280,0,0,0,1,1,10,2015,10,2015,9,0,0,0,0,2,4,99,1,1,2,1,2,3,1,17,99,9,3,69,No Trailing Units,No Trailing Units,No Trailing Units,1,1,,,,,,,,,,,,,,,,,,,,,,,,,2016
2016040650,4,40650,2,2,1,26,9,15,44,12,99,1,0,99,9,23,481,23481,31,2004,Unknown,9,9,9,9,9,9,9,9,9,9,9,9,0,0,0,Not Applicable,Not Applicable,0,0,0,1,0,0,0,0,0,0,0,999,0,0,0,98,9,9,12,0,0,0,1,4,86503,6,1,0,0,3,0,65,170,2,0,0,1,1,9,2011,2,2012,0,0,0,0,0,2,4,99,1,1,2,99,2,3,11,15,99,9,3,68,No Trailing Units,No Trailing Units,No Trailing Units,0,0,,,,,,,,,,,,,,,,,,,,,,,,,2016
2016040651,4,40651,1,3,1,27,9,7,7,12,1,1,0,99,9,72,709,72709,80,2007,Unknown,9,9,9,9,9,9,9,9,9,9,9,9,0,0,0,Not Applicable,Not Applicable,0,0,0,1,0,0,0,0,0,0,0,999,0,0,0,12,9,9,12,0,0,0,1,4,85027,6,1,0,0,3,0,68,195,0,0,0,0,0,0,0,0,0,0,0,0,0,0,9,9,99,1,1,8,99,0,0,1,50,99,9,3,33,No Trailing Units,No Trailing Units,No Trailing Units,1,0,,,,,,,,,,,,,,,,,,,,,,,,,2016
2016040651,4,40651,2,3,1,27,9,7,7,12,1,1,0,99,9,49,403,49403,14,2007,Unknown,9,9,9,9,9,9,9,9,9,9,9,9,0,0,0,Not Applicable,Not Applicable,0,0,0,1,0,0,0,0,0,0,0,0,0,0,0,6,9,9,12,0,0,0,1,4,85024,6,1,0,0,3,0,66,115,0,0,0,0,0,0,0,0,0,0,0,0,0,0,9,9,99,1,1,8,99,0,0,5,53,1,1,1,33,No Trailing Units,No Trailing Units,No Trailing Units,0,0,,,,,,,,,,,,,,,,,,,,,,,,,2016
2016040651,4,40651,3,3,2,27,9,7,7,12,1,1,0,99,9,23,481,23481,31,1995,Unknown,9,9,9,9,9,9,9,9,9,9,9,9,0,0,0,Not Applicable,Not Applicable,0,0,0,1,0,0,0,0,0,0,0,999,0,0,0,12,9,9,54,0,0,0,1,4,85006,0,0,0,0,0,0,999,999,0,0,0,0,0,0,0,0,0,0,91,0,0,0,9,9,99,1,1,8,99,0,0,1,98,99,9,3,98,No Trailing Units,No Trailing Units,No Trailing Units,0,0,,,,,,,,,,,,,,,,,,,,,,,,,2016
2016040652,4,40652,1,1,99,28,9,5,55,8,0,1,0,4,1,23,481,23481,31,2001,2GTEC19V7112,2,G,T,E,C,1,9,V,7,1,1,2,0,0,0,Not Applicable,Not Applicable,0,0,0,1,0,0,0,0,0,0,0,998,0,0,0,12,4,5,8,0,0,0,1,4,85303,6,1,0,0,3,0,63,165,0,0,0,3,2,10,2011,12,2015,0,38,0,0,0,5,5,40,1,1,2,1,0,0,1,80,1,1,1,13,No Trailing Units,No Trailing Units,No Trailing Units,0,0,,,,,,,,,,,,,,,,,,,,,,,,,2016
2016040653,4,40653,1,2,1,30,9,17,57,12,99,1,0,4,1,63,34,63034,4,2012,5XXGM4A72CG0,5,X,X,G,M,4,A,7,2,C,G,0,0,0,0,Not Applicable,Not Applicable,0,0,0,1,0,0,0,0,0,0,0,17,0,0,0,82,6,2,12,0,0,0,1,4,85260,6,1,0,0,3,0,65,125,0,0,0,0,0,0,0,0,0,9,38,0,0,0,1,5,40,1,1,2,1,3,3,11,15,99,1,1,68,No Trailing Units,No Trailing Units,No Trailing Units,0,0,,,,,,,,,,,,,,,,,,,,,,,,,2016
2016040653,4,40653,2,2,1,30,9,17,57,12,99,1,0,12,1,71,706,71706,80,2009,ZDM1XBGV09B0,Z,D,M,1,X,B,G,V,0,9,B,0,0,0,0,Not Applicable,Not Applicable,0,0,0,1,0,0,0,0,0,0,0,36,0,0,0,12,6,2,12,0,0,0,1,12,85251,6,1,6,0,3,0,72,225,0,1,0,0,0,3,2015,3,2015,0,0,0,0,0,1,5,40,1,1,2,1,3,3,1,62,99,1,1,69,No Trailing Units,No Trailing Units,No Trailing Units,1,0,,,,,,,,,,,,,,,,,,,,,,,,,2016
2016040654,4,40654,1,1,2,30,9,19,12,8,0,1,0,4,1,2,404,2404,14,2011,1J4RS4GG5BC6,1,J,4,R,S,4,G,G,5,B,C,6,0,0,0,Not Applicable,Not Applicable,0,0,0,1,0,0,0,0,0,0,0,45,0,0,0,82,6,2,8,0,0,0,1,4,85254,6,1,0,0,3,3,64,200,0,0,0,0,0,0,0,0,0,0,0,0,0,0,9,4,45,1,1,8,1,0,0,1,80,99,1,1,13,No Trailing Units,No Trailing Units,No Trailing Units,0,0,,,,,,,,,,,,,,,,,,,,,,,,,2016
2016040656,4,40656,1,2,2,30,9,19,33,12,6,1,0,99,9,37,401,37401,14,2002,Unknown,9,9,9,9,9,9,9,9,9,9,9,9,0,0,0,Not Applicable,Not Applicable,0,0,0,1,0,0,0,0,0,0,0,999,0,0,0,83,9,9,12,0,0,0,1,4,85027,6,1,0,0,3,3,69,180,0,2,0,0,0,6,2013,7,2013,0,38,91,0,0,2,3,99,1,1,9,99,0,0,11,15,99,9,3,68,No Trailing Units,No Trailing Units,No Trailing Units,0,1,,,,,,,,,,,,,,,,,,,,,,,,,2016
2016040656,4,40656,2,2,1,30,9,19,33,12,6,1,0,99,9,37,709,37709,80,2000,Unknown,9,9,9,9,9,9,9,9,9,9,9,9,0,0,0,Not Applicable,Not Applicable,0,0,0,1,0,0,0,0,0,0,0,999,0,0,0,12,9,9,12,0,0,0,1,4,85643,6,1,0,0,3,0,65,117,0,5,0,5,2,10,2011,6,2016,0,0,0,0,0,1,6,99,1,1,9,99,0,0,1,62,99,9,3,69,No Trailing Units,No Trailing Units,No Trailing Units,1,0,,,,,,,,,,,,,,,,,,,,,,,,,2016
2016040657,4,40657,1,2,1,1,10,23,11,12,6,1,0,4,1,24,7,24007,4,2006,1G8AK58F66Z1,1,G,8,A,K,5,8,F,6,6,Z,1,0,0,0,Not Applicable,Not Applicable,0,0,0,1,0,0,0,0,0,0,0,25,0,0,0,3,6,2,12,0,0,0,1,4,85283,6,1,0,0,3,0,67,155,0,0,0,0,0,0,0,0,0,0,38,0,0,0,5,5,40,1,1,2,1,0,0,11,15,99,1,1,68,No Trailing Units,No Trailing Units,No Trailing Units,0,0,,,,,,,,,,,,,,,,,,,,,,,,,2016
2016040657,4,40657,2,2,1,1,10,23,11,12,6,1,0,4,2,50,706,50706,80,2004,SMT502FP54J1,S,M,T,5,0,2,F,P,5,4,J,1,0,0,0,Not Applicable,Not Applicable,0,0,0,1,0,0,0,0,0,0,0,40,0,0,0,12,6,2,12,0,0,0,1,4,85730,1,1,0,0,2,0,70,240,1,10,0,3,0,8,2012,11,2014,9,99,99,99,99,5,5,40,1,1,2,1,0,0,1,62,99,9,3,69,No Trailing Units,No Trailing Units,No Trailing Units,1,0,,,,,,,,,,,,,,,,,,,,,,,,,2016
2016040658,4,40658,1,1,1,3,10,4,23,42,0,1,0,4,1,7,43,7043,4,2002,1B3EL36X42N1,1,B,3,E,L,3,6,X,4,2,N,1,0,0,0,Not Applicable,Not Applicable,0,0,0,1,0,0,0,0,0,0,0,40,0,0,0,12,4,3,43,0,0,0,1,4,85750,6,1,0,0,3,0,68,150,0,0,0,0,1,7,2014,7,2014,0,0,0,0,0,2,2,40,1,1,8,1,0,0,1,13,99,9,4,1,No Trailing Units,No Trailing Units,No Trailing Units,1,0,,,,,,,,,,,,,,,,,,,,,,,,,2016
2016040659,4,40659,1,1,1,4,10,11,39,25,0,1,0,4,1,37,706,37706,80,2012,JH2SC5904CK4,J,H,2,S,C,5,9,0,4,C,K,4,0,0,0,Not Applicable,Not Applicable,0,0,0,1,0,0,0,0,0,0,0,998,0,0,0,98,6,2,58,0,0,0,1,4,85382,6,1,0,0,3,0,72,167,0,0,0,0,0,0,0,0,0,4,0,0,0,0,1,2,55,2,1,1,1,0,0,14,6,99,9,4,7,No Trailing Units,No Trailing Units,No Trailing Units,1,0,,,,,,,,,,,,,,,,,,,,,,,,,2016
2016040660,4,40660,1,2,3,4,10,17,30,12,1,1,0,4,1,37,31,37031,4,2016,19XFC2F66GE0,1,9,X,F,C,2,F,6,6,G,E,0,0,0,0,Not Applicable,Not Applicable,0,0,0,1,0,0,0,0,0,0,0,35,0,0,0,12,6,2,12,0,0,0,1,24,20906,6,1,0,0,3,0,65,156,0,0,0,3,0,3,2013,3,2016,3,91,0,0,0,2,2,45,1,1,8,1,0,0,1,50,99,9,1,20,No Trailing Units,No Trailing Units,No Trailing Units,1,0,,,,,,,,,,,,,,,,,,,,,,,,,2016
2016040660,4,40660,2,2,1,4,10,17,30,12,1,1,0,4,3,12,481,12481,31,2014,1FD7X3A68EEB,1,F,D,7,X,3,A,6,8,E,E,B,0,0,0,Not Applicable,Not Applicable,0,0,0,1,0,0,0,0,0,0,0,0,0,0,0,6,4,5,12,0,0,0,1,4,85653,6,1,0,0,3,3,72,150,0,0,0,0,0,0,0,0,0,0,0,0,0,0,2,2,45,1,1,8,1,0,0,5,53,1,1,1,21,No Trailing Units,No Trailing Units,No Trailing Units,0,0,,,,,,,,,,,,,,,,,,,,,,,,,2016
2016040661,4,40661,1,1,1,4,10,17,36,8,0,1,0,4,1,49,422,49422,15,2003,5TDZT34AX3S1,5,T,D,Z,T,3,4,A,X,3,S,1,0,0,0,Not Applicable,Not Applicable,0,0,0,1,0,0,0,0,0,0,0,21,0,0,0,1,2,5,8,0,0,0,1,4,85051,6,1,0,0,3,3,70,200,0,0,0,0,0,0,0,0,0,0,0,0,0,0,1,6,40,1,1,2,1,0,0,1,80,16,1,1,13,No Trailing Units,No Trailing Units,No Trailing Units,0,0,,,,,,,,,,,,,,,,,,,,,,,,,2016
2016040662,4,40662,1,2,1,5,10,15,10,24,0,1,0,4,1,55,36,55036,3,1999,KMHVD34N6XU4,K,M,H,V,D,3,4,N,6,X,U,4,0,0,0,Not Applicable,Not Applicable,0,0,0,1,0,0,0,0,0,0,0,998,0,0,0,12,6,2,12,0,0,0,1,4,85544,6,1,0,0,3,0,72,205,0,0,0,0,0,0,0,0,0,0,28,0,0,0,1,2,55,2,6,2,1,0,0,14,10,99,9,2,98,No Trailing Units,No Trailing Units,No Trailing Units,1,0,,,,,,,,,,,,,,,,,,,,,,,,,2016
2016040662,4,40662,2,2,4,5,10,15,10,24,0,1,0,4,1,23,461,23461,21,2001,1GDFG15R7112,1,G,D,F,G,1,5,R,7,1,1,2,0,0,0,Not Applicable,Not Applicable,0,0,0,1,0,0,0,0,0,0,0,998,0,1,5,82,6,2,1,0,0,0,1,4,85295,6,1,0,0,3,0,70,140,0,0,0,0,0,0,0,0,0,0,0,0,0,0,1,2,55,3,5,2,1,0,0,14,62,7,1,4,3,No Trailing Units,No Trailing Units,No Trailing Units,0,0,,,,,,,,,,,,,,,,,,,,,,,,,2016
2016040663,4,40663,1,2,1,7,10,20,51,12,2,1,0,4,1,6,18,6018,4,2013,1C3CCBBB3DN6,1,C,3,C,C,B,B,B,3,D,N,6,0,0,0,Not Applicable,Not Applicable,0,0,0,1,0,0,0,0,0,0,0,998,0,0,0,12,6,2,12,0,0,0,1,4,85716,6,1,0,0,3,3,69,185,0,0,0,1,1,6,2014,10,2014,0,28,0,0,0,5,5,35,1,1,8,1,0,0,1,10,99,1,2,50,No Trailing Units,No Trailing Units,No Trailing Units,1,0,,,,,,,,,,,,,,,,,,,,,,,,,2016
2016040663,4,40663,2,2,4,7,10,20,51,12,2,1,0,4,1,20,422,20422,15,2008,1GNFK16358R1,1,G,N,F,K,1,6,3,5,8,R,1,0,0,0,Not Applicable,Not Applicable,0,0,0,1,0,0,0,0,0,0,0,35,0,0,0,12,6,2,12,0,0,0,1,4,85741,6,1,0,0,3,0,64,156,0,0,0,0,0,0,0,0,0,0,0,0,0,0,5,5,35,1,1,8,1,0,0,1,62,99,9,3,51,No Trailing Units,No Trailing Units,No Trailing Units,0,0,,,,,,,,,,,,,,,,,,,,,,,,,2016
2016040664,4,40664,1,1,1,8,10,8,2,1,0,1,0,4,2,12,471,12471,30,2002,1FTYR14U32PA,1,F,T,Y,R,1,4,U,3,2,P,A,0,0,0,Not Applicable,Not Applicable,0,0,0,1,0,0,0,0,0,0,0,998,0,1,5,0,6,2,1,0,0,0,1,4,85212,6,1,0,0,3,0,69,215,0,0,0,0,0,0,0,0,0,4,58,0,0,0,6,1,65,2,1,2,1,0,0,14,12,7,9,4,2,No Trailing Units,No Trailing Units,No Trailing Units,1,0,,,,,,,,,,,,,,,,,,,,,,,,,2016
2016040665,4,40665,1,1,4,8,10,11,25,17,0,1,0,4,1,98,998,98998,97,2013,4XAWH76A1D22,4,X,A,W,H,7,6,A,1,D,2,2,0,0,0,Not Applicable,Not Applicable,0,0,0,1,0,0,0,0,0,0,0,998,0,1,1,12,6,2,1,0,0,0,1,4,85306,6,1,0,0,3,0,74,220,0,0,0,0,0,0,0,0,0,0,0,0,0,0,1,2,98,1,5,5,1,0,0,1,90,99,9,3,12,No Trailing Units,No Trailing Units,No Trailing Units,1,0,,,,,,,,,,,,,,,,,,,,,,,,,2016
2016040666,4,40666,1,2,2,9,10,19,23,12,6,1,0,4,2,98,709,98709,80,2015,LYDM7TKH3F15,L,Y,D,M,7,T,K,H,3,F,1,5,0,0,0,Not Applicable,Not Applicable,0,0,0,1,0,0,0,0,0,0,0,998,0,0,0,3,6,2,12,0,0,0,1,4,85202,6,1,0,0,3,0,65,185,0,3,1,3,1,1,2012,1,2015,0,38,0,0,0,1,5,40,1,1,2,1,3,3,11,15,99,1,1,68,No Trailing Units,No Trailing Units,No Trailing Units,1,0,,,,,,,,,,,,,,,,,,,,,,,,,2016
2016040666,4,40666,2,2,2,9,10,19,23,12,6,1,0,4,1,49,40,49040,4,2000,4T1BG22K1YU9,4,T,1,B,G,2,2,K,1,Y,U,9,0,0,0,Not Applicable,Not Applicable,0,0,0,1,0,0,0,0,0,0,0,40,0,0,0,12,6,2,12,0,0,0,1,4,85302,6,1,0,0,3,0,60,131,0,0,0,0,0,0,0,0,0,0,0,0,0,0,1,5,40,1,1,2,1,3,3,1,62,99,9,3,69,No Trailing Units,No Trailing Units,No Trailing Units,0,0,,,,,,,,,,,,,,,,,,,,,,,,,2016
2016040667,4,40667,1,1,1,11,10,8,24,42,0,1,0,4,1,12,471,12471,30,1995,1FTCR15X9SPA,1,F,T,C,R,1,5,X,9,S,P,A,0,0,0,Not Applicable,Not Applicable,0,0,0,1,0,0,0,0,0,0,0,998,0,1,5,81,6,2,1,0,0,0,1,4,85018,6,1,0,0,3,3,70,225,0,0,0,0,0,0,0,0,0,0,0,0,0,0,1,2,55,2,1,2,1,28,3,14,12,99,1,4,6,No Trailing Units,No Trailing Units,No Trailing Units,1,0,,,,,,,,,,,,,,,,,,,,,,,,,2016
2016040668,4,40668,1,1,1,11,10,15,35,33,0,1,0,4,1,12,422,12422,15,2006,1FMFU20546LA,1,F,M,F,U,2,0,5,4,6,L,A,0,0,0,Not Applicable,Not Applicable,0,0,0,1,0,0,0,0,0,0,0,35,0,0,0,82,6,2,38,0,0,0,1,4,85045,6,1,0,0,3,0,75,270,0,0,0,1,0,5,2012,5,2012,9,99,99,99,99,5,5,40,1,1,2,1,0,0,1,13,99,1,4,1,No Trailing Units,No Trailing Units,No Trailing Units,1,0,,,,,,,,,,,,,,,,,,,,,,,,,2016
2016040669,4,40669,1,1,3,12,10,19,40,1,0,1,0,6,1,51,881,51881,66,2008,4V4NC9EJ28N2,4,V,4,N,C,9,E,J,2,8,N,2,1,1,57,0254376,570254376,3,6,1,1,0,0,0,0,0,0,0,998,0,1,5,0,6,2,1,0,0,0,1,6,94541,6,1,6,0,3,0,65,195,1,0,0,2,1,2,2012,9,2016,4,0,0,0,0,1,2,65,3,1,2,1,28,3,14,6,16,2,4,2,1JJV532W93L8,No Trailing Units,No Trailing Units,2,0,,,,,,,,,,,,,,,,,,,,,,,,,2016
2016040670,4,40670,1,1,2,13,10,15,9,32,0,1,0,4,1,49,482,49482,31,2007,5TFBV58127X0,5,T,F,B,V,5,8,1,2,7,X,0,0,0,0,Not Applicable,Not Applicable,0,0,0,1,0,0,0,0,0,0,0,998,0,1,4,98,6,2,1,0,0,0,1,4,86315,6,1,0,0,3,0,69,160,0,0,0,0,0,0,0,0,0,4,58,0,0,0,1,2,65,1,1,2,1,0,0,1,13,6,4,4,7,No Trailing Units,No Trailing Units,No Trailing Units,1,0,,,,,,,,,,,,,,,,,,,,,,,,,2016
2016040671,4,40671,1,2,1,16,10,16,47,12,2,1,0,4,2,22,22,22022,4,2008,1G2ZG57B7842,1,G,2,Z,G,5,7,B,7,8,4,2,0,0,0,Not Applicable,Not Applicable,0,0,0,1,0,0,0,0,0,0,0,998,0,0,0,12,6,2,12,0,0,0,1,4,85730,6,1,0,0,3,0,70,147,0,0,0,0,0,0,0,0,0,4,51,0,0,0,1,2,45,1,1,8,1,0,0,6,54,99,9,1,52,No Trailing Units,No Trailing Units,No Trailing Units,1,0,,,,,,,,,,,,,,,,,,,,,,,,,2016
2016040671,4,40671,2,2,2,16,10,16,47,12,2,1,0,4,2,23,472,23472,30,2006,1GTCS148X683,1,G,T,C,S,1,4,8,X,6,8,3,0,0,0,Not Applicable,Not Applicable,0,0,0,1,0,0,0,0,0,0,0,998,0,0,0,12,6,2,12,0,0,0,1,4,85128,6,1,6,0,3,3,74,185,0,0,0,1,1,1,2012,7,2012,0,0,0,0,0,1,2,45,1,1,8,1,0,0,1,54,99,9,1,52,No Trailing Units,No Trailing Units,No Trailing Units,0,0,,,,,,,,,,,,,,,,,,,,,,,,,2016
2016040672,4,40672,1,1,1,18,10,21,30,8,0,1,0,4,1,37,31,37031,4,2012,2HGFB6E58CH7,2,H,G,F,B,6,E,5,8,C,H,7,0,0,0,Not Applicable,Not Applicable,0,0,0,1,0,0,0,0,0,0,0,45,0,0,0,12,2,5,8,0,0,0,1,4,85704,6,1,0,0,3,0,67,135,0,0,0,0,0,0,0,0,0,0,0,0,0,0,2,3,45,1,1,2,1,0,0,1,80,1,1,1,13,No Trailing Units,No Trailing Units,No Trailing Units,0,0,,,,,,,,,,,,,,,,,,,,,,,,,2016
2016040673,4,40673,1,3,1,19,10,3,30,12,1,1,0,6,3,82,881,82881,66,2017,3AKJGLDR8HSH,3,A,K,J,G,L,D,R,8,H,S,H,1,1,57,0218670,570218670,3,6,1,1,0,0,0,0,0,0,0,998,7,0,0,12,6,2,12,0,0,0,1,55,53142,6,1,6,0,3,3,70,170,0,0,0,0,0,0,0,0,0,4,0,0,0,0,2,2,75,1,1,2,1,28,3,1,51,16,2,1,24,1UYVS2531GU5,No Trailing Units,No Trailing Units,0,0,,,,,,,,,,,,,,,,,,,,,,,,,2016
2016040673,4,40673,2,3,1,19,10,3,30,12,1,1,0,17,3,82,881,82881,66,2016,3AKJGLD50GSG,3,A,K,J,G,L,D,5,0,G,S,G,1,1,57,0227195,570227195,3,6,1,1,0,0,0,0,0,0,0,998,0,0,0,6,2,5,12,0,0,0,1,48,75007,6,1,6,0,3,3,999,999,0,0,0,0,0,0,0,0,0,0,27,0,0,0,2,2,75,1,1,2,1,28,3,15,53,1,1,3,98,1JJV532WX5L9,No Trailing Units,No Trailing Units,0,0,,,,,,,,,,,,,,,,,,,,,,,,,2016
2016040673,4,40673,3,3,1,19,10,3,30,12,1,1,0,4,3,20,461,20461,21,2007,1GCGG25V8711,1,G,C,G,G,2,5,V,8,7,1,1,0,0,0,Not Applicable,Not Applicable,0,0,0,1,0,0,0,0,0,0,0,998,1,0,0,6,6,2,12,0,0,0,1,4,86046,6,1,0,0,3,0,73,245,0,0,0,0,0,0,0,0,0,0,0,0,0,0,2,2,75,1,1,2,1,28,3,1,53,99,1,1,25,No Trailing Units,No Trailing Units,No Trailing Units,1,0,,,,,,,,,,,,,,,,,,,,,,,,,2016
2016040674,4,40674,1,3,1,20,10,14,31,12,6,1,0,4,1,20,9,20009,2,2014,2G1FA1E3XE91,2,G,1,F,A,1,E,3,X,E,9,1,0,0,0,Not Applicable,Not Applicable,0,0,0,1,0,0,0,0,0,0,0,10,0,0,0,62,6,2,12,0,0,0,1,4,85259,6,1,0,0,3,3,65,135,1,1,0,0,1,9,2014,10,2014,0,38,0,0,0,1,2,35,1,1,8,1,20,3,99,19,99,1,1,99,No Trailing Units,No Trailing Units,No Trailing Units,1,0,,,,,,,,,,,,,,,,,,,,,,,,,2016
2016040674,4,40674,2,3,1,20,10,14,31,12,6,1,0,4,1,20,481,20481,31,2003,2GCEC19V2314,2,G,C,E,C,1,9,V,2,3,1,4,0,0,0,Not Applicable,Not Applicable,0,0,0,1,0,0,0,0,0,0,0,30,0,0,0,12,4,5,12,32,0,0,1,4,85006,6,1,0,0,3,3,65,140,0,0,0,0,0,0,0,0,0,0,0,0,0,0,5,6,35,1,1,8,1,0,0,1,68,16,1,1,99,No Trailing Units,No Trailing Units,No Trailing Units,0,0,,,,,,,,,,,,,,,,,,,,,,,,,2016