accident_id,STATE,ST_CASE,VEH_NO,VE_FORMS,NUMOCCS,DAY,MONTH,HOUR,MINUTE,HARM_EV,MAN_COLL,UNITTYPE,HIT_RUN,REG_STAT,OWNER,MAKE,MODEL,MAK_MOD,BODY_TYP,MOD_YEAR,VIN,VIN_1,VIN_2,VIN_3,VIN_4,VIN_5,VIN_6,VIN_7,VIN_8,VIN_9,VIN_10,VIN_11,VIN_12,TOW_VEH,J_KNIFE,MCARR_I1,MCARR_I2,MCARR_ID,GVWR,V_CONFIG,CARGO_BT,HAZ_INV,HAZ_PLAC,HAZ_ID,HAZ_CNO,HAZ_REL,BUS_USE,SPEC_USE,EMER_USE,TRAV_SP,UNDERIDE,ROLLOVER,ROLINLOC,IMPACT1,DEFORMED,TOWED,M_HARM,VEH_SC1,VEH_SC2,FIRE_EXP,DR_PRES,L_STATE,DR_ZIP,L_STATUS,L_TYPE,CDL_STAT,L_ENDORS,L_COMPL,L_RESTRI,DR_HGT,DR_WGT,PREV_ACC,PREV_SUS,PREV_DWI,PREV_SPD,PREV_OTH,FIRST_MO,FIRST_YR,LAST_MO,LAST_YR,SPEEDREL,DR_SF1,DR_SF2,DR_SF3,DR_SF4,VTRAFWAY,VNUM_LAN,VSPD_LIM,VALIGN,VPROFILE,VPAVETYP,VSURCOND,VTRAFCON,VTCONT_F,P_CRASH1,P_CRASH2,P_CRASH3,PCRASH4,PCRASH5,ACC_TYPE,TRLR1VIN,TRLR2VIN,TRLR3VIN,DEATHS,DR_DRINK,VINTYPE,VINMAKE,VINA_MOD,VIN_BT,VINMODYR,VIN_LNGT,VIN_WGT,WGTCD_TR,WHLBS_LG,WHLBS_SH,SER_TR,FUELCODE,MCYCL_DS,CARBUR,CYLINDER,DISPLACE,MCYCL_CY,MCYCL_WT,TIRE_SZE,TON_RAT,TRK_WT,TRKWTVAR,VIN_REST,WHLDRWHL,Year
2016040674,4,40674,3,3,2,20,10,14,31,12,6,1,0,4,4,58,403,58403,14,2016,5N1AL0MM5GC5,5,N,1,A,L,0,M,M,5,G,C,5,0,0,0,Not Applicable,Not Applicable,0,0,0,1,0,0,0,0,0,0,0,0,0,0,0,6,6,2,12,0,0,0,1,4,85296,6,1,0,0,3,0,72,175,0,0,0,1,0,5,2016,5,2016,0,0,0,0,0,5,6,35,1,1,8,1,0,0,5,68,1,1,1,98,No Trailing Units,No Trailing Units,No Trailing Units,0,0,,,,,,,,,,,,,,,,,,,,,,,,,2016
2016040675,4,40675,1,1,4,22,10,5,4,1,0,1,0,4,2,23,481,23481,31,2007,1GTHK23K97F5,1,G,T,H,K,2,3,K,9,7,F,5,0,0,0,Not Applicable,Not Applicable,0,0,0,1,0,0,0,0,0,0,0,998,0,1,5,0,6,2,1,0,0,0,1,4,85282,0,0,0,0,0,0,69,170,0,0,0,0,0,0,0,0,0,4,0,0,0,0,1,2,65,3,1,2,1,0,0,14,13,99,9,4,10,No Trailing Units,No Trailing Units,No Trailing Units,1,1,,,,,,,,,,,,,,,,,,,,,,,,,2016
2016040676,4,40676,1,2,1,22,10,17,32,12,2,1,0,6,2,12,23,12023,4,2011,3FAHP0HAXBR2,3,F,A,H,P,0,H,A,X,B,R,2,0,0,0,Not Applicable,Not Applicable,0,0,0,1,0,0,0,0,0,0,0,998,0,0,0,12,6,2,12,0,0,0,1,6,92395,0,0,0,0,0,0,69,135,0,0,0,0,0,0,0,0,0,0,51,0,0,0,1,2,65,1,5,2,1,0,0,1,54,99,1,1,52,No Trailing Units,No Trailing Units,No Trailing Units,1,0,,,,,,,,,,,,,,,,,,,,,,,,,2016
2016040676,4,40676,2,2,2,22,10,17,32,12,2,1,0,4,1,35,421,35421,15,2006,5N1AA08B46N7,5,N,1,A,A,0,8,B,4,6,N,7,0,0,0,Not Applicable,Not Applicable,0,0,0,1,0,0,0,0,0,0,0,998,0,0,0,12,6,2,12,0,0,1,1,4,86426,6,1,0,0,3,0,62,155,0,0,0,0,0,0,0,0,0,0,0,0,0,0,1,2,65,1,6,2,1,0,0,1,54,9,9,3,52,No Trailing Units,No Trailing Units,No Trailing Units,2,0,,,,,,,,,,,,,,,,,,,,,,,,,2016
2016040677,4,40677,1,1,1,23,10,1,30,1,0,1,0,4,1,71,706,71706,80,2009,ZDM1XBLW59B0,Z,D,M,1,X,B,L,W,5,9,B,0,0,0,0,Not Applicable,Not Applicable,0,0,0,1,0,0,0,0,0,0,0,65,0,0,0,0,6,2,33,0,0,0,1,4,85268,6,1,0,0,3,0,70,140,1,0,0,3,0,11,2011,2,2015,4,0,0,0,0,2,2,25,2,1,8,1,40,3,14,6,99,9,1,98,No Trailing Units,No Trailing Units,No Trailing Units,1,1,,,,,,,,,,,,,,,,,,,,,,,,,2016
2016040678,4,40678,1,1,1,23,10,13,5,31,0,1,0,4,1,23,401,23401,14,2004,1GKDT13S2421,1,G,K,D,T,1,3,S,2,4,2,1,0,0,0,Not Applicable,Not Applicable,0,0,0,1,0,0,0,0,0,0,0,998,0,1,3,98,6,2,1,0,0,0,1,4,85258,6,1,0,0,3,0,72,185,1,1,0,3,0,10,2012,2,2013,4,0,0,0,0,2,2,75,2,1,2,1,0,0,14,12,7,1,4,6,No Trailing Units,No Trailing Units,No Trailing Units,1,0,,,,,,,,,,,,,,,,,,,,,,,,,2016
2016040679,4,40679,1,1,1,23,10,22,37,23,0,1,0,4,1,37,706,37706,80,2007,JH2RC466X7M9,J,H,2,R,C,4,6,6,X,7,M,9,0,0,0,Not Applicable,Not Applicable,0,0,0,1,0,0,0,0,0,0,0,70,0,0,0,98,6,2,24,0,0,0,1,4,85737,6,1,0,0,2,0,73,195,0,1,1,2,0,11,2012,3,2015,4,0,0,0,0,2,2,40,3,1,8,1,0,0,14,13,99,1,4,1,No Trailing Units,No Trailing Units,No Trailing Units,1,1,,,,,,,,,,,,,,,,,,,,,,,,,2016
2016040680,4,40680,1,1,1,25,10,4,57,35,0,1,0,4,2,12,481,12481,31,2006,1FTPW12596KB,1,F,T,P,W,1,2,5,9,6,K,B,0,0,0,Not Applicable,Not Applicable,0,0,0,1,0,0,0,0,0,0,0,998,0,1,5,98,6,2,1,0,0,0,1,4,85122,6,1,0,0,3,3,70,135,0,1,0,1,0,11,2013,11,2013,0,0,0,0,0,1,2,50,1,1,2,1,0,0,1,13,6,4,4,7,No Trailing Units,No Trailing Units,No Trailing Units,1,0,,,,,,,,,,,,,,,,,,,,,,,,,2016
2016040681,4,40681,1,3,1,26,10,6,28,12,9,1,0,4,5,12,481,12481,31,2014,1FT7X2B67EEB,1,F,T,7,X,2,B,6,7,E,E,B,0,0,0,Not Applicable,Not Applicable,0,0,0,1,0,0,0,0,0,0,0,80,3,0,0,10,6,2,12,0,0,0,1,4,86004,1,1,0,0,2,0,69,150,0,0,0,0,0,0,0,0,0,3,39,0,0,0,2,4,40,1,1,2,1,3,3,15,11,99,1,2,48,No Trailing Units,No Trailing Units,No Trailing Units,1,0,,,,,,,,,,,,,,,,,,,,,,,,,2016
2016040681,4,40681,2,3,1,26,10,6,28,12,9,1,0,4,3,20,481,20481,31,2011,1GCNKPEX3BZ1,1,G,C,N,K,P,E,X,3,B,Z,1,0,0,0,Not Applicable,Not Applicable,0,0,0,1,0,0,0,0,0,0,0,0,0,0,0,6,2,5,12,0,0,0,1,4,86401,6,1,0,0,3,0,68,190,0,0,0,0,0,0,0,0,0,0,0,0,0,0,2,4,40,1,1,2,1,3,3,5,60,1,1,1,48,No Trailing Units,No Trailing Units,No Trailing Units,0,0,,,,,,,,,,,,,,,,,,,,,,,,,2016
2016040681,4,40681,3,3,1,26,10,6,28,12,9,1,0,4,3,82,881,82881,66,2016,3AKJGLDR5GSH,3,A,K,J,G,L,D,R,5,G,S,H,1,1,57,2243850,572243850,3,6,1,1,0,0,0,0,0,0,0,15,0,0,0,5,6,2,12,0,0,0,1,4,85381,6,1,6,0,3,3,66,170,0,0,0,0,0,0,0,0,0,0,0,0,0,0,2,5,40,1,1,2,1,3,3,11,63,99,1,1,98,3H3V532C7HT7,No Trailing Units,No Trailing Units,0,0,,,,,,,,,,,,,,,,,,,,,,,,,2016
2016040682,4,40682,1,2,1,30,10,0,23,12,2,1,0,4,1,49,40,49040,4,2004,4T1BE32K84U3,4,T,1,B,E,3,2,K,8,4,U,3,0,0,0,Not Applicable,Not Applicable,0,0,0,1,0,0,0,0,0,0,0,40,0,0,0,12,6,2,12,0,0,0,1,4,85757,6,1,0,0,3,0,70,285,0,0,0,0,0,0,0,0,0,0,28,91,0,0,5,5,40,1,1,2,1,0,0,1,10,99,9,2,50,No Trailing Units,No Trailing Units,No Trailing Units,0,1,,,,,,,,,,,,,,,,,,,,,,,,,2016
2016040682,4,40682,2,2,3,30,10,0,23,12,2,1,0,4,1,49,32,49032,4,2001,1NXBR12E21Z5,1,N,X,B,R,1,2,E,2,1,Z,5,0,0,0,Not Applicable,Not Applicable,0,0,0,1,0,0,0,0,0,0,0,40,0,0,0,12,6,2,12,0,0,0,1,4,85730,6,1,0,0,3,0,65,230,0,0,0,0,0,0,0,0,0,0,0,0,0,0,5,5,40,1,1,2,1,0,0,1,62,99,9,3,51,No Trailing Units,No Trailing Units,No Trailing Units,1,0,,,,,,,,,,,,,,,,,,,,,,,,,2016
2016040683,4,40683,1,4,1,2,10,10,35,12,6,1,0,4,2,7,482,7482,31,1996,3B7HF13Z3TG1,3,B,7,H,F,1,3,Z,3,T,G,1,0,0,0,Not Applicable,Not Applicable,0,0,0,1,0,0,0,0,0,0,0,28,0,0,0,12,6,2,12,0,0,0,1,4,85225,0,0,0,0,0,0,999,999,0,0,0,0,0,0,0,0,0,0,39,91,0,0,1,6,40,1,1,2,2,2,3,1,17,1,1,1,86,No Trailing Units,No Trailing Units,No Trailing Units,0,1,,,,,,,,,,,,,,,,,,,,,,,,,2016
2016040683,4,40683,2,4,6,2,10,10,35,12,6,1,0,4,2,12,471,12471,30,1996,1FTCR11UXTUA,1,F,T,C,R,1,1,U,X,T,U,A,0,0,0,Not Applicable,Not Applicable,0,0,0,1,0,0,0,0,0,0,0,28,0,1,1,83,6,2,12,0,0,0,1,4,85040,6,1,0,0,3,0,71,260,1,0,0,0,3,4,2015,7,2015,0,91,0,0,0,1,6,45,1,1,2,2,2,3,1,66,1,1,1,87,No Trailing Units,No Trailing Units,No Trailing Units,1,0,,,,,,,,,,,,,,,,,,,,,,,,,2016
2016040683,4,40683,3,4,3,2,10,10,35,12,6,1,0,4,1,12,422,12422,15,2008,1FMFU18548LA,1,F,M,F,U,1,8,5,4,8,L,A,0,0,0,Not Applicable,Not Applicable,0,0,0,1,0,0,0,0,0,0,0,0,0,0,0,63,2,5,54,0,0,0,1,4,85221,6,1,0,0,3,0,68,250,0,0,0,1,0,3,2013,3,2013,0,0,0,0,0,1,6,45,1,1,2,2,2,3,5,98,1,1,1,98,No Trailing Units,No Trailing Units,No Trailing Units,0,0,,,,,,,,,,,,,,,,,,,,,,,,,2016
2016040683,4,40683,4,4,2,2,10,10,35,12,6,1,0,4,2,30,46,30046,4,2015,1VWAT7A36FC0,1,V,W,A,T,7,A,3,6,F,C,0,0,0,0,Not Applicable,Not Applicable,0,0,0,1,0,0,0,0,0,0,0,0,0,0,0,12,6,2,12,0,0,0,1,4,85033,6,1,0,0,3,0,63,160,0,3,0,1,0,4,2015,7,2015,0,0,0,0,0,1,6,45,1,1,2,2,2,3,5,62,1,1,1,98,No Trailing Units,No Trailing Units,No Trailing Units,0,0,,,,,,,,,,,,,,,,,,,,,,,,,2016
2016040684,4,40684,1,2,1,6,10,19,43,12,1,1,0,21,1,35,47,35047,4,2009,1N4AL21EX9N4,1,N,4,A,L,2,1,E,X,9,N,4,0,0,0,Not Applicable,Not Applicable,0,0,0,1,0,0,0,0,0,0,0,69,1,0,0,12,6,2,12,0,0,0,1,4,85139,6,1,6,0,3,3,63,180,0,0,0,1,0,11,2015,11,2015,3,84,0,0,0,1,2,45,1,1,2,1,0,0,1,51,16,2,1,24,No Trailing Units,No Trailing Units,No Trailing Units,1,1,,,,,,,,,,,,,,,,,,,,,,,,,2016
2016040684,4,40684,2,2,1,6,10,19,43,12,1,1,0,92,0,98,998,98998,92,2016,Not Reported,8,8,8,8,8,8,8,8,8,8,8,8,1,1,0,Not Applicable,Not Applicable,8,0,0,1,0,0,0,0,0,0,0,19,0,0,0,6,4,5,12,0,0,0,1,4,85139,0,0,0,0,0,0,999,999,0,0,0,0,0,0,0,0,0,0,0,0,0,0,1,2,45,1,1,2,1,0,0,1,53,1,1,1,25,Not Reported,No Trailing Units,No Trailing Units,0,0,,,,,,,,,,,,,,,,,,,,,,,,,2016
2016040685,4,40685,1,1,1,3,10,8,28,1,0,1,0,4,2,12,481,12481,31,2004,1FTPX12504NC,1,F,T,P,X,1,2,5,0,4,N,C,0,0,0,Not Applicable,Not Applicable,0,0,0,1,0,0,0,0,0,0,0,998,0,1,3,0,6,2,1,0,0,0,1,4,85713,6,1,0,0,3,0,67,180,0,1,0,2,0,1,2013,2,2016,4,85,0,0,0,3,3,75,1,1,2,1,0,0,1,64,6,9,4,7,No Trailing Units,No Trailing Units,No Trailing Units,1,0,,,,,,,,,,,,,,,,,,,,,,,,,2016
2016040686,4,40686,1,1,1,23,10,11,30,1,0,1,0,4,1,72,706,72706,80,2000,1HD1FFW17YY6,1,H,D,1,F,F,W,1,7,Y,Y,6,0,0,0,Not Applicable,Not Applicable,0,0,0,1,0,0,0,0,0,0,0,75,0,0,0,0,6,2,1,0,0,0,1,4,86326,6,1,6,0,3,3,70,215,0,0,0,0,0,0,0,0,0,9,99,99,99,99,2,2,75,1,5,2,1,0,0,1,9,99,9,3,98,No Trailing Units,No Trailing Units,No Trailing Units,1,1,,,,,,,,,,,,,,,,,,,,,,,,,2016
2016040687,4,40687,1,1,1,24,10,5,49,42,0,1,0,4,1,6,51,6051,4,2006,2C3LA63H56H1,2,C,3,L,A,6,3,H,5,6,H,1,0,0,0,Not Applicable,Not Applicable,0,0,0,1,0,0,0,0,0,0,0,998,0,0,0,12,6,2,30,0,0,0,1,4,85607,6,1,0,0,3,3,70,260,0,0,0,0,0,0,0,0,0,9,99,99,99,99,5,4,45,1,1,2,1,0,0,1,12,99,1,4,6,No Trailing Units,No Trailing Units,No Trailing Units,1,1,,,,,,,,,,,,,,,,,,,,,,,,,2016
2016040688,4,40688,1,2,1,3,10,14,45,12,7,1,0,4,1,12,481,12481,31,1977,F15HU028795,F,1,5,H,U,0,2,8,7,9,5,,0,0,0,Not Applicable,Not Applicable,0,0,0,1,0,0,0,0,0,0,0,45,0,0,0,62,6,2,38,0,0,0,1,4,85204,6,1,0,0,3,3,69,130,0,0,0,0,0,0,0,0,0,4,85,27,0,0,5,5,45,1,1,8,1,0,0,15,52,6,9,2,47,No Trailing Units,No Trailing Units,No Trailing Units,1,0,,,,,,,,,,,,,,,,,,,,,,,,,2016
2016040688,4,40688,2,2,1,3,10,14,45,12,7,1,0,4,1,12,23,12023,4,2016,3FA6P0K94GR1,3,F,A,6,P,0,K,9,4,G,R,1,0,0,0,Not Applicable,Not Applicable,0,0,0,1,0,0,0,0,0,0,0,40,0,0,0,82,2,5,12,0,0,0,1,4,85205,6,1,0,0,3,3,70,220,0,0,0,0,1,2,2015,2,2015,0,89,0,0,0,5,5,45,1,1,8,1,0,0,1,61,8,2,1,45,No Trailing Units,No Trailing Units,No Trailing Units,0,0,,,,,,,,,,,,,,,,,,,,,,,,,2016
2016040689,4,40689,1,2,1,13,10,5,50,5,0,1,0,4,1,6,18,6018,4,2013,1C3CCBAB1DN6,1,C,3,C,C,B,A,B,1,D,N,6,0,0,0,Not Applicable,Not Applicable,0,0,0,1,0,0,0,0,0,0,0,20,0,0,0,3,2,5,54,32,0,0,1,4,85208,6,1,0,0,3,0,65,168,0,0,0,0,0,0,0,0,0,0,38,0,0,0,1,5,45,1,1,2,1,3,3,11,15,1,1,1,98,No Trailing Units,No Trailing Units,No Trailing Units,0,0,,,,,,,,,,,,,,,,,,,,,,,,,2016
2016040689,4,40689,2,2,1,13,10,5,50,5,0,1,0,4,1,72,706,72706,80,2015,1HD1GNM19FC3,1,H,D,1,G,N,M,1,9,F,C,3,0,0,0,Not Applicable,Not Applicable,0,0,0,1,0,0,0,0,0,0,0,45,0,0,0,0,6,2,54,0,0,0,1,4,85213,6,1,0,0,2,0,71,230,0,0,0,1,0,5,2012,5,2012,0,0,0,0,0,1,6,45,1,1,2,1,3,3,1,62,16,9,1,0,No Trailing Units,No Trailing Units,No Trailing Units,1,0,,,,,,,,,,,,,,,,,,,,,,,,,2016
2016040690,4,40690,1,1,1,11,7,21,24,8,0,1,0,4,1,20,481,20481,31,2000,1GCGC24U6YE2,1,G,C,G,C,2,4,U,6,Y,E,2,0,0,0,Not Applicable,Not Applicable,0,0,0,1,0,0,0,0,0,0,0,25,0,0,0,12,2,5,8,0,0,0,1,4,85203,6,1,0,0,3,0,71,210,0,2,0,0,1,5,2015,10,2015,0,0,0,0,0,5,5,45,1,1,8,1,0,0,15,80,1,1,2,13,No Trailing Units,No Trailing Units,No Trailing Units,0,0,,,,,,,,,,,,,,,,,,,,,,,,,2016
2016040691,4,40691,1,1,1,15,8,10,49,33,0,1,0,4,1,49,32,49032,5,1995,JT2AE09V8S00,J,T,2,A,E,0,9,V,8,S,0,0,0,0,0,Not Applicable,Not Applicable,0,0,0,1,0,0,0,0,0,0,0,40,0,0,0,12,6,2,30,0,0,0,1,4,85257,6,1,0,0,3,3,61,160,0,0,0,0,0,0,0,0,0,0,0,0,0,0,5,5,45,1,1,8,1,0,0,1,12,99,1,4,6,No Trailing Units,No Trailing Units,No Trailing Units,1,0,,,,,,,,,,,,,,,,,,,,,,,,,2016
2016040692,4,40692,1,2,1,16,8,8,29,12,6,1,0,4,1,72,706,72706,80,2014,1HD1LL325EC4,1,H,D,1,L,L,3,2,5,E,C,4,0,0,0,Not Applicable,Not Applicable,0,0,0,1,0,0,0,0,0,0,0,10,0,0,0,82,6,2,12,0,0,0,1,4,85132,6,1,0,0,3,3,69,225,0,0,0,0,0,0,0,0,0,0,38,48,0,0,5,4,25,1,1,8,1,0,0,11,15,99,1,1,68,No Trailing Units,No Trailing Units,No Trailing Units,1,0,,,,,,,,,,,,,,,,,,,,,,,,,2016
2016040692,4,40692,2,2,2,16,8,8,29,12,6,1,0,4,1,12,402,12402,14,2014,1FMCU0G95EUB,1,F,M,C,U,0,G,9,5,E,U,B,0,0,0,Not Applicable,Not Applicable,0,0,0,1,0,0,0,0,0,0,0,25,0,0,0,12,6,2,12,0,0,0,1,4,85143,6,1,0,0,3,0,72,215,0,0,0,0,0,0,0,0,0,0,0,0,0,0,5,4,25,1,1,8,1,0,0,1,62,1,1,1,69,No Trailing Units,No Trailing Units,No Trailing Units,0,0,,,,,,,,,,,,,,,,,,,,,,,,,2016
2016040693,4,40693,1,2,1,3,10,8,50,12,6,1,0,4,1,37,32,37032,4,2005,1HGCM56465A1,1,H,G,C,M,5,6,4,6,5,A,1,0,0,0,Not Applicable,Not Applicable,0,0,0,1,0,0,0,0,0,0,0,15,0,0,0,81,6,2,12,0,0,0,1,4,85755,6,1,0,0,3,0,72,160,0,0,0,0,0,0,0,0,0,0,38,48,0,0,2,4,45,1,1,2,1,0,0,11,15,99,1,1,68,No Trailing Units,No Trailing Units,No Trailing Units,1,0,,,,,,,,,,,,,,,,,,,,,,,,,2016
2016040693,4,40693,2,2,1,3,10,8,50,12,6,1,0,4,1,35,401,35401,14,1995,JN8HD17Y3SW0,J,N,8,H,D,1,7,Y,3,S,W,0,0,0,0,Not Applicable,Not Applicable,0,0,0,1,0,0,0,0,0,0,0,50,0,0,0,12,6,2,12,0,0,0,1,4,85739,6,1,0,0,3,3,73,135,0,0,0,1,1,8,2015,4,2016,0,0,0,0,0,2,4,45,1,1,2,1,0,0,1,62,1,1,1,69,No Trailing Units,No Trailing Units,No Trailing Units,0,0,,,,,,,,,,,,,,,,,,,,,,,,,2016
2016040694,4,40694,1,1,1,24,10,16,0,35,0,1,0,4,1,55,41,55041,2,2015,KMHHU6KJ7FU1,K,M,H,H,U,6,K,J,7,F,U,1,0,0,0,Not Applicable,Not Applicable,0,0,0,1,0,0,0,0,0,0,0,90,0,1,5,98,6,2,1,0,0,0,1,4,86305,6,1,0,0,3,0,71,150,0,0,0,0,0,0,0,0,0,3,0,0,0,0,1,2,50,2,3,8,1,0,0,14,13,99,9,4,2,No Trailing Units,No Trailing Units,No Trailing Units,1,0,,,,,,,,,,,,,,,,,,,,,,,,,2016
2016040695,4,40695,1,2,1,8,10,22,39,8,0,1,1,4,1,41,51,41051,4,2005,JM1BK323X512,J,M,1,B,K,3,2,3,X,5,1,2,0,0,0,Not Applicable,Not Applicable,0,0,0,1,0,0,0,0,0,0,0,65,0,0,0,12,6,2,8,0,0,0,1,4,85143,6,1,0,0,3,0,67,150,0,1,4,0,0,3,2012,4,2012,0,27,91,0,0,2,2,50,1,1,2,1,0,0,15,80,99,1,2,13,No Trailing Units,No Trailing Units,No Trailing Units,0,1,,,,,,,,,,,,,,,,,,,,,,,,,2016
2016040695,4,40695,2,2,2,8,10,22,39,8,0,1,0,4,6,35,47,35047,4,2015,1N4AL3AP5FN8,1,N,4,A,L,3,A,P,5,F,N,8,0,0,0,Not Applicable,Not Applicable,0,0,0,1,0,0,0,0,0,0,0,0,0,0,0,63,6,2,12,0,0,0,0,0,99997,7,6,97,7,6,7,998,997,998,998,998,998,998,98,9998,98,9998,8,54,0,0,0,2,2,50,1,1,2,1,0,0,0,60,0,0,0,98,No Trailing Units,No Trailing Units,No Trailing Units,0,0,,,,,,,,,,,,,,,,,,,,,,,,,2016
2016040696,4,40696,1,3,3,2,10,6,50,12,6,1,0,4,1,20,481,20481,31,2003,1GCHK29U23E1,1,G,C,H,K,2,9,U,2,3,E,1,0,0,0,Not Applicable,Not Applicable,0,0,0,1,0,0,0,0,0,0,0,35,0,0,0,12,6,2,12,0,0,0,1,4,85369,6,1,0,0,3,0,72,175,0,0,0,0,0,0,0,0,0,0,39,0,0,0,2,4,35,1,1,8,1,3,3,1,17,1,1,1,88,No Trailing Units,No Trailing Units,No Trailing Units,0,0,,,,,,,,,,,,,,,,,,,,,,,,,2016
2016040696,4,40696,2,3,1,2,10,6,50,12,6,1,0,4,1,20,4,20004,2,2002,1G1YY22G1251,1,G,1,Y,Y,2,2,G,1,2,5,1,0,0,0,Not Applicable,Not Applicable,0,0,0,1,0,0,0,0,0,0,0,25,0,0,0,61,6,2,12,0,0,0,1,4,85365,6,1,0,0,3,0,72,148,0,0,0,0,0,0,0,0,0,0,0,0,0,0,1,4,25,1,1,8,1,3,3,1,66,99,1,1,89,No Trailing Units,No Trailing Units,No Trailing Units,1,0,,,,,,,,,,,,,,,,,,,,,,,,,2016
2016040696,4,40696,3,3,1,2,10,6,50,12,6,1,0,4,1,49,482,49482,31,2012,5TFDY5F1XCX2,5,T,F,D,Y,5,F,1,X,C,X,2,0,0,0,Not Applicable,Not Applicable,0,0,0,1,0,0,0,0,0,0,0,0,0,0,0,11,2,5,12,0,0,0,1,4,85365,6,1,0,0,3,0,77,240,0,0,0,0,0,0,0,0,0,0,89,0,0,0,2,4,35,1,1,8,1,3,3,5,66,1,1,1,98,No Trailing Units,No Trailing Units,No Trailing Units,0,0,,,,,,,,,,,,,,,,,,,,,,,,,2016
2016040697,4,40697,1,2,2,7,10,9,0,12,1,1,0,4,1,37,705,37705,80,1999,JH2RC4331XM4,J,H,2,R,C,4,3,3,1,X,M,4,0,0,0,Not Applicable,Not Applicable,0,0,0,1,0,0,0,0,0,0,0,23,0,0,0,12,6,2,12,0,0,0,1,4,85210,1,1,0,0,2,3,70,155,1,3,0,3,0,1,2013,7,2014,4,0,0,0,0,2,3,45,1,1,8,1,0,0,1,52,99,1,1,28,No Trailing Units,No Trailing Units,No Trailing Units,1,0,,,,,,,,,,,,,,,,,,,,,,,,,2016
2016040697,4,40697,2,2,1,7,10,9,0,12,1,1,0,4,2,37,31,37031,4,2007,1HGFA168X7L1,1,H,G,F,A,1,6,8,X,7,L,1,0,0,0,Not Applicable,Not Applicable,0,0,0,1,0,0,0,0,0,0,0,998,0,0,0,6,2,5,12,0,0,0,1,4,85233,6,1,0,0,3,0,65,170,0,0,0,0,0,0,0,0,0,0,0,0,0,0,2,3,45,1,1,8,1,0,0,2,53,99,1,1,29,No Trailing Units,No Trailing Units,No Trailing Units,0,0,,,,,,,,,,,,,,,,,,,,,,,,,2016
2016040698,4,40698,1,2,2,17,10,7,51,12,6,1,0,92,0,37,706,37706,80,1985,1HFSC1426FA1,1,H,F,S,C,1,4,2,6,F,A,1,0,0,0,Not Applicable,Not Applicable,0,0,0,1,0,0,0,0,0,0,0,10,0,0,0,82,6,2,2,0,0,1,1,4,85017,0,0,0,0,0,0,72,260,0,2,0,0,0,7,2012,8,2012,0,38,0,0,0,1,7,45,1,1,2,1,3,3,11,15,99,1,1,68,No Trailing Units,No Trailing Units,No Trailing Units,2,1,,,,,,,,,,,,,,,,,,,,,,,,,2016
2016040698,4,40698,2,2,1,17,10,7,51,12,6,1,0,4,3,12,481,12481,31,2016,1FT7W2A61GEC,1,F,T,7,W,2,A,6,1,G,E,C,1,1,77,Not Reported,Not Reported,2,4,3,1,0,0,0,0,0,0,0,38,0,0,0,12,6,2,12,0,0,1,1,4,85284,6,1,0,0,3,3,70,210,0,0,0,0,0,0,0,0,0,0,0,0,0,0,1,7,45,1,1,2,1,3,3,1,62,9,1,3,69,13ZHC1629G10,No Trailing Units,No Trailing Units,0,0,,,,,,,,,,,,,,,,,,,,,,,,,2016
2016040699,4,40699,1,2,1,23,10,5,22,12,2,1,0,4,2,20,431,20431,16,2002,3GNEC16Z92G3,3,G,N,E,C,1,6,Z,9,2,G,3,0,0,0,Not Applicable,Not Applicable,0,0,0,1,0,0,0,0,0,0,0,40,0,0,0,12,6,2,12,0,0,0,1,4,85323,6,1,0,0,3,0,66,190,0,2,1,0,0,7,2015,1,2016,0,28,91,0,0,5,6,35,1,1,8,1,0,0,1,10,99,1,2,50,No Trailing Units,No Trailing Units,No Trailing Units,0,1,,,,,,,,,,,,,,,,,,,,,,,,,2016
2016040699,4,40699,2,2,2,23,10,5,22,12,2,1,0,4,3,14,6,14006,4,2008,2MEFM74V08X6,2,M,E,F,M,7,4,V,0,8,X,6,0,0,0,Not Applicable,Not Applicable,0,0,0,1,0,0,0,0,0,1,0,35,0,0,0,12,6,2,12,0,0,0,1,4,85020,6,1,0,0,3,3,75,370,0,0,0,0,0,0,0,0,0,0,0,0,0,0,5,6,35,1,1,8,1,0,0,1,62,99,1,1,51,No Trailing Units,No Trailing Units,No Trailing Units,1,0,,,,,,,,,,,,,,,,,,,,,,,,,2016