accident_id,STATE,ST_CASE,VEH_NO,VE_FORMS,NUMOCCS,DAY,MONTH,HOUR,MINUTE,HARM_EV,MAN_COLL,UNITTYPE,HIT_RUN,REG_STAT,OWNER,MAKE,MODEL,MAK_MOD,BODY_TYP,MOD_YEAR,VIN,VIN_1,VIN_2,VIN_3,VIN_4,VIN_5,VIN_6,VIN_7,VIN_8,VIN_9,VIN_10,VIN_11,VIN_12,TOW_VEH,J_KNIFE,MCARR_I1,MCARR_I2,MCARR_ID,GVWR,V_CONFIG,CARGO_BT,HAZ_INV,HAZ_PLAC,HAZ_ID,HAZ_CNO,HAZ_REL,BUS_USE,SPEC_USE,EMER_USE,TRAV_SP,UNDERIDE,ROLLOVER,ROLINLOC,IMPACT1,DEFORMED,TOWED,M_HARM,VEH_SC1,VEH_SC2,FIRE_EXP,DR_PRES,L_STATE,DR_ZIP,L_STATUS,L_TYPE,CDL_STAT,L_ENDORS,L_COMPL,L_RESTRI,DR_HGT,DR_WGT,PREV_ACC,PREV_SUS,PREV_DWI,PREV_SPD,PREV_OTH,FIRST_MO,FIRST_YR,LAST_MO,LAST_YR,SPEEDREL,DR_SF1,DR_SF2,DR_SF3,DR_SF4,VTRAFWAY,VNUM_LAN,VSPD_LIM,VALIGN,VPROFILE,VPAVETYP,VSURCOND,VTRAFCON,VTCONT_F,P_CRASH1,P_CRASH2,P_CRASH3,PCRASH4,PCRASH5,ACC_TYPE,TRLR1VIN,TRLR2VIN,TRLR3VIN,DEATHS,DR_DRINK,VINTYPE,VINMAKE,VINA_MOD,VIN_BT,VINMODYR,VIN_LNGT,VIN_WGT,WGTCD_TR,WHLBS_LG,WHLBS_SH,SER_TR,FUELCODE,MCYCL_DS,CARBUR,CYLINDER,DISPLACE,MCYCL_CY,MCYCL_WT,TIRE_SZE,TON_RAT,TRK_WT,TRKWTVAR,VIN_REST,WHLDRWHL,Year
2016040700,4,40700,1,1,1,1,10,7,29,9,0,1,0,4,2,67,31,67031,6,2015,JTLZE4FE8FJ0,J,T,L,Z,E,4,F,E,8,F,J,0,0,0,0,Not Applicable,Not Applicable,0,0,0,1,0,0,0,0,0,0,0,45,0,0,0,12,6,2,9,0,0,0,1,4,85283,6,1,0,0,3,0,71,220,0,4,0,1,1,3,2015,8,2016,0,0,0,0,0,2,3,45,1,1,2,1,0,0,1,13,1,1,4,13,No Trailing Units,No Trailing Units,No Trailing Units,0,0,,,,,,,,,,,,,,,,,,,,,,,,,2016
2016040701,4,40701,1,1,2,7,10,18,20,1,0,1,0,99,9,98,739,98739,97,9999,Unknown,9,9,9,9,9,9,9,9,9,9,9,9,0,0,0,Not Applicable,Not Applicable,0,0,0,1,0,0,0,0,0,0,0,999,0,1,9,0,9,9,1,0,0,0,1,99,99999,9,9,99,9,9,9,999,999,99,99,99,99,99,99,9999,99,9999,9,99,99,99,99,9,9,99,9,9,5,99,99,9,99,99,99,9,9,99,No Trailing Units,No Trailing Units,No Trailing Units,1,0,,,,,,,,,,,,,,,,,,,,,,,,,2016
2016040702,4,40702,1,2,1,12,10,17,17,12,7,1,0,4,1,72,706,72706,80,1996,1HD1BJL40TY0,1,H,D,1,B,J,L,4,0,T,Y,0,0,0,0,Not Applicable,Not Applicable,0,0,0,1,0,0,0,0,0,0,0,998,0,0,0,61,6,2,12,0,0,0,1,4,85308,6,1,0,0,3,0,67,150,0,0,0,0,0,0,0,0,0,9,27,38,0,0,2,4,40,1,1,2,1,0,0,15,10,99,1,2,47,No Trailing Units,No Trailing Units,No Trailing Units,1,0,,,,,,,,,,,,,,,,,,,,,,,,,2016
2016040702,4,40702,2,2,2,12,10,17,17,12,7,1,0,4,1,7,422,7422,15,2016,1C4RDHAGXGC3,1,C,4,R,D,H,A,G,X,G,C,3,0,0,0,Not Applicable,Not Applicable,0,0,0,1,0,0,0,0,0,0,0,998,0,0,0,82,6,2,12,0,0,0,1,4,85308,0,0,0,0,0,0,62,175,0,0,0,1,0,10,2014,10,2014,0,0,0,0,0,2,4,40,1,1,2,1,0,0,1,61,1,1,1,45,No Trailing Units,No Trailing Units,No Trailing Units,0,0,,,,,,,,,,,,,,,,,,,,,,,,,2016
2016040703,4,40703,1,2,1,14,10,19,34,12,99,1,0,99,9,99,499,99499,39,9999,Unknown,9,9,9,9,9,9,9,9,9,9,9,9,0,0,0,Not Applicable,Not Applicable,0,0,0,1,0,0,0,0,0,0,0,999,0,0,0,99,9,9,12,0,0,0,1,99,99999,9,9,99,0,9,9,999,999,99,99,99,99,99,99,9999,99,9999,9,99,99,99,99,2,3,99,1,1,9,99,3,3,1,99,99,9,9,69,No Trailing Units,No Trailing Units,No Trailing Units,0,0,,,,,,,,,,,,,,,,,,,,,,,,,2016
2016040703,4,40703,2,2,4,14,10,19,34,12,99,1,0,99,9,99,399,99399,8,9999,Unknown,9,9,9,9,9,9,9,9,9,9,9,9,0,0,0,Not Applicable,Not Applicable,0,0,0,1,0,0,0,0,0,0,0,999,0,0,0,99,9,9,12,0,0,0,1,99,99999,9,9,99,0,9,9,999,999,99,99,99,99,99,99,9999,99,9999,9,99,99,99,99,2,3,99,1,1,9,99,3,3,11,15,99,9,9,68,No Trailing Units,No Trailing Units,No Trailing Units,2,1,,,,,,,,,,,,,,,,,,,,,,,,,2016
2016040704,4,40704,1,1,2,15,10,99,99,33,0,1,0,99,9,99,709,99709,80,9999,Unknown,9,9,9,9,9,9,9,9,9,9,9,9,0,0,0,Not Applicable,Not Applicable,0,0,0,1,0,0,0,0,0,0,0,999,0,0,0,98,9,9,33,0,0,0,1,99,99999,9,9,99,0,9,9,999,999,99,99,99,99,99,99,9999,99,9999,9,99,99,99,99,3,2,99,9,9,9,99,0,0,99,13,99,9,4,5,No Trailing Units,No Trailing Units,No Trailing Units,1,1,,,,,,,,,,,,,,,,,,,,,,,,,2016
2016040705,4,40705,1,1,99,12,3,23,12,8,0,1,9,99,9,99,999,99999,99,9999,Unknown,9,9,9,9,9,9,9,9,9,9,9,9,0,0,0,Not Applicable,Not Applicable,0,0,0,1,0,0,0,0,0,0,0,999,0,0,0,98,9,9,8,0,0,0,1,99,99999,9,9,99,0,9,9,999,999,99,99,99,99,99,99,9999,99,9999,9,99,99,99,99,1,2,99,1,9,2,99,0,0,99,80,99,9,3,13,No Trailing Units,No Trailing Units,No Trailing Units,0,0,,,,,,,,,,,,,,,,,,,,,,,,,2016
2016040706,4,40706,1,1,99,11,8,3,41,99,0,1,9,99,9,99,999,99999,99,9999,Unknown,9,9,9,9,9,9,9,9,9,9,9,9,0,0,0,Not Applicable,Not Applicable,0,0,0,1,0,0,0,0,0,0,0,999,0,0,0,99,9,9,99,0,0,0,1,99,99999,9,9,99,0,9,9,999,999,99,99,99,99,99,99,9999,99,9999,9,99,99,99,99,1,2,99,9,9,2,99,0,0,99,99,99,9,9,99,No Trailing Units,No Trailing Units,No Trailing Units,2,0,,,,,,,,,,,,,,,,,,,,,,,,,2016
2016040707,4,40707,1,2,99,2,9,7,30,12,99,1,0,99,9,99,399,99399,4,9999,Unknown,9,9,9,9,9,9,9,9,9,9,9,9,0,0,0,Not Applicable,Not Applicable,0,0,0,1,0,0,0,0,0,0,0,999,0,0,0,99,9,9,12,0,0,0,1,4,86507,6,1,0,0,3,0,63,195,0,0,0,0,0,0,0,0,0,9,39,0,0,0,9,9,99,9,9,9,99,20,3,99,99,99,9,9,99,No Trailing Units,No Trailing Units,No Trailing Units,2,0,,,,,,,,,,,,,,,,,,,,,,,,,2016
2016040707,4,40707,2,2,99,2,9,7,30,12,99,1,9,99,9,99,999,99999,99,9999,Unknown,9,9,9,9,9,9,9,9,9,9,9,9,0,0,0,Not Applicable,Not Applicable,0,0,0,1,0,0,0,0,0,0,0,999,0,0,0,99,9,9,12,0,0,0,1,99,99999,9,9,99,0,9,9,999,999,99,99,99,99,99,99,9999,99,9999,9,99,99,99,99,9,9,99,9,9,9,99,99,9,99,99,99,9,9,99,No Trailing Units,No Trailing Units,No Trailing Units,0,0,,,,,,,,,,,,,,,,,,,,,,,,,2016
2016040708,4,40708,1,2,1,1,11,3,11,12,2,1,0,4,2,20,16,20016,2,2004,1G1JC12F8472,1,G,1,J,C,1,2,F,8,4,7,2,0,0,0,Not Applicable,Not Applicable,0,0,0,1,0,0,0,0,0,0,0,998,0,0,0,12,6,2,2,0,0,1,1,4,85021,6,1,0,0,3,0,72,218,0,0,0,0,0,0,0,0,0,4,51,0,0,0,3,5,65,1,1,2,1,0,0,1,54,99,9,3,52,No Trailing Units,No Trailing Units,No Trailing Units,1,1,,,,,,,,,,,,,,,,,,,,,,,,,2016
2016040708,4,40708,2,2,1,1,11,3,11,12,2,1,0,4,1,48,47,48047,4,2016,JF1VA1B61G98,J,F,1,V,A,1,B,6,1,G,9,8,0,0,0,Not Applicable,Not Applicable,0,0,0,1,0,0,0,0,0,0,0,998,0,0,0,12,6,2,12,0,0,0,1,4,85345,6,1,0,0,3,0,69,155,0,0,0,0,0,0,0,0,0,0,0,0,0,0,3,5,65,1,1,2,1,0,0,1,54,99,9,3,52,No Trailing Units,No Trailing Units,No Trailing Units,1,1,,,,,,,,,,,,,,,,,,,,,,,,,2016
2016040709,4,40709,1,1,1,1,11,11,5,1,0,1,0,4,1,72,706,72706,80,1997,1HD1BRL39VY0,1,H,D,1,B,R,L,3,9,V,Y,0,0,0,0,Not Applicable,Not Applicable,0,0,0,1,0,0,0,0,0,0,0,35,0,0,0,0,6,2,1,0,0,0,1,4,85040,6,1,0,0,3,3,67,170,0,0,0,3,0,3,2012,3,2015,0,26,89,0,0,1,6,35,1,1,8,1,0,0,1,52,16,2,2,98,No Trailing Units,No Trailing Units,No Trailing Units,1,0,,,,,,,,,,,,,,,,,,,,,,,,,2016
2016040710,4,40710,1,2,0,1,11,19,55,12,7,1,0,5,6,7,482,7482,31,2010,1D7RV1CT1AS2,1,D,7,R,V,1,C,T,1,A,S,2,1,1,0,Not Applicable,Not Applicable,0,0,0,1,0,0,0,0,0,0,0,0,0,0,0,63,6,2,12,0,0,0,0,0,99997,7,6,97,7,6,7,998,997,998,998,998,998,998,98,9998,98,9998,8,54,0,0,0,2,2,75,1,6,2,1,0,0,0,53,0,0,0,48,Not Reported,No Trailing Units,No Trailing Units,0,0,,,,,,,,,,,,,,,,,,,,,,,,,2016
2016040710,4,40710,2,2,1,1,11,19,55,12,7,1,0,18,1,12,461,12461,21,2004,1FTSS34P74HB,1,F,T,S,S,3,4,P,7,4,H,B,0,0,0,Not Applicable,Not Applicable,0,0,0,1,0,0,0,0,0,0,0,70,0,0,0,82,6,2,12,0,0,0,1,18,46131,6,1,0,0,3,3,68,160,0,0,0,1,0,1,2013,1,2013,0,0,0,0,0,2,2,75,1,6,2,1,0,0,1,50,1,1,1,48,No Trailing Units,No Trailing Units,No Trailing Units,0,0,,,,,,,,,,,,,,,,,,,,,,,,,2016
2016040711,4,40711,1,2,1,3,11,5,59,8,0,1,0,4,3,20,481,20481,31,2005,1GCHC23205F9,1,G,C,H,C,2,3,2,0,5,F,9,0,0,0,Not Applicable,Not Applicable,0,0,0,1,0,0,0,0,0,0,0,44,0,0,0,12,4,3,8,0,0,0,1,4,85225,6,1,0,0,3,0,76,265,1,0,0,2,1,7,2014,2,2016,0,0,0,0,0,1,7,45,1,1,2,1,2,3,1,80,1,1,1,13,No Trailing Units,No Trailing Units,No Trailing Units,0,0,,,,,,,,,,,,,,,,,,,,,,,,,2016
2016040711,4,40711,2,2,1,3,11,5,59,8,0,1,0,4,1,6,51,6051,4,2006,2C3KA63H86H2,2,C,3,K,A,6,3,H,8,6,H,2,0,0,0,Not Applicable,Not Applicable,0,0,0,1,0,0,0,0,0,0,0,45,0,0,0,12,6,2,12,0,0,0,1,4,85210,6,1,0,0,3,0,60,146,0,0,0,0,0,0,0,0,0,0,0,0,0,0,1,7,45,1,1,2,1,2,3,1,63,1,1,1,98,No Trailing Units,No Trailing Units,No Trailing Units,0,0,,,,,,,,,,,,,,,,,,,,,,,,,2016
2016040712,4,40712,1,1,2,4,11,10,3,41,0,1,0,4,2,20,473,20473,30,2004,1GCDS1361482,1,G,C,D,S,1,3,6,1,4,8,2,0,0,0,Not Applicable,Not Applicable,0,0,0,1,0,0,0,0,0,0,0,998,0,1,6,12,6,2,1,0,0,0,1,4,85607,6,1,0,0,3,0,70,165,0,0,0,0,0,0,0,0,0,0,0,0,0,0,2,2,65,1,1,2,1,0,0,1,12,7,9,4,5,No Trailing Units,No Trailing Units,No Trailing Units,1,0,,,,,,,,,,,,,,,,,,,,,,,,,2016
2016040713,4,40713,1,2,1,5,11,14,26,12,6,1,0,4,2,37,706,37706,80,2010,1HFSC47H9AA9,1,H,F,S,C,4,7,H,9,A,A,9,0,0,0,Not Applicable,Not Applicable,0,0,0,1,0,0,0,0,0,0,0,50,0,0,0,12,6,2,12,0,0,0,1,4,85718,6,1,0,0,3,0,73,180,0,0,0,0,0,0,0,0,0,0,39,0,0,0,2,4,45,1,1,2,1,3,3,1,17,99,1,1,69,No Trailing Units,No Trailing Units,No Trailing Units,1,0,,,,,,,,,,,,,,,,,,,,,,,,,2016
2016040713,4,40713,2,2,1,5,11,14,26,12,6,1,0,4,1,55,35,55035,4,2010,KMHDU4AD6AU8,K,M,H,D,U,4,A,D,6,A,U,8,0,0,0,Not Applicable,Not Applicable,0,0,0,1,0,0,0,0,0,0,0,40,0,0,0,82,6,2,12,32,0,0,1,4,85749,6,1,0,0,3,0,61,150,0,0,0,0,0,0,0,0,0,0,0,0,0,0,2,4,45,1,1,2,1,3,3,11,63,1,1,1,68,No Trailing Units,No Trailing Units,No Trailing Units,0,0,,,,,,,,,,,,,,,,,,,,,,,,,2016
2016040714,4,40714,1,3,1,7,11,6,20,12,7,1,0,4,1,72,706,72706,80,2013,1HD1KBM14DB6,1,H,D,1,K,B,M,1,4,D,B,6,0,0,0,Not Applicable,Not Applicable,0,0,0,1,0,0,0,0,0,0,0,998,0,0,0,62,4,3,54,0,0,0,1,4,85209,6,1,0,0,3,0,70,230,0,0,0,1,0,10,2012,10,2012,4,27,0,0,0,3,6,65,1,1,2,1,0,0,6,52,7,1,1,45,No Trailing Units,No Trailing Units,No Trailing Units,1,0,,,,,,,,,,,,,,,,,,,,,,,,,2016
2016040714,4,40714,2,3,1,7,11,6,20,12,7,1,0,4,3,63,441,63441,20,2007,KNDMB2337761,K,N,D,M,B,2,3,3,7,7,6,1,0,0,0,Not Applicable,Not Applicable,0,0,0,1,0,0,0,0,0,0,0,998,0,0,0,83,4,3,12,0,0,0,1,4,85234,6,1,0,0,3,0,75,175,0,0,0,0,0,0,0,0,0,0,0,0,0,0,3,6,65,1,1,2,1,0,0,2,53,1,1,1,44,No Trailing Units,No Trailing Units,No Trailing Units,0,0,,,,,,,,,,,,,,,,,,,,,,,,,2016
2016040714,4,40714,3,3,4,7,11,6,20,12,7,1,0,4,3,38,882,38882,61,2016,JALE5J166G79,J,A,L,E,5,J,1,6,6,G,7,9,1,1,57,1413994,571413994,2,4,1,1,0,0,0,0,0,0,0,998,0,0,0,63,0,5,54,0,0,0,1,35,88260,6,1,0,0,3,3,67,160,98,0,0,0,0,0,0,0,0,0,0,0,0,0,3,6,65,1,1,2,1,0,0,1,98,99,1,1,98,Not Reported,No Trailing Units,No Trailing Units,0,0,,,,,,,,,,,,,,,,,,,,,,,,,2016
2016040715,4,40715,1,1,1,7,11,3,35,8,0,1,0,18,3,51,881,51881,66,2016,4V4M19EGXGN9,4,V,4,M,1,9,E,G,X,G,N,9,2,1,57,0007182,570007182,3,7,1,1,0,0,0,0,0,0,0,998,0,0,0,12,2,5,8,0,0,0,1,35,87105,6,1,6,1,3,3,66,245,98,0,0,0,1,12,2011,12,2011,0,0,0,0,0,2,2,75,1,1,2,1,0,0,1,80,1,1,1,13,Not Reported,Not Reported,No Trailing Units,0,0,,,,,,,,,,,,,,,,,,,,,,,,,2016
2016040716,4,40716,1,3,1,7,11,6,31,12,1,1,0,4,1,6,441,6441,20,2006,2A4GP54L66R7,2,A,4,G,P,5,4,L,6,6,R,7,0,0,0,Not Applicable,Not Applicable,0,0,0,1,0,0,0,0,0,0,0,65,0,0,0,12,6,2,12,0,0,0,1,4,85363,6,1,0,0,3,0,60,125,0,0,0,0,2,10,2012,1,2015,4,84,0,0,0,3,4,65,1,1,2,1,0,0,1,50,6,1,1,20,No Trailing Units,No Trailing Units,No Trailing Units,1,0,,,,,,,,,,,,,,,,,,,,,,,,,2016
2016040716,4,40716,2,3,2,7,11,6,31,12,1,1,0,4,3,12,880,12880,67,2015,1FDRF3G65FEC,1,F,D,R,F,3,G,6,5,F,E,C,0,0,77,Not Reported,Not Reported,2,1,3,1,0,0,0,0,0,0,0,0,0,0,0,6,6,2,12,0,0,0,1,4,85301,6,1,0,0,3,0,67,180,0,0,0,0,0,0,0,0,0,0,0,0,0,0,3,4,65,1,1,2,1,0,0,5,53,1,1,1,21,No Trailing Units,No Trailing Units,No Trailing Units,0,0,,,,,,,,,,,,,,,,,,,,,,,,,2016
2016040716,4,40716,3,3,1,7,11,6,31,12,1,1,0,4,1,20,481,20481,31,2011,3GCUKTE26BG2,3,G,C,U,K,T,E,2,6,B,G,2,0,0,0,Not Applicable,Not Applicable,0,0,0,1,0,0,0,0,0,0,0,5,0,0,0,83,4,5,12,35,0,0,1,4,85335,6,1,0,0,3,0,70,240,0,1,0,2,1,12,2013,3,2016,0,0,0,0,0,3,4,65,1,1,2,1,0,0,2,61,1,1,1,98,No Trailing Units,No Trailing Units,No Trailing Units,0,0,,,,,,,,,,,,,,,,,,,,,,,,,2016
2016040717,4,40717,1,1,1,8,11,9,0,15,0,1,0,4,1,7,482,7482,31,2006,1D7HA18N66J1,1,D,7,H,A,1,8,N,6,6,J,1,1,1,0,Not Applicable,Not Applicable,0,0,0,1,0,0,0,0,0,0,0,17,0,0,0,12,2,3,15,0,0,0,1,4,85233,6,1,0,0,3,0,67,170,0,7,1,4,0,10,2012,10,2016,0,99,99,99,99,6,4,45,1,1,2,1,3,3,10,83,1,1,1,13,53PFB1012BU2,No Trailing Units,No Trailing Units,0,0,,,,,,,,,,,,,,,,,,,,,,,,,2016
2016040718,4,40718,1,2,1,8,11,10,58,12,6,1,0,4,1,49,40,49040,4,2005,4T1BE32K85U5,4,T,1,B,E,3,2,K,8,5,U,5,0,0,0,Not Applicable,Not Applicable,0,0,0,1,0,0,0,0,0,0,0,15,0,0,0,62,6,2,12,0,0,0,1,4,86429,2,1,0,0,2,1,68,210,0,2,0,0,0,3,2016,3,2016,0,38,0,0,0,1,3,25,1,1,2,1,20,3,11,15,99,1,1,82,No Trailing Units,No Trailing Units,No Trailing Units,1,0,,,,,,,,,,,,,,,,,,,,,,,,,2016
2016040718,4,40718,2,2,1,8,11,10,58,12,6,1,0,4,1,7,482,7482,31,2016,3C6RR7LT8GG2,3,C,6,R,R,7,L,T,8,G,G,2,0,0,0,Not Applicable,Not Applicable,0,0,0,1,0,0,0,0,0,0,0,45,0,0,0,12,6,2,12,0,0,0,1,4,86442,6,1,0,0,3,0,73,205,0,0,0,0,0,0,0,0,0,0,0,0,0,0,5,5,45,1,1,2,1,0,0,1,67,1,1,1,83,No Trailing Units,No Trailing Units,No Trailing Units,0,0,,,,,,,,,,,,,,,,,,,,,,,,,2016
2016040719,4,40719,1,1,1,8,11,18,1,8,0,1,0,4,1,20,481,20481,31,1978,CKL148S20260,C,K,L,1,4,8,S,2,0,2,6,0,0,0,0,Not Applicable,Not Applicable,0,0,0,1,0,0,0,0,0,0,0,15,0,0,0,12,2,8,8,0,0,0,1,4,85032,6,1,0,0,3,0,67,170,0,2,1,1,0,2,2012,2,2014,0,0,0,0,0,1,2,45,1,1,8,1,0,0,11,80,1,1,1,13,No Trailing Units,No Trailing Units,No Trailing Units,0,0,,,,,,,,,,,,,,,,,,,,,,,,,2016
2016040720,4,40720,1,2,1,8,11,23,59,12,2,1,0,32,2,30,40,30040,4,2005,3VWDG71K85M6,3,V,W,D,G,7,1,K,8,5,M,6,0,0,0,Not Applicable,Not Applicable,0,0,0,1,0,0,0,0,0,0,0,998,0,0,0,12,6,2,12,0,0,0,1,32,89408,6,1,0,0,3,3,65,110,0,0,0,0,0,0,0,0,0,0,28,0,0,0,1,2,65,1,6,2,1,0,0,1,10,99,1,1,50,No Trailing Units,No Trailing Units,No Trailing Units,1,0,,,,,,,,,,,,,,,,,,,,,,,,,2016
2016040720,4,40720,2,2,3,8,11,23,59,12,2,1,0,6,2,37,32,37032,4,2002,JHMCG56732C0,J,H,M,C,G,5,6,7,3,2,C,0,0,0,0,Not Applicable,Not Applicable,0,0,0,1,0,0,0,0,0,0,0,998,0,0,0,12,6,2,12,0,0,0,1,6,92336,0,0,0,0,0,0,65,130,0,0,0,0,0,0,0,0,0,0,0,0,0,0,1,2,65,1,5,2,1,0,0,1,62,99,1,1,51,No Trailing Units,No Trailing Units,No Trailing Units,3,0,,,,,,,,,,,,,,,,,,,,,,,,,2016
2016040721,4,40721,1,1,2,9,11,5,30,1,0,1,0,45,2,20,471,20471,30,1991,1GCCS14Z5M01,1,G,C,C,S,1,4,Z,5,M,0,1,0,0,0,Not Applicable,Not Applicable,0,0,0,1,0,0,0,0,0,0,0,998,0,1,5,0,6,2,1,0,0,0,1,45,29073,6,1,0,0,3,0,70,130,0,0,0,0,0,0,0,0,0,4,0,0,0,0,2,2,65,3,1,2,1,0,0,14,11,99,1,4,1,No Trailing Units,No Trailing Units,No Trailing Units,1,0,,,,,,,,,,,,,,,,,,,,,,,,,2016
2016040722,4,40722,1,1,1,9,11,21,8,1,0,1,0,4,1,72,706,72706,80,2006,1HD1PRE196Y9,1,H,D,1,P,R,E,1,9,6,Y,9,0,0,0,Not Applicable,Not Applicable,0,0,0,1,0,0,0,0,0,0,0,59,0,0,0,0,4,3,1,0,0,0,1,4,85042,6,1,0,0,3,0,74,195,0,0,0,0,0,0,0,0,0,4,0,0,0,0,1,6,45,1,1,2,1,3,3,1,62,16,2,1,98,No Trailing Units,No Trailing Units,No Trailing Units,1,1,,,,,,,,,,,,,,,,,,,,,,,,,2016
2016040723,4,40723,1,1,99,10,11,22,56,8,0,1,1,99,9,55,35,55035,9,9999,Unknown,9,9,9,9,9,9,9,9,9,9,9,9,0,0,0,Not Applicable,Not Applicable,0,0,0,1,0,0,0,0,0,0,0,998,0,0,0,98,9,5,8,0,0,0,1,99,99999,9,9,99,0,9,9,999,999,99,99,99,99,99,99,9999,99,9999,9,27,38,0,0,5,5,40,1,1,8,1,40,3,15,80,99,1,2,13,No Trailing Units,No Trailing Units,No Trailing Units,0,0,,,,,,,,,,,,,,,,,,,,,,,,,2016
2016040724,4,40724,1,1,8,11,11,18,36,8,0,1,0,4,1,20,24,20024,6,2009,1GNER23D89S1,1,G,N,E,R,2,3,D,8,9,S,1,0,0,0,Not Applicable,Not Applicable,0,0,0,1,0,0,0,0,0,0,0,65,0,0,0,12,6,2,8,0,0,0,1,4,86334,6,1,0,0,3,0,63,192,0,0,0,0,0,0,0,0,0,0,0,0,0,0,1,2,65,1,1,2,1,0,0,1,80,1,1,1,13,No Trailing Units,No Trailing Units,No Trailing Units,0,0,,,,,,,,,,,,,,,,,,,,,,,,,2016
2016040725,4,40725,1,2,1,12,11,19,53,12,6,1,0,4,2,73,705,73705,80,2004,JKBZXJB164A0,J,K,B,Z,X,J,B,1,6,4,A,0,0,0,0,Not Applicable,Not Applicable,0,0,0,1,0,0,0,0,0,0,0,45,0,0,0,12,6,2,12,0,0,0,1,4,85019,1,1,0,0,2,0,74,175,2,17,0,5,0,8,2013,4,2014,0,39,0,0,0,1,7,45,1,1,2,1,3,3,1,17,99,1,1,88,No Trailing Units,No Trailing Units,No Trailing Units,1,1,,,,,,,,,,,,,,,,,,,,,,,,,2016
2016040725,4,40725,2,2,4,12,11,19,53,12,6,1,0,4,1,55,421,55421,15,2008,KM8NU13C18U0,K,M,8,N,U,1,3,C,1,8,U,0,0,0,0,Not Applicable,Not Applicable,0,0,0,1,0,0,0,0,0,0,0,45,0,0,0,9,6,2,12,0,0,0,1,4,85256,6,1,0,0,3,0,69,350,0,0,0,0,1,12,2012,12,2012,0,0,0,0,0,2,5,35,1,1,2,1,3,3,1,66,1,1,1,89,No Trailing Units,No Trailing Units,No Trailing Units,0,0,,,,,,,,,,,,,,,,,,,,,,,,,2016
2016040726,4,40726,1,1,1,13,11,0,56,25,0,1,0,4,1,76,706,76706,80,1997,JYA4NKE06VA0,J,Y,A,4,N,K,E,0,6,V,A,0,0,0,0,Not Applicable,Not Applicable,0,0,0,1,0,0,0,0,0,0,0,998,0,0,0,12,6,2,25,0,0,0,1,4,85756,6,1,0,0,3,3,69,230,0,0,0,0,0,0,0,0,0,4,0,0,0,0,2,3,25,3,1,2,1,4,3,14,13,99,1,4,1,No Trailing Units,No Trailing Units,No Trailing Units,1,0,,,,,,,,,,,,,,,,,,,,,,,,,2016
2016040727,4,40727,1,1,4,13,11,6,33,1,0,1,0,4,2,37,32,37032,2,1999,1HGCG3256XA0,1,H,G,C,G,3,2,5,6,X,A,0,0,0,0,Not Applicable,Not Applicable,0,0,0,1,0,0,0,0,0,0,0,998,0,1,5,0,6,2,1,0,0,0,1,4,85212,0,0,0,0,0,0,75,190,0,0,0,0,0,0,0,0,0,5,99,99,99,99,3,4,65,1,1,2,1,0,0,15,9,7,3,4,2,No Trailing Units,No Trailing Units,No Trailing Units,1,0,,,,,,,,,,,,,,,,,,,,,,,,,2016
2016040728,4,40728,1,1,1,13,11,6,41,8,0,1,0,4,1,37,402,37402,14,2012,5J6RM4H35CL0,5,J,6,R,M,4,H,3,5,C,L,0,0,0,0,Not Applicable,Not Applicable,0,0,0,1,0,0,0,0,0,0,0,40,0,0,0,12,6,2,8,0,0,0,1,4,86004,6,1,0,0,3,0,66,160,0,0,0,0,0,0,0,0,0,0,0,0,0,0,1,2,40,1,1,8,1,0,0,1,80,1,1,1,13,No Trailing Units,No Trailing Units,No Trailing Units,0,0,,,,,,,,,,,,,,,,,,,,,,,,,2016
2016040729,4,40729,1,1,1,14,11,12,28,17,0,1,0,4,2,18,2,18002,4,2004,1G4HP52K5441,1,G,4,H,P,5,2,K,5,4,4,1,0,0,0,Not Applicable,Not Applicable,0,0,0,1,0,0,0,0,0,0,0,998,0,1,5,14,6,2,1,0,0,0,1,4,85123,6,1,0,0,3,0,67,165,0,1,0,1,1,3,2012,1,2013,0,99,99,99,99,2,2,65,3,1,2,1,0,0,14,13,99,1,4,1,No Trailing Units,No Trailing Units,No Trailing Units,1,0,,,,,,,,,,,,,,,,,,,,,,,,,2016