accident_id,STATE,ST_CASE,VEH_NO,VE_FORMS,NUMOCCS,DAY,MONTH,HOUR,MINUTE,HARM_EV,MAN_COLL,UNITTYPE,HIT_RUN,REG_STAT,OWNER,MAKE,MODEL,MAK_MOD,BODY_TYP,MOD_YEAR,VIN,VIN_1,VIN_2,VIN_3,VIN_4,VIN_5,VIN_6,VIN_7,VIN_8,VIN_9,VIN_10,VIN_11,VIN_12,TOW_VEH,J_KNIFE,MCARR_I1,MCARR_I2,MCARR_ID,GVWR,V_CONFIG,CARGO_BT,HAZ_INV,HAZ_PLAC,HAZ_ID,HAZ_CNO,HAZ_REL,BUS_USE,SPEC_USE,EMER_USE,TRAV_SP,UNDERIDE,ROLLOVER,ROLINLOC,IMPACT1,DEFORMED,TOWED,M_HARM,VEH_SC1,VEH_SC2,FIRE_EXP,DR_PRES,L_STATE,DR_ZIP,L_STATUS,L_TYPE,CDL_STAT,L_ENDORS,L_COMPL,L_RESTRI,DR_HGT,DR_WGT,PREV_ACC,PREV_SUS,PREV_DWI,PREV_SPD,PREV_OTH,FIRST_MO,FIRST_YR,LAST_MO,LAST_YR,SPEEDREL,DR_SF1,DR_SF2,DR_SF3,DR_SF4,VTRAFWAY,VNUM_LAN,VSPD_LIM,VALIGN,VPROFILE,VPAVETYP,VSURCOND,VTRAFCON,VTCONT_F,P_CRASH1,P_CRASH2,P_CRASH3,PCRASH4,PCRASH5,ACC_TYPE,TRLR1VIN,TRLR2VIN,TRLR3VIN,DEATHS,DR_DRINK,VINTYPE,VINMAKE,VINA_MOD,VIN_BT,VINMODYR,VIN_LNGT,VIN_WGT,WGTCD_TR,WHLBS_LG,WHLBS_SH,SER_TR,FUELCODE,MCYCL_DS,CARBUR,CYLINDER,DISPLACE,MCYCL_CY,MCYCL_WT,TIRE_SZE,TON_RAT,TRK_WT,TRKWTVAR,VIN_REST,WHLDRWHL,Year
2016040730,4,40730,1,1,2,14,11,15,37,41,0,1,0,4,2,7,482,7482,31,2005,1D7HU18D95S3,1,D,7,H,U,1,8,D,9,5,S,3,0,0,0,Not Applicable,Not Applicable,0,0,0,1,0,0,0,0,0,0,0,998,0,1,5,98,6,2,1,0,0,0,1,4,86004,6,1,0,0,3,0,70,155,0,0,0,0,1,6,2016,6,2016,3,58,0,0,0,2,2,75,2,1,2,1,0,0,14,12,7,3,4,2,No Trailing Units,No Trailing Units,No Trailing Units,1,1,,,,,,,,,,,,,,,,,,,,,,,,,2016
2016040731,4,40731,1,2,2,16,11,16,9,12,1,1,0,4,2,7,442,7442,20,2011,2D4RN4DG5BR7,2,D,4,R,N,4,D,G,5,B,R,7,0,0,0,Not Applicable,Not Applicable,0,0,0,1,0,0,0,0,0,0,0,30,0,0,0,12,6,2,12,0,0,0,1,4,85027,6,1,0,0,3,0,66,140,0,0,0,0,0,0,0,0,0,4,0,0,0,0,1,7,45,1,1,8,1,3,3,1,50,99,1,1,20,No Trailing Units,No Trailing Units,No Trailing Units,0,0,,,,,,,,,,,,,,,,,,,,,,,,,2016
2016040731,4,40731,2,2,1,16,11,16,9,12,1,1,0,19,2,7,41,7041,4,2004,2B3HD46R74H6,2,B,3,H,D,4,6,R,7,4,H,6,0,0,0,Not Applicable,Not Applicable,0,0,0,1,0,0,0,0,0,0,0,0,0,0,0,6,6,2,8,0,0,0,1,4,85023,0,0,0,0,0,0,68,130,2,0,0,1,0,7,2016,10,2016,0,0,0,0,0,1,7,45,1,1,8,1,3,3,5,53,1,1,1,21,No Trailing Units,No Trailing Units,No Trailing Units,0,0,,,,,,,,,,,,,,,,,,,,,,,,,2016
2016040732,4,40732,1,2,2,16,11,17,5,12,7,1,0,6,2,49,40,49040,4,2006,4T1BE32K46U6,4,T,1,B,E,3,2,K,4,6,U,6,0,0,0,Not Applicable,Not Applicable,0,0,0,1,0,0,0,0,0,0,0,80,0,0,0,62,6,2,8,0,0,0,1,6,91789,6,1,0,0,3,3,71,160,0,0,0,0,0,0,0,0,0,3,0,0,0,0,3,2,55,3,1,1,1,0,0,14,50,1,1,1,48,No Trailing Units,No Trailing Units,No Trailing Units,0,0,,,,,,,,,,,,,,,,,,,,,,,,,2016
2016040732,4,40732,2,2,2,16,11,17,5,12,7,1,0,95,1,35,443,35443,20,2007,5N1BV28U17N1,5,N,1,B,V,2,8,U,1,7,N,1,0,0,0,Not Applicable,Not Applicable,0,0,0,1,0,0,0,0,0,0,0,0,0,0,0,83,6,2,12,0,0,0,1,95,0,9,9,99,0,9,9,999,999,99,99,99,99,99,99,9999,99,9999,0,0,0,0,0,3,2,55,3,1,1,1,0,0,5,53,1,1,1,48,No Trailing Units,No Trailing Units,No Trailing Units,0,0,,,,,,,,,,,,,,,,,,,,,,,,,2016
2016040733,4,40733,1,1,1,16,11,20,23,42,0,1,0,4,2,19,431,19431,16,2003,1GYEC63T23R2,1,G,Y,E,C,6,3,T,2,3,R,2,0,0,0,Not Applicable,Not Applicable,0,0,0,1,0,0,0,0,0,0,0,55,0,1,5,12,6,2,42,0,0,0,1,4,85650,6,1,0,0,3,0,66,125,0,0,0,0,0,0,0,0,0,0,0,0,0,0,5,5,55,1,5,2,1,0,0,1,12,1,1,4,6,No Trailing Units,No Trailing Units,No Trailing Units,1,0,,,,,,,,,,,,,,,,,,,,,,,,,2016
2016040734,4,40734,1,1,1,17,11,18,53,18,0,1,0,6,4,34,34,34034,4,2016,WBA8E9C57GK6,W,B,A,8,E,9,C,5,7,G,K,6,0,0,0,Not Applicable,Not Applicable,0,0,0,1,0,0,0,0,0,0,0,998,0,0,0,12,6,2,42,0,0,1,1,6,92595,6,1,0,0,3,0,61,180,0,0,0,0,0,0,0,0,0,4,0,0,0,0,6,1,75,1,6,2,1,0,0,1,13,99,1,4,1,No Trailing Units,No Trailing Units,No Trailing Units,1,0,,,,,,,,,,,,,,,,,,,,,,,,,2016
2016040735,4,40735,1,4,1,18,11,16,52,12,1,1,0,4,3,35,472,35472,30,2001,1N6ED27T71C3,1,N,6,E,D,2,7,T,7,1,C,3,0,0,0,Not Applicable,Not Applicable,0,0,0,1,0,0,0,0,0,0,0,998,0,0,0,12,6,2,12,0,0,0,1,4,85044,6,1,0,0,3,0,71,175,0,0,0,1,0,3,2016,3,2016,4,0,0,0,0,3,6,65,1,1,2,1,0,0,1,50,99,1,1,20,No Trailing Units,No Trailing Units,No Trailing Units,0,0,,,,,,,,,,,,,,,,,,,,,,,,,2016
2016040735,4,40735,2,4,1,18,11,16,52,12,1,1,0,4,1,35,51,35051,6,2016,JN8AT2MT8GW0,J,N,8,A,T,2,M,T,8,G,W,0,0,0,0,Not Applicable,Not Applicable,0,0,0,1,0,0,0,0,0,0,0,0,0,0,0,6,6,2,12,0,0,0,1,4,85044,6,1,0,0,3,3,70,165,0,0,0,0,0,0,0,0,0,0,0,0,0,0,3,6,65,1,1,2,1,0,0,5,53,1,1,1,21,No Trailing Units,No Trailing Units,No Trailing Units,1,0,,,,,,,,,,,,,,,,,,,,,,,,,2016
2016040735,4,40735,3,4,1,18,11,16,52,12,1,1,0,35,1,7,26,7026,4,2013,1C3CDZAB8DN7,1,C,3,C,D,Z,A,B,8,D,N,7,0,0,0,Not Applicable,Not Applicable,0,0,0,1,0,0,0,0,0,0,0,0,0,0,0,6,6,2,12,0,0,0,1,35,88054,6,1,0,0,3,0,72,203,98,0,0,0,0,0,0,0,0,0,0,0,0,0,3,6,65,1,1,2,1,0,0,5,53,1,1,1,98,No Trailing Units,No Trailing Units,No Trailing Units,0,0,,,,,,,,,,,,,,,,,,,,,,,,,2016
2016040735,4,40735,4,4,1,18,11,16,52,12,1,1,0,4,1,49,472,49472,30,2010,3TMJU4GN6AM0,3,T,M,J,U,4,G,N,6,A,M,0,0,0,0,Not Applicable,Not Applicable,0,0,0,1,0,0,0,0,0,0,0,0,0,0,0,6,4,5,12,0,0,0,1,4,85339,6,1,0,0,3,0,69,290,1,0,0,1,0,3,2013,3,2013,0,0,0,0,0,3,6,65,1,1,2,1,0,0,5,53,1,1,1,98,No Trailing Units,No Trailing Units,No Trailing Units,0,0,,,,,,,,,,,,,,,,,,,,,,,,,2016
2016040736,4,40736,1,1,1,19,11,4,40,8,0,1,0,4,1,12,481,12481,31,2007,1FTPW12V37KD,1,F,T,P,W,1,2,V,3,7,K,D,0,0,0,Not Applicable,Not Applicable,0,0,0,1,0,0,0,0,0,0,0,45,0,0,0,12,4,5,8,0,0,0,1,4,85345,6,1,0,0,3,3,71,190,0,0,0,0,0,0,0,0,0,0,0,0,0,0,2,3,45,1,1,2,1,0,0,1,80,8,1,2,13,No Trailing Units,No Trailing Units,No Trailing Units,0,0,,,,,,,,,,,,,,,,,,,,,,,,,2016
2016040737,4,40737,1,2,2,23,11,13,0,51,0,1,0,4,1,12,481,12481,31,2002,1FTNW21FX2ED,1,F,T,N,W,2,1,F,X,2,E,D,1,2,0,Not Applicable,Not Applicable,0,0,0,1,0,0,0,0,0,0,0,65,0,0,0,0,6,2,25,0,0,0,1,4,85013,6,1,0,0,3,0,72,210,0,2,1,0,0,9,2015,12,2015,0,80,0,0,0,3,5,65,1,1,2,1,0,0,1,1,99,4,3,0,1V0FC38386A0,No Trailing Units,No Trailing Units,1,0,,,,,,,,,,,,,,,,,,,,,,,,,2016
2016040737,4,40737,2,2,1,23,11,13,0,51,0,1,0,4,1,7,482,7482,31,2015,1C6RR6MT3FS5,1,C,6,R,R,6,M,T,3,F,S,5,0,0,0,Not Applicable,Not Applicable,0,0,0,1,0,0,0,0,0,0,0,65,0,0,0,12,4,5,54,0,0,0,1,4,85379,6,1,0,0,3,0,70,250,1,0,0,3,1,4,2013,4,2014,0,0,0,0,0,3,6,65,1,1,2,1,0,0,1,90,99,1,3,98,No Trailing Units,No Trailing Units,No Trailing Units,0,0,,,,,,,,,,,,,,,,,,,,,,,,,2016
2016040738,4,40738,1,1,2,23,11,15,27,34,0,1,0,4,2,98,734,98734,90,2001,4XAAA32A81A3,4,X,A,A,A,3,2,A,8,1,A,3,0,0,0,Not Applicable,Not Applicable,0,0,0,1,0,0,0,0,0,0,0,25,0,1,5,98,2,5,1,0,0,0,1,4,86401,0,0,0,0,0,0,999,999,0,0,0,0,0,0,0,0,0,0,0,0,0,0,1,2,0,1,1,5,1,0,0,1,12,99,9,4,9,No Trailing Units,No Trailing Units,No Trailing Units,1,0,,,,,,,,,,,,,,,,,,,,,,,,,2016
2016040739,4,40739,1,1,1,24,11,3,15,8,0,1,0,4,1,20,28,20028,4,2013,1G1JA5SH1D42,1,G,1,J,A,5,S,H,1,D,4,2,0,0,0,Not Applicable,Not Applicable,0,0,0,1,0,0,0,0,0,0,0,998,0,1,5,12,6,2,1,0,0,0,1,4,85008,6,1,0,0,3,0,70,220,1,1,1,0,1,8,2012,2,2015,0,0,0,0,0,1,2,65,1,1,2,1,0,0,1,80,99,1,1,13,No Trailing Units,No Trailing Units,No Trailing Units,0,0,,,,,,,,,,,,,,,,,,,,,,,,,2016
2016040740,4,40740,1,2,1,25,11,2,30,12,2,1,0,4,1,48,34,48034,4,2001,4S3BE6355172,4,S,3,B,E,6,3,5,5,1,7,2,0,0,0,Not Applicable,Not Applicable,0,0,0,1,0,0,0,0,0,0,0,65,0,0,0,12,6,2,12,0,0,0,1,4,85303,6,1,0,0,3,0,65,142,0,0,0,1,0,6,2014,6,2014,0,51,0,0,0,3,6,65,1,1,2,1,0,0,1,54,99,1,1,52,No Trailing Units,No Trailing Units,No Trailing Units,1,1,,,,,,,,,,,,,,,,,,,,,,,,,2016
2016040740,4,40740,2,2,35,25,11,2,30,12,2,1,0,48,3,98,988,98988,51,2011,2PCG33490BC7,2,P,C,G,3,3,4,9,0,B,C,7,0,0,57,00044110,5700044110,3,21,22,1,0,0,0,0,4,3,0,65,0,0,0,12,6,2,12,0,0,0,1,4,85051,6,1,6,1,3,0,64,150,0,4,0,1,0,3,2014,9,2016,0,89,0,0,0,3,6,65,1,1,2,1,0,0,1,54,6,1,1,52,No Trailing Units,No Trailing Units,No Trailing Units,0,0,,,,,,,,,,,,,,,,,,,,,,,,,2016
2016040741,4,40741,1,1,3,25,11,22,35,8,0,1,1,4,2,35,50,35050,4,2014,3N1CN7AP1EL8,3,N,1,C,N,7,A,P,1,E,L,8,0,0,0,Not Applicable,Not Applicable,0,0,0,1,0,0,0,0,0,0,0,998,0,0,0,82,4,5,8,0,0,0,1,42,85303,6,1,0,0,3,3,72,999,0,0,0,1,0,2,2012,2,2012,0,91,0,0,0,3,4,65,1,1,2,1,0,0,1,80,1,1,1,13,No Trailing Units,No Trailing Units,No Trailing Units,0,0,,,,,,,,,,,,,,,,,,,,,,,,,2016
2016040742,4,40742,1,2,1,26,11,17,57,12,6,1,0,4,2,12,481,12481,31,2004,1FTRX14W04NA,1,F,T,R,X,1,4,W,0,4,N,A,0,0,0,Not Applicable,Not Applicable,0,0,0,1,0,0,0,0,0,0,0,50,0,0,0,12,6,2,12,0,0,0,1,4,85027,6,1,0,0,3,0,66,125,0,0,0,0,0,0,0,0,0,0,39,0,0,0,1,3,30,1,1,2,1,20,3,1,17,99,1,1,86,No Trailing Units,No Trailing Units,No Trailing Units,0,0,,,,,,,,,,,,,,,,,,,,,,,,,2016
2016040742,4,40742,2,2,7,26,11,17,57,12,6,1,0,4,1,7,442,7442,20,2003,1D4GP34303B1,1,D,4,G,P,3,4,3,0,3,B,1,0,0,0,Not Applicable,Not Applicable,0,0,0,1,0,0,0,0,0,0,0,50,0,1,1,83,6,2,12,0,0,0,1,4,85382,6,1,0,0,3,0,65,155,0,0,0,0,0,0,0,0,0,0,0,0,0,0,1,5,40,1,1,2,1,0,0,1,66,99,1,1,87,No Trailing Units,No Trailing Units,No Trailing Units,1,0,,,,,,,,,,,,,,,,,,,,,,,,,2016
2016040743,4,40743,1,1,2,30,11,6,24,1,0,1,0,4,1,2,402,2402,14,1974,J4M835TA6222,J,4,M,8,3,5,T,A,6,2,2,2,1,1,0,Not Applicable,Not Applicable,0,0,0,1,0,0,0,0,0,0,0,998,0,1,5,0,6,2,1,0,0,0,1,4,86325,6,1,0,0,3,0,72,250,0,7,3,0,0,4,2012,11,2013,4,88,0,0,0,1,2,55,3,6,2,1,0,0,14,6,99,9,4,2,J02904,No Trailing Units,No Trailing Units,1,0,,,,,,,,,,,,,,,,,,,,,,,,,2016
2016040744,4,40744,1,7,1,18,10,8,1,12,1,1,0,4,3,86,884,86884,63,2007,1M2K197C07M0,1,M,2,K,1,9,7,C,0,7,M,0,0,0,57,0206750,570206750,3,2,97,1,0,0,0,0,0,0,0,55,7,0,0,12,6,2,12,0,0,0,1,4,85746,6,1,6,0,3,0,71,155,0,0,0,0,1,6,2015,6,2015,4,0,0,0,0,3,8,65,1,1,2,1,0,0,1,50,16,1,1,20,No Trailing Units,No Trailing Units,No Trailing Units,0,1,,,,,,,,,,,,,,,,,,,,,,,,,2016
2016040744,4,40744,2,7,2,18,10,8,1,12,1,1,0,4,2,53,40,53040,5,2008,JS2YA4132851,J,S,2,Y,A,4,1,3,2,8,5,1,0,0,0,Not Applicable,Not Applicable,0,0,0,1,0,0,0,0,0,0,0,0,0,0,0,6,6,2,12,0,0,0,1,4,85745,6,1,0,0,3,3,67,130,0,0,0,1,0,4,2013,4,2013,0,0,0,0,0,3,8,65,1,1,2,1,0,0,5,53,1,1,1,21,No Trailing Units,No Trailing Units,No Trailing Units,2,0,,,,,,,,,,,,,,,,,,,,,,,,,2016
2016040744,4,40744,3,7,1,18,10,8,1,12,1,1,0,4,1,20,473,20473,30,2007,1GCCS1390781,1,G,C,C,S,1,3,9,0,7,8,1,0,0,0,Not Applicable,Not Applicable,0,0,0,1,0,0,0,0,0,0,0,0,0,1,1,98,6,2,12,0,0,0,1,4,85648,6,1,0,0,3,0,69,230,0,0,0,0,0,0,0,0,0,0,0,0,0,0,3,8,65,1,1,2,1,0,0,5,99,1,1,1,98,No Trailing Units,No Trailing Units,No Trailing Units,1,0,,,,,,,,,,,,,,,,,,,,,,,,,2016
2016040744,4,40744,4,7,1,18,10,8,1,12,1,1,0,4,3,84,881,84881,62,1996,1HTSCAAL3TH2,1,H,T,S,C,A,A,L,3,T,H,2,0,0,57,0257583,570257583,2,1,97,1,0,0,0,0,0,0,0,0,0,1,1,6,6,2,1,0,0,0,1,4,85648,6,1,0,0,3,0,72,190,0,0,0,0,0,0,0,0,0,0,0,0,0,0,3,8,65,1,1,2,1,0,0,5,99,1,1,1,98,No Trailing Units,No Trailing Units,No Trailing Units,0,0,,,,,,,,,,,,,,,,,,,,,,,,,2016
2016040744,4,40744,5,7,1,18,10,8,1,12,1,1,0,4,2,55,36,55036,4,2005,KMHCG45C85U6,K,M,H,C,G,4,5,C,8,5,U,6,0,0,0,Not Applicable,Not Applicable,0,0,0,1,0,0,0,0,0,0,0,0,0,0,0,13,6,2,12,0,0,0,1,4,85353,6,1,0,0,3,0,66,150,0,0,0,0,0,0,0,0,0,0,0,0,0,0,3,8,65,1,1,2,1,0,0,5,99,1,1,1,98,No Trailing Units,No Trailing Units,No Trailing Units,0,0,,,,,,,,,,,,,,,,,,,,,,,,,2016
2016040744,4,40744,6,7,1,18,10,8,1,12,1,1,0,4,1,55,33,55033,4,2011,5NPEB4AC6BH2,5,N,P,E,B,4,A,C,6,B,H,2,0,0,0,Not Applicable,Not Applicable,0,0,0,1,0,0,0,0,0,0,0,998,0,0,0,6,6,2,12,0,0,0,1,4,85719,6,1,0,0,3,3,70,200,0,0,0,0,0,0,0,0,0,0,0,0,0,0,3,8,65,1,1,2,1,0,0,1,99,99,9,3,98,No Trailing Units,No Trailing Units,No Trailing Units,0,0,,,,,,,,,,,,,,,,,,,,,,,,,2016
2016040744,4,40744,7,7,1,18,10,8,1,12,1,1,0,4,1,7,20,7020,4,1998,1B3ES47C7WD6,1,B,3,E,S,4,7,C,7,W,D,6,0,0,0,Not Applicable,Not Applicable,0,0,0,1,0,0,0,0,0,0,0,0,0,0,0,82,6,2,54,0,0,0,1,4,85735,6,1,0,0,3,0,65,130,0,0,0,0,0,0,0,0,0,0,0,0,0,0,3,8,65,1,1,2,1,0,0,5,99,1,1,1,98,No Trailing Units,No Trailing Units,No Trailing Units,0,0,,,,,,,,,,,,,,,,,,,,,,,,,2016
2016040745,4,40745,1,4,1,21,10,13,33,12,2,1,0,4,2,6,441,6441,20,2005,2C8GP54L85R5,2,C,8,G,P,5,4,L,8,5,R,5,0,0,0,Not Applicable,Not Applicable,0,0,0,1,0,0,0,0,0,0,0,35,0,0,0,12,6,2,12,0,0,0,1,4,85019,1,1,0,0,2,3,66,165,0,1,0,0,0,11,2014,11,2014,0,48,91,0,0,4,2,40,3,1,8,1,3,3,11,10,99,9,2,82,No Trailing Units,No Trailing Units,No Trailing Units,0,0,,,,,,,,,,,,,,,,,,,,,,,,,2016
2016040745,4,40745,2,4,3,21,10,13,33,12,2,1,0,4,1,37,39,37039,5,2015,3HGGK5H52FM7,3,H,G,G,K,5,H,5,2,F,M,7,0,0,0,Not Applicable,Not Applicable,0,0,0,1,0,0,0,0,0,0,0,0,0,0,0,12,6,2,12,0,0,0,1,4,85033,6,1,0,0,3,0,60,130,0,0,0,0,0,0,0,0,0,0,89,0,0,0,2,6,40,1,1,8,1,3,3,5,67,1,1,1,83,No Trailing Units,No Trailing Units,No Trailing Units,1,0,,,,,,,,,,,,,,,,,,,,,,,,,2016
2016040745,4,40745,3,4,1,21,10,13,33,12,2,1,0,4,2,63,38,63038,5,2010,KNAFU4A2XA52,K,N,A,F,U,4,A,2,X,A,5,2,0,0,0,Not Applicable,Not Applicable,0,0,0,1,0,0,0,0,0,0,0,0,0,0,0,12,2,5,12,0,0,0,1,4,85017,1,1,0,0,2,0,67,165,0,1,0,0,0,5,2016,5,2016,0,0,0,0,0,2,6,40,1,1,8,1,3,3,5,54,1,1,1,98,No Trailing Units,No Trailing Units,No Trailing Units,0,0,,,,,,,,,,,,,,,,,,,,,,,,,2016
2016040745,4,40745,4,4,1,21,10,13,33,12,2,1,0,4,1,20,481,20481,31,1995,1GCEC14K7SZ2,1,G,C,E,C,1,4,K,7,S,Z,2,0,0,0,Not Applicable,Not Applicable,0,0,0,1,0,0,0,0,0,0,0,0,0,0,0,12,2,5,12,0,0,0,1,4,85303,6,1,0,0,3,0,69,165,1,0,0,1,0,4,2016,6,2016,0,0,0,0,0,2,6,40,1,1,8,1,3,3,5,54,1,1,1,98,No Trailing Units,No Trailing Units,No Trailing Units,0,0,,,,,,,,,,,,,,,,,,,,,,,,,2016
2016040746,4,40746,1,1,1,24,10,12,51,1,0,1,0,95,1,72,706,72706,80,2010,1HD1FC41XAB6,1,H,D,1,F,C,4,1,X,A,B,6,0,0,0,Not Applicable,Not Applicable,0,0,0,1,0,0,0,0,0,0,0,998,0,0,0,0,6,2,1,0,0,0,1,95,0,9,9,99,0,9,9,72,170,99,99,99,99,99,99,9999,99,9999,0,0,0,0,0,1,2,55,2,1,2,1,0,0,14,12,1,1,4,10,No Trailing Units,No Trailing Units,No Trailing Units,1,0,,,,,,,,,,,,,,,,,,,,,,,,,2016
2016040747,4,40747,1,2,1,27,10,18,47,12,2,1,0,4,2,49,52,49052,5,2009,JTKKU10489J0,J,T,K,K,U,1,0,4,8,9,J,0,0,0,0,Not Applicable,Not Applicable,0,0,0,1,0,0,0,0,0,0,0,998,0,0,0,12,6,2,12,0,0,0,1,4,85172,6,1,0,0,3,3,58,130,0,0,0,0,0,0,0,0,0,0,81,0,0,0,2,2,75,1,1,2,1,0,0,1,90,6,9,4,98,No Trailing Units,No Trailing Units,No Trailing Units,1,0,,,,,,,,,,,,,,,,,,,,,,,,,2016
2016040747,4,40747,2,2,2,27,10,18,47,12,2,1,0,4,4,6,441,6441,20,2016,2C4RC1BG2GR2,2,C,4,R,C,1,B,G,2,G,R,2,0,0,0,Not Applicable,Not Applicable,0,0,0,1,0,0,0,0,0,0,0,65,0,0,0,12,6,2,12,0,0,0,1,16,83843,6,1,0,0,3,3,66,130,0,0,0,0,0,0,0,0,0,0,0,0,0,0,2,2,75,1,1,2,1,0,0,1,62,7,9,3,98,No Trailing Units,No Trailing Units,No Trailing Units,0,0,,,,,,,,,,,,,,,,,,,,,,,,,2016
2016040748,4,40748,1,2,2,3,10,7,10,12,6,1,0,4,1,2,404,2404,14,2005,1J4HR58235C5,1,J,4,H,R,5,8,2,3,5,C,5,0,0,0,Not Applicable,Not Applicable,0,0,0,1,0,0,0,0,0,0,0,18,0,0,0,62,6,2,12,0,0,0,1,4,85043,6,1,0,0,3,0,63,127,0,0,0,0,2,10,2015,11,2015,0,38,0,0,0,1,2,25,1,1,2,1,20,3,11,15,99,1,1,82,No Trailing Units,No Trailing Units,No Trailing Units,1,0,,,,,,,,,,,,,,,,,,,,,,,,,2016
2016040748,4,40748,2,2,1,3,10,7,10,12,6,1,0,4,3,94,983,94983,50,2013,1T7Y34E2XD11,1,T,7,Y,3,4,E,2,X,D,1,1,0,0,57,17149,5717149,3,21,22,1,0,0,0,0,1,2,0,998,0,0,0,12,6,2,12,0,0,0,1,4,85037,6,1,6,0,3,3,69,210,0,2,0,0,0,6,2015,6,2015,0,0,0,0,0,5,3,45,1,1,2,1,0,0,1,67,99,1,1,83,No Trailing Units,No Trailing Units,No Trailing Units,0,0,,,,,,,,,,,,,,,,,,,,,,,,,2016
2016040749,4,40749,1,1,1,9,10,20,10,8,0,1,0,99,9,2,404,2404,14,1993,Unknown,9,9,9,9,9,9,9,9,9,9,9,9,0,0,0,Not Applicable,Not Applicable,0,0,0,1,0,0,0,0,0,0,0,999,0,0,0,82,9,9,8,0,0,0,1,4,85040,6,1,0,0,3,3,73,250,0,1,0,1,0,5,2013,5,2013,0,0,0,0,0,9,9,99,1,1,2,99,0,0,1,80,98,9,3,13,No Trailing Units,No Trailing Units,No Trailing Units,0,0,,,,,,,,,,,,,,,,,,,,,,,,,2016
2016040750,4,40750,1,2,2,10,10,4,8,42,0,1,0,99,9,12,3,12003,2,1997,Unknown,9,9,9,9,9,9,9,9,9,9,9,9,0,0,0,Not Applicable,Not Applicable,0,0,0,1,0,0,0,0,0,0,0,999,0,0,0,98,6,2,42,0,0,1,1,99,99999,9,9,99,0,9,9,999,999,99,99,99,99,99,99,9999,99,9999,2,99,99,99,99,9,9,99,1,1,2,99,0,0,1,9,99,9,4,99,No Trailing Units,No Trailing Units,No Trailing Units,2,0,,,,,,,,,,,,,,,,,,,,,,,,,2016
2016040750,4,40750,2,2,1,10,10,4,8,42,0,1,0,99,9,20,22,20022,9,2006,Unknown,9,9,9,9,9,9,9,9,9,9,9,9,0,0,0,Not Applicable,Not Applicable,0,0,0,1,0,0,0,0,0,0,0,999,0,0,0,98,9,9,42,0,0,0,1,4,85023,6,1,0,0,3,0,67,145,0,0,0,0,0,0,0,0,0,2,99,99,99,99,9,9,99,1,1,2,99,0,0,1,9,99,9,4,98,No Trailing Units,No Trailing Units,No Trailing Units,1,1,,,,,,,,,,,,,,,,,,,,,,,,,2016
2016040751,4,40751,1,1,2,15,10,2,24,1,0,1,0,92,0,99,998,99998,95,9999,Unknown,9,9,9,9,9,9,9,9,9,9,9,9,0,0,0,Not Applicable,Not Applicable,0,0,0,1,0,0,0,0,0,0,0,999,0,1,1,0,9,9,1,0,0,0,1,4,85034,1,1,0,0,2,0,68,139,0,1,0,0,1,8,2014,9,2014,0,58,91,0,0,9,9,99,1,1,9,99,0,0,1,9,99,9,3,98,No Trailing Units,No Trailing Units,No Trailing Units,1,0,,,,,,,,,,,,,,,,,,,,,,,,,2016
2016040752,4,40752,1,1,99,15,10,18,43,8,0,1,1,99,9,99,999,99999,49,9999,Unknown,9,9,9,9,9,9,9,9,9,9,9,9,0,0,0,Not Applicable,Not Applicable,0,0,0,1,0,0,0,0,0,0,0,999,0,0,0,12,9,5,8,0,0,0,1,99,99999,9,9,99,0,9,9,999,999,99,99,99,99,99,99,9999,99,9999,9,99,99,99,99,5,9,99,1,1,9,99,0,0,6,80,6,1,2,13,No Trailing Units,No Trailing Units,No Trailing Units,0,0,,,,,,,,,,,,,,,,,,,,,,,,,2016
2016040753,4,40753,1,1,2,15,10,21,17,8,0,1,0,99,9,58,37,58037,4,2003,Unknown,9,9,9,9,9,9,9,9,9,9,9,9,0,0,0,Not Applicable,Not Applicable,0,0,0,1,0,0,0,0,0,0,0,999,0,0,0,98,9,9,8,0,0,0,1,4,85032,0,0,0,0,0,0,999,300,0,0,0,0,0,0,0,0,0,0,91,0,0,0,2,5,99,1,1,9,99,3,3,1,80,99,9,3,13,No Trailing Units,No Trailing Units,No Trailing Units,0,0,,,,,,,,,,,,,,,,,,,,,,,,,2016