accident_id,STATE,ST_CASE,VEH_NO,VE_FORMS,NUMOCCS,DAY,MONTH,HOUR,MINUTE,HARM_EV,MAN_COLL,UNITTYPE,HIT_RUN,REG_STAT,OWNER,MAKE,MODEL,MAK_MOD,BODY_TYP,MOD_YEAR,VIN,VIN_1,VIN_2,VIN_3,VIN_4,VIN_5,VIN_6,VIN_7,VIN_8,VIN_9,VIN_10,VIN_11,VIN_12,TOW_VEH,J_KNIFE,MCARR_I1,MCARR_I2,MCARR_ID,GVWR,V_CONFIG,CARGO_BT,HAZ_INV,HAZ_PLAC,HAZ_ID,HAZ_CNO,HAZ_REL,BUS_USE,SPEC_USE,EMER_USE,TRAV_SP,UNDERIDE,ROLLOVER,ROLINLOC,IMPACT1,DEFORMED,TOWED,M_HARM,VEH_SC1,VEH_SC2,FIRE_EXP,DR_PRES,L_STATE,DR_ZIP,L_STATUS,L_TYPE,CDL_STAT,L_ENDORS,L_COMPL,L_RESTRI,DR_HGT,DR_WGT,PREV_ACC,PREV_SUS,PREV_DWI,PREV_SPD,PREV_OTH,FIRST_MO,FIRST_YR,LAST_MO,LAST_YR,SPEEDREL,DR_SF1,DR_SF2,DR_SF3,DR_SF4,VTRAFWAY,VNUM_LAN,VSPD_LIM,VALIGN,VPROFILE,VPAVETYP,VSURCOND,VTRAFCON,VTCONT_F,P_CRASH1,P_CRASH2,P_CRASH3,PCRASH4,PCRASH5,ACC_TYPE,TRLR1VIN,TRLR2VIN,TRLR3VIN,DEATHS,DR_DRINK,VINTYPE,VINMAKE,VINA_MOD,VIN_BT,VINMODYR,VIN_LNGT,VIN_WGT,WGTCD_TR,WHLBS_LG,WHLBS_SH,SER_TR,FUELCODE,MCYCL_DS,CARBUR,CYLINDER,DISPLACE,MCYCL_CY,MCYCL_WT,TIRE_SZE,TON_RAT,TRK_WT,TRKWTVAR,VIN_REST,WHLDRWHL,Year
2016040754,4,40754,1,2,99,20,10,19,59,8,0,1,1,99,9,99,999,99999,99,9999,Unknown,9,9,9,9,9,9,9,9,9,9,9,9,0,0,0,Not Applicable,Not Applicable,0,0,0,1,0,0,0,0,0,0,0,998,0,0,0,62,4,5,8,0,0,0,1,99,99999,9,9,99,0,9,9,999,999,99,99,99,99,99,99,9999,99,9999,9,99,99,99,99,5,6,35,1,1,2,1,0,0,1,80,16,2,1,13,No Trailing Units,No Trailing Units,No Trailing Units,0,0,,,,,,,,,,,,,,,,,,,,,,,,,2016
2016040754,4,40754,2,2,3,20,10,19,59,8,0,1,0,4,2,13,421,13421,15,2006,5LMFU27546LJ,5,L,M,F,U,2,7,5,4,6,L,J,0,0,0,Not Applicable,Not Applicable,0,0,0,1,0,0,0,0,0,0,0,998,0,0,0,12,2,3,8,0,0,0,1,4,85335,0,0,0,0,0,0,68,184,0,0,0,0,0,0,0,0,0,0,84,91,0,0,5,6,35,1,1,2,1,0,0,1,80,6,1,2,98,No Trailing Units,No Trailing Units,No Trailing Units,0,0,,,,,,,,,,,,,,,,,,,,,,,,,2016
2016040755,4,40755,1,2,1,20,10,21,37,1,0,1,0,99,9,37,709,37709,80,2007,Unknown,9,9,9,9,9,9,9,9,9,9,9,9,0,0,0,Not Applicable,Not Applicable,0,0,0,1,0,0,0,0,0,0,0,999,0,0,0,0,9,9,12,0,0,0,1,4,85024,6,1,0,0,2,0,70,200,0,3,0,2,1,3,2012,2,2015,5,0,0,0,0,1,2,99,1,1,9,99,99,9,1,17,98,9,3,98,No Trailing Units,No Trailing Units,No Trailing Units,1,1,,,,,,,,,,,,,,,,,,,,,,,,,2016
2016040755,4,40755,2,2,1,20,10,21,37,1,0,1,0,99,9,35,499,35499,29,2013,Unknown,9,9,9,9,9,9,9,9,9,9,9,9,0,0,0,Not Applicable,Not Applicable,0,0,0,1,0,0,0,0,0,0,0,999,0,0,0,81,9,9,12,0,0,0,1,4,85392,6,1,0,0,3,0,66,130,0,0,0,0,0,0,0,0,0,0,0,0,0,0,1,2,99,1,1,9,99,99,9,12,66,99,1,3,98,No Trailing Units,No Trailing Units,No Trailing Units,0,0,,,,,,,,,,,,,,,,,,,,,,,,,2016
2016040756,4,40756,1,3,1,22,10,1,13,12,6,1,0,4,1,7,482,7482,31,2006,1D7HA18226S7,1,D,7,H,A,1,8,2,2,6,S,7,0,0,0,Not Applicable,Not Applicable,0,0,0,1,0,0,0,0,0,0,0,52,0,0,0,12,6,2,12,0,0,0,1,4,85015,6,1,0,0,3,0,71,230,0,8,0,0,3,7,2012,2,2016,0,39,91,0,0,1,7,40,1,1,2,1,3,3,1,17,99,1,3,88,No Trailing Units,No Trailing Units,No Trailing Units,0,1,,,,,,,,,,,,,,,,,,,,,,,,,2016
2016040756,4,40756,2,3,2,22,10,1,13,12,6,1,0,4,2,35,50,35050,4,2014,3N1CN7AP6EL8,3,N,1,C,N,7,A,P,6,E,L,8,0,0,0,Not Applicable,Not Applicable,0,0,0,1,0,0,0,0,0,0,0,45,0,0,0,62,6,2,12,0,0,0,1,4,85029,0,0,0,0,0,0,64,170,0,0,0,0,0,0,0,0,0,0,0,0,0,0,1,5,40,1,1,2,1,3,3,1,66,99,9,3,89,No Trailing Units,No Trailing Units,No Trailing Units,1,0,,,,,,,,,,,,,,,,,,,,,,,,,2016
2016040756,4,40756,3,3,1,22,10,1,13,12,6,1,0,4,3,82,881,82881,66,2016,3AKBGEDV4GDH,3,A,K,B,G,E,D,V,4,G,D,H,1,1,57,689949,57689949,3,6,1,1,0,0,0,0,0,0,0,0,0,0,0,62,6,2,12,0,0,0,1,4,85048,6,1,6,0,3,0,68,175,0,2,0,0,0,6,2015,7,2015,0,0,0,0,0,1,7,40,1,1,2,1,3,3,5,66,1,1,1,98,1UYVS2367GU5,No Trailing Units,No Trailing Units,0,0,,,,,,,,,,,,,,,,,,,,,,,,,2016
2016040757,4,40757,1,1,1,22,10,20,31,8,0,1,0,99,9,49,40,49040,4,1999,Unknown,9,9,9,9,9,9,9,9,9,9,9,9,0,0,0,Not Applicable,Not Applicable,0,0,0,1,0,0,0,0,0,0,0,999,0,0,0,12,9,9,8,0,0,0,1,4,85023,6,1,0,0,3,0,68,205,0,0,0,0,0,0,0,0,0,0,0,0,0,0,9,9,99,1,1,2,99,0,0,99,80,99,9,3,13,No Trailing Units,No Trailing Units,No Trailing Units,0,0,,,,,,,,,,,,,,,,,,,,,,,,,2016
2016040758,4,40758,1,1,2,23,10,99,99,1,0,1,9,99,9,99,884,99884,66,9999,Unknown,9,9,9,9,9,9,9,9,9,9,9,9,1,1,99,Unknown,Unknown,3,6,99,1,0,0,0,0,0,0,0,999,0,1,9,0,9,9,1,0,0,0,1,99,99999,9,9,99,9,9,9,999,999,99,99,99,99,99,99,9999,99,9999,9,99,99,99,99,9,9,99,9,9,9,99,99,9,99,99,99,9,9,99,Unknown,No Trailing Units,No Trailing Units,1,0,,,,,,,,,,,,,,,,,,,,,,,,,2016
2016040759,4,40759,1,1,99,24,10,17,15,8,0,1,1,32,3,20,481,20481,40,1985,1GCHC33W7FS1,1,G,C,H,C,3,3,W,7,F,S,1,0,0,0,Not Applicable,Not Applicable,0,0,0,1,0,0,0,0,0,0,0,45,0,0,0,62,4,3,8,0,0,0,1,4,86409,6,1,0,0,3,3,73,203,0,0,0,0,0,0,0,0,0,0,0,0,0,0,1,2,45,1,5,5,1,0,0,1,83,99,1,4,13,No Trailing Units,No Trailing Units,No Trailing Units,0,0,,,,,,,,,,,,,,,,,,,,,,,,,2016
2016040760,4,40760,1,1,99,24,10,23,40,8,0,1,1,99,9,99,399,99399,4,9999,Unknown,9,9,9,9,9,9,9,9,9,9,9,9,0,0,0,Not Applicable,Not Applicable,0,0,0,1,0,0,0,0,0,0,0,999,0,0,0,98,9,5,8,0,0,0,1,99,99999,9,9,99,0,9,9,999,999,99,99,99,99,99,99,9999,99,9999,9,99,99,99,99,0,0,0,0,0,0,0,0,0,99,81,99,9,5,13,No Trailing Units,No Trailing Units,No Trailing Units,0,0,,,,,,,,,,,,,,,,,,,,,,,,,2016
2016040761,4,40761,1,2,1,26,10,6,26,12,99,1,0,99,9,30,40,30040,4,2005,Unknown,9,9,9,9,9,9,9,9,9,9,9,9,0,0,0,Not Applicable,Not Applicable,0,0,0,1,0,0,0,0,0,0,0,999,0,0,0,98,9,9,12,0,0,0,1,4,85009,6,1,0,0,3,0,72,240,1,0,0,1,0,5,2016,6,2016,0,28,0,0,0,5,6,99,1,1,2,1,0,0,1,10,99,9,2,99,No Trailing Units,No Trailing Units,No Trailing Units,1,1,,,,,,,,,,,,,,,,,,,,,,,,,2016
2016040761,4,40761,2,2,1,26,10,6,26,12,99,1,0,99,9,12,401,12401,14,2005,Unknown,9,9,9,9,9,9,9,9,9,9,9,9,0,0,0,Not Applicable,Not Applicable,0,0,0,1,0,0,0,0,0,0,0,999,0,0,0,12,9,9,12,0,0,0,1,4,85392,6,1,0,0,3,0,68,189,0,0,0,1,0,7,2014,7,2014,0,0,0,0,0,5,6,99,1,1,2,1,0,0,1,62,99,9,3,99,No Trailing Units,No Trailing Units,No Trailing Units,0,0,,,,,,,,,,,,,,,,,,,,,,,,,2016
2016040762,4,40762,1,2,1,26,10,7,48,12,6,1,0,4,1,34,34,34034,4,2014,WBA3A5G57ENP,W,B,A,3,A,5,G,5,7,E,N,P,0,0,0,Not Applicable,Not Applicable,0,0,0,1,0,0,0,0,0,0,0,13,0,0,0,82,6,2,12,0,0,0,1,4,85212,6,1,0,0,3,3,64,159,0,0,0,0,0,0,0,0,0,0,38,0,0,0,0,0,0,0,0,0,0,20,3,1,17,1,1,1,87,No Trailing Units,No Trailing Units,No Trailing Units,0,0,,,,,,,,,,,,,,,,,,,,,,,,,2016
2016040762,4,40762,2,2,1,26,10,7,48,12,6,1,0,4,1,72,706,72706,80,2013,1HD1CT316DC4,1,H,D,1,C,T,3,1,6,D,C,4,0,0,0,Not Applicable,Not Applicable,0,0,0,1,0,0,0,0,0,0,0,45,0,0,0,12,6,2,12,0,0,0,1,4,85298,6,1,6,0,3,0,65,155,0,0,0,0,0,0,0,0,0,0,0,0,0,0,9,3,45,1,1,8,1,0,0,1,71,16,2,1,86,No Trailing Units,No Trailing Units,No Trailing Units,1,0,,,,,,,,,,,,,,,,,,,,,,,,,2016
2016040763,4,40763,1,3,1,27,10,16,4,12,99,1,0,99,9,53,709,53709,80,2003,Unknown,9,9,9,9,9,9,9,9,9,9,9,9,0,0,0,Not Applicable,Not Applicable,0,0,0,1,0,0,0,0,0,0,0,999,0,0,0,98,9,9,54,0,0,0,1,4,85043,6,1,0,0,3,0,71,170,0,2,0,4,2,3,2012,4,2016,5,35,27,89,0,3,3,99,9,9,1,99,0,0,6,11,99,9,2,99,No Trailing Units,No Trailing Units,No Trailing Units,1,0,,,,,,,,,,,,,,,,,,,,,,,,,2016
2016040763,4,40763,2,3,1,27,10,16,4,12,99,1,0,99,9,12,16,12016,4,2005,Unknown,9,9,9,9,9,9,9,9,9,9,9,9,0,0,0,Not Applicable,Not Applicable,0,0,0,1,0,0,0,0,0,0,0,999,0,0,0,61,9,9,12,0,0,0,1,4,85306,6,1,0,0,3,0,72,170,0,3,1,0,0,6,2012,1,2014,0,0,0,0,0,3,3,99,9,9,1,99,0,0,99,60,99,9,3,99,No Trailing Units,No Trailing Units,No Trailing Units,0,0,,,,,,,,,,,,,,,,,,,,,,,,,2016
2016040763,4,40763,3,3,99,27,10,16,4,12,99,1,1,99,9,99,884,99884,66,9999,Unknown,9,9,9,9,9,9,9,9,9,9,9,9,1,1,99,Unknown,Unknown,3,6,99,1,0,0,0,0,0,0,0,999,0,0,0,14,9,5,54,0,0,0,1,99,99999,9,9,99,9,9,9,999,999,99,99,99,99,99,99,9999,99,9999,9,99,99,99,99,3,3,99,9,9,1,99,0,0,99,98,99,9,3,98,Not Reported,No Trailing Units,No Trailing Units,0,0,,,,,,,,,,,,,,,,,,,,,,,,,2016
2016040764,4,40764,1,2,1,27,10,7,17,12,6,1,0,4,2,72,706,72706,80,2013,1HD1GV419DC3,1,H,D,1,G,V,4,1,9,D,C,3,0,0,0,Not Applicable,Not Applicable,0,0,0,1,0,0,0,0,0,0,0,10,0,0,0,82,6,2,12,0,0,0,1,4,85020,6,1,0,0,2,0,67,170,0,0,0,0,0,0,0,0,0,0,38,0,0,0,1,7,40,1,1,8,1,0,0,11,15,99,1,1,68,No Trailing Units,No Trailing Units,No Trailing Units,1,0,,,,,,,,,,,,,,,,,,,,,,,,,2016
2016040764,4,40764,2,2,1,27,10,7,17,12,6,1,0,4,1,12,401,12401,14,2000,1FMZU72X2YZB,1,F,M,Z,U,7,2,X,2,Y,Z,B,0,0,0,Not Applicable,Not Applicable,0,0,0,1,0,0,0,0,0,0,0,20,0,0,0,12,4,5,12,0,0,0,1,4,85013,6,1,0,0,3,3,65,134,0,0,0,0,0,0,0,0,0,0,0,0,0,0,1,7,40,1,1,8,1,0,0,1,62,1,1,1,69,No Trailing Units,No Trailing Units,No Trailing Units,0,0,,,,,,,,,,,,,,,,,,,,,,,,,2016
2016040765,4,40765,1,1,1,27,10,21,8,8,0,1,0,92,0,20,16,20016,2,2005,1G1JC12F5572,1,G,1,J,C,1,2,F,5,5,7,2,0,0,0,Not Applicable,Not Applicable,0,0,0,1,0,0,0,0,0,0,0,29,0,0,0,12,2,5,8,0,0,0,1,4,85017,6,1,0,0,3,0,67,215,0,0,0,1,1,12,2011,12,2011,0,91,0,0,0,5,6,40,1,1,8,1,0,0,1,80,99,9,3,13,No Trailing Units,No Trailing Units,No Trailing Units,0,1,,,,,,,,,,,,,,,,,,,,,,,,,2016
2016040766,4,40766,1,4,1,21,11,13,34,12,1,1,0,4,1,37,31,37031,2,2005,1HGEM22175L0,1,H,G,E,M,2,2,1,7,5,L,0,0,0,0,Not Applicable,Not Applicable,0,0,0,1,0,0,0,0,0,0,0,998,0,0,0,12,6,2,12,0,0,0,1,4,85205,6,1,0,0,3,0,69,170,0,0,0,0,0,0,0,0,0,4,0,0,0,0,3,5,65,1,1,2,2,0,0,1,50,99,1,1,20,No Trailing Units,No Trailing Units,No Trailing Units,1,0,,,,,,,,,,,,,,,,,,,,,,,,,2016
2016040766,4,40766,2,4,1,21,11,13,34,12,1,1,0,4,1,37,31,37031,4,2010,JHMFA3F23AS0,J,H,M,F,A,3,F,2,3,A,S,0,0,0,0,Not Applicable,Not Applicable,0,0,0,1,0,0,0,0,0,0,0,0,0,0,0,6,6,2,12,0,0,0,1,4,85045,6,1,0,0,3,3,71,200,0,0,0,0,0,0,0,0,0,0,0,0,0,0,3,5,65,1,1,2,2,0,0,5,53,1,1,1,21,No Trailing Units,No Trailing Units,No Trailing Units,0,0,,,,,,,,,,,,,,,,,,,,,,,,,2016
2016040766,4,40766,3,4,1,21,11,13,34,12,1,1,0,4,3,20,404,20404,14,2016,2GNALDEK9G11,2,G,N,A,L,D,E,K,9,G,1,1,0,0,0,Not Applicable,Not Applicable,0,0,0,1,0,0,0,0,0,0,0,0,0,0,0,6,4,5,12,0,0,0,1,4,85226,6,1,0,0,3,0,67,153,0,1,0,3,0,8,2012,6,2015,0,0,0,0,0,3,5,65,1,1,2,2,0,0,5,53,1,1,1,98,No Trailing Units,No Trailing Units,No Trailing Units,0,0,,,,,,,,,,,,,,,,,,,,,,,,,2016
2016040766,4,40766,4,4,1,21,11,13,34,12,1,1,0,4,1,35,47,35047,4,2003,1N4BL11D23C2,1,N,4,B,L,1,1,D,2,3,C,2,0,0,0,Not Applicable,Not Applicable,0,0,0,1,0,0,0,0,0,0,0,65,0,0,0,12,6,2,12,0,0,0,1,4,85256,6,1,0,0,3,0,59,220,0,1,0,2,0,1,2015,9,2015,0,0,0,0,0,3,5,65,1,1,2,2,0,0,1,50,16,1,1,98,No Trailing Units,No Trailing Units,No Trailing Units,0,0,,,,,,,,,,,,,,,,,,,,,,,,,2016
2016040767,4,40767,1,2,3,3,11,23,31,12,2,1,0,4,2,7,26,7026,4,2012,1C3CDZCB7CN1,1,C,3,C,D,Z,C,B,7,C,N,1,0,0,0,Not Applicable,Not Applicable,0,0,0,1,0,0,0,0,0,0,0,999,0,0,0,12,6,2,12,0,0,0,1,4,85530,0,0,0,0,0,0,67,198,0,0,0,0,0,0,0,0,0,0,28,0,0,0,1,2,65,1,1,2,2,0,0,1,10,99,1,2,50,No Trailing Units,No Trailing Units,No Trailing Units,1,1,,,,,,,,,,,,,,,,,,,,,,,,,2016
2016040767,4,40767,2,2,2,3,11,23,31,12,2,1,0,4,2,12,481,12481,31,2000,1FTSW31F4YED,1,F,T,S,W,3,1,F,4,Y,E,D,2,1,0,Not Applicable,Not Applicable,0,0,0,1,0,0,0,0,0,0,0,65,1,1,5,12,6,2,12,0,0,0,1,4,86047,6,1,3,0,3,0,74,180,0,0,0,0,0,0,0,0,0,0,0,0,0,0,1,2,65,1,1,2,2,0,0,1,62,99,1,1,51,1NW32HN08CA0,2SWUW11A52G0,No Trailing Units,1,1,,,,,,,,,,,,,,,,,,,,,,,,,2016
2016040768,4,40768,1,1,1,7,11,4,44,21,0,1,0,4,1,7,472,7472,30,2006,1D7HW22K66S7,1,D,7,H,W,2,2,K,6,6,S,7,0,0,0,Not Applicable,Not Applicable,0,0,0,1,0,0,0,0,0,0,0,999,0,0,0,12,6,2,21,0,0,0,1,4,85120,6,1,2,0,3,3,70,175,0,2,0,0,0,12,2013,1,2014,0,0,0,0,0,3,4,65,1,1,2,1,0,0,1,13,1,1,4,1,No Trailing Units,No Trailing Units,No Trailing Units,1,0,,,,,,,,,,,,,,,,,,,,,,,,,2016
2016040769,4,40769,1,1,3,18,11,16,54,1,0,1,0,4,1,12,471,12471,30,2005,1FTYR10D65PA,1,F,T,Y,R,1,0,D,6,5,P,A,0,0,0,Not Applicable,Not Applicable,0,0,0,1,0,0,0,0,0,0,0,75,0,1,5,0,6,2,1,0,0,0,1,4,85645,6,1,0,0,3,0,65,120,0,6,0,0,0,6,2016,11,2016,0,80,0,0,0,2,2,75,1,1,2,1,0,0,1,1,7,9,4,2,No Trailing Units,No Trailing Units,No Trailing Units,2,0,,,,,,,,,,,,,,,,,,,,,,,,,2016
2016040770,4,40770,1,1,2,18,11,20,0,8,0,1,0,4,1,35,39,35039,4,2016,1N4AA6AP2GC4,1,N,4,A,A,6,A,P,2,G,C,4,0,0,0,Not Applicable,Not Applicable,0,0,0,1,0,0,0,0,0,0,0,35,0,0,0,12,4,5,8,0,0,0,1,4,85201,6,1,0,0,3,0,73,175,0,0,0,3,1,8,2014,6,2016,0,0,0,0,0,1,6,40,1,1,8,1,3,3,15,80,16,1,2,13,No Trailing Units,No Trailing Units,No Trailing Units,0,0,,,,,,,,,,,,,,,,,,,,,,,,,2016
2016040771,4,40771,1,1,2,25,11,6,40,35,0,1,0,4,1,98,998,98998,97,2010,4XAWY76A8A21,4,X,A,W,Y,7,6,A,8,A,2,1,0,0,0,Not Applicable,Not Applicable,0,0,0,1,0,0,0,0,0,0,0,999,0,1,5,2,2,3,1,0,0,0,1,4,85331,6,1,0,0,3,0,70,200,0,0,0,0,0,0,0,0,0,4,58,0,0,0,1,2,35,2,6,5,1,0,0,14,6,99,4,4,2,No Trailing Units,No Trailing Units,No Trailing Units,1,0,,,,,,,,,,,,,,,,,,,,,,,,,2016
2016040772,4,40772,1,2,2,16,8,18,59,12,6,1,0,4,2,37,32,37032,4,1999,JHMCG5644XC0,J,H,M,C,G,5,6,4,4,X,C,0,0,0,0,Not Applicable,Not Applicable,0,0,0,1,0,0,0,0,0,0,0,5,0,0,0,82,6,2,12,0,0,0,1,4,85383,6,1,0,0,3,0,66,173,0,0,0,0,0,0,0,0,0,0,38,0,0,0,2,5,45,1,1,8,1,3,3,11,15,1,1,1,68,No Trailing Units,No Trailing Units,No Trailing Units,0,0,,,,,,,,,,,,,,,,,,,,,,,,,2016
2016040772,4,40772,2,2,1,16,8,18,59,12,6,1,0,4,1,72,706,72706,80,2014,1HD1KEL17EB6,1,H,D,1,K,E,L,1,7,E,B,6,0,0,0,Not Applicable,Not Applicable,0,0,0,1,0,0,0,0,0,0,0,55,0,0,0,12,6,2,12,0,0,0,1,4,85378,6,1,0,0,3,0,71,215,0,0,0,1,0,8,2015,8,2015,0,0,0,0,0,2,4,45,1,6,8,1,3,3,1,62,1,1,1,69,No Trailing Units,No Trailing Units,No Trailing Units,1,1,,,,,,,,,,,,,,,,,,,,,,,,,2016
2016040773,4,40773,1,1,1,12,11,2,51,8,0,1,0,4,2,7,43,7043,2,2001,4B3AG42G21E0,4,B,3,A,G,4,2,G,2,1,E,0,0,0,0,Not Applicable,Not Applicable,0,0,0,1,0,0,0,0,0,0,0,45,0,0,0,12,6,2,8,0,0,0,1,4,85706,6,1,0,0,3,3,65,200,0,0,0,0,0,0,0,0,0,0,0,0,0,0,5,7,45,1,1,2,1,0,0,1,80,1,1,1,13,No Trailing Units,No Trailing Units,No Trailing Units,0,0,,,,,,,,,,,,,,,,,,,,,,,,,2016
2016040774,4,40774,1,3,3,23,11,15,53,12,2,1,0,4,2,12,13,12013,2,1999,3FAKP1138XR2,3,F,A,K,P,1,1,3,8,X,R,2,0,0,0,Not Applicable,Not Applicable,0,0,0,1,0,0,0,0,0,0,0,999,0,1,5,12,6,2,12,0,0,0,1,4,85326,1,1,0,0,2,0,69,170,0,0,0,0,0,0,0,0,0,0,36,33,0,0,1,2,50,1,1,2,1,0,0,6,54,1,1,1,52,No Trailing Units,No Trailing Units,No Trailing Units,1,1,,,,,,,,,,,,,,,,,,,,,,,,,2016
2016040774,4,40774,2,3,1,23,11,15,53,12,2,1,0,4,1,14,443,14443,20,1995,4M2DV11W5SDJ,4,M,2,D,V,1,1,W,5,S,D,J,0,0,0,Not Applicable,Not Applicable,0,0,0,1,0,0,0,0,0,0,0,999,0,0,0,12,6,2,12,0,0,0,1,4,86325,6,1,0,0,3,0,63,155,0,0,0,0,0,0,0,0,0,0,0,0,0,0,1,2,50,1,1,2,1,0,0,1,54,1,1,1,52,No Trailing Units,No Trailing Units,No Trailing Units,0,0,,,,,,,,,,,,,,,,,,,,,,,,,2016
2016040774,4,40774,3,3,2,23,11,15,53,12,2,1,0,4,2,35,43,35043,4,2001,3N1CB51DX1L4,3,N,1,C,B,5,1,D,X,1,L,4,0,0,0,Not Applicable,Not Applicable,0,0,0,1,0,0,0,0,0,0,0,999,0,1,5,98,6,2,12,0,0,0,1,4,85325,6,1,0,0,3,0,65,146,0,0,0,0,1,1,2012,1,2012,0,0,0,0,0,1,2,50,1,1,2,1,0,0,1,62,98,1,1,98,No Trailing Units,No Trailing Units,No Trailing Units,0,0,,,,,,,,,,,,,,,,,,,,,,,,,2016
2016040775,4,40775,1,2,1,3,11,18,28,12,99,1,0,4,1,37,31,37031,4,2012,19XFB2F5XCE0,1,9,X,F,B,2,F,5,X,C,E,0,0,0,0,Not Applicable,Not Applicable,0,0,0,1,0,0,0,0,0,0,0,20,0,0,0,98,6,2,12,0,0,0,1,4,85741,6,1,0,0,3,0,70,230,0,0,0,1,0,2,2013,2,2013,0,38,48,0,0,9,9,99,9,9,9,99,0,0,11,15,99,9,9,99,No Trailing Units,No Trailing Units,No Trailing Units,1,0,,,,,,,,,,,,,,,,,,,,,,,,,2016
2016040775,4,40775,2,2,1,3,11,18,28,12,99,1,0,4,2,54,37,54037,2,2001,19UYA42661A0,1,9,U,Y,A,4,2,6,6,1,A,0,0,0,0,Not Applicable,Not Applicable,0,0,0,1,0,0,0,0,0,0,0,40,0,0,0,98,6,2,12,0,0,0,1,6,91406,6,1,0,0,3,0,73,225,0,0,0,0,0,0,0,0,0,0,0,0,0,0,9,9,99,9,9,9,99,0,0,1,17,99,9,9,99,No Trailing Units,No Trailing Units,No Trailing Units,0,0,,,,,,,,,,,,,,,,,,,,,,,,,2016
2016040776,4,40776,1,1,1,26,11,1,8,33,0,1,0,4,2,2,404,2404,14,1989,1J4FJ58L3KL4,1,J,4,F,J,5,8,L,3,K,L,4,0,0,0,Not Applicable,Not Applicable,0,0,0,1,0,0,0,0,0,0,0,998,0,1,3,12,6,2,30,0,0,0,1,4,85249,6,1,0,0,3,3,69,185,0,1,0,3,1,6,2016,11,2016,0,99,99,99,99,2,2,45,1,1,8,1,0,0,1,12,1,1,4,6,No Trailing Units,No Trailing Units,No Trailing Units,1,1,,,,,,,,,,,,,,,,,,,,,,,,,2016
2016040777,4,40777,1,1,2,11,8,14,30,99,0,1,0,99,9,99,739,99739,90,9999,Unknown,9,9,9,9,9,9,9,9,9,9,9,9,0,0,0,Not Applicable,Not Applicable,0,0,0,1,0,0,0,0,0,0,0,999,0,0,0,99,9,9,99,0,0,0,1,99,99999,9,9,99,0,9,9,999,999,99,99,99,99,99,99,9999,99,9999,9,99,99,99,99,9,9,99,9,9,9,99,99,9,99,99,99,9,9,99,No Trailing Units,No Trailing Units,No Trailing Units,1,0,,,,,,,,,,,,,,,,,,,,,,,,,2016
2016040778,4,40778,1,1,6,2,10,22,25,5,0,1,0,99,9,35,47,35047,9,2005,Unknown,9,9,9,9,9,9,9,9,9,9,9,9,0,0,0,Not Applicable,Not Applicable,0,0,0,1,0,0,0,0,0,0,0,998,0,0,0,0,0,5,5,0,0,0,1,4,85706,6,1,0,0,3,0,61,120,0,0,0,0,0,0,0,0,0,0,99,99,99,99,8,8,98,8,8,8,98,0,0,10,98,1,1,1,0,No Trailing Units,No Trailing Units,No Trailing Units,1,0,,,,,,,,,,,,,,,,,,,,,,,,,2016
2016040779,4,40779,1,1,1,26,10,99,99,9,0,1,0,99,9,99,989,99989,50,9999,Unknown,9,9,9,9,9,9,9,9,9,9,9,9,0,0,99,Unknown,Unknown,2,21,22,1,0,0,0,0,1,2,0,999,0,0,0,98,9,9,9,0,0,0,1,99,99999,9,9,99,3,9,9,999,999,99,99,99,99,99,99,9999,99,9999,9,99,99,99,99,9,9,99,9,9,9,99,99,9,99,85,99,9,9,13,No Trailing Units,No Trailing Units,No Trailing Units,0,0,,,,,,,,,,,,,,,,,,,,,,,,,2016