accident_id,STATE,ST_CASE,VEH_NO,VE_FORMS,NUMOCCS,DAY,MONTH,HOUR,MINUTE,HARM_EV,MAN_COLL,UNITTYPE,HIT_RUN,REG_STAT,OWNER,MAKE,MODEL,MAK_MOD,BODY_TYP,MOD_YEAR,VIN,VIN_1,VIN_2,VIN_3,VIN_4,VIN_5,VIN_6,VIN_7,VIN_8,VIN_9,VIN_10,VIN_11,VIN_12,TOW_VEH,J_KNIFE,MCARR_I1,MCARR_I2,MCARR_ID,GVWR,V_CONFIG,CARGO_BT,HAZ_INV,HAZ_PLAC,HAZ_ID,HAZ_CNO,HAZ_REL,BUS_USE,SPEC_USE,EMER_USE,TRAV_SP,UNDERIDE,ROLLOVER,ROLINLOC,IMPACT1,DEFORMED,TOWED,M_HARM,VEH_SC1,VEH_SC2,FIRE_EXP,DR_PRES,L_STATE,DR_ZIP,L_STATUS,L_TYPE,CDL_STAT,L_ENDORS,L_COMPL,L_RESTRI,DR_HGT,DR_WGT,PREV_ACC,PREV_SUS,PREV_DWI,PREV_SPD,PREV_OTH,FIRST_MO,FIRST_YR,LAST_MO,LAST_YR,SPEEDREL,DR_SF1,DR_SF2,DR_SF3,DR_SF4,VTRAFWAY,VNUM_LAN,VSPD_LIM,VALIGN,VPROFILE,VPAVETYP,VSURCOND,VTRAFCON,VTCONT_F,P_CRASH1,P_CRASH2,P_CRASH3,PCRASH4,PCRASH5,ACC_TYPE,TRLR1VIN,TRLR2VIN,TRLR3VIN,DEATHS,DR_DRINK,VINTYPE,VINMAKE,VINA_MOD,VIN_BT,VINMODYR,VIN_LNGT,VIN_WGT,WGTCD_TR,WHLBS_LG,WHLBS_SH,SER_TR,FUELCODE,MCYCL_DS,CARBUR,CYLINDER,DISPLACE,MCYCL_CY,MCYCL_WT,TIRE_SZE,TON_RAT,TRK_WT,TRKWTVAR,VIN_REST,WHLDRWHL,Year
2016040780,4,40780,1,1,2,14,11,4,13,8,0,1,0,4,1,35,403,35403,14,2014,JN8AF5MR3ET4,J,N,8,A,F,5,M,R,3,E,T,4,0,0,0,Not Applicable,Not Applicable,0,0,0,1,0,0,0,0,0,0,0,35,0,0,0,12,6,2,8,0,0,0,1,4,85029,6,1,0,0,3,0,65,130,0,2,1,0,0,10,2013,11,2013,0,0,0,0,0,2,2,40,1,1,2,1,0,0,1,80,99,1,1,13,No Trailing Units,No Trailing Units,No Trailing Units,0,0,,,,,,,,,,,,,,,,,,,,,,,,,2016
2016040781,4,40781,1,2,3,30,11,12,22,12,2,1,0,20,2,14,6,14006,4,1994,2MELM75W2RX6,2,M,E,L,M,7,5,W,2,R,X,6,0,0,0,Not Applicable,Not Applicable,0,0,0,1,0,0,0,0,0,0,0,998,0,1,1,12,6,2,12,0,0,0,1,4,86409,6,1,0,0,3,3,66,213,0,0,0,0,0,0,0,0,0,0,28,0,0,0,1,4,55,1,1,2,1,0,0,1,13,6,9,6,52,No Trailing Units,No Trailing Units,No Trailing Units,3,0,,,,,,,,,,,,,,,,,,,,,,,,,2016
2016040781,4,40781,2,2,1,30,11,12,22,12,2,1,0,4,2,6,43,6043,4,2006,1C3EL56R16N1,1,C,3,E,L,5,6,R,1,6,N,1,0,0,0,Not Applicable,Not Applicable,0,0,0,1,0,0,0,0,0,0,0,998,0,0,0,12,6,2,12,0,0,0,1,4,86440,6,1,0,0,3,0,72,300,0,0,0,0,0,0,0,0,0,0,0,0,0,0,1,4,55,1,1,2,1,0,0,1,62,99,1,1,52,No Trailing Units,No Trailing Units,No Trailing Units,1,0,,,,,,,,,,,,,,,,,,,,,,,,,2016
2016040782,4,40782,1,1,1,2,11,18,22,9,0,1,0,99,9,12,32,12032,5,2011,3FADP4EJ9BM1,3,F,A,D,P,4,E,J,9,B,M,1,0,0,0,Not Applicable,Not Applicable,0,0,0,1,0,0,0,0,0,0,0,999,0,0,0,12,9,9,9,0,0,0,1,4,85326,6,1,0,0,3,3,67,185,0,0,0,0,0,0,0,0,0,5,91,0,0,0,9,9,99,1,9,9,99,0,0,1,83,99,9,3,13,No Trailing Units,No Trailing Units,No Trailing Units,0,0,,,,,,,,,,,,,,,,,,,,,,,,,2016
2016040783,4,40783,1,3,1,3,11,8,14,12,2,1,0,99,9,12,473,12473,30,2001,Unknown,9,9,9,9,9,9,9,9,9,9,9,9,0,0,0,Not Applicable,Not Applicable,0,0,0,1,0,0,0,0,0,0,0,998,0,0,0,12,9,9,12,0,0,0,1,4,85042,6,1,0,0,3,3,67,134,0,0,0,0,0,0,0,0,0,0,28,83,0,0,5,5,99,1,1,2,1,0,0,1,87,6,1,2,52,No Trailing Units,No Trailing Units,No Trailing Units,0,0,,,,,,,,,,,,,,,,,,,,,,,,,2016
2016040783,4,40783,2,3,1,3,11,8,14,12,2,1,0,99,9,63,33,63033,5,2006,Unknown,9,9,9,9,9,9,9,9,9,9,9,9,0,0,0,Not Applicable,Not Applicable,0,0,0,1,0,0,0,0,0,0,0,999,0,0,0,12,9,9,12,0,0,0,1,4,85042,6,1,0,0,3,3,73,155,0,0,0,0,0,0,0,0,0,0,0,0,0,0,5,5,99,1,1,2,1,0,0,1,62,99,9,1,52,No Trailing Units,No Trailing Units,No Trailing Units,1,0,,,,,,,,,,,,,,,,,,,,,,,,,2016
2016040783,4,40783,3,3,16,3,11,8,14,12,2,1,0,4,3,98,983,98983,52,2008,Unknown,9,9,9,9,9,9,9,9,9,9,9,9,0,0,88,None,None,3,21,22,1,0,0,0,0,6,3,0,999,0,0,0,12,9,9,12,0,0,0,1,4,85053,6,1,6,1,3,0,73,207,0,0,0,0,0,0,0,0,0,0,0,0,0,0,5,5,99,1,1,2,1,0,0,1,60,99,1,1,98,No Trailing Units,No Trailing Units,No Trailing Units,0,0,,,,,,,,,,,,,,,,,,,,,,,,,2016
2016040784,4,40784,1,2,1,7,11,14,23,12,1,1,0,99,9,72,709,72709,80,2008,Unknown,9,9,9,9,9,9,9,9,9,9,9,9,0,0,0,Not Applicable,Not Applicable,0,0,0,1,0,0,0,0,0,0,0,999,0,0,0,12,9,9,12,0,0,0,1,4,85139,6,1,0,0,3,3,71,270,0,0,0,0,0,0,0,0,0,0,27,89,0,0,5,5,99,1,1,2,1,0,0,1,50,6,1,1,20,No Trailing Units,No Trailing Units,No Trailing Units,1,0,,,,,,,,,,,,,,,,,,,,,,,,,2016
2016040784,4,40784,2,2,1,7,11,14,23,12,1,1,0,99,9,49,40,49040,4,2017,Unknown,9,9,9,9,9,9,9,9,9,9,9,9,0,0,0,Not Applicable,Not Applicable,0,0,0,1,0,0,0,0,0,0,0,0,0,0,0,6,9,9,12,0,0,0,1,4,85301,6,1,0,0,3,0,63,165,0,0,0,0,0,0,0,0,0,0,0,0,0,0,5,5,99,1,1,2,1,0,0,5,53,16,1,1,21,No Trailing Units,No Trailing Units,No Trailing Units,0,0,,,,,,,,,,,,,,,,,,,,,,,,,2016
2016040785,4,40785,1,2,1,7,11,15,37,12,99,1,0,99,9,12,481,12481,31,2000,Unknown,9,9,9,9,9,9,9,9,9,9,9,9,0,0,0,Not Applicable,Not Applicable,0,0,0,1,0,0,0,0,0,0,0,999,0,0,0,98,9,9,12,0,0,0,1,99,99999,9,9,99,0,9,9,999,999,99,99,99,99,99,99,9999,99,9999,9,99,99,99,99,1,5,99,1,1,9,99,0,0,11,15,99,1,1,68,No Trailing Units,No Trailing Units,No Trailing Units,0,0,,,,,,,,,,,,,,,,,,,,,,,,,2016
2016040785,4,40785,2,2,1,7,11,15,37,12,99,1,0,99,9,37,709,37709,80,2006,Unknown,9,9,9,9,9,9,9,9,9,9,9,9,0,0,0,Not Applicable,Not Applicable,0,0,0,1,0,0,0,0,0,0,0,999,0,0,0,98,9,9,12,0,0,0,1,4,85345,0,0,0,0,0,0,69,160,0,3,0,1,0,7,2014,11,2016,0,99,99,99,99,1,5,99,1,1,9,99,0,0,1,62,99,9,3,69,No Trailing Units,No Trailing Units,No Trailing Units,1,0,,,,,,,,,,,,,,,,,,,,,,,,,2016
2016040786,4,40786,1,1,1,7,11,19,8,8,0,1,0,99,9,20,443,20443,20,2002,Unknown,9,9,9,9,9,9,9,9,9,9,9,9,0,0,0,Not Applicable,Not Applicable,0,0,0,1,0,0,0,0,0,0,0,999,0,0,0,98,9,9,8,0,0,0,1,99,99999,9,9,99,0,9,9,999,999,99,99,99,99,99,99,9999,99,9999,9,99,99,99,99,5,5,99,1,1,9,99,0,0,1,80,1,1,1,13,No Trailing Units,No Trailing Units,No Trailing Units,0,0,,,,,,,,,,,,,,,,,,,,,,,,,2016
2016040787,4,40787,1,1,1,8,11,6,35,8,0,1,0,99,9,63,32,63032,4,2016,Unknown,9,9,9,9,9,9,9,9,9,9,9,9,0,0,0,Not Applicable,Not Applicable,0,0,0,1,0,0,0,0,0,0,0,999,0,0,0,12,9,9,8,0,0,0,1,4,85042,6,1,0,0,3,0,65,120,0,0,0,0,0,0,0,0,0,0,89,0,0,0,5,6,99,1,1,2,1,0,0,1,80,99,9,3,13,No Trailing Units,No Trailing Units,No Trailing Units,0,0,,,,,,,,,,,,,,,,,,,,,,,,,2016
2016040788,4,40788,1,2,1,8,11,16,58,12,99,1,0,99,9,12,481,12481,31,2001,Unknown,9,9,9,9,9,9,9,9,9,9,9,9,0,0,0,Not Applicable,Not Applicable,0,0,0,1,0,0,0,0,0,0,0,999,0,0,0,83,9,9,12,0,0,0,1,4,85034,6,1,0,0,3,0,62,195,0,0,0,0,0,0,0,0,0,0,38,0,0,0,1,5,99,1,1,9,99,3,3,11,15,99,1,1,68,No Trailing Units,No Trailing Units,No Trailing Units,0,0,,,,,,,,,,,,,,,,,,,,,,,,,2016
2016040788,4,40788,2,2,1,8,11,16,58,12,99,1,0,99,9,72,709,72709,80,2014,Unknown,9,9,9,9,9,9,9,9,9,9,9,9,0,0,0,Not Applicable,Not Applicable,0,0,0,1,0,0,0,0,0,0,0,999,0,0,0,98,9,9,12,0,0,0,1,4,86327,6,1,0,0,3,0,67,170,0,0,0,0,0,0,0,0,0,0,0,0,0,0,1,5,99,1,1,9,99,3,3,1,62,99,9,3,69,No Trailing Units,No Trailing Units,No Trailing Units,1,0,,,,,,,,,,,,,,,,,,,,,,,,,2016
2016040789,4,40789,1,1,1,8,11,19,24,8,0,1,0,99,9,20,421,20421,15,2015,Unknown,9,9,9,9,9,9,9,9,9,9,9,9,0,0,0,Not Applicable,Not Applicable,0,0,0,1,0,0,0,0,0,0,0,999,0,0,0,98,9,9,8,0,0,0,1,4,85247,6,1,0,0,3,3,76,340,0,0,0,0,0,0,0,0,0,0,0,0,0,0,2,3,99,1,1,9,99,0,0,1,80,99,1,1,13,No Trailing Units,No Trailing Units,No Trailing Units,0,0,,,,,,,,,,,,,,,,,,,,,,,,,2016
2016040790,4,40790,1,1,1,9,11,18,51,8,0,1,0,99,9,35,50,35050,4,2013,Unknown,9,9,9,9,9,9,9,9,9,9,9,9,0,0,0,Not Applicable,Not Applicable,0,0,0,1,0,0,0,0,0,0,0,999,0,0,0,12,9,9,8,0,0,0,1,4,85019,6,1,0,0,3,3,74,201,1,1,0,0,1,10,2012,11,2012,0,0,0,0,0,9,9,99,1,1,9,99,0,0,1,80,7,1,1,13,No Trailing Units,No Trailing Units,No Trailing Units,0,0,,,,,,,,,,,,,,,,,,,,,,,,,2016
2016040791,4,40791,1,2,3,11,11,20,36,12,6,1,0,4,2,24,1,24001,4,1997,1G8ZH5289VZ2,1,G,8,Z,H,5,2,8,9,V,Z,2,0,0,0,Not Applicable,Not Applicable,0,0,0,1,0,0,0,0,0,0,0,999,0,0,0,62,6,2,12,0,0,0,1,4,85043,6,1,0,0,3,0,75,205,0,2,1,0,0,5,2013,6,2014,4,39,0,0,0,9,2,45,1,1,8,1,20,3,1,17,99,1,1,89,No Trailing Units,No Trailing Units,No Trailing Units,2,0,,,,,,,,,,,,,,,,,,,,,,,,,2016
2016040791,4,40791,2,2,6,11,11,20,36,12,6,1,0,4,1,12,422,12422,15,2008,1FMFK19528LA,1,F,M,F,K,1,9,5,2,8,L,A,0,0,0,Not Applicable,Not Applicable,0,0,0,1,0,0,0,0,0,0,0,998,0,1,9,12,6,2,12,0,0,0,1,4,85121,6,1,0,0,3,0,70,240,0,0,0,0,0,0,0,0,0,0,0,0,0,0,1,2,55,1,1,8,1,0,0,1,66,99,1,1,88,No Trailing Units,No Trailing Units,No Trailing Units,0,0,,,,,,,,,,,,,,,,,,,,,,,,,2016
2016040792,4,40792,1,1,1,12,11,17,41,8,0,1,0,4,2,12,481,12481,31,2013,1FTWF1EF1DKF,1,F,T,W,F,1,E,F,1,D,K,F,0,0,0,Not Applicable,Not Applicable,0,0,0,1,0,0,0,0,0,0,0,998,0,0,0,12,4,3,8,0,0,0,1,4,85284,1,1,0,0,2,0,72,180,0,4,1,0,0,10,2012,3,2015,0,39,91,0,0,2,4,45,1,1,2,1,2,3,1,80,1,1,1,13,No Trailing Units,No Trailing Units,No Trailing Units,0,0,,,,,,,,,,,,,,,,,,,,,,,,,2016
2016040793,4,40793,1,2,2,13,11,16,4,12,6,1,0,4,1,37,31,37031,2,1995,1HGEJ2129SL0,1,H,G,E,J,2,1,2,9,S,L,0,0,0,0,Not Applicable,Not Applicable,0,0,0,1,0,0,0,0,0,0,0,47,0,0,0,12,6,2,12,0,0,0,1,4,85042,6,1,0,0,3,0,73,174,1,4,0,5,3,7,2013,6,2015,0,39,0,0,0,1,6,40,1,1,8,1,3,3,1,17,99,1,1,83,No Trailing Units,No Trailing Units,No Trailing Units,1,1,,,,,,,,,,,,,,,,,,,,,,,,,2016
2016040793,4,40793,2,2,1,13,11,16,4,12,6,1,0,4,1,12,402,12402,14,2005,1FMYU03105KA,1,F,M,Y,U,0,3,1,0,5,K,A,0,0,0,Not Applicable,Not Applicable,0,0,0,1,0,0,0,0,0,0,0,13,0,0,0,62,6,2,12,0,0,0,1,4,85224,6,1,0,0,3,0,68,190,0,0,0,1,0,7,2015,7,2015,0,0,0,0,0,1,5,30,1,1,8,1,3,3,11,66,99,1,1,82,No Trailing Units,No Trailing Units,No Trailing Units,0,0,,,,,,,,,,,,,,,,,,,,,,,,,2016
2016040794,4,40794,1,2,2,14,11,2,18,12,1,1,0,99,9,34,34,34034,2,2007,Unknown,9,9,9,9,9,9,9,9,9,9,9,9,0,0,0,Not Applicable,Not Applicable,0,0,0,1,0,0,0,0,0,0,0,999,0,0,0,12,9,9,12,0,0,0,1,4,85021,0,0,0,0,0,0,67,165,0,0,0,0,0,0,0,0,0,5,91,0,0,0,2,3,99,1,1,2,99,0,0,1,51,99,9,1,24,No Trailing Units,No Trailing Units,No Trailing Units,0,1,,,,,,,,,,,,,,,,,,,,,,,,,2016
2016040794,4,40794,2,2,2,14,11,2,18,12,1,1,0,99,9,37,31,37031,2,2000,Unknown,9,9,9,9,9,9,9,9,9,9,9,9,0,0,0,Not Applicable,Not Applicable,0,0,0,1,0,0,0,0,0,0,0,999,0,0,0,6,9,9,12,0,0,0,1,4,85302,0,0,0,0,0,0,66,120,0,0,0,0,0,0,0,0,0,9,99,99,99,99,2,3,99,1,1,2,99,0,0,1,53,99,9,1,25,No Trailing Units,No Trailing Units,No Trailing Units,2,0,,,,,,,,,,,,,,,,,,,,,,,,,2016
2016040795,4,40795,1,2,1,15,11,17,36,12,6,1,0,99,9,37,709,37709,80,2003,Unknown,9,9,9,9,9,9,9,9,9,9,9,9,0,0,0,Not Applicable,Not Applicable,0,0,0,1,0,0,0,0,0,0,0,999,0,0,0,12,9,9,12,0,0,0,1,4,85306,1,1,0,0,2,0,67,145,0,3,0,1,1,11,2013,2,2016,5,89,0,0,0,1,6,99,1,1,2,99,3,3,1,17,99,9,3,69,No Trailing Units,No Trailing Units,No Trailing Units,1,0,,,,,,,,,,,,,,,,,,,,,,,,,2016
2016040795,4,40795,2,2,1,15,11,17,36,12,6,1,0,4,2,7,472,7472,30,2000,1B7GG2AN2YS6,1,B,7,G,G,2,A,N,2,Y,S,6,0,0,0,Not Applicable,Not Applicable,0,0,0,1,0,0,0,0,0,0,0,998,0,0,0,81,9,9,12,0,0,0,1,4,85051,0,0,0,0,0,0,69,150,0,0,0,0,0,0,0,0,0,0,0,0,0,0,1,6,99,1,1,2,99,3,3,11,63,99,9,3,68,No Trailing Units,No Trailing Units,No Trailing Units,0,0,,,,,,,,,,,,,,,,,,,,,,,,,2016
2016040796,4,40796,1,1,1,22,11,19,35,53,0,1,1,4,2,41,441,41441,20,1994,JM3LV5227R06,J,M,3,L,V,5,2,2,7,R,0,6,0,0,0,Not Applicable,Not Applicable,0,0,0,1,0,0,0,0,0,0,0,998,0,0,0,98,4,5,9,0,0,0,1,4,85206,6,1,0,0,3,0,71,185,0,1,0,1,0,4,2015,7,2015,0,89,0,0,0,5,5,45,1,1,8,1,0,0,1,13,99,1,4,1,No Trailing Units,No Trailing Units,No Trailing Units,0,0,,,,,,,,,,,,,,,,,,,,,,,,,2016
2016040797,4,40797,1,1,2,23,11,99,99,99,99,1,0,99,9,99,999,99999,99,9999,Unknown,9,9,9,9,9,9,9,9,9,9,9,9,0,0,0,Not Applicable,Not Applicable,0,0,0,1,0,0,0,0,0,0,0,999,0,0,0,99,9,9,99,0,0,0,1,99,99999,9,9,99,0,9,9,999,999,99,99,99,99,99,99,9999,99,9999,9,99,99,99,99,9,9,99,9,9,9,99,99,9,99,99,99,9,9,99,No Trailing Units,No Trailing Units,No Trailing Units,1,0,,,,,,,,,,,,,,,,,,,,,,,,,2016
2016040798,4,40798,1,1,1,23,11,19,3,8,0,1,0,99,9,37,41,37041,3,2011,Unknown,9,9,9,9,9,9,9,9,9,9,9,9,0,0,0,Not Applicable,Not Applicable,0,0,0,1,0,0,0,0,0,0,0,999,0,0,0,98,9,5,8,0,0,0,1,4,85303,6,1,0,0,3,3,67,140,0,0,0,0,0,0,0,0,0,9,38,89,0,0,5,5,99,1,1,9,99,0,0,1,80,99,9,3,13,No Trailing Units,No Trailing Units,No Trailing Units,0,0,,,,,,,,,,,,,,,,,,,,,,,,,2016
2016040799,4,40799,1,2,1,25,11,11,47,12,6,1,0,4,2,72,706,72706,80,2006,1HD1JBB146Y0,1,H,D,1,J,B,B,1,4,6,Y,0,0,0,0,Not Applicable,Not Applicable,0,0,0,1,0,0,0,0,0,0,0,998,0,0,0,12,6,2,12,0,0,0,1,4,86338,6,1,0,0,3,0,74,235,0,0,0,0,0,0,0,0,0,9,35,0,0,0,1,2,98,1,8,2,1,0,0,6,17,99,1,1,73,No Trailing Units,No Trailing Units,No Trailing Units,1,0,,,,,,,,,,,,,,,,,,,,,,,,,2016
2016040799,4,40799,2,2,3,25,11,11,47,12,6,1,0,4,1,7,880,7880,67,2016,3C63RRJL5GG2,3,C,6,3,R,R,J,L,5,G,G,2,0,0,88,None,None,2,1,97,1,0,0,0,0,0,0,0,998,0,0,0,62,6,2,12,0,0,0,1,4,86314,6,1,0,0,3,3,71,200,0,0,0,0,0,0,0,0,0,0,0,0,0,0,1,2,98,1,8,2,1,0,0,11,60,1,1,1,72,No Trailing Units,No Trailing Units,No Trailing Units,0,0,,,,,,,,,,,,,,,,,,,,,,,,,2016
2016040800,4,40800,1,1,2,26,11,12,47,1,0,1,0,99,9,98,998,98998,97,9999,Unknown,9,9,9,9,9,9,9,9,9,9,9,9,0,0,0,Not Applicable,Not Applicable,0,0,0,1,0,0,0,0,0,0,0,999,0,1,9,0,9,9,1,0,0,0,1,4,85297,0,0,0,0,0,0,68,207,0,0,0,0,0,0,0,0,0,9,99,99,99,99,8,8,98,8,8,8,98,0,0,99,9,99,9,9,98,No Trailing Units,No Trailing Units,No Trailing Units,1,0,,,,,,,,,,,,,,,,,,,,,,,,,2016
2016040801,4,40801,1,1,1,27,11,12,54,8,0,1,0,99,9,7,21,7021,6,2005,Unknown,9,9,9,9,9,9,9,9,9,9,9,9,0,0,0,Not Applicable,Not Applicable,0,0,0,1,0,0,0,0,0,0,0,999,0,0,0,12,9,9,8,0,0,0,1,99,99999,9,9,99,0,9,9,999,999,99,99,99,99,99,99,9999,99,9999,9,99,99,99,99,2,4,99,1,1,2,99,3,3,1,80,99,1,1,13,No Trailing Units,No Trailing Units,No Trailing Units,0,0,,,,,,,,,,,,,,,,,,,,,,,,,2016
2016040802,4,40802,1,1,99,1,12,13,26,8,0,1,1,99,9,99,999,99999,99,9999,Unknown,9,9,9,9,9,9,9,9,9,9,9,9,0,0,0,Not Applicable,Not Applicable,0,0,0,1,0,0,0,0,0,0,0,999,0,0,0,99,9,5,8,0,0,0,1,99,99999,9,9,99,0,9,9,999,999,99,99,99,99,99,99,9999,99,9999,9,99,99,99,99,2,2,98,1,5,2,1,0,0,1,99,99,9,9,13,No Trailing Units,No Trailing Units,No Trailing Units,0,0,,,,,,,,,,,,,,,,,,,,,,,,,2016
2016040803,4,40803,1,1,1,1,12,22,52,8,0,1,0,4,2,7,28,7028,2,2010,2B3CJ4DV3AH1,2,B,3,C,J,4,D,V,3,A,H,1,0,0,0,Not Applicable,Not Applicable,0,0,0,1,0,0,0,0,0,0,0,40,0,0,0,12,4,3,8,0,0,0,1,4,86440,6,1,0,0,3,0,68,200,0,0,0,0,0,0,0,0,0,0,0,0,0,0,5,6,45,1,1,2,1,0,0,1,80,1,1,1,13,No Trailing Units,No Trailing Units,No Trailing Units,0,0,,,,,,,,,,,,,,,,,,,,,,,,,2016
2016040804,4,40804,1,2,1,2,12,17,35,12,6,1,0,40,1,20,481,20481,31,2005,2GCEC13T1513,2,G,C,E,C,1,3,T,1,5,1,3,0,0,0,Not Applicable,Not Applicable,0,0,0,1,0,0,0,0,0,0,0,5,0,0,0,12,4,3,12,0,0,0,1,40,73020,6,1,0,0,3,3,70,155,0,0,0,0,0,0,0,0,0,0,38,0,0,0,0,0,0,0,0,0,0,0,0,11,15,16,2,7,82,No Trailing Units,No Trailing Units,No Trailing Units,0,0,,,,,,,,,,,,,,,,,,,,,,,,,2016
2016040804,4,40804,2,2,1,2,12,17,35,12,6,1,0,4,1,34,706,34706,80,2016,WB10D1207GZ6,W,B,1,0,D,1,2,0,7,G,Z,6,0,0,0,Not Applicable,Not Applicable,0,0,0,1,0,0,0,0,0,0,0,35,0,0,0,83,6,2,12,0,0,0,1,4,85365,6,1,0,0,3,0,77,295,0,0,0,1,0,3,2012,3,2012,0,89,0,0,0,1,2,35,1,1,2,1,0,0,1,67,99,1,1,83,No Trailing Units,No Trailing Units,No Trailing Units,1,0,,,,,,,,,,,,,,,,,,,,,,,,,2016
2016040805,4,40805,1,1,1,3,12,19,14,30,0,1,0,4,3,35,49,35049,6,2006,JN8AZ08T26W4,J,N,8,A,Z,0,8,T,2,6,W,4,0,0,0,Not Applicable,Not Applicable,0,0,0,1,0,0,0,0,0,0,0,80,0,1,6,12,6,2,19,0,0,0,1,4,85715,6,1,0,0,3,0,67,286,0,2,1,0,3,3,2014,10,2015,9,99,99,99,99,5,3,35,1,6,2,1,0,0,1,9,99,1,4,10,No Trailing Units,No Trailing Units,No Trailing Units,1,0,,,,,,,,,,,,,,,,,,,,,,,,,2016
2016040806,4,40806,1,1,1,3,12,22,49,8,0,1,0,4,1,37,32,37032,4,2002,1HGCG16452A0,1,H,G,C,G,1,6,4,5,2,A,0,0,0,0,Not Applicable,Not Applicable,0,0,0,1,0,0,0,0,0,0,0,37,0,0,0,62,6,2,8,0,0,0,1,4,85205,6,1,0,0,3,0,67,250,0,0,0,0,0,0,0,0,0,0,0,0,0,0,2,3,45,2,1,8,1,0,0,14,80,99,1,1,13,No Trailing Units,No Trailing Units,No Trailing Units,0,0,,,,,,,,,,,,,,,,,,,,,,,,,2016
2016040807,4,40807,1,1,1,7,12,15,40,8,0,1,0,4,1,38,402,38402,14,1994,4S2CG58V1R43,4,S,2,C,G,5,8,V,1,R,4,3,0,0,0,Not Applicable,Not Applicable,0,0,0,1,0,0,0,0,0,0,0,46,0,0,0,12,4,5,8,0,0,0,1,4,85281,6,1,0,0,3,0,69,200,0,0,0,0,0,0,0,0,0,0,86,0,0,0,1,6,40,1,1,2,1,0,0,1,80,16,2,1,13,No Trailing Units,No Trailing Units,No Trailing Units,0,0,,,,,,,,,,,,,,,,,,,,,,,,,2016
2016040808,4,40808,1,2,1,8,12,6,35,12,2,1,0,4,1,67,34,67034,3,2012,JTNJJXB04CJ0,J,T,N,J,J,X,B,0,4,C,J,0,0,0,0,Not Applicable,Not Applicable,0,0,0,1,0,0,0,0,0,0,0,45,0,0,0,12,6,2,12,0,0,0,1,4,85641,6,1,0,0,3,0,70,182,0,0,0,0,0,0,0,0,0,0,28,0,0,0,1,2,45,1,1,2,1,0,0,1,10,99,1,2,50,No Trailing Units,No Trailing Units,No Trailing Units,1,0,,,,,,,,,,,,,,,,,,,,,,,,,2016
2016040808,4,40808,2,2,1,8,12,6,35,12,2,1,0,4,3,12,401,12401,14,2014,1FM5K8AR4EGA,1,F,M,5,K,8,A,R,4,E,G,A,0,0,0,Not Applicable,Not Applicable,0,0,0,1,0,0,0,0,0,5,8,45,0,0,0,12,6,2,12,0,0,0,1,4,99999,6,1,0,0,3,0,72,270,0,0,0,0,0,0,0,0,0,0,0,0,0,0,1,2,45,1,1,2,1,0,0,1,62,99,1,1,51,No Trailing Units,No Trailing Units,No Trailing Units,0,0,,,,,,,,,,,,,,,,,,,,,,,,,2016
2016040809,4,40809,1,1,1,9,12,6,42,8,0,1,1,4,1,20,28,20028,4,2013,1G1JA5SH6D41,1,G,1,J,A,5,S,H,6,D,4,1,0,0,0,Not Applicable,Not Applicable,0,0,0,1,0,0,0,0,0,0,0,30,0,0,0,62,4,5,8,0,0,0,1,4,85008,6,1,0,0,3,0,60,140,0,0,0,0,1,1,2013,1,2013,0,33,0,0,0,5,6,45,1,1,8,1,0,0,6,80,99,1,1,13,No Trailing Units,No Trailing Units,No Trailing Units,0,0,,,,,,,,,,,,,,,,,,,,,,,,,2016
2016040810,4,40810,1,2,1,9,12,12,4,12,6,1,0,4,1,18,404,18404,14,2015,KL4CJCSB8FB2,K,L,4,C,J,C,S,B,8,F,B,2,0,0,0,Not Applicable,Not Applicable,0,0,0,1,0,0,0,0,0,0,0,11,0,0,0,3,6,2,12,32,0,0,1,4,85258,6,1,0,0,3,3,69,185,0,0,0,0,1,12,2011,12,2011,0,38,0,0,0,0,0,0,0,0,0,0,20,3,1,17,99,1,1,87,No Trailing Units,No Trailing Units,No Trailing Units,0,0,,,,,,,,,,,,,,,,,,,,,,,,,2016