accident_id,STATE,ST_CASE,VEH_NO,VE_FORMS,NUMOCCS,DAY,MONTH,HOUR,MINUTE,HARM_EV,MAN_COLL,UNITTYPE,HIT_RUN,REG_STAT,OWNER,MAKE,MODEL,MAK_MOD,BODY_TYP,MOD_YEAR,VIN,VIN_1,VIN_2,VIN_3,VIN_4,VIN_5,VIN_6,VIN_7,VIN_8,VIN_9,VIN_10,VIN_11,VIN_12,TOW_VEH,J_KNIFE,MCARR_I1,MCARR_I2,MCARR_ID,GVWR,V_CONFIG,CARGO_BT,HAZ_INV,HAZ_PLAC,HAZ_ID,HAZ_CNO,HAZ_REL,BUS_USE,SPEC_USE,EMER_USE,TRAV_SP,UNDERIDE,ROLLOVER,ROLINLOC,IMPACT1,DEFORMED,TOWED,M_HARM,VEH_SC1,VEH_SC2,FIRE_EXP,DR_PRES,L_STATE,DR_ZIP,L_STATUS,L_TYPE,CDL_STAT,L_ENDORS,L_COMPL,L_RESTRI,DR_HGT,DR_WGT,PREV_ACC,PREV_SUS,PREV_DWI,PREV_SPD,PREV_OTH,FIRST_MO,FIRST_YR,LAST_MO,LAST_YR,SPEEDREL,DR_SF1,DR_SF2,DR_SF3,DR_SF4,VTRAFWAY,VNUM_LAN,VSPD_LIM,VALIGN,VPROFILE,VPAVETYP,VSURCOND,VTRAFCON,VTCONT_F,P_CRASH1,P_CRASH2,P_CRASH3,PCRASH4,PCRASH5,ACC_TYPE,TRLR1VIN,TRLR2VIN,TRLR3VIN,DEATHS,DR_DRINK,VINTYPE,VINMAKE,VINA_MOD,VIN_BT,VINMODYR,VIN_LNGT,VIN_WGT,WGTCD_TR,WHLBS_LG,WHLBS_SH,SER_TR,FUELCODE,MCYCL_DS,CARBUR,CYLINDER,DISPLACE,MCYCL_CY,MCYCL_WT,TIRE_SZE,TON_RAT,TRK_WT,TRKWTVAR,VIN_REST,WHLDRWHL,Year
2016040810,4,40810,2,2,1,9,12,12,4,12,6,1,0,4,1,73,705,73705,80,2009,JKAZX4R179A0,J,K,A,Z,X,4,R,1,7,9,A,0,0,0,0,Not Applicable,Not Applicable,0,0,0,1,0,0,0,0,0,0,0,45,0,0,0,12,6,2,12,0,0,0,1,4,85085,1,1,0,0,2,3,65,125,1,6,0,4,1,4,2014,9,2016,0,0,0,0,0,2,5,45,1,1,2,1,0,0,1,71,99,1,1,86,No Trailing Units,No Trailing Units,No Trailing Units,1,0,,,,,,,,,,,,,,,,,,,,,,,,,2016
2016040811,4,40811,1,2,2,9,12,17,54,1,0,1,0,32,1,6,441,6441,20,2008,2A8HR64X58R6,2,A,8,H,R,6,4,X,5,8,R,6,0,0,0,Not Applicable,Not Applicable,0,0,0,1,0,0,0,0,0,0,0,5,0,0,0,9,6,8,12,32,0,0,1,32,89123,6,1,0,0,3,3,62,140,0,0,0,0,0,0,0,0,0,0,38,0,0,0,0,0,0,0,0,0,0,0,0,11,15,99,1,1,98,No Trailing Units,No Trailing Units,No Trailing Units,0,0,,,,,,,,,,,,,,,,,,,,,,,,,2016
2016040811,4,40811,2,2,2,9,12,17,54,1,0,1,0,4,2,72,706,72706,80,2003,1HD1GJV153K3,1,H,D,1,G,J,V,1,5,3,K,3,0,0,0,Not Applicable,Not Applicable,0,0,0,1,0,0,0,0,0,0,0,50,0,0,0,0,6,2,12,0,0,0,1,4,85206,6,1,0,0,3,0,68,240,0,0,0,0,0,0,0,0,0,0,0,0,0,0,2,4,45,1,1,2,1,0,0,1,72,16,2,1,98,No Trailing Units,No Trailing Units,No Trailing Units,2,1,,,,,,,,,,,,,,,,,,,,,,,,,2016
2016040812,4,40812,1,1,1,10,12,16,20,18,0,1,0,92,0,37,734,37734,90,2008,JH2TE36048K0,J,H,2,T,E,3,6,0,4,8,K,0,0,0,0,Not Applicable,Not Applicable,0,0,0,1,0,0,0,0,0,0,0,998,0,0,0,12,4,3,42,0,0,0,1,4,99999,0,0,0,0,0,0,999,999,0,0,0,0,0,0,0,0,0,9,99,99,99,99,1,2,98,1,1,5,1,0,0,1,13,99,9,4,5,No Trailing Units,No Trailing Units,No Trailing Units,1,0,,,,,,,,,,,,,,,,,,,,,,,,,2016
2016040813,4,40813,1,4,2,10,12,17,30,12,7,1,0,4,1,72,706,72706,80,2005,1HD1BWB115Y0,1,H,D,1,B,W,B,1,1,5,Y,0,0,0,0,Not Applicable,Not Applicable,0,0,0,1,0,0,0,0,0,0,0,998,0,0,0,82,6,2,12,0,0,0,1,4,85042,6,1,6,0,3,3,71,185,0,2,0,0,0,8,2016,9,2016,4,26,27,35,0,3,5,65,1,1,2,1,0,0,1,50,9,1,3,48,No Trailing Units,No Trailing Units,No Trailing Units,1,0,,,,,,,,,,,,,,,,,,,,,,,,,2016
2016040813,4,40813,2,4,2,10,12,17,30,12,7,1,0,4,2,49,403,49403,14,2011,5TDDK3EH7BS0,5,T,D,D,K,3,E,H,7,B,S,0,0,0,0,Not Applicable,Not Applicable,0,0,0,1,0,0,0,0,0,0,0,0,0,0,0,63,4,5,12,0,0,0,1,4,85234,6,1,0,0,3,0,64,150,0,0,0,0,0,0,0,0,0,0,0,0,0,0,3,5,65,1,1,2,1,0,0,5,53,1,1,1,48,No Trailing Units,No Trailing Units,No Trailing Units,0,0,,,,,,,,,,,,,,,,,,,,,,,,,2016
2016040813,4,40813,3,4,1,10,12,17,30,12,7,1,0,4,1,35,47,35047,2,2008,1N4AL24E18C1,1,N,4,A,L,2,4,E,1,8,C,1,0,0,0,Not Applicable,Not Applicable,0,0,0,1,0,0,0,0,0,0,0,0,0,0,0,6,6,2,12,0,0,0,1,4,85339,6,1,0,0,3,0,68,155,0,0,0,0,0,0,0,0,0,0,0,0,0,0,3,5,65,1,1,2,1,0,0,5,53,1,1,1,98,No Trailing Units,No Trailing Units,No Trailing Units,0,0,,,,,,,,,,,,,,,,,,,,,,,,,2016
2016040813,4,40813,4,4,1,10,12,17,30,12,7,1,0,4,1,55,33,55033,4,2010,5NPET4AC9AH6,5,N,P,E,T,4,A,C,9,A,H,6,0,0,0,Not Applicable,Not Applicable,0,0,0,1,0,0,0,0,0,0,0,998,0,0,0,82,4,5,54,0,0,0,1,4,85210,6,1,0,0,3,0,64,100,0,0,0,0,0,0,0,0,0,0,0,0,0,0,3,5,65,1,1,2,1,0,0,1,90,8,1,1,98,No Trailing Units,No Trailing Units,No Trailing Units,0,0,,,,,,,,,,,,,,,,,,,,,,,,,2016
2016040814,4,40814,1,2,1,10,12,17,38,12,6,1,0,4,1,55,33,55033,4,2009,5NPET46C09H5,5,N,P,E,T,4,6,C,0,9,H,5,0,0,0,Not Applicable,Not Applicable,0,0,0,1,0,0,0,0,0,0,0,10,0,0,0,3,6,2,12,0,0,0,1,4,85743,6,1,0,0,3,0,67,208,0,0,0,0,0,0,0,0,0,0,38,0,0,0,1,2,45,1,1,8,1,0,0,11,15,99,1,1,68,No Trailing Units,No Trailing Units,No Trailing Units,0,0,,,,,,,,,,,,,,,,,,,,,,,,,2016
2016040814,4,40814,2,2,1,10,12,17,38,12,6,1,0,4,2,34,706,34706,80,2000,WB10555A3YZD,W,B,1,0,5,5,5,A,3,Y,Z,D,0,0,0,Not Applicable,Not Applicable,0,0,0,1,0,0,0,0,0,0,0,45,0,0,0,12,6,2,12,0,0,0,1,4,85742,6,1,0,0,3,3,74,287,0,0,0,0,0,0,0,0,0,0,0,0,0,0,1,2,45,1,1,8,1,0,0,1,62,99,1,1,69,No Trailing Units,No Trailing Units,No Trailing Units,1,0,,,,,,,,,,,,,,,,,,,,,,,,,2016
2016040815,4,40815,1,1,1,11,12,2,56,25,0,1,0,4,1,12,471,12471,30,2000,1FTYR10V0YPB,1,F,T,Y,R,1,0,V,0,Y,P,B,0,0,0,Not Applicable,Not Applicable,0,0,0,1,0,0,0,0,0,0,0,999,0,0,0,82,6,2,25,0,0,0,1,4,85205,6,1,0,0,3,0,67,158,0,0,0,2,0,5,2013,12,2013,4,0,0,0,0,3,3,65,3,1,2,1,0,0,14,13,99,1,4,1,No Trailing Units,No Trailing Units,No Trailing Units,1,0,,,,,,,,,,,,,,,,,,,,,,,,,2016
2016040816,4,40816,1,1,1,11,12,9,55,8,0,1,0,4,1,58,37,58037,4,2007,JNKBV61E47M7,J,N,K,B,V,6,1,E,4,7,M,7,0,0,0,Not Applicable,Not Applicable,0,0,0,1,0,0,0,0,0,0,0,10,0,0,0,98,0,5,8,0,0,0,1,4,85706,6,1,0,0,3,3,68,185,0,0,0,0,1,12,2012,12,2012,0,0,0,0,0,1,2,25,1,1,2,1,0,0,8,80,1,1,1,13,No Trailing Units,No Trailing Units,No Trailing Units,0,0,,,,,,,,,,,,,,,,,,,,,,,,,2016
2016040817,4,40817,1,2,2,13,12,13,9,12,2,1,0,4,2,12,401,12401,14,1998,1FMZU35P5WZB,1,F,M,Z,U,3,5,P,5,W,Z,B,0,0,0,Not Applicable,Not Applicable,0,0,0,1,0,0,0,0,0,0,0,998,0,0,0,12,6,2,12,0,0,0,1,4,85301,0,0,0,0,0,0,69,262,0,0,0,0,0,0,0,0,0,0,51,0,0,0,6,1,65,2,6,2,1,0,0,14,54,1,1,1,52,No Trailing Units,No Trailing Units,No Trailing Units,2,1,,,,,,,,,,,,,,,,,,,,,,,,,2016
2016040817,4,40817,2,2,2,13,12,13,9,12,2,1,0,4,3,12,481,12481,31,2013,1FTEX1CM4DFB,1,F,T,E,X,1,C,M,4,D,F,B,0,0,0,Not Applicable,Not Applicable,0,0,0,1,0,0,0,0,0,0,0,998,0,0,0,12,6,2,12,0,0,0,1,4,85281,6,1,0,0,3,0,71,255,0,0,0,0,0,0,0,0,0,0,0,0,0,0,6,1,65,3,5,2,1,0,0,14,54,1,1,1,52,No Trailing Units,No Trailing Units,No Trailing Units,0,0,,,,,,,,,,,,,,,,,,,,,,,,,2016
2016040818,4,40818,1,2,1,17,12,19,30,12,6,1,0,4,1,30,40,30040,4,2013,3VW4A7AJXDM2,3,V,W,4,A,7,A,J,X,D,M,2,0,0,0,Not Applicable,Not Applicable,0,0,0,1,0,0,0,0,0,0,0,55,0,0,0,12,6,2,8,0,0,0,1,4,85607,6,1,0,0,3,0,70,170,0,1,0,3,0,7,2013,7,2016,0,0,0,0,0,1,2,55,2,6,2,1,0,0,14,50,1,1,1,48,No Trailing Units,No Trailing Units,No Trailing Units,0,0,,,,,,,,,,,,,,,,,,,,,,,,,2016
2016040818,4,40818,2,2,0,17,12,19,30,12,6,1,0,4,6,23,421,23421,15,2008,2GTEK13M5811,2,G,T,E,K,1,3,M,5,8,1,1,0,0,0,Not Applicable,Not Applicable,0,0,0,1,0,0,0,0,0,0,0,0,0,0,0,83,6,2,12,0,0,0,0,0,99997,7,6,97,7,6,7,998,997,998,998,998,998,998,98,9998,98,9998,8,20,0,0,0,1,2,55,2,6,2,1,0,0,0,53,0,0,0,48,No Trailing Units,No Trailing Units,No Trailing Units,0,0,,,,,,,,,,,,,,,,,,,,,,,,,2016
2016040819,4,40819,1,1,1,19,12,7,43,8,0,1,0,4,1,49,32,49032,4,2004,JTDBR32E6420,J,T,D,B,R,3,2,E,6,4,2,0,0,0,0,Not Applicable,Not Applicable,0,0,0,1,0,0,0,0,0,0,0,30,0,0,0,12,4,5,8,0,0,0,1,4,86001,6,1,0,0,3,0,66,180,0,1,0,0,0,1,2014,1,2014,0,26,0,0,0,1,5,45,3,6,8,1,0,0,14,80,1,1,1,13,No Trailing Units,No Trailing Units,No Trailing Units,0,0,,,,,,,,,,,,,,,,,,,,,,,,,2016
2016040820,4,40820,1,1,1,20,12,4,40,18,0,1,0,4,2,12,23,12023,4,2006,3FAHP07Z26R1,3,F,A,H,P,0,7,Z,2,6,R,1,0,0,0,Not Applicable,Not Applicable,0,0,0,1,0,0,0,0,0,0,0,50,0,0,0,12,6,2,25,0,0,0,1,4,85323,1,1,0,0,2,0,72,147,0,0,0,0,0,0,0,0,0,4,0,0,0,0,1,2,98,1,1,8,1,20,3,1,14,99,1,4,14,No Trailing Units,No Trailing Units,No Trailing Units,1,1,,,,,,,,,,,,,,,,,,,,,,,,,2016
2016040821,4,40821,1,1,1,20,12,11,18,9,0,1,0,8,4,55,35,55035,4,2016,5NPDH4AE8GH7,5,N,P,D,H,4,A,E,8,G,H,7,0,0,0,Not Applicable,Not Applicable,0,0,0,1,0,0,0,0,0,0,0,25,0,0,0,12,4,5,9,0,0,0,1,8,80470,6,1,0,0,3,0,75,200,0,0,0,1,0,7,2012,7,2012,0,0,0,0,0,1,2,25,3,5,2,1,0,0,14,83,1,1,1,13,No Trailing Units,No Trailing Units,No Trailing Units,0,0,,,,,,,,,,,,,,,,,,,,,,,,,2016
2016040822,4,40822,1,1,1,21,12,3,40,33,0,1,0,4,2,12,37,12037,4,2006,1FAFP34N36W1,1,F,A,F,P,3,4,N,3,6,W,1,0,0,0,Not Applicable,Not Applicable,0,0,0,1,0,0,0,0,0,0,0,75,0,1,6,12,6,2,1,0,0,0,1,4,85365,6,1,0,0,3,0,71,160,0,1,1,0,0,6,2016,7,2016,3,0,0,0,0,1,4,45,1,1,8,1,20,3,1,14,99,1,4,14,No Trailing Units,No Trailing Units,No Trailing Units,1,1,,,,,,,,,,,,,,,,,,,,,,,,,2016
2016040823,4,40823,1,1,1,22,12,9,8,43,0,1,0,4,2,20,421,20421,15,2005,1GNEC13TX5R1,1,G,N,E,C,1,3,T,X,5,R,1,0,0,0,Not Applicable,Not Applicable,0,0,0,1,0,0,0,0,0,0,0,998,0,1,3,12,6,2,1,0,0,0,1,4,85043,6,1,0,0,3,0,68,151,0,0,0,0,0,0,0,0,0,4,0,0,0,0,2,2,65,1,1,2,2,0,0,1,12,1,1,4,6,No Trailing Units,No Trailing Units,No Trailing Units,1,0,,,,,,,,,,,,,,,,,,,,,,,,,2016
2016040824,4,40824,1,1,1,23,12,9,14,8,0,1,0,4,2,12,402,12402,14,2011,1FMCU0E71BKB,1,F,M,C,U,0,E,7,1,B,K,B,0,0,0,Not Applicable,Not Applicable,0,0,0,1,0,0,0,0,0,0,0,40,0,0,0,12,6,2,8,0,0,0,1,4,85364,6,1,0,0,3,3,65,145,0,1,0,3,0,4,2012,6,2013,3,38,0,0,0,5,5,35,1,6,2,1,0,0,1,80,7,1,1,13,No Trailing Units,No Trailing Units,No Trailing Units,0,0,,,,,,,,,,,,,,,,,,,,,,,,,2016
2016040825,4,40825,1,2,4,23,12,23,14,12,6,1,0,4,5,37,32,37032,4,1991,1HGCB7651MA1,1,H,G,C,B,7,6,5,1,M,A,1,0,0,0,Not Applicable,Not Applicable,0,0,0,1,0,0,0,0,0,0,0,80,0,1,1,12,6,2,1,0,0,0,1,4,85705,6,1,0,0,3,0,69,215,0,0,0,0,0,0,0,0,0,4,39,0,0,0,1,2,25,1,1,2,1,20,3,17,17,1,1,2,88,No Trailing Units,No Trailing Units,No Trailing Units,1,0,,,,,,,,,,,,,,,,,,,,,,,,,2016
2016040825,4,40825,2,2,5,23,12,23,14,12,6,1,0,4,1,20,404,20404,14,2005,2CNDL63F2561,2,C,N,D,L,6,3,F,2,5,6,1,0,0,0,Not Applicable,Not Applicable,0,0,0,1,0,0,0,0,0,0,0,30,0,0,0,9,6,2,12,0,0,0,1,4,85719,6,1,0,0,3,0,61,140,0,0,0,0,0,0,0,0,0,0,0,0,0,0,5,3,30,1,1,2,1,0,0,1,66,1,1,1,89,No Trailing Units,No Trailing Units,No Trailing Units,0,0,,,,,,,,,,,,,,,,,,,,,,,,,2016
2016040826,4,40826,1,1,5,24,12,15,45,1,0,1,0,96,2,20,22,20022,4,2010,1G1AF5F51A72,1,G,1,A,F,5,F,5,1,A,7,2,0,0,0,Not Applicable,Not Applicable,0,0,0,1,0,0,0,0,0,0,0,70,0,1,3,0,6,2,59,0,0,0,1,4,85009,6,1,6,0,3,0,69,260,0,4,0,0,0,7,2012,2,2013,4,0,0,0,0,2,3,75,1,1,2,2,0,0,1,9,98,9,4,7,No Trailing Units,No Trailing Units,No Trailing Units,3,0,,,,,,,,,,,,,,,,,,,,,,,,,2016
2016040827,4,40827,1,1,1,25,12,6,28,24,0,1,0,4,1,30,402,30402,14,2010,WVGBV7AX3AW0,W,V,G,B,V,7,A,X,3,A,W,0,0,0,0,Not Applicable,Not Applicable,0,0,0,1,0,0,0,0,0,0,0,75,0,0,0,62,6,2,24,0,0,0,1,4,85648,6,1,0,0,3,3,67,147,0,0,0,0,0,0,0,0,0,4,0,0,0,0,3,2,75,1,1,2,2,0,0,1,12,1,1,4,6,No Trailing Units,No Trailing Units,No Trailing Units,1,0,,,,,,,,,,,,,,,,,,,,,,,,,2016
2016040828,4,40828,1,2,1,28,12,4,52,12,6,1,0,4,2,22,22,22022,4,2009,1G2ZK57K0942,1,G,2,Z,K,5,7,K,0,9,4,2,0,0,0,Not Applicable,Not Applicable,0,0,0,1,0,0,0,0,0,0,0,0,0,0,0,63,6,2,12,0,0,0,1,4,85286,6,1,0,0,3,0,64,135,0,0,0,0,0,0,0,0,0,0,91,0,0,0,2,1,55,1,1,2,1,0,0,5,53,1,1,1,48,No Trailing Units,No Trailing Units,No Trailing Units,0,1,,,,,,,,,,,,,,,,,,,,,,,,,2016
2016040828,4,40828,2,2,1,28,12,4,52,12,6,1,0,6,3,84,881,84881,66,2012,3HSDJSJR4CN5,3,H,S,D,J,S,J,R,4,C,N,5,1,1,57,2470026,572470026,3,6,1,1,0,0,0,0,0,0,0,998,0,1,3,12,6,2,1,0,0,0,1,6,90041,6,1,8,0,2,0,61,180,0,0,0,0,2,9,2016,11,2016,0,0,0,0,0,2,1,55,1,1,2,1,0,0,1,50,99,1,1,48,1JJV532DXBL5,No Trailing Units,No Trailing Units,1,0,,,,,,,,,,,,,,,,,,,,,,,,,2016
2016040829,4,40829,1,2,1,28,12,9,44,12,6,1,0,4,1,13,1,13001,4,1999,1LNHM82W8XY6,1,L,N,H,M,8,2,W,8,X,Y,6,0,0,0,Not Applicable,Not Applicable,0,0,0,1,0,0,0,0,0,0,0,999,0,0,0,12,6,2,12,0,0,0,1,4,85625,6,1,0,0,3,3,67,220,0,0,0,0,0,0,0,0,0,4,39,0,0,0,1,2,45,1,1,5,1,21,3,1,17,99,1,1,91,No Trailing Units,No Trailing Units,No Trailing Units,1,0,,,,,,,,,,,,,,,,,,,,,,,,,2016
2016040829,4,40829,2,2,1,28,12,9,44,12,6,1,0,35,2,12,481,12481,31,2004,2FTRX18W64CA,2,F,T,R,X,1,8,W,6,4,C,A,0,0,0,Not Applicable,Not Applicable,0,0,0,1,0,0,0,0,0,0,0,999,0,1,9,81,6,2,12,0,0,0,1,4,85625,6,1,0,0,3,0,67,150,0,0,0,0,0,0,0,0,0,0,0,0,0,0,1,2,45,1,1,5,1,0,0,1,66,99,1,1,91,No Trailing Units,No Trailing Units,No Trailing Units,0,0,,,,,,,,,,,,,,,,,,,,,,,,,2016
2016040830,4,40830,1,1,1,28,12,11,35,43,0,1,0,4,1,49,44,49044,1,2008,4T1FA38PX8U1,4,T,1,F,A,3,8,P,X,8,U,1,0,0,0,Not Applicable,Not Applicable,0,0,0,1,0,0,0,0,0,0,0,40,0,0,0,82,6,2,43,32,0,0,1,4,85745,6,1,0,0,3,3,69,205,0,0,0,0,1,3,2012,3,2012,0,0,0,0,0,2,3,40,1,1,2,1,0,0,1,13,99,1,4,1,No Trailing Units,No Trailing Units,No Trailing Units,1,0,,,,,,,,,,,,,,,,,,,,,,,,,2016
2016040831,4,40831,1,2,2,29,12,16,45,12,6,1,0,4,1,30,46,30046,4,2007,WVWAK73C67P0,W,V,W,A,K,7,3,C,6,7,P,0,0,0,0,Not Applicable,Not Applicable,0,0,0,1,0,0,0,0,0,0,0,5,0,0,0,82,6,2,12,0,0,0,1,4,85260,6,1,0,0,3,0,74,195,0,0,0,0,0,0,0,0,0,0,38,0,0,0,1,6,45,1,1,8,1,3,3,11,15,99,1,1,68,No Trailing Units,No Trailing Units,No Trailing Units,0,0,,,,,,,,,,,,,,,,,,,,,,,,,2016
2016040831,4,40831,2,2,1,29,12,16,45,12,6,1,0,4,1,76,706,76706,80,2015,JYAVN05E7FA0,J,Y,A,V,N,0,5,E,7,F,A,0,0,0,0,Not Applicable,Not Applicable,0,0,0,1,0,0,0,0,0,0,0,37,0,0,0,12,6,2,12,0,0,0,1,4,85283,1,1,0,0,2,0,72,200,0,12,0,6,2,11,2012,9,2016,0,0,0,0,0,1,6,45,1,1,8,1,3,3,1,62,16,2,1,69,No Trailing Units,No Trailing Units,No Trailing Units,1,0,,,,,,,,,,,,,,,,,,,,,,,,,2016
2016040832,4,40832,1,2,1,31,12,4,55,12,1,1,0,4,1,12,24,12024,6,2014,2FMDK3KC3EBA,2,F,M,D,K,3,K,C,3,E,B,A,0,0,0,Not Applicable,Not Applicable,0,0,0,1,0,0,0,0,0,0,0,999,0,0,0,12,4,5,12,0,0,0,1,4,85128,6,1,0,0,3,0,63,135,0,0,0,0,0,0,0,0,0,4,0,0,0,0,1,2,65,1,1,2,2,0,0,1,51,99,1,1,24,No Trailing Units,No Trailing Units,No Trailing Units,0,0,,,,,,,,,,,,,,,,,,,,,,,,,2016
2016040832,4,40832,2,2,1,31,12,4,55,12,1,1,0,4,1,98,703,98703,88,2015,LXDTCLT84F10,L,X,D,T,C,L,T,8,4,F,1,0,0,0,0,Not Applicable,Not Applicable,0,0,0,1,0,0,0,0,0,0,0,999,0,0,0,6,6,2,12,0,0,0,1,4,85194,6,1,0,0,2,0,75,230,0,0,0,0,0,0,0,0,0,0,0,0,0,0,1,2,65,1,1,2,2,0,0,1,53,99,1,1,25,No Trailing Units,No Trailing Units,No Trailing Units,1,0,,,,,,,,,,,,,,,,,,,,,,,,,2016
2016040833,4,40833,1,1,1,13,4,18,8,41,0,1,0,92,0,37,703,37703,83,1997,JH2ME030XVM9,J,H,2,M,E,0,3,0,X,V,M,9,0,0,0,Not Applicable,Not Applicable,0,0,0,1,0,0,0,0,0,0,0,998,0,0,0,98,6,2,19,0,0,0,1,4,85303,1,1,0,0,2,3,70,235,1,2,0,0,1,7,2013,5,2014,4,0,0,0,0,1,2,25,1,1,8,1,0,0,1,12,99,1,4,6,No Trailing Units,No Trailing Units,No Trailing Units,1,0,,,,,,,,,,,,,,,,,,,,,,,,,2016
2016040834,4,40834,1,2,1,23,12,13,38,12,6,1,0,4,1,55,33,55033,4,2009,5NPET46C39H4,5,N,P,E,T,4,6,C,3,9,H,4,0,0,0,Not Applicable,Not Applicable,0,0,0,1,0,0,0,0,0,0,0,998,0,0,0,3,6,2,12,0,0,0,1,4,85382,6,1,0,0,3,0,66,145,0,0,0,0,0,0,0,0,0,0,38,0,0,0,1,7,40,1,1,8,1,3,3,11,15,99,1,1,68,No Trailing Units,No Trailing Units,No Trailing Units,1,0,,,,,,,,,,,,,,,,,,,,,,,,,2016
2016040834,4,40834,2,2,3,23,12,13,38,12,6,1,0,4,2,12,481,12481,31,2009,1FTSW21R59EA,1,F,T,S,W,2,1,R,5,9,E,A,0,0,0,Not Applicable,Not Applicable,0,0,0,1,0,0,0,0,0,0,0,998,0,0,0,12,4,5,12,0,0,0,1,4,85308,6,1,0,0,3,3,67,200,0,0,0,0,0,0,0,0,0,9,99,99,99,99,2,5,40,1,1,8,1,3,3,1,62,1,1,1,69,No Trailing Units,No Trailing Units,No Trailing Units,0,0,,,,,,,,,,,,,,,,,,,,,,,,,2016
2016040835,4,40835,1,1,1,31,12,21,54,8,0,1,1,4,2,7,21,7021,6,2005,2D4FV48V85H6,2,D,4,F,V,4,8,V,8,5,H,6,0,0,0,Not Applicable,Not Applicable,0,0,0,1,0,0,0,0,0,0,0,25,0,0,0,12,2,5,8,0,0,0,1,4,85021,6,1,0,0,3,3,74,185,0,0,0,0,0,0,0,0,0,0,0,0,0,0,1,2,25,1,1,8,1,0,0,1,80,99,1,1,13,No Trailing Units,No Trailing Units,No Trailing Units,0,0,,,,,,,,,,,,,,,,,,,,,,,,,2016
2016040836,4,40836,1,2,1,21,12,9,19,1,0,1,0,4,1,76,706,76706,80,2015,JYARN39EXFA0,J,Y,A,R,N,3,9,E,X,F,A,0,0,0,0,Not Applicable,Not Applicable,0,0,0,1,0,0,0,0,0,0,0,998,0,0,0,0,6,2,12,0,0,0,1,4,85022,6,1,0,0,2,0,72,230,0,0,0,0,0,0,0,0,0,4,0,0,0,0,6,3,35,1,1,1,2,2,3,11,6,99,1,1,98,No Trailing Units,No Trailing Units,No Trailing Units,1,0,,,,,,,,,,,,,,,,,,,,,,,,,2016
2016040836,4,40836,2,2,1,21,12,9,19,1,0,1,0,49,1,85,881,85881,66,2014,1XKAD49X9EJ4,1,X,K,A,D,4,9,X,9,E,J,4,1,1,57,2837064,572837064,3,6,3,1,0,0,0,0,0,0,0,998,0,0,0,10,0,5,12,0,0,0,1,49,84701,6,1,6,0,3,0,74,215,98,0,0,1,0,1,2015,1,2015,0,0,0,0,0,6,3,35,1,1,1,2,2,3,11,60,1,1,1,98,Not Reported,No Trailing Units,No Trailing Units,0,0,,,,,,,,,,,,,,,,,,,,,,,,,2016
2016040837,4,40837,1,1,2,4,9,1,15,1,0,1,0,4,2,20,37,20037,4,2004,1G1ND52F14M6,1,G,1,N,D,5,2,F,1,4,M,6,0,0,0,Not Applicable,Not Applicable,0,0,0,1,0,0,0,0,0,0,0,998,0,1,9,0,6,2,1,0,0,0,1,4,85121,0,0,0,0,0,0,64,188,0,0,0,0,0,0,0,0,0,0,0,0,0,0,1,2,55,1,1,8,1,0,0,1,9,99,9,4,2,No Trailing Units,No Trailing Units,No Trailing Units,2,1,,,,,,,,,,,,,,,,,,,,,,,,,2016
2016040838,4,40838,1,1,1,29,8,9,36,1,0,1,0,4,3,98,809,98809,66,2005,2FWJA3DE35AV,2,F,W,J,A,3,D,E,3,5,A,V,1,1,57,1126433,571126433,3,6,4,1,0,0,0,0,0,0,0,50,0,1,1,0,6,2,1,0,0,0,1,4,85310,6,1,6,0,3,0,74,327,0,2,0,0,0,10,2015,11,2015,4,0,0,0,0,1,3,98,1,1,8,1,0,0,10,16,1,1,1,98,Not Reported,No Trailing Units,No Trailing Units,1,0,,,,,,,,,,,,,,,,,,,,,,,,,2016
2016040840,4,40840,1,2,99,4,9,18,58,12,99,1,9,99,9,99,999,99999,99,9999,Unknown,9,9,9,9,9,9,9,9,9,9,9,9,0,0,0,Not Applicable,Not Applicable,0,0,0,1,0,0,0,0,0,0,0,999,0,0,0,99,9,9,12,0,0,0,1,99,99999,9,9,99,0,9,9,999,999,99,99,99,99,99,99,9999,99,9999,9,99,99,99,99,9,9,99,9,9,9,99,99,9,99,99,99,9,9,99,No Trailing Units,No Trailing Units,No Trailing Units,1,0,,,,,,,,,,,,,,,,,,,,,,,,,2016