accident_id,STATE,ST_CASE,VEH_NO,VE_FORMS,NUMOCCS,DAY,MONTH,HOUR,MINUTE,HARM_EV,MAN_COLL,UNITTYPE,HIT_RUN,REG_STAT,OWNER,MAKE,MODEL,MAK_MOD,BODY_TYP,MOD_YEAR,VIN,VIN_1,VIN_2,VIN_3,VIN_4,VIN_5,VIN_6,VIN_7,VIN_8,VIN_9,VIN_10,VIN_11,VIN_12,TOW_VEH,J_KNIFE,MCARR_I1,MCARR_I2,MCARR_ID,GVWR,V_CONFIG,CARGO_BT,HAZ_INV,HAZ_PLAC,HAZ_ID,HAZ_CNO,HAZ_REL,BUS_USE,SPEC_USE,EMER_USE,TRAV_SP,UNDERIDE,ROLLOVER,ROLINLOC,IMPACT1,DEFORMED,TOWED,M_HARM,VEH_SC1,VEH_SC2,FIRE_EXP,DR_PRES,L_STATE,DR_ZIP,L_STATUS,L_TYPE,CDL_STAT,L_ENDORS,L_COMPL,L_RESTRI,DR_HGT,DR_WGT,PREV_ACC,PREV_SUS,PREV_DWI,PREV_SPD,PREV_OTH,FIRST_MO,FIRST_YR,LAST_MO,LAST_YR,SPEEDREL,DR_SF1,DR_SF2,DR_SF3,DR_SF4,VTRAFWAY,VNUM_LAN,VSPD_LIM,VALIGN,VPROFILE,VPAVETYP,VSURCOND,VTRAFCON,VTCONT_F,P_CRASH1,P_CRASH2,P_CRASH3,PCRASH4,PCRASH5,ACC_TYPE,TRLR1VIN,TRLR2VIN,TRLR3VIN,DEATHS,DR_DRINK,VINTYPE,VINMAKE,VINA_MOD,VIN_BT,VINMODYR,VIN_LNGT,VIN_WGT,WGTCD_TR,WHLBS_LG,WHLBS_SH,SER_TR,FUELCODE,MCYCL_DS,CARBUR,CYLINDER,DISPLACE,MCYCL_CY,MCYCL_WT,TIRE_SZE,TON_RAT,TRK_WT,TRKWTVAR,VIN_REST,WHLDRWHL,Year
2016040840,4,40840,2,2,99,4,9,18,58,12,99,1,9,99,9,99,999,99999,99,9999,Unknown,9,9,9,9,9,9,9,9,9,9,9,9,0,0,0,Not Applicable,Not Applicable,0,0,0,1,0,0,0,0,0,0,0,999,0,0,0,99,9,9,12,0,0,0,1,99,99999,9,9,99,0,9,9,999,999,99,99,99,99,99,99,9999,99,9999,9,99,99,99,99,9,9,99,9,9,9,99,99,9,99,99,99,9,9,99,No Trailing Units,No Trailing Units,No Trailing Units,0,0,,,,,,,,,,,,,,,,,,,,,,,,,2016
2016040841,4,40841,1,1,2,6,9,99,99,99,0,1,0,99,9,99,999,99999,99,9999,Unknown,9,9,9,9,9,9,9,9,9,9,9,9,0,0,0,Not Applicable,Not Applicable,0,0,0,1,0,0,0,0,0,0,0,999,0,0,0,99,9,9,99,0,0,0,1,99,99999,9,9,99,0,9,9,999,999,99,99,99,99,99,99,9999,99,9999,9,99,99,99,99,9,9,99,9,9,9,99,99,9,99,99,99,9,9,99,No Trailing Units,No Trailing Units,No Trailing Units,1,0,,,,,,,,,,,,,,,,,,,,,,,,,2016
2016040842,4,40842,1,1,1,12,11,18,39,14,0,1,0,4,2,37,32,37032,4,2013,1HGCR2F36DA0,1,H,G,C,R,2,F,3,6,D,A,0,0,0,0,Not Applicable,Not Applicable,0,0,0,1,0,0,0,0,0,0,0,20,0,0,0,12,6,2,14,0,0,0,1,4,85382,6,1,0,0,3,3,70,170,0,0,0,0,0,0,0,0,0,0,0,0,0,0,1,2,25,1,1,8,1,0,0,1,10,1,1,4,11,No Trailing Units,No Trailing Units,No Trailing Units,1,0,,,,,,,,,,,,,,,,,,,,,,,,,2016
2016040843,4,40843,1,1,99,8,11,99,99,99,99,1,0,99,9,99,999,99999,99,9999,Unknown,9,9,9,9,9,9,9,9,9,9,9,9,0,0,0,Not Applicable,Not Applicable,0,0,0,1,0,0,0,0,0,0,0,999,0,0,0,99,9,9,99,0,0,0,1,4,85634,6,1,0,0,3,3,64,230,0,0,0,0,0,0,0,0,0,9,99,99,99,99,9,9,99,9,9,9,99,99,9,99,99,99,9,9,99,No Trailing Units,No Trailing Units,No Trailing Units,1,0,,,,,,,,,,,,,,,,,,,,,,,,,2016
2016040844,4,40844,1,1,99,13,11,99,99,9,0,1,9,99,9,99,999,99999,99,9999,Unknown,9,9,9,9,9,9,9,9,9,9,9,9,0,0,0,Not Applicable,Not Applicable,0,0,0,1,0,0,0,0,0,0,0,999,0,0,0,98,9,9,9,0,0,0,1,99,99999,9,9,99,0,9,9,999,999,99,99,99,99,99,99,9999,99,9999,9,99,99,99,99,9,9,99,9,9,9,99,99,9,99,85,99,9,9,13,No Trailing Units,No Trailing Units,No Trailing Units,0,0,,,,,,,,,,,,,,,,,,,,,,,,,2016
2016040845,4,40845,1,2,99,28,11,13,26,12,99,1,0,99,9,99,999,99999,99,9999,Unknown,9,9,9,9,9,9,9,9,9,9,9,9,0,0,0,Not Applicable,Not Applicable,0,0,0,1,0,0,0,0,0,0,0,999,0,0,0,98,9,9,12,0,0,0,1,4,86017,6,1,0,0,3,0,71,220,1,0,0,2,0,2,2013,1,2015,9,99,99,99,99,9,9,99,9,9,9,99,99,9,99,99,99,9,9,99,No Trailing Units,No Trailing Units,No Trailing Units,1,0,,,,,,,,,,,,,,,,,,,,,,,,,2016
2016040845,4,40845,2,2,99,28,11,13,26,12,99,1,9,99,9,99,999,99999,99,9999,Unknown,9,9,9,9,9,9,9,9,9,9,9,9,0,0,0,Not Applicable,Not Applicable,0,0,0,1,0,0,0,0,0,0,0,999,0,0,0,98,9,9,12,0,0,0,1,99,99999,9,9,99,0,9,9,999,999,99,99,99,99,99,99,9999,99,9999,9,99,99,99,99,9,9,99,9,9,9,99,99,9,99,99,99,9,9,99,No Trailing Units,No Trailing Units,No Trailing Units,0,0,,,,,,,,,,,,,,,,,,,,,,,,,2016
2016040846,4,40846,1,2,1,14,12,6,44,12,1,1,0,4,2,52,46,52046,4,2003,JA3AJ26E43U0,J,A,3,A,J,2,6,E,4,3,U,0,0,0,0,Not Applicable,Not Applicable,0,0,0,1,0,0,0,0,0,0,0,45,0,0,0,12,6,2,12,0,0,0,1,4,85033,6,1,0,0,3,0,63,115,0,2,0,0,1,1,2016,3,2016,4,0,0,0,0,5,6,45,1,1,8,1,0,0,1,52,99,1,1,28,No Trailing Units,No Trailing Units,No Trailing Units,1,0,,,,,,,,,,,,,,,,,,,,,,,,,2016
2016040846,4,40846,2,2,2,14,12,6,44,12,1,1,0,4,1,55,402,55402,14,2011,KM8JU3AC4BU3,K,M,8,J,U,3,A,C,4,B,U,3,0,0,0,Not Applicable,Not Applicable,0,0,0,1,0,0,0,0,0,0,0,30,0,0,0,6,4,5,12,0,0,0,1,4,85017,6,1,0,0,3,0,65,185,0,0,0,0,0,0,0,0,0,0,0,0,0,0,5,6,45,1,1,8,1,0,0,2,53,1,1,1,29,No Trailing Units,No Trailing Units,No Trailing Units,0,0,,,,,,,,,,,,,,,,,,,,,,,,,2016
2016040848,4,40848,1,2,1,15,12,15,36,12,1,1,0,4,2,35,472,35472,30,1999,1N6DD26S0XC3,1,N,6,D,D,2,6,S,0,X,C,3,0,0,0,Not Applicable,Not Applicable,0,0,0,1,0,0,0,0,0,0,0,998,0,0,0,12,6,2,12,32,0,0,1,4,85742,6,1,0,0,3,3,69,157,0,0,0,0,0,0,0,0,0,4,0,0,0,0,2,1,75,1,1,2,1,0,0,1,51,99,1,1,24,No Trailing Units,No Trailing Units,No Trailing Units,0,0,,,,,,,,,,,,,,,,,,,,,,,,,2016
2016040848,4,40848,2,2,2,15,12,15,36,12,1,1,0,6,1,30,441,30441,20,1968,VINNOT10OR17,V,I,N,N,O,T,1,0,O,R,1,7,0,0,0,Not Applicable,Not Applicable,0,0,0,1,0,0,0,0,0,0,0,65,0,1,1,6,6,2,1,0,0,0,1,6,92105,6,1,0,0,3,3,61,140,0,0,0,0,0,0,0,0,0,0,0,0,0,0,2,1,75,1,1,2,1,0,0,1,53,99,1,1,25,No Trailing Units,No Trailing Units,No Trailing Units,1,0,,,,,,,,,,,,,,,,,,,,,,,,,2016
2016040849,4,40849,1,1,1,27,12,21,46,59,0,1,0,4,1,12,481,12481,31,1989,1FTDF15Y5KLA,1,F,T,D,F,1,5,Y,5,K,L,A,0,0,0,Not Applicable,Not Applicable,0,0,0,1,0,0,0,0,0,0,0,998,0,1,1,12,6,2,1,0,0,0,1,4,85541,6,1,0,0,3,3,71,165,0,0,0,0,0,0,0,0,0,9,0,0,0,0,3,5,65,3,1,2,1,0,0,14,13,99,1,4,1,No Trailing Units,No Trailing Units,No Trailing Units,1,1,,,,,,,,,,,,,,,,,,,,,,,,,2016
2016040850,4,40850,1,1,1,1,12,6,24,8,0,1,0,99,9,22,16,22016,4,2002,Unknown,9,9,9,9,9,9,9,9,9,9,9,9,0,0,0,Not Applicable,Not Applicable,0,0,0,1,0,0,0,0,0,0,0,999,0,0,0,98,9,9,8,0,0,0,1,4,85201,6,1,0,0,3,3,76,235,0,0,0,0,0,0,0,0,0,0,0,0,0,0,9,9,99,1,1,9,99,0,0,1,80,99,1,1,13,No Trailing Units,No Trailing Units,No Trailing Units,0,0,,,,,,,,,,,,,,,,,,,,,,,,,2016
2016040851,4,40851,1,1,99,2,12,22,38,8,0,1,9,99,9,99,999,99999,99,9999,Unknown,9,9,9,9,9,9,9,9,9,9,9,9,0,0,0,Not Applicable,Not Applicable,0,0,0,1,0,0,0,0,0,0,0,999,0,0,0,98,9,9,8,0,0,0,1,99,99999,9,9,99,0,9,9,999,999,99,99,99,99,99,99,9999,99,9999,9,99,99,99,99,9,9,99,9,9,9,99,99,9,99,82,99,9,9,13,No Trailing Units,No Trailing Units,No Trailing Units,0,0,,,,,,,,,,,,,,,,,,,,,,,,,2016
2016040852,4,40852,1,1,1,3,12,0,52,33,0,1,0,99,9,50,709,50709,80,2006,Unknown,9,9,9,9,9,9,9,9,9,9,9,9,0,0,0,Not Applicable,Not Applicable,0,0,0,1,0,0,0,0,0,0,0,999,0,0,0,98,9,9,38,0,0,0,1,4,85254,1,1,0,0,2,0,67,150,0,5,0,3,0,1,2014,9,2016,5,0,0,0,0,9,9,99,9,9,9,99,0,0,99,6,99,9,4,5,No Trailing Units,No Trailing Units,No Trailing Units,1,1,,,,,,,,,,,,,,,,,,,,,,,,,2016
2016040853,4,40853,1,1,1,3,12,7,10,1,0,1,0,4,2,20,481,20481,31,1992,2GCEK19K4N11,2,G,C,E,K,1,9,K,4,N,1,1,0,0,0,Not Applicable,Not Applicable,0,0,0,1,0,0,0,0,0,0,0,998,0,1,9,0,6,2,1,0,0,0,1,4,85122,6,1,0,0,3,0,67,200,0,0,0,0,0,0,0,0,0,4,0,0,0,0,1,2,50,1,1,2,1,0,0,1,6,99,5,4,5,No Trailing Units,No Trailing Units,No Trailing Units,1,1,,,,,,,,,,,,,,,,,,,,,,,,,2016
2016040854,4,40854,1,1,1,3,12,6,42,8,0,1,0,99,9,7,26,7026,4,2013,Unknown,9,9,9,9,9,9,9,9,9,9,9,9,0,0,0,Not Applicable,Not Applicable,0,0,0,1,0,0,0,0,0,0,0,999,0,0,0,98,9,9,8,0,0,0,1,4,85040,6,1,0,0,3,0,75,215,0,0,0,1,0,12,2014,12,2014,0,86,0,0,0,9,9,99,1,1,9,99,3,3,1,80,98,1,3,13,No Trailing Units,No Trailing Units,No Trailing Units,0,0,,,,,,,,,,,,,,,,,,,,,,,,,2016
2016040855,4,40855,1,3,2,3,12,7,35,12,99,1,0,99,9,20,481,20481,31,1996,Unknown,9,9,9,9,9,9,9,9,9,9,9,9,1,1,0,Not Applicable,Not Applicable,0,0,0,1,0,0,0,0,0,0,0,999,0,1,1,98,9,9,1,0,0,0,1,4,85051,0,0,0,0,0,0,66,140,0,0,0,0,0,0,0,0,0,9,39,0,0,0,1,6,99,1,1,9,99,3,3,1,17,99,1,1,91,Not Reported,No Trailing Units,No Trailing Units,1,0,,,,,,,,,,,,,,,,,,,,,,,,,2016
2016040855,4,40855,2,3,1,3,12,7,35,12,99,1,0,99,9,21,21,21021,4,1999,Unknown,9,9,9,9,9,9,9,9,9,9,9,9,0,0,0,Not Applicable,Not Applicable,0,0,0,1,0,0,0,0,0,0,0,999,0,0,0,98,9,9,12,0,0,0,1,4,85304,6,1,0,0,3,0,68,205,0,1,0,1,0,5,2013,8,2013,0,0,0,0,0,1,7,99,1,1,9,99,3,3,1,66,99,1,1,91,No Trailing Units,No Trailing Units,No Trailing Units,0,1,,,,,,,,,,,,,,,,,,,,,,,,,2016
2016040855,4,40855,3,3,1,3,12,7,35,12,99,1,0,99,9,20,39,20039,4,2008,Unknown,9,9,9,9,9,9,9,9,9,9,9,9,0,0,0,Not Applicable,Not Applicable,0,0,0,1,0,0,0,0,0,0,0,999,0,0,0,12,9,9,12,0,0,0,1,4,85029,0,0,0,0,0,0,58,135,0,0,0,0,0,0,0,0,0,0,0,0,0,0,1,7,99,1,1,9,99,3,3,1,66,99,1,1,98,No Trailing Units,No Trailing Units,No Trailing Units,0,0,,,,,,,,,,,,,,,,,,,,,,,,,2016
2016040856,4,40856,1,1,1,3,12,20,45,8,0,1,0,4,1,49,32,49032,4,2003,JTDBR32E7300,J,T,D,B,R,3,2,E,7,3,0,0,0,0,0,Not Applicable,Not Applicable,0,0,0,1,0,0,0,0,0,0,0,46,0,0,0,12,4,3,8,0,0,0,1,4,85122,6,1,0,0,3,0,70,270,0,0,0,0,0,0,0,0,0,0,0,0,0,0,1,2,50,1,1,8,1,0,0,1,80,1,1,1,13,No Trailing Units,No Trailing Units,No Trailing Units,0,0,,,,,,,,,,,,,,,,,,,,,,,,,2016
2016040857,4,40857,1,2,99,4,12,18,10,12,99,1,0,99,9,99,999,99999,99,9999,Unknown,9,9,9,9,9,9,9,9,9,9,9,9,0,0,0,Not Applicable,Not Applicable,0,0,0,1,0,0,0,0,0,0,0,999,0,0,0,98,9,9,12,0,0,0,1,99,99999,9,9,99,0,9,9,999,999,99,99,99,99,99,99,9999,99,9999,9,99,99,99,99,1,9,99,1,1,9,99,99,9,99,99,99,9,9,99,No Trailing Units,No Trailing Units,No Trailing Units,2,0,,,,,,,,,,,,,,,,,,,,,,,,,2016
2016040857,4,40857,2,2,99,4,12,18,10,12,99,1,9,99,9,99,999,99999,99,9999,Unknown,9,9,9,9,9,9,9,9,9,9,9,9,0,0,0,Not Applicable,Not Applicable,0,0,0,1,0,0,0,0,0,0,0,999,0,0,0,98,9,9,12,0,0,0,1,99,99999,9,9,99,0,9,9,999,999,99,99,99,99,99,99,9999,99,9999,9,99,99,99,99,1,9,99,1,1,9,99,99,9,99,99,99,9,9,99,No Trailing Units,No Trailing Units,No Trailing Units,0,0,,,,,,,,,,,,,,,,,,,,,,,,,2016
2016040858,4,40858,1,2,2,6,12,2,6,12,6,1,0,99,9,24,401,24401,14,2007,Unknown,9,9,9,9,9,9,9,9,9,9,9,9,0,0,0,Not Applicable,Not Applicable,0,0,0,1,0,0,0,0,0,0,0,999,0,1,1,12,9,9,1,0,0,0,1,4,85335,6,1,0,0,3,3,67,140,0,0,0,1,0,8,2012,8,2012,0,39,0,0,0,2,3,99,1,1,2,1,3,3,1,17,99,1,1,88,No Trailing Units,No Trailing Units,No Trailing Units,0,1,,,,,,,,,,,,,,,,,,,,,,,,,2016
2016040858,4,40858,2,2,2,6,12,2,6,12,6,1,0,99,9,49,38,49038,4,1997,Unknown,9,9,9,9,9,9,9,9,9,9,9,9,0,0,0,Not Applicable,Not Applicable,0,0,0,1,0,0,0,0,0,0,0,999,0,0,0,61,9,9,12,0,0,0,1,4,85051,6,1,0,0,3,0,62,148,0,0,0,0,0,0,0,0,0,0,0,0,0,0,2,4,99,1,1,2,99,3,3,1,66,99,1,1,89,No Trailing Units,No Trailing Units,No Trailing Units,1,0,,,,,,,,,,,,,,,,,,,,,,,,,2016
2016040859,4,40859,1,1,2,9,12,18,10,8,0,1,0,99,9,20,421,20421,15,2001,Unknown,9,9,9,9,9,9,9,9,9,9,9,9,0,0,0,Not Applicable,Not Applicable,0,0,0,1,0,0,0,0,0,0,0,999,0,0,0,98,9,9,8,0,0,0,1,4,85041,6,1,1,0,3,0,72,211,0,6,0,1,1,1,2012,2,2016,0,0,0,0,0,5,5,99,1,1,9,99,0,0,1,80,99,1,1,13,No Trailing Units,No Trailing Units,No Trailing Units,0,0,,,,,,,,,,,,,,,,,,,,,,,,,2016
2016040860,4,40860,1,1,1,10,12,19,3,8,0,1,0,99,9,12,37,12037,5,2012,Unknown,9,9,9,9,9,9,9,9,9,9,9,9,0,0,0,Not Applicable,Not Applicable,0,0,0,1,0,0,0,0,0,0,0,999,0,0,0,98,9,9,8,0,0,0,1,99,99999,9,9,99,0,9,9,999,999,99,99,99,99,99,99,9999,99,9999,9,0,0,0,0,1,5,99,1,1,9,99,2,3,11,80,99,1,1,13,No Trailing Units,No Trailing Units,No Trailing Units,0,0,,,,,,,,,,,,,,,,,,,,,,,,,2016
2016040861,4,40861,1,2,1,12,12,5,39,12,99,1,0,99,9,35,47,35047,4,2008,Unknown,9,9,9,9,9,9,9,9,9,9,9,9,0,0,0,Not Applicable,Not Applicable,0,0,0,1,0,0,0,0,0,0,0,999,0,0,0,98,9,9,12,0,0,0,1,4,85035,6,1,0,0,3,0,72,215,0,0,0,2,0,3,2012,11,2012,0,38,0,0,0,1,5,99,1,1,2,1,0,0,11,15,99,1,1,68,No Trailing Units,No Trailing Units,No Trailing Units,0,0,,,,,,,,,,,,,,,,,,,,,,,,,2016
2016040861,4,40861,2,2,1,12,12,5,39,12,99,1,0,99,9,20,481,20481,31,2005,Unknown,9,9,9,9,9,9,9,9,9,9,9,9,0,0,0,Not Applicable,Not Applicable,0,0,0,1,0,0,0,0,0,0,0,999,0,1,1,98,9,9,1,0,0,0,1,4,85043,6,1,0,0,3,0,67,190,0,0,0,2,0,6,2014,6,2015,0,0,0,0,0,1,5,99,1,1,2,1,0,0,1,62,99,1,1,69,No Trailing Units,No Trailing Units,No Trailing Units,1,0,,,,,,,,,,,,,,,,,,,,,,,,,2016
2016040862,4,40862,1,3,99,13,12,17,0,12,99,1,0,99,9,99,999,99999,99,9999,Unknown,9,9,9,9,9,9,9,9,9,9,9,9,0,0,0,Not Applicable,Not Applicable,0,0,0,1,0,0,0,0,0,0,0,999,0,0,0,98,9,9,12,0,0,0,1,4,85050,6,1,0,0,3,3,70,220,0,0,0,0,0,0,0,0,0,9,99,99,99,99,9,9,99,9,9,2,99,99,9,99,99,99,9,9,99,No Trailing Units,No Trailing Units,No Trailing Units,1,0,,,,,,,,,,,,,,,,,,,,,,,,,2016
2016040862,4,40862,2,3,99,13,12,17,0,12,99,1,0,99,9,99,999,99999,99,9999,Unknown,9,9,9,9,9,9,9,9,9,9,9,9,0,0,0,Not Applicable,Not Applicable,0,0,0,1,0,0,0,0,0,0,0,999,0,0,0,98,9,9,12,0,0,0,1,99,99999,9,9,99,0,9,9,999,999,99,99,99,99,99,99,9999,99,9999,9,99,99,99,99,9,9,99,9,9,2,99,99,9,99,99,99,9,9,99,No Trailing Units,No Trailing Units,No Trailing Units,0,0,,,,,,,,,,,,,,,,,,,,,,,,,2016
2016040862,4,40862,3,3,99,13,12,17,0,12,99,1,0,99,9,99,999,99999,99,9999,Unknown,9,9,9,9,9,9,9,9,9,9,9,9,0,0,0,Not Applicable,Not Applicable,0,0,0,1,0,0,0,0,0,0,0,999,0,0,0,98,9,9,12,0,0,0,1,99,99999,9,9,99,0,9,9,999,999,99,99,99,99,99,99,9999,99,9999,9,99,99,99,99,9,9,99,9,9,2,99,99,9,99,99,99,9,9,98,No Trailing Units,No Trailing Units,No Trailing Units,0,0,,,,,,,,,,,,,,,,,,,,,,,,,2016
2016040863,4,40863,1,1,5,16,12,20,0,34,0,1,0,99,9,99,999,99999,99,9999,Unknown,9,9,9,9,9,9,9,9,9,9,9,9,0,0,0,Not Applicable,Not Applicable,0,0,0,1,0,0,0,0,0,0,0,999,0,1,5,98,9,9,1,0,0,0,1,99,99999,9,9,99,0,9,9,999,999,99,99,99,99,99,99,9999,99,9999,9,58,0,0,0,9,9,99,4,9,9,99,99,9,14,9,98,9,4,99,No Trailing Units,No Trailing Units,No Trailing Units,1,0,,,,,,,,,,,,,,,,,,,,,,,,,2016
2016040864,4,40864,1,1,1,20,12,1,52,33,0,1,0,99,9,72,709,72709,80,2014,Unknown,9,9,9,9,9,9,9,9,9,9,9,9,0,0,0,Not Applicable,Not Applicable,0,0,0,1,0,0,0,0,0,0,0,999,0,0,0,12,9,9,38,0,0,0,1,4,85226,6,1,0,0,3,3,73,180,0,0,0,0,0,0,0,0,0,0,0,0,0,0,1,2,99,2,1,9,99,0,0,14,12,99,1,4,6,No Trailing Units,No Trailing Units,No Trailing Units,1,1,,,,,,,,,,,,,,,,,,,,,,,,,2016
2016040865,4,40865,1,2,1,20,12,11,28,12,99,1,0,99,9,37,32,37032,4,2002,Unknown,9,9,9,9,9,9,9,9,9,9,9,9,0,0,0,Not Applicable,Not Applicable,0,0,0,1,0,0,0,0,0,0,0,999,0,0,0,98,9,9,12,0,0,0,1,4,85032,6,1,0,0,3,3,65,140,0,0,0,0,0,0,0,0,0,0,38,0,0,0,5,5,99,1,1,9,99,0,0,11,15,99,1,1,68,No Trailing Units,No Trailing Units,No Trailing Units,0,0,,,,,,,,,,,,,,,,,,,,,,,,,2016
2016040865,4,40865,2,2,1,20,12,11,28,12,99,1,0,99,9,73,709,73709,80,2014,Unknown,9,9,9,9,9,9,9,9,9,9,9,9,0,0,0,Not Applicable,Not Applicable,0,0,0,1,0,0,0,0,0,0,0,999,0,0,0,98,9,9,12,0,0,0,1,4,85032,6,1,0,0,2,0,68,140,0,0,0,0,0,0,0,0,0,0,0,0,0,0,5,5,99,1,1,9,99,0,0,1,62,99,1,1,69,No Trailing Units,No Trailing Units,No Trailing Units,1,0,,,,,,,,,,,,,,,,,,,,,,,,,2016
2016040866,4,40866,1,2,1,21,12,16,41,12,99,1,0,99,9,99,709,99709,89,9999,Unknown,9,9,9,9,9,9,9,9,9,9,9,9,1,1,0,Not Applicable,Not Applicable,0,0,0,1,0,0,0,0,0,0,0,999,0,0,0,98,9,9,12,0,0,0,1,4,85041,0,0,0,0,0,0,67,145,0,3,0,0,1,10,2012,11,2016,0,39,0,0,0,1,2,99,1,1,2,99,20,3,11,15,99,1,1,82,Not Reported,No Trailing Units,No Trailing Units,1,0,,,,,,,,,,,,,,,,,,,,,,,,,2016
2016040866,4,40866,2,2,1,21,12,16,41,12,99,1,0,99,9,20,481,20481,31,2014,Unknown,9,9,9,9,9,9,9,9,9,9,9,9,0,0,0,Not Applicable,Not Applicable,0,0,0,1,0,0,0,0,0,0,0,999,0,0,0,98,9,9,12,35,0,0,1,4,85009,6,1,0,0,3,0,70,225,0,0,0,0,0,0,0,0,0,0,0,0,0,0,1,2,99,1,1,2,1,0,0,1,67,99,1,1,83,No Trailing Units,No Trailing Units,No Trailing Units,0,0,,,,,,,,,,,,,,,,,,,,,,,,,2016
2016040867,4,40867,1,2,1,22,12,18,46,8,0,1,0,99,9,12,880,12880,67,2016,Unknown,9,9,9,9,9,9,9,9,9,9,9,9,0,0,77,Not Reported,Not Reported,2,1,97,1,0,0,0,0,0,0,0,999,0,0,0,3,9,9,8,0,0,0,1,99,99999,9,9,99,0,9,9,999,999,99,99,99,99,99,99,9999,99,9999,0,0,0,0,0,9,9,99,1,1,9,99,0,0,1,80,99,1,1,13,No Trailing Units,No Trailing Units,No Trailing Units,0,0,,,,,,,,,,,,,,,,,,,,,,,,,2016
2016040867,4,40867,2,2,1,22,12,18,46,8,0,1,0,99,9,35,51,35051,6,2015,Unknown,9,9,9,9,9,9,9,9,9,9,9,9,0,0,0,Not Applicable,Not Applicable,0,0,0,1,0,0,0,0,0,0,0,999,0,0,0,12,9,9,8,0,0,0,1,4,85053,6,1,0,0,3,3,61,190,0,0,0,0,0,0,0,0,0,0,0,0,0,0,9,9,99,1,1,9,99,0,0,1,80,99,1,1,98,No Trailing Units,No Trailing Units,No Trailing Units,0,0,,,,,,,,,,,,,,,,,,,,,,,,,2016
2016040868,4,40868,1,1,1,23,12,18,0,8,0,1,0,99,9,20,471,20471,30,1993,Unknown,9,9,9,9,9,9,9,9,9,9,9,9,0,0,0,Not Applicable,Not Applicable,0,0,0,1,0,0,0,0,0,0,0,999,0,0,0,98,9,9,8,0,0,0,1,4,86031,6,1,0,0,3,0,71,205,0,1,0,1,0,7,2016,7,2016,0,0,0,0,0,1,7,99,1,1,9,99,3,3,1,80,99,1,1,13,No Trailing Units,No Trailing Units,No Trailing Units,0,0,,,,,,,,,,,,,,,,,,,,,,,,,2016
2016040870,4,40870,1,2,1,27,12,13,32,12,6,1,0,4,1,59,403,59403,14,2006,JTJGW31UX620,J,T,J,G,W,3,1,U,X,6,2,0,0,0,0,Not Applicable,Not Applicable,0,0,0,1,0,0,0,0,0,0,0,45,0,0,0,12,6,2,12,0,0,0,1,4,85282,6,1,0,0,3,3,72,140,0,0,0,1,0,3,2013,3,2013,0,39,91,0,0,2,3,45,1,1,8,1,3,3,1,17,1,1,1,83,No Trailing Units,No Trailing Units,No Trailing Units,0,1,,,,,,,,,,,,,,,,,,,,,,,,,2016
2016040870,4,40870,2,2,3,27,12,13,32,12,6,1,0,4,1,63,37,63037,6,2014,KNDJN2A26E70,K,N,D,J,N,2,A,2,6,E,7,0,0,0,0,Not Applicable,Not Applicable,0,0,0,1,0,0,0,0,0,0,0,15,0,1,1,9,6,2,12,0,0,0,1,4,85224,6,1,0,0,3,3,59,120,0,0,0,0,0,0,0,0,0,0,0,0,0,0,1,3,35,1,1,8,1,3,3,11,66,1,1,1,82,No Trailing Units,No Trailing Units,No Trailing Units,1,0,,,,,,,,,,,,,,,,,,,,,,,,,2016