accident_id,STATE,ST_CASE,VEH_NO,VE_FORMS,NUMOCCS,DAY,MONTH,HOUR,MINUTE,HARM_EV,MAN_COLL,UNITTYPE,HIT_RUN,REG_STAT,OWNER,MAKE,MODEL,MAK_MOD,BODY_TYP,MOD_YEAR,VIN,VIN_1,VIN_2,VIN_3,VIN_4,VIN_5,VIN_6,VIN_7,VIN_8,VIN_9,VIN_10,VIN_11,VIN_12,TOW_VEH,J_KNIFE,MCARR_I1,MCARR_I2,MCARR_ID,GVWR,V_CONFIG,CARGO_BT,HAZ_INV,HAZ_PLAC,HAZ_ID,HAZ_CNO,HAZ_REL,BUS_USE,SPEC_USE,EMER_USE,TRAV_SP,UNDERIDE,ROLLOVER,ROLINLOC,IMPACT1,DEFORMED,TOWED,M_HARM,VEH_SC1,VEH_SC2,FIRE_EXP,DR_PRES,L_STATE,DR_ZIP,L_STATUS,L_TYPE,CDL_STAT,L_ENDORS,L_COMPL,L_RESTRI,DR_HGT,DR_WGT,PREV_ACC,PREV_SUS,PREV_DWI,PREV_SPD,PREV_OTH,FIRST_MO,FIRST_YR,LAST_MO,LAST_YR,SPEEDREL,DR_SF1,DR_SF2,DR_SF3,DR_SF4,VTRAFWAY,VNUM_LAN,VSPD_LIM,VALIGN,VPROFILE,VPAVETYP,VSURCOND,VTRAFCON,VTCONT_F,P_CRASH1,P_CRASH2,P_CRASH3,PCRASH4,PCRASH5,ACC_TYPE,TRLR1VIN,TRLR2VIN,TRLR3VIN,DEATHS,DR_DRINK,VINTYPE,VINMAKE,VINA_MOD,VIN_BT,VINMODYR,VIN_LNGT,VIN_WGT,WGTCD_TR,WHLBS_LG,WHLBS_SH,SER_TR,FUELCODE,MCYCL_DS,CARBUR,CYLINDER,DISPLACE,MCYCL_CY,MCYCL_WT,TIRE_SZE,TON_RAT,TRK_WT,TRKWTVAR,VIN_REST,WHLDRWHL,Year
2016040871,4,40871,1,1,2,29,12,18,41,8,0,1,0,99,9,35,43,35043,8,2000,Unknown,9,9,9,9,9,9,9,9,9,9,9,9,0,0,0,Not Applicable,Not Applicable,0,0,0,1,0,0,0,0,0,0,0,999,0,0,0,98,9,9,8,0,0,0,1,4,85035,0,0,0,0,0,0,999,999,0,0,0,0,0,0,0,0,0,0,0,0,0,0,9,9,99,1,1,9,99,0,0,1,80,99,1,1,13,No Trailing Units,No Trailing Units,No Trailing Units,0,0,,,,,,,,,,,,,,,,,,,,,,,,,2016
2016040872,4,40872,1,1,99,30,12,14,18,99,0,1,0,99,9,99,998,99998,95,9999,Unknown,9,9,9,9,9,9,9,9,9,9,9,9,0,0,0,Not Applicable,Not Applicable,0,0,0,1,0,0,0,0,0,0,0,999,0,0,0,99,9,9,99,0,0,0,1,4,85375,6,1,0,0,3,3,66,155,0,0,0,0,0,0,0,0,0,9,99,99,99,99,9,9,99,9,9,9,99,99,9,99,99,99,9,9,99,No Trailing Units,No Trailing Units,No Trailing Units,1,0,,,,,,,,,,,,,,,,,,,,,,,,,2016
2016040873,4,40873,1,1,1,30,12,18,12,30,0,1,0,99,9,55,35,55035,9,2001,Unknown,9,9,9,9,9,9,9,9,9,9,9,9,0,0,0,Not Applicable,Not Applicable,0,0,0,1,0,0,0,0,0,0,0,999,0,0,0,12,9,9,30,0,0,0,1,4,85051,6,1,0,0,3,0,68,180,0,0,0,1,1,3,2014,3,2015,0,99,99,99,99,1,7,99,1,1,9,99,3,3,1,13,99,1,4,1,No Trailing Units,No Trailing Units,No Trailing Units,1,1,,,,,,,,,,,,,,,,,,,,,,,,,2016
2016040874,4,40874,1,2,2,30,12,18,33,12,6,1,0,99,9,20,481,20481,31,2005,Unknown,9,9,9,9,9,9,9,9,9,9,9,9,0,0,0,Not Applicable,Not Applicable,0,0,0,1,0,0,0,0,0,0,0,999,0,0,0,81,9,9,12,0,0,0,1,4,85304,6,1,0,0,3,0,60,145,1,0,0,1,0,2,2016,6,2016,0,38,0,0,0,1,6,99,1,1,9,99,3,3,11,15,99,1,1,68,No Trailing Units,No Trailing Units,No Trailing Units,0,0,,,,,,,,,,,,,,,,,,,,,,,,,2016
2016040874,4,40874,2,2,1,30,12,18,33,12,6,1,0,99,9,72,709,72709,80,1994,Unknown,9,9,9,9,9,9,9,9,9,9,9,9,0,0,0,Not Applicable,Not Applicable,0,0,0,1,0,0,0,0,0,0,0,999,0,0,0,12,9,9,12,0,0,0,1,4,85306,6,1,0,0,3,0,74,190,0,0,0,0,1,1,2016,1,2016,0,0,0,0,0,1,6,99,1,1,9,99,3,3,1,62,99,1,1,69,No Trailing Units,No Trailing Units,No Trailing Units,1,0,,,,,,,,,,,,,,,,,,,,,,,,,2016
2016040875,4,40875,1,1,99,30,12,18,56,99,99,1,9,99,9,99,999,99999,99,9999,Unknown,9,9,9,9,9,9,9,9,9,9,9,9,0,0,0,Not Applicable,Not Applicable,0,0,0,1,0,0,0,0,0,0,0,999,0,0,0,99,9,9,99,0,0,0,1,99,99999,9,9,99,0,9,9,999,999,99,99,99,99,99,99,9999,99,9999,9,99,99,99,99,9,9,99,9,9,9,99,99,9,99,99,99,9,9,99,No Trailing Units,No Trailing Units,No Trailing Units,2,0,,,,,,,,,,,,,,,,,,,,,,,,,2016
2016040876,4,40876,1,1,1,31,12,22,21,8,0,1,0,99,9,23,481,23481,31,2005,Unknown,9,9,9,9,9,9,9,9,9,9,9,9,0,0,0,Not Applicable,Not Applicable,0,0,0,1,0,0,0,0,0,0,0,999,0,0,0,98,9,9,8,0,0,0,1,4,85027,6,1,0,0,3,0,67,195,0,0,0,0,0,0,0,0,0,0,0,0,0,0,9,9,99,1,1,9,99,0,0,1,80,99,1,1,13,No Trailing Units,No Trailing Units,No Trailing Units,0,0,,,,,,,,,,,,,,,,,,,,,,,,,2016
2016040877,4,40877,1,2,1,15,11,11,44,12,6,1,0,4,1,37,31,37031,4,2009,19XFA16559E0,1,9,X,F,A,1,6,5,5,9,E,0,0,0,0,Not Applicable,Not Applicable,0,0,0,1,0,0,0,0,0,0,0,5,0,0,0,62,6,2,12,0,0,0,1,4,85308,6,1,0,0,3,0,64,122,0,0,0,0,0,0,0,0,0,0,38,89,91,0,1,3,25,1,1,8,1,3,3,10,16,1,1,1,78,No Trailing Units,No Trailing Units,No Trailing Units,0,0,,,,,,,,,,,,,,,,,,,,,,,,,2016
2016040877,4,40877,2,2,2,15,11,11,44,12,6,1,0,4,1,49,472,49472,30,2002,5TEGN92N62Z0,5,T,E,G,N,9,2,N,6,2,Z,0,0,0,0,Not Applicable,Not Applicable,0,0,0,1,0,0,0,0,0,0,0,40,0,1,5,12,6,2,1,0,0,0,1,4,85308,6,1,0,0,3,3,73,175,0,0,0,0,0,0,0,0,0,0,0,0,0,0,2,4,40,1,1,8,1,3,3,1,65,6,1,1,79,No Trailing Units,No Trailing Units,No Trailing Units,1,0,,,,,,,,,,,,,,,,,,,,,,,,,2016
2016040878,4,40878,1,2,1,12,9,17,16,12,1,1,0,4,1,12,401,12401,14,1994,1FMDU34X0RUE,1,F,M,D,U,3,4,X,0,R,U,E,0,0,0,Not Applicable,Not Applicable,0,0,0,1,0,0,0,0,0,0,0,10,0,0,0,12,4,5,12,0,0,0,1,4,85023,2,1,0,0,2,3,63,90,1,1,0,1,0,2,2016,6,2016,4,91,0,0,0,2,5,40,1,6,8,1,3,3,1,50,1,1,1,20,No Trailing Units,No Trailing Units,No Trailing Units,1,0,,,,,,,,,,,,,,,,,,,,,,,,,2016
2016040878,4,40878,2,2,4,12,9,17,16,12,1,1,0,4,2,53,402,53402,14,2002,2S3TE52V0261,2,S,3,T,E,5,2,V,0,2,6,1,0,0,0,Not Applicable,Not Applicable,0,0,0,1,0,0,0,0,0,0,0,0,0,0,0,6,4,5,12,0,0,0,1,4,85033,0,0,0,0,0,0,999,999,0,0,0,0,0,0,0,0,0,0,91,0,0,0,2,5,40,1,6,8,1,3,3,5,53,1,1,1,21,No Trailing Units,No Trailing Units,No Trailing Units,0,0,,,,,,,,,,,,,,,,,,,,,,,,,2016
2016040879,4,40879,1,1,2,10,12,19,12,8,0,1,0,4,1,55,33,55033,4,2013,5NPEC4AC3DH7,5,N,P,E,C,4,A,C,3,D,H,7,0,0,0,Not Applicable,Not Applicable,0,0,0,1,0,0,0,0,0,0,0,30,0,0,0,62,4,5,8,0,0,0,1,4,85016,6,1,0,0,3,3,73,200,0,0,0,0,0,0,0,0,0,0,0,0,0,0,5,6,35,1,1,8,1,0,0,1,80,99,1,1,13,No Trailing Units,No Trailing Units,No Trailing Units,0,0,,,,,,,,,,,,,,,,,,,,,,,,,2016
2016040880,4,40880,1,1,1,10,11,17,32,41,0,1,0,4,2,49,40,49040,4,1998,JT2BF22K8W01,J,T,2,B,F,2,2,K,8,W,0,1,0,0,0,Not Applicable,Not Applicable,0,0,0,1,0,0,0,0,0,0,0,998,0,0,0,12,6,2,2,0,0,1,1,4,85247,1,1,0,0,2,3,69,175,1,8,1,2,0,1,2015,11,2016,0,99,99,99,99,1,2,0,3,8,5,1,0,0,14,13,99,1,4,1,No Trailing Units,No Trailing Units,No Trailing Units,1,1,,,,,,,,,,,,,,,,,,,,,,,,,2016
2015040001,4,40001,1,1,99,1,1,5,14,8,0,1,1,99,9,99,999,99999,99,9999,Unknown,9,9,9,9,9,9,9,9,9,9,9,9,0,0,0,Not Applicable,Not Applicable,0,0,0,1,0,0,0,0,0,0,0,998,0,0,0,99,9,5,8,99,99,0,1,99,99999,9,9,99,9,9,9,999,999,99,99,99,99,99,99,9999,99,9999,9,99,99,99,99,1,2,65,1,1,2,2,0,0,1,80,99,9,1,13,,,,0,0,,,,,,,,,,,,,,,,,,,,,,,,,2015
2015040002,4,40002,1,1,3,1,1,9,2,14,0,1,0,48,1,63,38,63038,4,2014,KNAFX4A6XE52,K,N,A,F,X,4,A,6,X,E,5,2,0,0,0,Not Applicable,Not Applicable,0,0,0,1,0,0,0,0,0,0,0,998,0,0,0,98,6,2,14,0,0,0,1,4,85032,6,1,0,0,3,0,63,152,0,0,0,0,0,0,0,0,0,4,89,87,0,0,2,2,65,1,1,2,4,0,0,1,5,99,9,4,2,,,,0,0,,,,,,,,,,,,,,,,,,,,,,,,,2015
2015040003,4,40003,1,1,1,3,1,14,11,8,0,1,0,4,1,35,43,35043,4,2013,3N1AB7AP3DL7,3,N,1,A,B,7,A,P,3,D,L,7,0,0,0,Not Applicable,Not Applicable,0,0,0,1,0,0,0,0,0,0,0,45,0,0,0,12,6,2,8,0,0,0,1,4,85225,6,1,0,0,3,0,67,140,0,0,0,0,0,0,0,0,0,0,0,0,0,0,2,4,45,1,1,8,1,0,0,1,80,99,1,1,13,,,,0,0,,,,,,,,,,,,,,,,,,,,,,,,,2015
2015040004,4,40004,1,1,3,4,1,21,17,1,0,1,0,4,1,12,402,12402,14,2003,1FMYU02183KA,1,F,M,Y,U,0,2,1,8,3,K,A,0,0,0,Not Applicable,Not Applicable,0,0,0,1,0,0,0,0,0,0,0,998,0,1,5,0,6,2,1,0,0,0,1,4,85029,6,1,0,0,3,0,63,126,0,3,0,1,1,9,2011,10,2012,4,0,0,0,0,2,3,65,1,1,2,1,0,0,1,6,8,3,4,2,,,,1,1,,,,,,,,,,,,,,,,,,,,,,,,,2015
2015040005,4,40005,1,2,1,5,1,6,55,12,6,1,0,4,1,55,36,55036,4,2002,KMHCG45C02U4,K,M,H,C,G,4,5,C,0,2,U,4,0,0,0,Not Applicable,Not Applicable,0,0,0,1,0,0,0,0,0,0,0,998,0,0,0,63,6,2,12,0,0,0,1,4,85713,6,1,0,0,3,3,62,135,0,0,0,0,0,0,0,0,0,5,39,0,0,0,2,4,35,1,1,8,1,3,3,1,17,99,1,1,89,,,,1,0,,,,,,,,,,,,,,,,,,,,,,,,,2015
2015040005,4,40005,2,2,1,5,1,6,55,12,6,1,0,4,1,49,482,49482,31,2010,5TFUM5F14AX0,5,T,F,U,M,5,F,1,4,A,X,0,0,0,0,Not Applicable,Not Applicable,0,0,0,1,0,0,0,0,0,0,0,37,0,0,0,12,6,2,12,0,0,0,1,4,85713,6,1,0,0,3,0,67,170,0,0,0,0,0,0,0,0,0,0,0,0,0,0,2,5,40,1,1,8,1,3,3,1,62,99,1,1,88,,,,0,0,,,,,,,,,,,,,,,,,,,,,,,,,2015
2015040006,4,40006,1,2,1,6,1,10,37,12,2,1,0,35,1,20,481,20481,31,1999,1GCEK14T3XE2,1,G,C,E,K,1,4,T,3,X,E,2,0,0,0,Not Applicable,Not Applicable,0,0,0,1,0,0,0,0,0,0,0,65,0,0,0,12,6,2,12,0,0,0,1,35,87830,6,1,0,0,3,3,72,190,98,0,0,2,0,1,2014,12,2014,0,28,0,0,0,1,2,65,2,1,2,1,0,0,14,10,99,1,2,50,,,,1,0,,,,,,,,,,,,,,,,,,,,,,,,,2015
2015040006,4,40006,2,2,1,6,1,10,37,12,2,1,0,4,2,49,32,49032,4,2006,1NXBR32E66Z6,1,N,X,B,R,3,2,E,6,6,Z,6,0,0,0,Not Applicable,Not Applicable,0,0,0,1,0,0,0,0,0,0,0,45,0,0,0,12,6,2,12,0,0,0,1,4,85938,6,1,0,0,3,3,67,125,0,0,0,0,0,0,0,0,0,0,0,0,0,0,1,2,65,1,1,2,1,0,0,1,62,99,1,1,51,,,,0,0,,,,,,,,,,,,,,,,,,,,,,,,,2015
2015040007,4,40007,1,1,1,9,1,8,39,42,0,1,0,4,3,12,16,12016,4,2000,2FAFP71W5YX2,2,F,A,F,P,7,1,W,5,Y,X,2,0,0,0,Not Applicable,Not Applicable,0,0,0,1,0,0,0,0,0,1,0,998,0,1,3,12,6,2,1,32,0,0,1,4,86401,6,1,0,0,3,3,64,275,0,0,0,0,0,0,0,0,0,4,89,0,0,0,2,2,65,1,1,2,1,0,0,1,12,99,1,4,6,,,,1,0,,,,,,,,,,,,,,,,,,,,,,,,,2015
2015040008,4,40008,1,1,3,9,1,19,0,8,0,1,0,4,1,34,34,34034,1,2004,WBABW534X4PL,W,B,A,B,W,5,3,4,X,4,P,L,0,0,0,Not Applicable,Not Applicable,0,0,0,1,0,0,0,0,0,0,0,30,0,0,0,12,6,2,8,0,0,0,1,4,85750,6,1,0,0,3,3,69,170,0,0,0,2,0,3,2010,8,2011,0,0,0,0,0,2,2,45,1,1,8,1,0,0,1,80,1,1,1,13,,,,0,0,,,,,,,,,,,,,,,,,,,,,,,,,2015
2015040009,4,40009,1,2,1,10,1,5,58,33,0,1,0,4,1,12,37,12037,5,2014,1FADP3L90EL1,1,F,A,D,P,3,L,9,0,E,L,1,0,0,0,Not Applicable,Not Applicable,0,0,0,1,0,0,0,0,0,0,0,998,0,1,1,12,6,2,1,0,0,0,1,4,85704,6,1,0,0,3,0,69,170,0,0,0,0,0,0,0,0,0,5,0,0,0,0,2,3,50,1,1,8,1,0,0,1,12,99,9,4,7,,,,1,1,,,,,,,,,,,,,,,,,,,,,,,,,2015
2015040009,4,40009,2,2,2,10,1,5,58,33,0,1,0,4,1,48,401,48401,14,2015,JF2SJAFC9FH5,J,F,2,S,J,A,F,C,9,F,H,5,0,0,0,Not Applicable,Not Applicable,0,0,0,1,0,0,0,0,0,0,0,55,0,0,0,12,2,5,54,0,0,0,1,4,85755,6,1,0,0,3,0,72,185,0,0,0,1,0,7,2011,7,2011,0,0,0,0,0,2,3,50,1,1,8,1,0,0,1,90,99,1,1,98,,,,0,0,,,,,,,,,,,,,,,,,,,,,,,,,2015
2015040010,4,40010,1,1,2,11,1,6,24,1,0,1,0,4,2,12,422,12422,15,2006,1FMFU19546LA,1,F,M,F,U,1,9,5,4,6,L,A,0,0,0,Not Applicable,Not Applicable,0,0,0,1,0,0,0,0,0,0,0,999,0,1,5,0,6,2,1,0,0,0,1,4,85122,6,1,0,0,3,0,70,260,0,0,0,0,0,0,0,0,0,0,0,0,0,0,1,2,98,1,1,2,1,0,0,1,9,99,9,4,10,,,,2,0,,,,,,,,,,,,,,,,,,,,,,,,,2015
2015040011,4,40011,1,1,2,11,1,7,17,30,0,1,0,4,2,35,481,35481,31,2007,1N6AA07A47N2,1,N,6,A,A,0,7,A,4,7,N,2,0,0,0,Not Applicable,Not Applicable,0,0,0,1,0,0,0,0,0,0,0,35,0,0,0,9,6,2,30,0,0,0,1,4,85713,0,0,0,0,0,0,67,185,0,2,1,0,0,3,2012,4,2012,4,0,0,0,0,5,5,35,1,1,8,1,0,0,1,6,7,3,4,2,,,,1,1,,,,,,,,,,,,,,,,,,,,,,,,,2015
2015040012,4,40012,1,1,1,13,1,19,17,31,0,1,0,49,1,20,4,20004,2,2007,1G1YY26U1751,1,G,1,Y,Y,2,6,U,1,7,5,1,0,0,0,Not Applicable,Not Applicable,0,0,0,1,0,0,0,0,0,0,0,150,0,1,5,98,6,2,1,0,0,0,1,49,84526,6,1,0,0,3,3,61,190,98,0,0,1,1,10,2012,2,2014,4,0,0,0,0,2,2,75,1,5,2,1,0,0,1,6,99,9,4,2,,,,1,1,,,,,,,,,,,,,,,,,,,,,,,,,2015
2015040013,4,40013,1,2,4,14,1,8,12,12,6,1,0,4,2,22,16,22016,2,2005,3G2JB12F15S2,3,G,2,J,B,1,2,F,1,5,S,2,0,0,0,Not Applicable,Not Applicable,0,0,0,1,0,0,0,0,0,0,0,45,1,0,0,12,6,2,12,0,0,0,1,4,85193,6,1,0,0,3,0,64,112,0,0,0,0,0,0,0,0,0,4,39,0,0,0,1,2,35,1,1,8,1,20,3,1,17,3,2,1,86,,,,2,0,,,,,,,,,,,,,,,,,,,,,,,,,2015
2015040013,4,40013,2,2,1,14,1,8,12,12,6,1,0,40,3,82,881,82881,66,2015,3AKJGLD56FSG,3,A,K,J,G,L,D,5,6,F,S,G,1,1,99,Unknown,Unknown,3,6,1,1,0,0,0,0,0,0,0,40,0,0,0,83,6,9,12,0,0,0,1,4,85308,6,1,6,0,3,0,73,235,0,0,0,0,0,0,0,0,0,0,0,0,0,0,1,2,50,1,1,8,1,0,0,1,66,99,1,1,87,,,,0,0,,,,,,,,,,,,,,,,,,,,,,,,,2015
2015040014,4,40014,1,1,1,14,1,14,7,42,0,1,0,4,1,7,461,7461,21,1972,B21AE2U71178,B,2,1,A,E,2,U,7,1,1,7,8,0,0,0,Not Applicable,Not Applicable,0,0,0,1,0,0,0,0,0,0,0,20,0,1,5,12,6,2,1,0,0,0,1,4,85648,6,1,0,0,3,3,70,155,0,0,0,0,0,0,0,0,0,9,99,99,99,99,1,2,0,3,2,8,1,0,0,14,13,99,9,4,5,,,,1,0,,,,,,,,,,,,,,,,,,,,,,,,,2015
2015040015,4,40015,1,2,3,14,1,15,59,12,7,1,0,4,1,20,481,20481,31,2004,2GCEC19V0412,2,G,C,E,C,1,9,V,0,4,1,2,0,0,0,Not Applicable,Not Applicable,0,0,0,1,0,0,0,0,0,0,0,65,0,0,0,63,6,2,12,0,0,0,1,4,86438,6,1,0,0,3,0,67,180,0,0,0,1,0,3,2012,3,2012,4,89,27,0,0,3,6,65,1,1,2,1,0,0,15,10,6,1,2,47,,,,0,0,,,,,,,,,,,,,,,,,,,,,,,,,2015
2015040015,4,40015,2,2,3,14,1,15,59,12,7,1,0,4,1,49,32,49032,4,2000,1NXBR12EXYZ3,1,N,X,B,R,1,2,E,X,Y,Z,3,0,0,0,Not Applicable,Not Applicable,0,0,0,1,0,0,0,0,0,0,0,65,0,1,3,82,6,2,1,0,0,0,1,4,85303,6,1,0,0,3,3,61,290,0,0,0,0,0,0,0,0,0,0,58,0,0,0,3,6,65,1,1,2,1,0,0,1,61,99,1,1,45,,,,1,0,,,,,,,,,,,,,,,,,,,,,,,,,2015
2015040016,4,40016,1,1,6,14,1,19,9,8,0,1,0,4,2,20,403,20403,14,2006,1GNDS13S7621,1,G,N,D,S,1,3,S,7,6,2,1,0,0,0,Not Applicable,Not Applicable,0,0,0,1,0,0,0,0,0,0,0,35,0,0,0,12,2,3,8,0,0,0,1,4,85530,6,1,0,0,3,3,77,165,0,0,0,0,0,0,0,0,0,0,0,0,0,0,5,5,35,1,1,2,1,0,0,1,80,1,1,1,13,,,,0,0,,,,,,,,,,,,,,,,,,,,,,,,,2015
2015040017,4,40017,1,2,2,16,1,13,51,12,6,1,0,4,1,20,2,20002,4,2003,2G1WH52K1393,2,G,1,W,H,5,2,K,1,3,9,3,0,0,0,Not Applicable,Not Applicable,0,0,0,1,0,0,0,0,0,0,0,15,0,0,0,81,6,8,12,0,0,0,1,4,85715,6,1,0,0,3,3,65,122,0,0,0,0,0,0,0,0,0,0,38,0,0,0,2,6,50,1,1,8,1,3,3,11,15,99,9,1,68,,,,1,0,,,,,,,,,,,,,,,,,,,,,,,,,2015
2015040017,4,40017,2,2,2,16,1,13,51,12,6,1,0,4,2,20,401,20401,14,2001,1GNCS18W71K1,1,G,N,C,S,1,8,W,7,1,K,1,0,0,0,Not Applicable,Not Applicable,0,0,0,1,0,0,0,0,0,0,0,45,0,0,0,12,6,8,12,0,0,0,1,4,85710,0,0,0,0,0,0,67,135,0,0,0,0,0,0,0,0,0,0,0,0,0,0,2,6,50,1,1,8,1,3,3,1,62,99,1,1,69,,,,0,0,,,,,,,,,,,,,,,,,,,,,,,,,2015
2015040018,4,40018,1,1,3,16,1,16,57,9,0,1,0,4,1,23,481,23481,31,1998,1GTEK19R9WR5,1,G,T,E,K,1,9,R,9,W,R,5,0,0,0,Not Applicable,Not Applicable,0,0,0,1,0,0,0,0,0,0,0,30,0,0,0,12,0,5,9,35,0,0,1,4,86301,6,1,0,0,3,0,73,250,0,0,0,0,0,0,0,0,0,4,91,0,0,0,1,4,30,1,5,2,1,0,0,1,83,99,1,1,13,,,,0,0,,,,,,,,,,,,,,,,,,,,,,,,,2015
2015040019,4,40019,1,2,2,17,1,15,42,12,6,1,0,5,1,7,472,7472,31,1995,1B7GL23X0SS3,1,B,7,G,L,2,3,X,0,S,S,3,1,1,0,Not Applicable,Not Applicable,0,0,0,1,0,0,0,0,0,0,0,998,0,0,0,1,6,2,12,0,0,0,1,5,72032,6,1,0,0,3,0,70,150,0,0,0,0,1,4,2012,4,2012,0,39,91,0,0,1,3,98,1,1,2,1,20,3,1,17,1,1,1,87,,,,1,0,,,,,,,,,,,,,,,,,,,,,,,,,2015
2015040019,4,40019,2,2,1,17,1,15,42,12,6,1,0,4,2,6,43,6043,1,2004,1C3EL75R04N3,1,C,3,E,L,7,5,R,0,4,N,3,0,0,0,Not Applicable,Not Applicable,0,0,0,1,0,0,0,0,0,0,0,998,0,0,0,12,6,2,2,0,0,1,1,4,85390,6,1,0,0,3,3,70,177,0,0,0,0,0,0,0,0,0,0,0,0,0,0,2,4,55,1,1,2,1,0,0,1,66,1,1,1,86,,,,0,0,,,,,,,,,,,,,,,,,,,,,,,,,2015
2015040022,4,40022,1,1,1,24,1,4,12,33,0,1,0,4,1,7,482,7482,31,2006,1D7HA18N76S5,1,D,7,H,A,1,8,N,7,6,S,5,0,0,0,Not Applicable,Not Applicable,0,0,0,1,0,0,0,0,0,0,0,998,0,0,0,98,6,2,42,0,0,0,1,4,85201,6,1,0,0,3,0,70,165,0,7,0,2,1,10,2011,10,2014,0,0,0,0,0,3,8,45,2,1,8,1,0,0,14,13,99,9,4,1,,,,1,1,,,,,,,,,,,,,,,,,,,,,,,,,2015
2015040023,4,40023,1,2,1,24,1,11,40,12,6,1,0,4,1,7,41,7041,4,2002,2B3HD46R92H2,2,B,3,H,D,4,6,R,9,2,H,2,0,0,0,Not Applicable,Not Applicable,0,0,0,1,0,0,0,0,0,0,0,10,0,0,0,83,6,2,12,0,0,0,1,4,85541,6,1,0,0,3,3,64,130,0,0,0,0,0,0,0,0,0,0,38,0,0,0,2,2,35,1,1,2,1,0,0,11,15,99,1,2,68,,,,0,0,,,,,,,,,,,,,,,,,,,,,,,,,2015
2015040023,4,40023,2,2,1,24,1,11,40,12,6,1,0,4,1,53,705,53705,80,2006,JS1VP53A7621,J,S,1,V,P,5,3,A,7,6,2,1,0,0,0,Not Applicable,Not Applicable,0,0,0,1,0,0,0,0,0,0,0,998,0,0,0,12,6,2,12,0,0,0,1,4,85014,6,1,0,0,3,0,71,180,0,0,0,0,0,0,0,0,0,3,0,0,0,0,2,2,35,1,1,2,1,0,0,1,62,99,1,1,69,,,,1,0,,,,,,,,,,,,,,,,,,,,,,,,,2015
2015040024,4,40024,1,2,2,25,1,1,2,12,1,1,0,4,2,72,706,72706,80,2013,1HD1KGM17DB6,1,H,D,1,K,G,M,1,7,D,B,6,0,0,0,Not Applicable,Not Applicable,0,0,0,1,0,0,0,0,0,0,0,998,0,0,0,12,6,2,12,0,0,0,1,4,85020,6,1,0,0,3,0,70,170,0,1,0,1,1,7,2010,1,2012,4,0,0,0,0,3,4,65,1,1,2,1,0,0,1,51,3,2,1,24,,,,1,1,,,,,,,,,,,,,,,,,,,,,,,,,2015
2015040024,4,40024,2,2,2,25,1,1,2,12,1,1,0,92,0,38,882,38882,64,2006,1ALE5B164679,1,A,L,E,5,B,1,6,4,6,7,9,0,0,88,None,None,2,1,97,1,0,0,0,0,0,0,0,55,0,0,0,6,2,5,12,0,0,0,1,4,85210,6,1,0,0,3,0,72,240,0,0,0,0,0,0,0,0,0,0,0,0,0,0,3,4,65,1,1,2,1,0,0,1,53,1,1,1,25,,,,0,0,,,,,,,,,,,,,,,,,,,,,,,,,2015
2015040025,4,40025,1,1,1,26,1,0,10,8,0,1,1,4,1,35,47,35047,4,2007,1N4AL21E27N4,1,N,4,A,L,2,1,E,2,7,N,4,0,0,0,Not Applicable,Not Applicable,0,0,0,1,0,0,0,0,0,0,0,41,0,0,0,99,4,5,8,99,99,0,1,4,85009,6,1,0,0,3,0,71,174,0,0,0,0,1,8,2012,8,2012,0,91,0,0,0,5,6,40,1,1,8,1,0,0,1,80,99,1,1,13,,,,0,1,,,,,,,,,,,,,,,,,,,,,,,,,2015
2015040026,4,40026,1,3,2,27,1,1,4,12,8,1,0,4,1,20,421,20421,15,1998,1GNEK13R5WJ3,1,G,N,E,K,1,3,R,5,W,J,3,0,0,0,Not Applicable,Not Applicable,0,0,0,1,0,0,0,0,0,0,0,998,0,0,0,81,6,2,12,0,0,0,1,4,85028,6,1,0,0,3,0,75,250,0,2,0,0,1,1,2011,1,2011,4,51,91,0,0,3,5,55,1,1,2,1,0,0,1,54,6,1,3,66,,,,0,1,,,,,,,,,,,,,,,,,,,,,,,,,2015
2015040026,4,40026,2,3,1,27,1,1,4,12,8,1,0,4,1,12,16,12016,4,2005,2FAHP71W75X1,2,F,A,H,P,7,1,W,7,5,X,1,0,0,0,Not Applicable,Not Applicable,0,0,0,1,0,0,0,0,0,0,0,998,0,0,0,82,6,2,12,0,0,0,1,4,85032,6,1,0,0,3,0,75,335,1,2,0,1,3,5,2012,6,2014,0,0,0,0,0,3,5,55,1,1,2,1,0,0,1,54,6,1,3,66,,,,0,0,,,,,,,,,,,,,,,,,,,,,,,,,2015
2015040026,4,40026,3,3,1,27,1,1,4,12,8,1,0,4,1,63,402,63402,14,2011,5XYKT3A15BG0,5,X,Y,K,T,3,A,1,5,B,G,0,0,0,0,Not Applicable,Not Applicable,0,0,0,1,0,0,0,0,0,0,0,998,0,0,0,62,6,2,12,0,0,0,1,4,85083,6,1,0,0,3,3,66,125,0,0,0,0,0,0,0,0,0,0,0,0,0,0,3,5,55,1,1,2,1,0,0,1,54,99,1,1,98,,,,1,0,,,,,,,,,,,,,,,,,,,,,,,,,2015
2015040027,4,40027,1,2,1,27,1,15,17,12,2,1,0,4,1,7,482,7482,31,2007,3D7KR19D57G7,3,D,7,K,R,1,9,D,5,7,G,7,0,0,0,Not Applicable,Not Applicable,0,0,0,1,0,0,0,0,0,0,0,998,0,0,0,12,6,2,12,0,0,0,1,4,86030,6,1,0,0,3,3,68,220,0,0,0,0,0,0,0,0,0,0,28,0,0,0,1,2,65,1,1,2,1,0,0,1,10,99,1,1,50,,,,1,1,,,,,,,,,,,,,,,,,,,,,,,,,2015