accident_id,STATE,ST_CASE,VEH_NO,VE_FORMS,NUMOCCS,DAY,MONTH,HOUR,MINUTE,HARM_EV,MAN_COLL,UNITTYPE,HIT_RUN,REG_STAT,OWNER,MAKE,MODEL,MAK_MOD,BODY_TYP,MOD_YEAR,VIN,VIN_1,VIN_2,VIN_3,VIN_4,VIN_5,VIN_6,VIN_7,VIN_8,VIN_9,VIN_10,VIN_11,VIN_12,TOW_VEH,J_KNIFE,MCARR_I1,MCARR_I2,MCARR_ID,GVWR,V_CONFIG,CARGO_BT,HAZ_INV,HAZ_PLAC,HAZ_ID,HAZ_CNO,HAZ_REL,BUS_USE,SPEC_USE,EMER_USE,TRAV_SP,UNDERIDE,ROLLOVER,ROLINLOC,IMPACT1,DEFORMED,TOWED,M_HARM,VEH_SC1,VEH_SC2,FIRE_EXP,DR_PRES,L_STATE,DR_ZIP,L_STATUS,L_TYPE,CDL_STAT,L_ENDORS,L_COMPL,L_RESTRI,DR_HGT,DR_WGT,PREV_ACC,PREV_SUS,PREV_DWI,PREV_SPD,PREV_OTH,FIRST_MO,FIRST_YR,LAST_MO,LAST_YR,SPEEDREL,DR_SF1,DR_SF2,DR_SF3,DR_SF4,VTRAFWAY,VNUM_LAN,VSPD_LIM,VALIGN,VPROFILE,VPAVETYP,VSURCOND,VTRAFCON,VTCONT_F,P_CRASH1,P_CRASH2,P_CRASH3,PCRASH4,PCRASH5,ACC_TYPE,TRLR1VIN,TRLR2VIN,TRLR3VIN,DEATHS,DR_DRINK,VINTYPE,VINMAKE,VINA_MOD,VIN_BT,VINMODYR,VIN_LNGT,VIN_WGT,WGTCD_TR,WHLBS_LG,WHLBS_SH,SER_TR,FUELCODE,MCYCL_DS,CARBUR,CYLINDER,DISPLACE,MCYCL_CY,MCYCL_WT,TIRE_SZE,TON_RAT,TRK_WT,TRKWTVAR,VIN_REST,WHLDRWHL,Year
2015040027,4,40027,2,2,1,27,1,15,17,12,2,1,0,4,3,82,881,82881,66,2012,1FUJC5DV5CDB,1,F,U,J,C,5,D,V,5,C,D,B,1,1,57,797610,57797610,3,6,1,1,0,0,0,0,0,0,0,60,0,0,0,12,6,2,12,0,0,0,1,4,85363,6,1,6,0,3,0,75,300,0,2,0,0,0,7,2011,8,2011,0,0,0,0,0,1,2,65,1,1,2,1,0,0,1,62,7,1,2,51,,,,0,0,,,,,,,,,,,,,,,,,,,,,,,,,2015
2015040028,4,40028,1,3,1,28,1,14,27,12,6,1,0,4,1,53,706,53706,80,2005,JS1GW71A1521,J,S,1,G,W,7,1,A,1,5,2,1,0,0,0,Not Applicable,Not Applicable,0,0,0,1,0,0,0,0,0,0,0,80,0,0,0,12,6,2,12,0,0,0,1,4,85746,6,1,0,0,3,0,74,275,1,3,1,5,0,1,2012,12,2014,4,0,0,0,0,1,2,45,1,1,8,1,0,0,1,62,99,1,1,69,,,,1,1,,,,,,,,,,,,,,,,,,,,,,,,,2015
2015040028,4,40028,2,3,1,28,1,14,27,12,6,1,0,4,1,22,22,22022,2,2009,1G2ZH17NX942,1,G,2,Z,H,1,7,N,X,9,4,2,0,0,0,Not Applicable,Not Applicable,0,0,0,1,0,0,0,0,0,0,0,10,0,0,0,83,6,2,12,0,0,0,1,4,85713,6,1,0,0,3,3,62,130,0,0,0,1,0,9,2013,9,2013,0,38,0,0,0,1,2,45,1,1,8,1,0,0,11,15,99,1,1,68,,,,0,0,,,,,,,,,,,,,,,,,,,,,,,,,2015
2015040028,4,40028,3,3,1,28,1,14,27,12,6,1,0,4,1,49,482,49482,31,2005,5TBDT44145S4,5,T,B,D,T,4,4,1,4,5,S,4,0,0,0,Not Applicable,Not Applicable,0,0,0,1,0,0,0,0,0,0,0,35,0,0,0,63,6,2,12,0,0,0,1,4,85748,6,1,0,0,3,0,69,170,0,0,0,0,0,0,0,0,0,0,0,0,0,0,1,2,45,1,1,8,1,0,0,1,62,99,1,1,98,,,,0,0,,,,,,,,,,,,,,,,,,,,,,,,,2015
2015040029,4,40029,1,2,1,29,1,8,24,12,2,1,0,32,4,35,47,35047,4,2015,1N4AL3AP6FC1,1,N,4,A,L,3,A,P,6,F,C,1,0,0,0,Not Applicable,Not Applicable,0,0,0,1,0,0,0,0,0,0,0,65,0,0,0,12,6,2,12,0,0,1,1,95,0,9,9,99,0,9,9,66,150,99,99,99,99,99,99,9999,99,9999,0,51,84,0,0,1,2,65,1,5,2,1,0,0,1,54,7,1,2,52,,,,1,0,,,,,,,,,,,,,,,,,,,,,,,,,2015
2015040029,4,40029,2,2,1,29,1,8,24,12,2,1,0,4,1,49,402,49402,14,2011,2T3ZF4DV5BW0,2,T,3,Z,F,4,D,V,5,B,W,0,0,0,0,Not Applicable,Not Applicable,0,0,0,1,0,0,0,0,0,0,0,65,0,0,0,12,6,2,12,0,0,0,1,4,85032,6,1,0,0,3,3,68,146,0,1,0,4,1,5,2010,3,2014,0,84,0,0,0,1,2,65,1,6,2,1,0,0,1,54,6,9,2,52,,,,1,0,,,,,,,,,,,,,,,,,,,,,,,,,2015
2015040030,4,40030,1,2,1,30,1,7,45,12,2,1,0,4,1,20,481,20481,31,2008,1GCHK23K78F1,1,G,C,H,K,2,3,K,7,8,F,1,0,0,0,Not Applicable,Not Applicable,0,0,0,1,0,0,0,0,0,0,0,998,0,0,0,12,6,2,12,0,0,0,1,4,85618,6,1,2,0,3,0,66,150,0,2,0,2,0,2,2013,5,2014,0,28,0,0,0,1,2,65,3,1,2,2,0,0,14,10,7,9,2,52,,,,0,0,,,,,,,,,,,,,,,,,,,,,,,,,2015
2015040030,4,40030,2,2,7,30,1,7,45,12,2,1,0,4,3,20,461,20461,21,2014,1GAZG1FG8E11,1,G,A,Z,G,1,F,G,8,E,1,1,0,0,0,Not Applicable,Not Applicable,0,0,0,1,0,0,0,0,0,0,0,998,0,0,0,12,6,2,12,0,0,0,1,4,85618,6,1,0,0,3,0,72,285,0,0,0,0,0,0,0,0,0,0,28,0,0,0,1,2,65,2,1,2,2,0,0,14,63,6,1,2,52,,,,3,0,,,,,,,,,,,,,,,,,,,,,,,,,2015
2015040031,4,40031,1,1,2,30,1,14,56,1,0,1,0,25,2,48,34,48034,6,2003,4S3BH6864376,4,S,3,B,H,6,8,6,4,3,7,6,0,0,0,Not Applicable,Not Applicable,0,0,0,1,0,0,0,0,0,0,0,998,0,1,3,0,6,2,1,0,0,0,1,4,85304,6,1,0,0,3,0,66,225,0,0,0,0,0,0,0,0,0,4,87,0,0,0,2,2,75,3,6,2,6,0,0,14,6,99,4,4,7,,,,2,0,,,,,,,,,,,,,,,,,,,,,,,,,2015
2015040032,4,40032,1,1,4,31,1,18,56,8,0,1,0,4,1,12,481,12481,31,2002,1FTRW07642KE,1,F,T,R,W,0,7,6,4,2,K,E,0,0,0,Not Applicable,Not Applicable,0,0,0,1,0,0,0,0,0,0,0,30,0,0,0,12,4,8,8,0,0,0,1,4,85705,6,1,0,0,3,0,65,198,0,0,0,1,0,7,2013,7,2013,0,0,0,0,0,2,5,30,1,1,8,2,0,0,1,80,99,1,1,13,,,,0,0,,,,,,,,,,,,,,,,,,,,,,,,,2015
2015040033,4,40033,1,2,2,2,1,19,5,12,2,1,0,6,1,12,23,12023,4,2006,3FAHP07196R2,3,F,A,H,P,0,7,1,9,6,R,2,0,0,0,Not Applicable,Not Applicable,0,0,0,1,0,0,0,0,0,0,0,998,0,0,0,12,6,2,12,0,0,0,1,6,92242,6,1,0,0,3,3,62,105,0,0,0,0,0,0,0,0,0,0,28,0,0,0,1,2,55,3,1,2,1,40,3,14,10,99,1,2,50,,,,1,0,,,,,,,,,,,,,,,,,,,,,,,,,2015
2015040033,4,40033,2,2,2,2,1,19,5,12,2,1,0,6,1,12,880,12880,67,2006,1FTWW31P16ED,1,F,T,W,W,3,1,P,1,6,E,D,0,0,88,None,None,2,1,97,1,0,0,0,0,0,0,0,45,0,0,0,12,6,2,12,0,0,0,1,6,92545,6,1,0,0,3,0,65,200,0,0,0,0,0,0,0,0,0,0,0,0,0,0,1,2,55,2,1,2,1,40,3,14,62,1,1,1,51,,,,0,0,,,,,,,,,,,,,,,,,,,,,,,,,2015
2015040034,4,40034,1,1,3,4,1,17,50,1,0,1,0,6,1,20,431,20431,16,2000,3GNFK16T5YG2,3,G,N,F,K,1,6,T,5,Y,G,2,0,0,0,Not Applicable,Not Applicable,0,0,0,1,0,0,0,0,0,0,0,998,0,1,5,0,6,2,1,0,0,0,1,6,95815,6,1,0,0,3,3,65,135,0,0,0,0,2,9,2012,6,2013,4,80,0,0,0,2,2,75,1,1,2,1,0,0,1,1,99,3,4,2,,,,1,0,,,,,,,,,,,,,,,,,,,,,,,,,2015
2015040036,4,40036,1,3,6,8,1,15,57,12,1,1,0,4,1,55,33,55033,4,2011,5NPEC4AC6BH1,5,N,P,E,C,4,A,C,6,B,H,1,0,0,0,Not Applicable,Not Applicable,0,0,0,1,0,0,0,0,0,0,0,50,0,0,0,12,6,2,12,0,0,0,1,4,85023,6,1,0,0,3,3,62,265,1,2,0,2,0,10,2010,6,2014,4,26,91,0,0,3,7,65,1,5,2,1,0,0,1,50,99,1,1,20,,,,1,0,,,,,,,,,,,,,,,,,,,,,,,,,2015
2015040036,4,40036,2,3,1,8,1,15,57,12,1,1,0,4,1,35,43,35043,4,2008,3N1AB61E28L6,3,N,1,A,B,6,1,E,2,8,L,6,0,0,0,Not Applicable,Not Applicable,0,0,0,1,0,0,0,0,0,0,0,0,0,0,0,6,6,2,12,0,0,0,1,4,85210,6,1,0,0,3,3,67,150,0,0,0,1,1,12,2012,2,2014,0,0,0,0,0,3,7,65,1,1,2,1,0,0,5,53,99,1,1,21,,,,0,0,,,,,,,,,,,,,,,,,,,,,,,,,2015
2015040036,4,40036,3,3,1,8,1,15,57,12,1,1,0,4,1,54,31,54031,3,1996,JH4DC4441TS0,J,H,4,D,C,4,4,4,1,T,S,0,0,0,0,Not Applicable,Not Applicable,0,0,0,1,0,0,0,0,0,0,0,0,0,0,0,6,4,5,12,0,0,0,1,6,92656,6,1,0,0,3,0,69,168,0,0,0,0,0,0,0,0,0,0,91,0,0,0,3,7,65,1,1,2,1,0,0,5,50,99,1,1,98,,,,0,0,,,,,,,,,,,,,,,,,,,,,,,,,2015
2015040037,4,40037,1,1,1,9,1,0,42,23,0,1,0,4,1,35,47,35047,4,2003,1N4AL11DX3C1,1,N,4,A,L,1,1,D,X,3,C,1,0,0,0,Not Applicable,Not Applicable,0,0,0,1,0,0,0,0,0,0,0,55,0,0,0,12,6,2,23,0,0,0,1,4,85147,6,1,0,0,3,0,60,200,0,1,0,1,0,3,2014,3,2014,0,0,0,0,0,1,8,35,1,1,8,1,0,0,1,12,99,1,4,6,,,,1,1,,,,,,,,,,,,,,,,,,,,,,,,,2015
2015040038,4,40038,1,3,1,9,1,7,8,12,1,1,0,4,1,35,402,35402,14,2004,5N1ED28TX4C6,5,N,1,E,D,2,8,T,X,4,C,6,0,0,0,Not Applicable,Not Applicable,0,0,0,1,0,0,0,0,0,0,0,50,0,0,0,12,6,2,12,0,0,0,1,4,85228,6,1,0,0,3,3,64,170,0,0,0,0,0,0,0,0,0,4,91,0,0,0,1,2,50,1,1,2,1,0,0,1,50,99,1,1,20,,,,0,0,,,,,,,,,,,,,,,,,,,,,,,,,2015
2015040038,4,40038,2,3,1,9,1,7,8,12,1,1,0,4,1,37,31,37031,3,1991,2HGED6348MH5,2,H,G,E,D,6,3,4,8,M,H,5,0,0,0,Not Applicable,Not Applicable,0,0,0,1,0,0,0,0,0,0,0,0,0,0,0,6,6,2,12,0,0,0,1,4,85194,6,1,6,0,3,0,68,145,0,6,1,0,0,10,2010,7,2011,0,0,0,0,0,1,2,50,1,1,2,1,0,0,5,53,99,1,1,22,,,,1,0,,,,,,,,,,,,,,,,,,,,,,,,,2015
2015040038,4,40038,3,3,1,9,1,7,8,12,1,1,0,4,1,20,2,20002,4,1991,1G1BN53E5MW1,1,G,1,B,N,5,3,E,5,M,W,1,0,0,0,Not Applicable,Not Applicable,0,0,0,1,0,0,0,0,0,0,0,55,0,0,0,12,6,2,12,32,0,0,1,4,85132,6,1,0,0,3,0,68,189,0,2,0,0,1,3,2011,1,2014,0,0,0,0,0,1,2,50,1,1,2,1,0,0,1,62,99,1,1,98,,,,0,0,,,,,,,,,,,,,,,,,,,,,,,,,2015
2015040039,4,40039,1,2,1,9,1,23,40,12,6,1,0,4,1,72,706,72706,80,2007,1HD1BW5157Y0,1,H,D,1,B,W,5,1,5,7,Y,0,0,0,0,Not Applicable,Not Applicable,0,0,0,1,0,0,0,0,0,0,0,35,0,0,0,12,6,2,12,0,0,0,1,4,85219,1,1,6,0,2,3,70,200,0,4,0,0,0,4,2011,4,2014,0,39,0,0,0,3,8,45,1,1,8,1,3,3,1,17,99,1,1,83,,,,1,1,,,,,,,,,,,,,,,,,,,,,,,,,2015
2015040039,4,40039,2,2,1,9,1,23,40,12,6,1,0,4,1,54,35,54035,4,2006,19UUA662X6A0,1,9,U,U,A,6,6,2,X,6,A,0,0,0,0,Not Applicable,Not Applicable,0,0,0,1,0,0,0,0,0,0,0,15,0,0,0,62,6,2,12,0,0,0,1,4,85206,6,1,0,0,3,0,67,135,0,1,0,3,0,10,2011,8,2014,0,91,0,0,0,3,8,45,1,1,8,1,3,3,11,66,99,1,1,82,,,,0,1,,,,,,,,,,,,,,,,,,,,,,,,,2015
2015040040,4,40040,1,1,2,11,1,2,50,42,0,1,0,4,2,49,47,49047,6,2007,2T1KR30EX7C6,2,T,1,K,R,3,0,E,X,7,C,6,0,0,0,Not Applicable,Not Applicable,0,0,0,1,0,0,0,0,0,0,0,998,0,0,0,82,6,2,42,0,0,0,1,4,85648,6,1,0,0,3,0,72,245,1,3,0,0,1,6,2010,7,2012,4,91,0,0,0,2,2,75,1,1,2,1,0,0,15,6,6,4,4,8,,,,1,1,,,,,,,,,,,,,,,,,,,,,,,,,2015
2015040041,4,40041,1,1,2,12,1,8,30,33,0,1,0,4,2,20,443,20443,20,2001,1GNDX03E81D1,1,G,N,D,X,0,3,E,8,1,D,1,0,0,0,Not Applicable,Not Applicable,0,0,0,1,0,0,0,0,0,0,0,998,0,0,0,12,6,2,3,0,0,0,1,4,85247,0,0,0,0,0,0,60,230,0,0,0,0,0,0,0,0,0,9,0,0,0,0,3,8,35,3,1,8,2,0,0,14,13,99,1,4,1,,,,1,1,,,,,,,,,,,,,,,,,,,,,,,,,2015
2015040042,4,40042,1,2,1,14,1,22,3,12,1,1,0,4,1,53,705,53705,80,2011,JS1GN7FA8B21,J,S,1,G,N,7,F,A,8,B,2,1,0,0,0,Not Applicable,Not Applicable,0,0,0,1,0,0,0,0,0,0,0,65,0,0,0,12,6,2,12,0,0,0,1,4,85208,6,1,0,0,3,0,66,115,0,0,0,2,0,12,2013,11,2014,3,0,0,0,0,4,2,45,1,1,8,1,0,0,1,50,99,1,1,20,,,,1,1,,,,,,,,,,,,,,,,,,,,,,,,,2015
2015040042,4,40042,2,2,1,14,1,22,3,12,1,1,0,4,1,49,43,49043,4,2014,4T1BD1EB9EU0,4,T,1,B,D,1,E,B,9,E,U,0,0,0,0,Not Applicable,Not Applicable,0,0,0,1,0,0,0,0,0,0,0,0,0,0,0,6,6,2,12,0,0,0,1,4,85259,6,1,0,0,3,3,74,200,0,0,0,1,0,1,2011,1,2011,0,89,0,0,0,4,2,45,1,1,8,1,0,0,5,53,99,1,1,21,,,,0,0,,,,,,,,,,,,,,,,,,,,,,,,,2015
2015040043,4,40043,1,2,2,15,1,9,2,12,99,1,0,4,2,49,402,49402,14,2008,JTMZK32V8850,J,T,M,Z,K,3,2,V,8,8,5,0,0,0,0,Not Applicable,Not Applicable,0,0,0,1,0,0,0,0,0,0,0,998,0,0,0,98,6,2,40,0,0,0,1,4,85297,6,1,0,0,3,0,70,190,0,0,0,0,0,0,0,0,0,0,39,0,0,0,3,8,45,1,1,8,1,3,3,1,17,99,1,1,98,,,,1,0,,,,,,,,,,,,,,,,,,,,,,,,,2015
2015040043,4,40043,2,2,1,15,1,9,2,12,99,1,0,4,1,30,40,30040,4,2013,3VWLL7AJ6DM4,3,V,W,L,L,7,A,J,6,D,M,4,0,0,0,Not Applicable,Not Applicable,0,0,0,1,0,0,0,0,0,0,0,5,0,0,0,82,6,2,12,0,0,0,1,4,85298,6,1,0,0,3,0,71,150,0,0,0,2,0,6,2011,5,2013,0,0,0,0,0,3,8,45,1,1,8,1,3,3,12,63,99,1,1,98,,,,0,0,,,,,,,,,,,,,,,,,,,,,,,,,2015
2015040044,4,40044,1,1,1,24,1,3,26,52,0,1,0,48,3,82,881,82881,66,2001,1FUJBBCG81PB,1,F,U,J,B,B,C,G,8,1,P,B,1,1,57,1302508,571302508,3,6,1,1,0,0,0,0,0,0,0,998,0,1,3,98,6,2,2,0,0,1,1,48,77493,6,1,6,0,3,0,67,200,0,0,0,0,0,0,0,0,0,0,99,99,99,99,3,2,75,2,1,2,1,0,0,14,12,99,1,4,6,,,,1,0,,,,,,,,,,,,,,,,,,,,,,,,,2015
2015040045,4,40045,1,3,1,24,1,19,3,12,1,1,0,4,3,20,422,20422,15,2013,1GNSCJE04DR2,1,G,N,S,C,J,E,0,4,D,R,2,0,0,0,Not Applicable,Not Applicable,0,0,0,1,0,0,0,0,0,1,0,65,0,0,0,12,6,2,12,0,0,0,1,4,85008,6,1,2,0,3,0,67,140,0,2,0,0,2,10,2011,10,2014,4,91,0,0,0,3,7,65,1,1,2,1,0,0,1,50,99,1,1,20,,,,0,0,,,,,,,,,,,,,,,,,,,,,,,,,2015
2015040045,4,40045,2,3,2,24,1,19,3,12,1,1,0,4,1,49,43,49043,4,2011,4T1BK3DB2BU4,4,T,1,B,K,3,D,B,2,B,U,4,0,0,0,Not Applicable,Not Applicable,0,0,0,1,0,0,0,0,0,0,0,0,0,0,0,6,6,2,12,32,0,0,1,4,85209,6,1,0,0,3,0,61,175,0,0,0,0,0,0,0,0,0,0,0,0,0,0,3,7,65,1,1,2,1,0,0,5,53,99,1,1,21,,,,1,0,,,,,,,,,,,,,,,,,,,,,,,,,2015
2015040045,4,40045,3,3,2,24,1,19,3,12,1,1,0,4,1,35,473,35473,31,2006,1N6BA07B76N5,1,N,6,B,A,0,7,B,7,6,N,5,0,0,0,Not Applicable,Not Applicable,0,0,0,1,0,0,0,0,0,0,0,0,0,0,0,6,6,2,12,0,0,0,1,4,85338,6,1,0,0,3,0,72,220,0,0,0,1,1,10,2010,9,2012,0,89,0,0,0,3,7,65,1,1,2,1,0,0,5,53,99,1,1,98,,,,0,0,,,,,,,,,,,,,,,,,,,,,,,,,2015
2015040046,4,40046,1,3,1,31,1,17,59,12,1,1,0,4,1,12,481,12481,31,2006,1FTPX14556KA,1,F,T,P,X,1,4,5,5,6,K,A,0,0,0,Not Applicable,Not Applicable,0,0,0,1,0,0,0,0,0,0,0,998,0,1,3,12,6,2,1,0,0,0,1,4,86301,6,1,0,0,3,0,64,140,1,4,2,0,0,6,2012,10,2012,4,27,0,0,0,2,2,75,1,6,2,1,0,0,15,51,7,1,3,32,,,,1,1,,,,,,,,,,,,,,,,,,,,,,,,,2015
2015040046,4,40046,2,3,2,31,1,17,59,12,1,1,0,4,1,12,481,12481,31,2015,1FTEW1EGXFFA,1,F,T,E,W,1,E,G,X,F,F,A,0,0,0,Not Applicable,Not Applicable,0,0,0,1,0,0,0,0,0,0,0,75,0,0,0,6,2,5,12,0,0,0,1,4,85379,6,1,0,0,3,0,69,190,0,0,0,0,0,0,0,0,0,0,0,0,0,0,2,2,75,1,6,2,1,0,0,1,53,99,1,1,32,,,,0,0,,,,,,,,,,,,,,,,,,,,,,,,,2015
2015040046,4,40046,3,3,2,31,1,17,59,12,1,1,0,6,4,2,422,2422,15,2014,1C4RJFBG4EC5,1,C,4,R,J,F,B,G,4,E,C,5,0,0,0,Not Applicable,Not Applicable,0,0,0,1,0,0,0,0,0,0,0,65,0,0,0,12,6,2,12,0,0,0,1,6,91909,6,1,0,0,3,3,66,167,0,0,0,0,0,0,0,0,0,0,0,0,0,0,2,2,75,1,5,2,1,0,0,1,62,9,9,3,98,,,,0,0,,,,,,,,,,,,,,,,,,,,,,,,,2015
2015040047,4,40047,1,2,2,31,1,18,35,12,6,1,0,4,1,20,16,20016,4,2003,1G1JF52F7372,1,G,1,J,F,5,2,F,7,3,7,2,0,0,0,Not Applicable,Not Applicable,0,0,0,1,0,0,0,0,0,0,0,15,0,0,0,62,6,2,12,0,0,0,1,4,85356,6,1,0,0,3,0,63,170,0,0,0,0,0,0,0,0,0,0,38,0,0,0,0,0,0,0,0,0,0,0,0,11,15,99,1,7,82,,,,1,0,,,,,,,,,,,,,,,,,,,,,,,,,2015
2015040047,4,40047,2,2,2,31,1,18,35,12,6,1,0,41,1,18,22,18022,4,2011,1G4GC5GC3BF3,1,G,4,G,C,5,G,C,3,B,F,3,0,0,0,Not Applicable,Not Applicable,0,0,0,1,0,0,0,0,0,0,0,45,0,0,0,12,6,2,12,0,0,0,1,32,89508,9,1,0,0,9,0,68,210,0,0,0,1,1,4,2011,4,2014,0,0,0,0,0,1,2,45,1,1,2,1,0,0,1,72,99,1,1,83,,,,0,0,,,,,,,,,,,,,,,,,,,,,,,,,2015
2015040048,4,40048,1,1,1,31,1,22,15,31,0,1,0,4,2,98,733,98733,90,2005,4XACA32A7545,4,X,A,C,A,3,2,A,7,5,4,5,0,0,0,Not Applicable,Not Applicable,0,0,0,1,0,0,0,0,0,0,0,40,0,1,2,9,6,2,1,0,0,0,1,4,86413,6,1,0,0,3,0,67,145,0,0,0,0,0,0,0,0,0,0,0,0,0,0,1,2,25,3,1,2,1,40,3,14,12,7,1,4,6,,,,1,1,,,,,,,,,,,,,,,,,,,,,,,,,2015
2015040049,4,40049,1,2,4,8,1,17,6,12,2,1,1,4,2,20,2,20002,4,2003,2G1WF52E2393,2,G,1,W,F,5,2,E,2,3,9,3,0,0,0,Not Applicable,Not Applicable,0,0,0,1,0,0,0,0,0,0,0,68,0,0,0,12,6,2,12,0,0,0,1,4,85601,1,1,0,0,2,0,68,155,0,8,0,0,0,2,2010,11,2010,4,28,91,0,0,1,2,50,1,1,2,2,0,0,6,10,99,1,2,50,,,,0,0,,,,,,,,,,,,,,,,,,,,,,,,,2015
2015040049,4,40049,2,2,2,8,1,17,6,12,2,1,0,4,1,12,37,12037,6,2007,1FAHP36N07W1,1,F,A,H,P,3,6,N,0,7,W,1,0,0,0,Not Applicable,Not Applicable,0,0,0,1,0,0,0,0,0,0,0,50,0,0,0,12,6,2,12,0,0,0,1,4,85736,6,1,6,0,3,3,62,136,0,0,0,0,1,1,2010,1,2010,0,0,0,0,0,1,2,50,1,1,2,2,0,0,1,62,7,1,3,51,,,,1,0,,,,,,,,,,,,,,,,,,,,,,,,,2015
2015040050,4,40050,1,1,1,11,1,20,36,8,0,1,0,4,1,35,473,35473,31,2006,1N6AA06A16N5,1,N,6,A,A,0,6,A,1,6,N,5,0,0,0,Not Applicable,Not Applicable,0,0,0,1,0,0,0,0,0,0,0,60,0,0,0,12,4,3,8,0,0,0,1,4,85128,6,1,0,0,3,3,67,249,0,0,0,0,0,0,0,0,0,0,0,0,0,0,8,8,65,1,1,2,2,0,0,1,82,99,1,1,13,,,,0,0,,,,,,,,,,,,,,,,,,,,,,,,,2015
2015040051,4,40051,1,1,1,23,1,23,13,43,0,1,0,4,1,73,706,73706,80,2006,JKBVNKD116A0,J,K,B,V,N,K,D,1,1,6,A,0,0,0,0,Not Applicable,Not Applicable,0,0,0,1,0,0,0,0,0,0,0,998,0,0,0,12,6,2,43,0,0,0,1,4,85286,6,1,0,0,3,0,71,250,0,0,0,0,0,0,0,0,0,4,0,0,0,0,1,2,25,1,1,2,1,20,3,1,14,99,1,4,14,,,,1,1,,,,,,,,,,,,,,,,,,,,,,,,,2015
2015040052,4,40052,1,3,2,24,1,21,56,33,0,1,0,4,2,7,4,7004,1,2004,1B3JZ65Z94V1,1,B,3,J,Z,6,5,Z,9,4,V,1,0,0,0,Not Applicable,Not Applicable,0,0,0,1,0,0,0,0,0,0,0,998,0,1,3,82,6,2,1,0,0,0,1,4,85257,6,1,0,0,3,0,74,190,0,0,0,1,0,8,2010,8,2010,3,0,0,0,0,3,2,40,1,1,8,1,0,0,1,13,99,1,4,1,,,,1,1,,,,,,,,,,,,,,,,,,,,,,,,,2015
2015040052,4,40052,2,3,2,24,1,21,56,33,0,1,0,30,4,20,21,20021,4,2014,6G3F15RW5EL9,6,G,3,F,1,5,R,W,5,E,L,9,0,0,0,Not Applicable,Not Applicable,0,0,0,1,0,0,0,0,0,0,0,998,0,0,0,12,6,2,54,0,0,0,1,4,85260,6,1,0,0,3,3,73,190,0,0,0,0,0,0,0,0,0,0,0,0,0,0,2,2,40,1,1,8,1,0,0,1,98,99,1,9,98,,,,0,0,,,,,,,,,,,,,,,,,,,,,,,,,2015
2015040052,4,40052,3,3,2,24,1,21,56,33,0,1,0,4,1,59,32,59032,4,2007,JTHBL46FX750,J,T,H,B,L,4,6,F,X,7,5,0,0,0,0,Not Applicable,Not Applicable,0,0,0,1,0,0,0,0,0,0,0,998,0,0,0,12,6,2,54,0,0,0,1,4,85028,6,1,0,0,3,3,72,210,0,0,0,0,0,0,0,0,0,0,0,0,0,0,2,2,40,1,1,8,1,0,0,1,98,99,1,1,98,,,,0,0,,,,,,,,,,,,,,,,,,,,,,,,,2015
2015040053,4,40053,1,2,1,26,1,16,35,12,6,1,0,4,1,42,42,42042,4,1998,WDBHA23G9WA6,W,D,B,H,A,2,3,G,9,W,A,6,0,0,0,Not Applicable,Not Applicable,0,0,0,1,0,0,0,0,0,0,0,10,0,0,0,81,6,2,12,0,0,0,1,4,85023,6,1,0,0,3,3,70,195,0,0,0,0,0,0,0,0,0,0,38,91,0,0,5,6,45,1,1,2,1,0,0,11,15,99,1,1,68,,,,0,0,,,,,,,,,,,,,,,,,,,,,,,,,2015
2015040053,4,40053,2,2,1,26,1,16,35,12,6,1,0,4,1,72,706,72706,80,2006,1HD1KBW186Y6,1,H,D,1,K,B,W,1,8,6,Y,6,0,0,0,Not Applicable,Not Applicable,0,0,0,1,0,0,0,0,0,0,0,41,0,0,0,12,6,2,12,0,0,0,1,4,86333,6,1,0,0,3,0,68,160,0,0,0,0,0,0,0,0,0,0,0,0,0,0,5,6,45,1,1,2,1,0,0,1,62,3,1,1,69,,,,1,0,,,,,,,,,,,,,,,,,,,,,,,,,2015
2015040054,4,40054,1,1,2,31,1,17,7,8,0,1,1,4,2,55,36,55036,4,2002,KMHCG45C72U3,K,M,H,C,G,4,5,C,7,2,U,3,0,0,0,Not Applicable,Not Applicable,0,0,0,1,0,0,0,0,0,0,0,45,0,0,0,12,2,5,8,0,0,0,1,4,85022,1,1,0,0,2,0,72,165,1,7,1,3,1,4,2010,8,2012,4,38,0,0,0,2,3,45,1,1,2,1,0,0,1,80,99,1,1,13,,,,0,0,,,,,,,,,,,,,,,,,,,,,,,,,2015
2015040055,4,40055,1,2,1,8,1,20,2,12,6,1,0,4,1,20,481,20481,31,2003,1GCEC19X63Z1,1,G,C,E,C,1,9,X,6,3,Z,1,0,0,0,Not Applicable,Not Applicable,0,0,0,1,0,0,0,0,0,0,0,86,0,0,0,12,6,2,12,0,0,0,1,4,85306,6,1,0,0,3,0,72,220,0,0,0,0,0,0,0,0,0,4,39,91,0,0,1,7,40,1,1,2,1,3,3,1,17,99,1,1,88,,,,0,1,,,,,,,,,,,,,,,,,,,,,,,,,2015
2015040055,4,40055,2,2,1,8,1,20,2,12,6,1,0,4,1,55,42,55042,3,2013,KMHTC6AD2DU0,K,M,H,T,C,6,A,D,2,D,U,0,0,0,0,Not Applicable,Not Applicable,0,0,0,1,0,0,0,0,0,0,0,34,0,0,0,61,6,2,12,0,0,0,1,4,85053,6,1,0,0,3,0,71,140,0,0,0,0,0,0,0,0,0,0,0,0,0,0,1,7,40,1,1,2,1,3,3,1,66,99,1,1,89,,,,1,0,,,,,,,,,,,,,,,,,,,,,,,,,2015
2015040056,4,40056,1,1,1,9,1,18,27,8,0,1,0,4,1,49,44,49044,1,2006,4T1FA38P16U0,4,T,1,F,A,3,8,P,1,6,U,0,0,0,0,Not Applicable,Not Applicable,0,0,0,1,0,0,0,0,0,0,0,28,0,0,0,12,2,5,8,0,0,0,1,4,85383,6,1,0,0,3,0,68,140,0,0,0,0,0,0,0,0,0,0,0,0,0,0,1,2,35,1,1,2,1,0,0,1,80,99,1,1,13,,,,0,0,,,,,,,,,,,,,,,,,,,,,,,,,2015