accident_id,STATE,ST_CASE,VEH_NO,VE_FORMS,NUMOCCS,DAY,MONTH,HOUR,MINUTE,HARM_EV,MAN_COLL,UNITTYPE,HIT_RUN,REG_STAT,OWNER,MAKE,MODEL,MAK_MOD,BODY_TYP,MOD_YEAR,VIN,VIN_1,VIN_2,VIN_3,VIN_4,VIN_5,VIN_6,VIN_7,VIN_8,VIN_9,VIN_10,VIN_11,VIN_12,TOW_VEH,J_KNIFE,MCARR_I1,MCARR_I2,MCARR_ID,GVWR,V_CONFIG,CARGO_BT,HAZ_INV,HAZ_PLAC,HAZ_ID,HAZ_CNO,HAZ_REL,BUS_USE,SPEC_USE,EMER_USE,TRAV_SP,UNDERIDE,ROLLOVER,ROLINLOC,IMPACT1,DEFORMED,TOWED,M_HARM,VEH_SC1,VEH_SC2,FIRE_EXP,DR_PRES,L_STATE,DR_ZIP,L_STATUS,L_TYPE,CDL_STAT,L_ENDORS,L_COMPL,L_RESTRI,DR_HGT,DR_WGT,PREV_ACC,PREV_SUS,PREV_DWI,PREV_SPD,PREV_OTH,FIRST_MO,FIRST_YR,LAST_MO,LAST_YR,SPEEDREL,DR_SF1,DR_SF2,DR_SF3,DR_SF4,VTRAFWAY,VNUM_LAN,VSPD_LIM,VALIGN,VPROFILE,VPAVETYP,VSURCOND,VTRAFCON,VTCONT_F,P_CRASH1,P_CRASH2,P_CRASH3,PCRASH4,PCRASH5,ACC_TYPE,TRLR1VIN,TRLR2VIN,TRLR3VIN,DEATHS,DR_DRINK,VINTYPE,VINMAKE,VINA_MOD,VIN_BT,VINMODYR,VIN_LNGT,VIN_WGT,WGTCD_TR,WHLBS_LG,WHLBS_SH,SER_TR,FUELCODE,MCYCL_DS,CARBUR,CYLINDER,DISPLACE,MCYCL_CY,MCYCL_WT,TIRE_SZE,TON_RAT,TRK_WT,TRKWTVAR,VIN_REST,WHLDRWHL,Year
2015040057,4,40057,1,2,2,10,1,13,11,12,6,1,0,4,1,37,31,37031,4,2014,19XFB2F52EE0,1,9,X,F,B,2,F,5,2,E,E,0,0,0,0,Not Applicable,Not Applicable,0,0,0,1,0,0,0,0,0,0,0,14,0,0,0,9,6,2,12,0,0,0,1,4,85051,6,1,0,0,3,3,68,230,0,2,0,2,0,8,2013,10,2014,0,39,0,0,0,1,2,25,1,1,2,2,20,3,1,17,99,1,1,89,,,,1,0,,,,,,,,,,,,,,,,,,,,,,,,,2015
2015040057,4,40057,2,2,1,10,1,13,11,12,6,1,0,4,1,6,44,6044,4,1997,1C3EJ56H8VN6,1,C,3,E,J,5,6,H,8,V,N,6,0,0,0,Not Applicable,Not Applicable,0,0,0,1,0,0,0,0,0,0,0,38,0,0,0,12,6,2,12,0,0,0,1,4,85008,6,1,0,0,3,0,75,180,1,2,0,1,0,2,2014,11,2014,0,0,0,0,0,1,2,30,1,1,2,2,0,0,1,66,99,1,1,88,,,,0,0,,,,,,,,,,,,,,,,,,,,,,,,,2015
2015040058,4,40058,1,3,1,11,1,0,12,12,1,1,0,4,1,49,40,49040,4,2011,4T1BF3EK0BU6,4,T,1,B,F,3,E,K,0,B,U,6,0,0,0,Not Applicable,Not Applicable,0,0,0,1,0,0,0,0,0,0,0,999,0,0,0,12,6,2,12,32,0,0,1,4,85373,6,1,0,0,3,0,73,180,0,0,0,0,0,0,0,0,0,4,0,0,0,0,1,2,45,1,1,2,1,0,0,1,51,99,9,1,24,,,,1,0,,,,,,,,,,,,,,,,,,,,,,,,,2015
2015040058,4,40058,2,3,2,11,1,0,12,12,1,1,0,4,2,20,482,20482,31,2013,3GCPCSE01DG1,3,G,C,P,C,S,E,0,1,D,G,1,0,0,0,Not Applicable,Not Applicable,0,0,0,1,0,0,0,0,0,0,0,44,0,1,5,6,6,2,1,0,0,0,1,4,85031,6,1,0,0,3,0,66,150,0,0,0,0,0,0,0,0,0,0,0,0,0,0,1,2,45,1,1,2,1,0,0,1,53,99,9,1,25,,,,0,0,,,,,,,,,,,,,,,,,,,,,,,,,2015
2015040058,4,40058,3,3,1,11,1,0,12,12,1,1,0,4,1,20,32,20032,4,1997,1Y1SK5265VZ4,1,Y,1,S,K,5,2,6,5,V,Z,4,0,0,0,Not Applicable,Not Applicable,0,0,0,1,0,0,0,0,0,0,0,998,0,0,0,12,6,2,12,0,0,0,1,4,85304,6,1,0,0,3,3,60,110,0,0,0,0,0,0,0,0,0,0,0,0,0,0,1,2,45,1,1,2,1,0,0,1,62,9,9,1,98,,,,0,0,,,,,,,,,,,,,,,,,,,,,,,,,2015
2015040059,4,40059,1,1,1,14,1,21,22,8,0,1,1,4,1,34,35,34035,4,2011,WBAFR1C56BC7,W,B,A,F,R,1,C,5,6,B,C,7,0,0,0,Not Applicable,Not Applicable,0,0,0,1,0,0,0,0,0,0,0,42,0,0,0,12,9,5,8,0,0,0,1,4,85249,6,1,0,0,3,0,64,138,0,0,0,0,0,0,0,0,0,0,0,0,0,0,2,3,45,1,1,2,1,0,0,1,81,2,1,2,13,,,,0,0,,,,,,,,,,,,,,,,,,,,,,,,,2015
2015040060,4,40060,1,1,1,17,1,2,27,33,0,1,0,4,1,77,706,77706,80,2013,5VPHA36N2D30,5,V,P,H,A,3,6,N,2,D,3,0,0,0,0,Not Applicable,Not Applicable,0,0,0,1,0,0,0,0,0,0,0,55,0,0,0,82,6,2,30,0,0,0,1,4,85308,6,1,0,0,3,0,71,180,0,0,0,0,1,10,2013,10,2013,4,0,0,0,0,2,3,35,3,1,2,1,0,0,14,13,99,1,4,1,,,,1,1,,,,,,,,,,,,,,,,,,,,,,,,,2015
2015040061,4,40061,1,1,1,19,1,18,33,8,0,1,0,4,1,7,482,7482,31,2002,1D7HU18N12J2,1,D,7,H,U,1,8,N,1,2,J,2,0,0,0,Not Applicable,Not Applicable,0,0,0,1,0,0,0,0,0,0,0,998,0,0,0,12,6,2,8,0,0,0,1,4,85302,6,1,0,0,3,0,65,100,1,3,0,1,0,1,2011,3,2011,0,0,0,0,0,5,7,40,1,1,2,1,0,0,1,80,1,1,1,13,,,,0,1,,,,,,,,,,,,,,,,,,,,,,,,,2015
2015040062,4,40062,1,1,1,22,1,19,57,15,0,1,0,99,9,20,499,20499,20,1991,Unknown,9,9,9,9,9,9,9,9,9,9,9,9,0,0,0,Not Applicable,Not Applicable,0,0,0,1,0,0,0,0,0,0,0,999,0,0,0,12,9,9,15,0,0,0,1,4,85006,0,0,0,0,0,0,999,999,0,0,0,0,0,0,0,0,0,9,38,0,0,0,9,9,99,9,9,2,99,0,0,1,80,99,9,9,13,,,,0,0,,,,,,,,,,,,,,,,,,,,,,,,,2015
2015040063,4,40063,1,1,1,23,1,5,55,8,0,1,1,4,3,82,884,82884,63,2001,1FVHAEAS21LJ,1,F,V,H,A,E,A,S,2,1,L,J,0,0,88,None,None,3,2,97,1,0,0,0,0,0,0,0,40,0,0,0,12,0,5,8,0,0,0,1,4,85323,6,1,0,0,3,0,63,170,0,0,0,0,0,0,0,0,0,0,0,0,0,0,1,2,45,1,1,2,1,0,0,1,80,1,1,1,13,,,,0,0,,,,,,,,,,,,,,,,,,,,,,,,,2015
2015040064,4,40064,1,3,2,3,2,10,53,12,1,1,0,4,2,49,40,49040,4,2007,4T1BK46KX7U5,4,T,1,B,K,4,6,K,X,7,U,5,0,0,0,Not Applicable,Not Applicable,0,0,0,1,0,0,0,0,0,0,0,51,0,0,0,12,6,2,12,0,0,0,1,4,85741,0,0,0,0,0,0,69,138,0,0,0,0,0,0,0,0,0,4,91,0,0,0,2,5,45,1,1,8,1,2,3,1,52,99,1,1,28,,,,0,0,,,,,,,,,,,,,,,,,,,,,,,,,2015
2015040064,4,40064,2,3,1,3,2,10,53,12,1,1,0,4,1,12,37,12037,4,2012,1FAHP3F25CL3,1,F,A,H,P,3,F,2,5,C,L,3,0,0,0,Not Applicable,Not Applicable,0,0,0,1,0,0,0,0,0,0,0,5,0,0,0,6,6,2,12,0,0,0,1,4,85704,6,1,0,0,3,3,69,145,0,0,0,1,0,10,2014,10,2014,0,0,0,0,0,2,5,45,1,1,8,1,2,3,2,53,99,1,1,29,,,,1,0,,,,,,,,,,,,,,,,,,,,,,,,,2015
2015040064,4,40064,3,3,1,3,2,10,53,12,1,1,0,4,1,37,31,37031,2,2005,1HGEM215X5L0,1,H,G,E,M,2,1,5,X,5,L,0,0,0,0,Not Applicable,Not Applicable,0,0,0,1,0,0,0,0,0,0,0,0,0,0,0,83,4,5,12,0,0,0,1,4,85743,6,1,0,0,3,0,73,180,0,2,1,0,0,2,2012,10,2012,0,0,0,0,0,2,5,45,1,1,8,1,2,3,5,53,99,1,1,98,,,,0,0,,,,,,,,,,,,,,,,,,,,,,,,,2015
2015040065,4,40065,1,1,1,3,2,18,45,8,0,1,0,4,2,49,471,49471,30,1993,4TARN01P6PZ0,4,T,A,R,N,0,1,P,6,P,Z,0,0,0,0,Not Applicable,Not Applicable,0,0,0,1,0,0,0,0,0,0,0,35,0,0,0,12,2,5,8,0,0,0,1,4,86409,6,1,0,0,3,0,60,145,0,0,0,0,0,0,0,0,0,0,0,0,0,0,5,5,35,1,1,8,1,0,0,1,80,9,2,1,13,,,,0,0,,,,,,,,,,,,,,,,,,,,,,,,,2015
2015040066,4,40066,1,1,6,4,2,15,4,17,0,1,0,4,2,20,431,20431,16,1999,1GNFK16R0XJ5,1,G,N,F,K,1,6,R,0,X,J,5,0,0,0,Not Applicable,Not Applicable,0,0,0,1,0,0,0,0,0,0,0,998,0,1,3,98,6,2,1,0,0,0,1,4,86442,6,1,0,0,3,3,73,200,0,0,0,0,0,0,0,0,0,4,80,0,0,0,2,2,65,1,6,2,1,0,0,1,1,99,9,4,7,,,,1,0,,,,,,,,,,,,,,,,,,,,,,,,,2015
2015040067,4,40067,1,3,1,5,2,9,25,12,6,1,0,4,1,21,2,21002,4,1994,1G3HY52L2RH3,1,G,3,H,Y,5,2,L,2,R,H,3,0,0,0,Not Applicable,Not Applicable,0,0,0,1,0,0,0,0,0,0,0,5,0,0,0,62,6,2,12,0,0,0,1,4,85746,6,1,0,0,3,3,73,185,0,0,0,0,0,0,0,0,0,0,38,0,0,0,0,0,0,0,0,0,0,0,0,1,17,99,1,1,89,,,,1,0,,,,,,,,,,,,,,,,,,,,,,,,,2015
2015040067,4,40067,2,3,1,5,2,9,25,12,6,1,0,4,1,20,2,20002,4,2013,2G1WG5E38D11,2,G,1,W,G,5,E,3,8,D,1,1,0,0,0,Not Applicable,Not Applicable,0,0,0,1,0,0,0,0,0,0,0,40,0,0,0,12,6,2,12,0,0,0,1,4,85706,6,1,0,0,3,0,70,160,0,0,0,0,2,6,2013,2,2014,0,0,0,0,0,2,4,40,1,1,8,1,0,0,1,71,99,1,1,88,,,,0,0,,,,,,,,,,,,,,,,,,,,,,,,,2015
2015040067,4,40067,3,3,1,5,2,9,25,12,6,1,0,4,1,20,2,20002,4,2005,1G1ND52F75M1,1,G,1,N,D,5,2,F,7,5,M,1,0,0,0,Not Applicable,Not Applicable,0,0,0,1,0,0,0,0,0,0,0,0,0,0,0,12,4,5,12,0,0,0,1,4,85730,6,1,0,0,3,3,60,130,0,0,0,0,0,0,0,0,0,0,0,0,0,0,2,4,40,1,1,8,1,0,0,5,71,99,1,1,98,,,,0,0,,,,,,,,,,,,,,,,,,,,,,,,,2015
2015040068,4,40068,1,2,1,5,2,16,48,35,0,1,0,4,2,37,706,37706,80,2006,JH2SC57006M2,J,H,2,S,C,5,7,0,0,6,M,2,0,0,0,Not Applicable,Not Applicable,0,0,0,1,0,0,0,0,0,0,0,998,0,0,0,12,6,2,35,0,0,0,1,4,85207,6,1,0,0,3,0,75,160,0,0,0,0,0,0,0,0,0,4,0,0,0,0,1,2,45,2,6,2,1,40,3,14,12,99,1,4,6,,,,1,0,,,,,,,,,,,,,,,,,,,,,,,,,2015
2015040068,4,40068,2,2,1,5,2,16,48,35,0,1,0,4,1,76,705,76705,80,2004,JYARJ06EX4A0,J,Y,A,R,J,0,6,E,X,4,A,0,0,0,0,Not Applicable,Not Applicable,0,0,0,1,0,0,0,0,0,0,0,998,0,0,0,0,6,2,5,0,0,0,1,4,85213,6,1,0,0,3,0,72,230,0,0,0,0,0,0,0,0,0,4,0,0,0,0,1,2,45,2,6,2,1,40,3,14,10,3,2,4,98,,,,0,0,,,,,,,,,,,,,,,,,,,,,,,,,2015
2015040069,4,40069,1,2,2,5,2,23,59,12,2,1,0,4,2,7,482,7482,31,2007,1D7KS28C47J5,1,D,7,K,S,2,8,C,4,7,J,5,0,0,0,Not Applicable,Not Applicable,0,0,0,1,0,0,0,0,0,0,0,998,0,0,0,12,6,2,12,0,0,1,1,4,86505,0,0,0,0,0,0,66,120,0,0,0,0,0,0,0,0,0,0,28,0,0,0,1,2,55,1,6,2,1,0,0,1,10,99,1,2,50,,,,2,1,,,,,,,,,,,,,,,,,,,,,,,,,2015
2015040069,4,40069,2,2,2,5,2,23,59,12,2,1,0,4,1,7,482,7482,31,2004,1D7HU18D84S7,1,D,7,H,U,1,8,D,8,4,S,7,0,0,0,Not Applicable,Not Applicable,0,0,0,1,0,0,0,0,0,0,0,998,0,0,0,12,6,2,12,0,0,0,1,4,86503,6,1,0,0,3,3,68,210,0,0,0,1,0,4,2010,4,2010,0,0,0,0,0,1,2,55,1,5,2,1,0,0,1,62,99,1,1,51,,,,2,0,,,,,,,,,,,,,,,,,,,,,,,,,2015
2015040070,4,40070,1,2,1,6,2,7,3,12,6,1,0,4,2,37,32,37032,2,1990,1HGCB7252LA0,1,H,G,C,B,7,2,5,2,L,A,0,0,0,0,Not Applicable,Not Applicable,0,0,0,1,0,0,0,0,0,0,0,1,0,0,0,9,6,2,12,0,0,1,1,4,85735,6,1,0,0,3,0,73,250,0,1,0,1,1,1,2014,11,2014,0,38,0,0,0,1,3,65,1,1,2,1,20,3,11,15,99,1,1,82,,,,1,0,,,,,,,,,,,,,,,,,,,,,,,,,2015
2015040070,4,40070,2,2,2,6,2,7,3,12,6,1,0,4,2,20,481,20481,31,2002,1GCHK23UX2F2,1,G,C,H,K,2,3,U,X,2,F,2,0,0,0,Not Applicable,Not Applicable,0,0,0,1,0,0,0,0,0,0,0,55,0,0,0,12,6,2,12,0,0,0,1,4,85634,6,1,0,0,3,0,64,220,0,1,0,1,0,6,2010,6,2010,0,0,0,0,0,1,3,65,1,1,2,1,0,0,1,67,99,1,1,83,,,,0,0,,,,,,,,,,,,,,,,,,,,,,,,,2015
2015040071,4,40071,1,1,2,7,2,9,11,5,0,1,0,55,1,37,706,37706,80,2003,1HFSC47093A2,1,H,F,S,C,4,7,0,9,3,A,2,0,0,0,Not Applicable,Not Applicable,0,0,0,1,0,0,0,0,0,0,0,40,0,0,0,0,6,2,5,0,0,0,1,55,54494,6,1,0,0,3,3,68,180,0,0,0,0,0,0,0,0,0,0,80,0,0,0,2,2,35,2,1,2,1,0,0,14,1,1,1,3,0,,,,1,0,,,,,,,,,,,,,,,,,,,,,,,,,2015
2015040072,4,40072,1,2,1,7,2,20,46,12,1,1,0,4,1,98,734,98734,90,2011,4XAVE76A2BD1,4,X,A,V,E,7,6,A,2,B,D,1,0,0,0,Not Applicable,Not Applicable,0,0,0,1,0,0,0,0,0,0,0,0,0,0,0,6,6,2,12,0,0,0,1,4,86403,6,1,0,0,3,0,77,200,0,0,0,0,0,0,0,0,0,0,23,54,0,0,5,3,35,1,1,2,1,0,0,5,53,99,1,1,21,,,,1,0,,,,,,,,,,,,,,,,,,,,,,,,,2015
2015040072,4,40072,2,2,1,7,2,20,46,12,1,1,0,4,2,20,25,20025,4,2013,1G1PA5SH2D72,1,G,1,P,A,5,S,H,2,D,7,2,0,0,0,Not Applicable,Not Applicable,0,0,0,1,0,0,0,0,0,0,0,35,0,0,0,12,6,2,12,0,0,0,1,4,86404,6,1,0,0,3,0,64,115,0,0,0,0,0,0,0,0,0,0,0,0,0,0,5,3,35,1,1,2,1,0,0,1,50,1,1,1,20,,,,0,0,,,,,,,,,,,,,,,,,,,,,,,,,2015
2015040073,4,40073,1,1,6,9,2,11,25,1,0,1,0,4,2,49,421,49421,15,1976,FJ40219440,F,J,4,0,2,1,9,4,4,0,,,0,0,0,Not Applicable,Not Applicable,0,0,0,1,0,0,0,0,0,0,0,998,0,1,1,0,6,2,1,0,0,0,1,4,86040,6,1,0,0,3,0,71,162,0,0,0,0,0,0,0,0,0,0,27,0,0,0,5,4,40,1,6,2,1,0,0,11,15,6,1,1,98,,,,1,1,,,,,,,,,,,,,,,,,,,,,,,,,2015
2015040074,4,40074,1,1,1,11,2,20,39,8,0,1,0,4,1,49,43,49043,4,2005,4T1BK36B75U0,4,T,1,B,K,3,6,B,7,5,U,0,0,0,0,Not Applicable,Not Applicable,0,0,0,1,0,0,0,0,0,0,0,40,0,0,0,12,2,3,8,0,0,0,1,4,85715,6,1,0,0,3,3,68,220,0,0,0,2,0,11,2011,7,2013,0,0,0,0,0,2,4,40,1,1,8,1,0,0,1,80,8,1,1,13,,,,0,0,,,,,,,,,,,,,,,,,,,,,,,,,2015
2015040075,4,40075,1,2,1,12,2,18,30,12,1,1,0,6,3,82,881,82881,66,2003,1FUBAHCG43LL,1,F,U,B,A,H,C,G,4,3,L,L,1,1,57,2266438,572266438,3,6,1,1,0,0,0,0,0,0,0,35,0,1,5,6,6,2,12,0,0,0,1,6,90805,6,1,6,0,3,0,73,300,0,0,0,0,1,10,2013,10,2013,0,31,0,0,0,2,2,75,1,1,2,1,0,0,8,53,1,1,7,25,,,,0,0,,,,,,,,,,,,,,,,,,,,,,,,,2015
2015040075,4,40075,2,2,2,12,2,18,30,12,1,1,0,18,3,84,881,84881,66,2009,2HSCUAPR79C0,2,H,S,C,U,A,P,R,7,9,C,0,2,1,57,265752,57265752,3,7,1,1,0,0,0,0,0,0,0,65,0,1,5,12,6,2,12,0,0,1,1,37,28227,6,1,6,0,3,3,68,225,0,0,0,0,0,0,0,0,0,0,0,0,0,0,2,2,75,1,1,2,1,0,0,1,51,6,1,3,24,,,,1,0,,,,,,,,,,,,,,,,,,,,,,,,,2015
2015040076,4,40076,1,1,2,13,2,4,30,52,0,1,0,18,3,85,881,85881,66,2014,1XKYD49X0EJ3,1,X,K,Y,D,4,9,X,0,E,J,3,1,1,57,00074432,5700074432,3,6,1,1,0,0,0,0,0,0,0,70,0,0,0,12,6,2,34,0,0,0,1,48,77831,6,1,6,0,3,0,70,205,0,0,0,0,0,0,0,0,0,4,0,0,0,0,3,2,75,1,1,2,1,0,0,1,12,99,1,4,6,,,,1,0,,,,,,,,,,,,,,,,,,,,,,,,,2015
2015040077,4,40077,1,1,1,13,2,16,49,8,0,1,0,4,1,49,32,49032,4,1992,1NXAE94A7NZ3,1,N,X,A,E,9,4,A,7,N,Z,3,0,0,0,Not Applicable,Not Applicable,0,0,0,1,0,0,0,0,0,0,0,25,0,0,0,12,2,5,8,0,0,0,1,4,85748,6,1,0,0,3,3,64,175,1,3,0,2,2,7,2011,10,2014,0,0,0,0,0,1,2,25,3,1,8,1,0,0,14,80,1,1,1,13,,,,0,0,,,,,,,,,,,,,,,,,,,,,,,,,2015
2015040078,4,40078,1,2,1,15,2,5,52,12,8,1,0,49,1,20,481,20481,31,2007,1GCHK23U87F1,1,G,C,H,K,2,3,U,8,7,F,1,0,0,0,Not Applicable,Not Applicable,0,0,0,1,0,0,0,0,0,0,0,65,0,1,5,62,6,2,1,0,0,0,1,49,84770,6,1,0,0,3,0,69,205,98,0,0,0,0,0,0,0,0,0,28,0,0,0,1,2,65,1,1,2,1,0,0,1,10,99,1,2,64,,,,1,0,,,,,,,,,,,,,,,,,,,,,,,,,2015
2015040078,4,40078,2,2,3,15,2,5,52,12,8,1,0,6,1,41,403,41403,14,2015,JM3KE2CY3F05,J,M,3,K,E,2,C,Y,3,F,0,5,0,0,0,Not Applicable,Not Applicable,0,0,0,1,0,0,0,0,0,0,0,65,0,0,0,62,6,2,12,0,0,0,1,6,94086,6,1,0,0,3,0,70,167,0,0,0,0,0,0,0,0,0,0,0,0,0,0,1,2,65,1,1,2,1,0,0,1,62,99,1,1,65,,,,0,0,,,,,,,,,,,,,,,,,,,,,,,,,2015
2015040079,4,40079,1,1,1,15,2,20,33,53,0,1,0,4,1,22,2,22002,4,1998,1G2HX52K2W42,1,G,2,H,X,5,2,K,2,W,4,2,0,0,0,Not Applicable,Not Applicable,0,0,0,1,0,0,0,0,0,0,0,65,0,0,0,82,6,2,42,0,0,0,1,4,85704,6,1,0,0,3,0,69,145,0,1,0,0,2,11,2014,1,2015,3,34,29,0,0,1,2,40,1,1,8,1,0,0,6,11,99,9,4,7,,,,1,0,,,,,,,,,,,,,,,,,,,,,,,,,2015
2015040080,4,40080,1,1,1,15,2,21,5,8,0,1,0,4,1,49,32,49032,4,2005,1NXBR32E85Z4,1,N,X,B,R,3,2,E,8,5,Z,4,0,0,0,Not Applicable,Not Applicable,0,0,0,1,0,0,0,0,0,0,0,65,0,0,0,12,6,2,8,0,0,0,1,4,85207,6,1,0,0,3,0,68,180,0,0,0,0,0,0,0,0,0,0,0,0,0,0,3,5,65,1,1,2,1,0,0,1,80,1,1,1,13,,,,0,0,,,,,,,,,,,,,,,,,,,,,,,,,2015
2015040081,4,40081,1,1,1,16,2,12,40,24,0,1,0,38,2,72,706,72706,80,2011,1HD1PY913BB9,1,H,D,1,P,Y,9,1,3,B,B,9,0,0,0,Not Applicable,Not Applicable,0,0,0,1,0,0,0,0,0,0,0,50,0,0,0,12,6,2,24,0,0,0,1,38,58078,6,1,0,0,3,0,70,160,0,0,0,0,0,0,0,0,0,4,0,0,0,0,1,2,50,2,6,2,1,0,0,14,12,3,2,4,7,,,,1,0,,,,,,,,,,,,,,,,,,,,,,,,,2015
2015040082,4,40082,1,1,1,16,2,23,16,8,0,1,0,4,1,20,481,20481,31,2007,2GCEC13V1711,2,G,C,E,C,1,3,V,1,7,1,1,0,0,0,Not Applicable,Not Applicable,0,0,0,1,0,0,0,0,0,0,0,45,0,0,0,12,4,3,8,0,0,0,1,4,85345,6,1,0,0,3,0,65,214,0,0,0,0,0,0,0,0,0,0,0,0,0,0,5,4,40,1,1,2,1,0,0,17,80,3,2,1,13,,,,0,0,,,,,,,,,,,,,,,,,,,,,,,,,2015
2015040083,4,40083,1,2,2,17,2,6,30,12,6,1,0,4,1,49,40,49040,4,2005,4T1BE32K75U4,4,T,1,B,E,3,2,K,7,5,U,4,0,0,0,Not Applicable,Not Applicable,0,0,0,1,0,0,0,0,0,0,0,10,0,0,0,12,6,2,12,0,0,0,1,4,85650,6,1,0,0,3,3,70,170,0,0,0,0,0,0,0,0,0,0,38,0,0,0,2,6,40,1,1,8,1,3,3,11,15,99,1,1,68,,,,1,0,,,,,,,,,,,,,,,,,,,,,,,,,2015
2015040083,4,40083,2,2,1,17,2,6,30,12,6,1,0,4,1,7,28,7028,2,2009,2B3LJ54T09H5,2,B,3,L,J,5,4,T,0,9,H,5,0,0,0,Not Applicable,Not Applicable,0,0,0,1,0,0,0,0,0,0,0,40,0,0,0,11,6,2,12,0,0,0,1,4,85748,6,1,0,0,3,3,72,210,0,0,0,1,0,1,2015,1,2015,0,89,0,0,0,2,6,40,1,1,8,1,3,3,1,62,99,1,1,69,,,,0,0,,,,,,,,,,,,,,,,,,,,,,,,,2015
2015040084,4,40084,1,1,1,18,2,11,44,8,0,1,0,4,1,2,405,2405,14,2012,1C4PJLAK8CW1,1,C,4,P,J,L,A,K,8,C,W,1,0,0,0,Not Applicable,Not Applicable,0,0,0,1,0,0,0,0,0,0,0,10,0,0,0,12,0,5,8,0,0,0,1,4,85260,6,1,0,0,3,3,59,100,0,0,0,0,0,0,0,0,0,0,38,0,0,0,6,1,45,2,5,1,1,21,3,10,80,1,1,1,13,,,,0,0,,,,,,,,,,,,,,,,,,,,,,,,,2015
2015040085,4,40085,1,1,1,18,2,15,46,42,0,1,0,4,2,30,40,30040,4,2002,3VWSB69MX2M1,3,V,W,S,B,6,9,M,X,2,M,1,0,0,0,Not Applicable,Not Applicable,0,0,0,1,0,0,0,0,0,0,0,75,0,1,5,98,6,2,1,0,0,0,1,4,85614,6,1,0,0,3,0,70,167,0,5,0,6,2,8,2010,9,2014,4,0,0,0,0,3,3,75,1,1,2,1,0,0,1,13,99,1,4,1,,,,1,0,,,,,,,,,,,,,,,,,,,,,,,,,2015
2015040086,4,40086,1,2,1,19,2,19,46,12,6,1,0,4,1,55,35,55035,4,2009,KMHDU46D09U6,K,M,H,D,U,4,6,D,0,9,U,6,0,0,0,Not Applicable,Not Applicable,0,0,0,1,0,0,0,0,0,0,0,15,0,0,0,82,6,2,12,0,0,0,1,4,85225,6,1,0,0,3,3,61,135,0,0,0,0,0,0,0,0,0,0,38,0,0,0,2,3,45,1,1,8,1,3,3,11,15,99,1,1,68,,,,1,0,,,,,,,,,,,,,,,,,,,,,,,,,2015
2015040086,4,40086,2,2,2,19,2,19,46,12,6,1,0,20,2,22,16,22016,2,2005,3G2JB12F75S1,3,G,2,J,B,1,2,F,7,5,S,1,0,0,0,Not Applicable,Not Applicable,0,0,0,1,0,0,0,0,0,0,0,45,0,0,0,12,6,2,12,0,0,0,1,4,85210,6,1,0,0,3,0,71,210,0,0,0,0,0,0,0,0,0,0,0,0,0,0,2,3,45,1,1,8,1,3,3,1,62,99,1,1,69,,,,0,0,,,,,,,,,,,,,,,,,,,,,,,,,2015
2015040087,4,40087,1,1,1,20,2,9,36,21,0,1,0,4,1,23,481,23481,31,2006,2GTEK13V7612,2,G,T,E,K,1,3,V,7,6,1,2,0,0,0,Not Applicable,Not Applicable,0,0,0,1,0,0,0,0,0,0,0,998,0,0,0,12,6,2,2,0,0,1,1,4,85142,6,1,0,0,3,0,76,210,0,0,0,0,0,0,0,0,0,9,99,99,99,99,3,4,65,3,1,2,1,0,0,14,9,99,5,4,2,,,,1,0,,,,,,,,,,,,,,,,,,,,,,,,,2015
2015040088,4,40088,1,1,4,20,2,15,23,1,0,1,0,48,1,38,402,38402,14,1995,4S2CK58VXS43,4,S,2,C,K,5,8,V,X,S,4,3,0,0,0,Not Applicable,Not Applicable,0,0,0,1,0,0,0,0,0,0,0,998,0,1,3,0,6,2,1,0,0,0,1,48,79938,6,1,0,0,3,0,999,999,0,0,0,0,0,0,0,0,0,0,58,0,0,0,2,2,75,1,1,2,1,0,0,1,10,7,3,4,6,,,,3,0,,,,,,,,,,,,,,,,,,,,,,,,,2015
2015040089,4,40089,1,1,1,20,2,16,1,42,0,1,0,4,2,48,38,48038,6,1999,JF1GF4855XH8,J,F,1,G,F,4,8,5,5,X,H,8,0,0,0,Not Applicable,Not Applicable,0,0,0,1,0,0,0,0,0,0,0,998,0,0,0,62,6,2,42,0,0,0,1,4,85338,0,0,0,0,0,0,72,130,0,0,0,1,0,10,2012,10,2012,9,99,99,99,99,6,1,65,1,6,2,1,1,3,1,13,99,1,4,1,,,,1,0,,,,,,,,,,,,,,,,,,,,,,,,,2015
2015040090,4,40090,1,2,1,20,2,18,37,12,1,1,0,4,1,20,401,20401,14,1991,1GNEV18K9MF1,1,G,N,E,V,1,8,K,9,M,F,1,0,0,0,Not Applicable,Not Applicable,0,0,0,1,0,0,0,0,0,0,0,40,0,0,0,12,6,2,12,0,0,0,1,4,85748,6,1,0,0,3,0,70,215,0,0,0,0,0,0,0,0,0,9,99,99,99,99,1,4,40,1,1,8,1,0,0,1,50,99,1,1,20,,,,1,1,,,,,,,,,,,,,,,,,,,,,,,,,2015
2015040090,4,40090,2,2,5,20,2,18,37,12,1,1,0,4,3,92,989,92989,52,2007,15GGD2115710,1,5,G,G,D,2,1,1,5,7,1,0,0,0,88,None,None,3,21,22,1,0,0,0,0,6,3,0,0,0,0,0,6,6,2,12,0,0,0,1,4,85706,6,1,6,3,3,3,64,258,0,2,0,0,1,10,2012,12,2013,0,0,0,0,0,1,4,40,1,1,8,1,0,0,5,53,1,1,1,21,,,,0,0,,,,,,,,,,,,,,,,,,,,,,,,,2015
2015040091,4,40091,1,2,1,22,2,17,30,33,0,1,0,4,1,12,3,12003,2,2012,1ZVBP8CF7C52,1,Z,V,B,P,8,C,F,7,C,5,2,0,0,0,Not Applicable,Not Applicable,0,0,0,1,0,0,0,0,0,0,0,40,0,0,0,12,6,2,12,35,0,0,1,4,85641,6,1,0,0,3,0,66,150,0,0,0,0,0,0,0,0,0,4,89,91,0,0,2,3,40,1,1,8,1,0,0,1,6,99,9,4,7,,,,0,1,,,,,,,,,,,,,,,,,,,,,,,,,2015