accident_id,STATE,ST_CASE,VEH_NO,VE_FORMS,NUMOCCS,DAY,MONTH,HOUR,MINUTE,HARM_EV,MAN_COLL,UNITTYPE,HIT_RUN,REG_STAT,OWNER,MAKE,MODEL,MAK_MOD,BODY_TYP,MOD_YEAR,VIN,VIN_1,VIN_2,VIN_3,VIN_4,VIN_5,VIN_6,VIN_7,VIN_8,VIN_9,VIN_10,VIN_11,VIN_12,TOW_VEH,J_KNIFE,MCARR_I1,MCARR_I2,MCARR_ID,GVWR,V_CONFIG,CARGO_BT,HAZ_INV,HAZ_PLAC,HAZ_ID,HAZ_CNO,HAZ_REL,BUS_USE,SPEC_USE,EMER_USE,TRAV_SP,UNDERIDE,ROLLOVER,ROLINLOC,IMPACT1,DEFORMED,TOWED,M_HARM,VEH_SC1,VEH_SC2,FIRE_EXP,DR_PRES,L_STATE,DR_ZIP,L_STATUS,L_TYPE,CDL_STAT,L_ENDORS,L_COMPL,L_RESTRI,DR_HGT,DR_WGT,PREV_ACC,PREV_SUS,PREV_DWI,PREV_SPD,PREV_OTH,FIRST_MO,FIRST_YR,LAST_MO,LAST_YR,SPEEDREL,DR_SF1,DR_SF2,DR_SF3,DR_SF4,VTRAFWAY,VNUM_LAN,VSPD_LIM,VALIGN,VPROFILE,VPAVETYP,VSURCOND,VTRAFCON,VTCONT_F,P_CRASH1,P_CRASH2,P_CRASH3,PCRASH4,PCRASH5,ACC_TYPE,TRLR1VIN,TRLR2VIN,TRLR3VIN,DEATHS,DR_DRINK,VINTYPE,VINMAKE,VINA_MOD,VIN_BT,VINMODYR,VIN_LNGT,VIN_WGT,WGTCD_TR,WHLBS_LG,WHLBS_SH,SER_TR,FUELCODE,MCYCL_DS,CARBUR,CYLINDER,DISPLACE,MCYCL_CY,MCYCL_WT,TIRE_SZE,TON_RAT,TRK_WT,TRKWTVAR,VIN_REST,WHLDRWHL,Year
2015040091,4,40091,2,2,3,22,2,17,30,33,0,1,0,96,9,12,481,12481,31,1997,1FTDF1763VKC,1,F,T,D,F,1,7,6,3,V,K,C,0,0,0,Not Applicable,Not Applicable,0,0,0,1,0,0,0,0,0,0,0,40,0,0,0,62,6,2,12,0,0,0,1,96,0,9,9,99,9,9,9,999,999,99,99,99,99,99,99,9999,99,9999,0,0,0,0,0,2,3,40,1,1,8,1,0,0,1,64,1,1,1,98,,,,1,0,,,,,,,,,,,,,,,,,,,,,,,,,2015
2015040092,4,40092,1,3,1,24,2,7,1,12,6,1,0,4,1,12,471,12471,30,1986,1FTCR10T7GUC,1,F,T,C,R,1,0,T,7,G,U,C,0,0,0,Not Applicable,Not Applicable,0,0,0,1,0,0,0,0,0,0,0,65,0,1,1,12,6,2,1,0,0,0,1,4,85140,6,1,0,0,3,0,68,157,1,1,0,2,1,7,2013,5,2014,0,27,0,0,0,3,6,65,1,1,2,1,0,0,15,10,99,1,2,47,,,,1,0,,,,,,,,,,,,,,,,,,,,,,,,,2015
2015040092,4,40092,2,3,1,24,2,7,1,12,6,1,0,4,1,23,481,23481,31,2011,3GTP1VE06BG3,3,G,T,P,1,V,E,0,6,B,G,3,0,0,0,Not Applicable,Not Applicable,0,0,0,1,0,0,0,0,0,0,0,65,0,0,0,83,2,5,12,0,0,0,1,4,85208,6,1,0,0,3,0,74,160,0,0,0,0,0,0,0,0,0,0,0,0,0,0,3,6,65,1,1,2,1,0,0,1,61,99,1,1,45,,,,0,0,,,,,,,,,,,,,,,,,,,,,,,,,2015
2015040092,4,40092,3,3,1,24,2,7,1,12,6,1,0,4,1,20,23,20023,6,2011,3GNBABFWXBS5,3,G,N,B,A,B,F,W,X,B,S,5,0,0,0,Not Applicable,Not Applicable,0,0,0,1,0,0,0,0,0,0,0,65,0,0,0,8,2,3,12,0,0,0,1,4,85206,6,1,0,0,3,0,64,210,0,0,0,0,0,0,0,0,0,0,0,0,0,0,3,6,65,1,1,2,1,0,0,1,60,99,1,1,98,,,,0,0,,,,,,,,,,,,,,,,,,,,,,,,,2015
2015040093,4,40093,1,3,1,25,2,9,47,12,9,1,0,4,3,85,884,85884,66,9999,Unknown,9,9,9,9,9,9,9,9,9,9,9,9,1,3,57,512717,57512717,3,6,4,1,0,0,0,0,0,0,0,60,0,1,1,2,6,2,12,0,0,1,1,4,85119,6,1,6,0,3,0,77,225,0,2,0,0,0,3,2014,3,2014,4,91,0,0,0,1,2,65,1,1,2,1,0,0,1,52,8,2,3,98,,,,0,0,,,,,,,,,,,,,,,,,,,,,,,,,2015
2015040093,4,40093,2,3,1,25,2,9,47,12,9,1,0,4,3,84,881,84881,66,2007,2HSCEAHR77C4,2,H,S,C,E,A,H,R,7,7,C,4,1,1,57,1680284,571680284,3,6,4,1,0,0,0,0,0,0,0,7,0,0,0,6,6,2,12,0,0,0,1,4,85335,6,1,6,0,3,0,70,180,0,0,0,1,0,2,2013,2,2013,0,0,0,0,0,1,2,65,1,1,2,1,0,0,10,53,1,1,1,98,,,,0,0,,,,,,,,,,,,,,,,,,,,,,,,,2015
2015040093,4,40093,3,3,1,25,2,9,47,12,9,1,0,4,1,12,481,12481,31,2001,1FTNX21F41EC,1,F,T,N,X,2,1,F,4,1,E,C,0,0,0,Not Applicable,Not Applicable,0,0,0,1,0,0,0,0,0,0,0,65,0,0,0,62,6,2,12,0,0,0,1,4,85194,6,1,0,0,3,3,71,215,0,0,0,0,0,0,0,0,0,0,0,0,0,0,1,2,65,1,1,2,1,0,0,1,62,99,9,1,98,,,,1,0,,,,,,,,,,,,,,,,,,,,,,,,,2015
2015040094,4,40094,1,1,1,26,2,5,50,8,0,1,0,18,3,84,881,84881,63,2007,2HSCNAPR67C4,2,H,S,C,N,A,P,R,6,7,C,4,1,1,57,16130,5716130,3,4,2,1,0,0,0,0,0,0,0,55,0,0,0,12,6,2,8,0,0,0,1,4,85340,6,1,6,0,3,3,72,205,0,0,0,0,0,0,0,0,0,0,0,0,0,0,2,2,55,1,1,2,1,0,0,1,80,3,2,3,13,,,,0,0,,,,,,,,,,,,,,,,,,,,,,,,,2015
2015040095,4,40095,1,1,1,27,2,16,49,41,0,1,0,4,1,12,481,12481,31,2007,1FTRX12W47KD,1,F,T,R,X,1,2,W,4,7,K,D,0,0,0,Not Applicable,Not Applicable,0,0,0,1,0,0,0,0,0,0,0,998,0,1,6,12,6,2,1,0,0,0,1,4,85730,6,1,0,0,3,0,69,300,0,0,0,0,1,5,2012,5,2012,0,0,0,0,0,2,2,65,1,1,2,1,0,0,1,13,99,1,4,1,,,,1,0,,,,,,,,,,,,,,,,,,,,,,,,,2015
2015040096,4,40096,1,2,1,30,1,7,6,12,2,1,0,4,2,12,481,12481,31,2004,1FTRX12W44NB,1,F,T,R,X,1,2,W,4,4,N,B,0,0,0,Not Applicable,Not Applicable,0,0,0,1,0,0,0,0,0,0,0,10,0,0,0,12,6,2,12,0,0,0,1,4,85033,6,1,0,0,3,0,62,260,1,0,0,0,0,9,2014,9,2014,0,38,89,0,0,1,6,40,1,1,2,2,2,3,11,15,99,1,1,68,,,,0,0,,,,,,,,,,,,,,,,,,,,,,,,,2015
2015040096,4,40096,2,2,1,30,1,7,6,12,2,1,0,4,2,35,43,35043,2,1994,1N4EB32A4RC7,1,N,4,E,B,3,2,A,4,R,C,7,0,0,0,Not Applicable,Not Applicable,0,0,0,1,0,0,0,0,0,0,0,35,0,0,0,12,6,2,12,0,0,0,1,4,85019,6,1,0,0,3,0,67,155,0,0,0,0,0,0,0,0,0,0,39,0,0,0,1,6,40,1,1,2,2,2,3,1,62,99,1,1,69,,,,1,0,,,,,,,,,,,,,,,,,,,,,,,,,2015
2015040097,4,40097,1,1,1,23,2,20,0,8,0,1,1,4,3,14,6,14006,4,2004,2MEFM74W54X6,2,M,E,F,M,7,4,W,5,4,X,6,0,0,0,Not Applicable,Not Applicable,0,0,0,1,0,0,0,0,0,0,0,65,0,0,0,12,4,5,8,32,0,0,1,4,86040,6,1,0,0,3,3,65,160,0,0,0,0,0,0,0,0,0,0,0,0,0,0,1,2,65,1,1,2,1,0,0,1,80,1,1,1,13,,,,0,0,,,,,,,,,,,,,,,,,,,,,,,,,2015
2015040098,4,40098,1,1,1,1,1,8,31,1,0,1,0,4,2,20,37,20037,4,2012,1G1ZC5E04CF3,1,G,1,Z,C,5,E,0,4,C,F,3,0,0,0,Not Applicable,Not Applicable,0,0,0,1,0,0,0,0,0,0,0,998,0,1,5,0,6,2,1,0,0,0,1,4,85735,6,1,3,0,3,0,73,352,0,1,0,0,0,12,2014,12,2014,0,0,0,0,0,1,2,55,1,1,8,2,0,0,1,6,99,1,4,6,,,,1,1,,,,,,,,,,,,,,,,,,,,,,,,,2015
2015040099,4,40099,1,1,1,24,2,10,36,33,0,1,0,4,2,49,40,49040,4,1996,4T1BG12K5TU9,4,T,1,B,G,1,2,K,5,T,U,9,0,0,0,Not Applicable,Not Applicable,0,0,0,1,0,0,0,0,0,0,0,65,0,1,5,12,6,2,1,0,0,0,1,4,85212,6,1,0,0,3,0,66,125,0,0,0,0,0,0,0,0,0,4,0,0,0,0,2,8,45,1,1,8,1,0,0,1,6,99,9,4,7,,,,1,0,,,,,,,,,,,,,,,,,,,,,,,,,2015
2015040100,4,40100,1,1,99,19,2,20,39,8,0,1,1,99,9,99,999,99999,99,9999,Unknown,9,9,9,9,9,9,9,9,9,9,9,9,0,0,0,Not Applicable,Not Applicable,0,0,0,1,0,0,0,0,0,0,0,998,0,0,0,99,2,5,8,99,99,0,1,99,99999,9,9,99,0,9,9,999,999,99,99,99,99,99,99,9999,99,9999,9,99,99,99,99,1,2,98,1,3,8,1,0,0,1,80,99,9,9,13,,,,0,0,,,,,,,,,,,,,,,,,,,,,,,,,2015
2015040102,4,40102,1,1,1,3,2,99,99,8,0,1,9,99,9,99,999,99999,99,9999,Unknown,9,9,9,9,9,9,9,9,9,9,9,9,0,0,0,Not Applicable,Not Applicable,0,0,0,1,0,0,0,0,0,0,0,999,0,0,0,12,9,9,8,0,0,0,1,99,99999,9,9,99,0,9,9,999,999,99,99,99,99,99,99,9999,99,9999,9,99,99,99,99,9,9,99,9,9,8,99,99,9,99,82,99,9,9,13,,,,0,0,,,,,,,,,,,,,,,,,,,,,,,,,2015
2015040103,4,40103,1,1,1,4,2,17,19,9,0,1,0,4,1,12,481,12481,31,2013,1FTFX1CF4DKF,1,F,T,F,X,1,C,F,4,D,K,F,0,0,0,Not Applicable,Not Applicable,0,0,0,1,0,0,0,0,0,0,0,40,0,0,0,12,2,5,9,0,0,0,1,4,85037,6,1,0,0,3,1,71,180,0,0,0,0,0,0,0,0,0,0,0,0,0,0,5,5,40,1,1,2,1,0,0,1,83,8,1,3,13,,,,0,0,,,,,,,,,,,,,,,,,,,,,,,,,2015
2015040104,4,40104,1,1,1,4,2,16,46,9,0,1,0,4,1,51,401,51401,14,2004,YV1CM91H7410,Y,V,1,C,M,9,1,H,7,4,1,0,0,0,0,Not Applicable,Not Applicable,0,0,0,1,0,0,0,0,0,0,0,52,0,0,0,12,4,5,9,0,0,0,1,4,85007,6,1,0,0,3,3,68,160,0,0,0,0,0,0,0,0,0,3,0,0,0,0,1,4,35,1,1,2,1,0,0,1,83,7,1,2,13,,,,0,0,,,,,,,,,,,,,,,,,,,,,,,,,2015
2015040105,4,40105,1,6,2,5,2,8,19,12,7,1,1,4,5,37,32,37032,4,2015,1HGCR2F50FA0,1,H,G,C,R,2,F,5,0,F,A,0,0,0,0,Not Applicable,Not Applicable,0,0,0,1,0,0,0,0,0,0,0,998,0,0,0,61,2,5,12,0,0,0,1,4,85022,0,0,0,0,0,0,66,188,0,3,0,0,0,10,2012,7,2013,4,91,27,0,0,2,3,45,1,1,2,1,0,0,6,10,99,1,2,47,,,,0,0,,,,,,,,,,,,,,,,,,,,,,,,,2015
2015040105,4,40105,2,6,2,5,2,8,19,12,7,1,0,4,2,58,37,58037,2,2013,JN1CV6EK8DM9,J,N,1,C,V,6,E,K,8,D,M,9,0,0,0,Not Applicable,Not Applicable,0,0,0,1,0,0,0,0,0,0,0,36,0,0,0,82,6,2,12,0,0,0,1,4,85255,6,1,0,0,3,3,67,150,0,0,0,0,0,0,0,0,0,0,0,0,0,0,2,3,45,1,1,2,1,0,0,1,61,99,1,1,45,,,,2,0,,,,,,,,,,,,,,,,,,,,,,,,,2015
2015040105,4,40105,3,6,1,5,2,8,19,12,7,1,0,4,2,20,481,20481,31,2001,1GCEC19V51E3,1,G,C,E,C,1,9,V,5,1,E,3,0,0,0,Not Applicable,Not Applicable,0,0,0,1,0,0,0,0,0,0,0,30,0,0,0,12,6,2,12,0,0,0,1,4,85303,6,1,0,0,3,0,72,245,1,3,0,0,1,3,2010,7,2011,0,0,0,0,0,2,3,45,1,1,2,1,0,0,1,62,99,1,1,98,,,,0,0,,,,,,,,,,,,,,,,,,,,,,,,,2015
2015040105,4,40105,4,6,1,5,2,8,19,12,7,1,0,4,1,19,14,19014,4,1996,1G6KS52Y2TU8,1,G,6,K,S,5,2,Y,2,T,U,8,0,0,0,Not Applicable,Not Applicable,0,0,0,1,0,0,0,0,0,0,0,45,0,0,0,98,6,2,12,0,0,0,1,4,85340,6,1,0,0,3,3,72,210,0,0,0,2,0,2,2012,10,2013,0,0,0,0,0,2,3,45,1,1,2,1,0,0,1,99,99,9,3,98,,,,0,0,,,,,,,,,,,,,,,,,,,,,,,,,2015
2015040105,4,40105,5,6,1,5,2,8,19,12,7,1,0,4,2,12,481,12481,31,2005,1FTPW14555KD,1,F,T,P,W,1,4,5,5,5,K,D,0,0,0,Not Applicable,Not Applicable,0,0,0,1,0,0,0,0,0,0,0,45,0,0,0,12,8,5,12,0,0,0,1,4,85032,6,1,0,0,3,0,73,210,0,0,0,0,0,0,0,0,0,0,0,0,0,0,2,3,45,1,1,2,1,0,0,1,99,99,9,3,98,,,,0,0,,,,,,,,,,,,,,,,,,,,,,,,,2015
2015040105,4,40105,6,6,1,5,2,8,19,12,7,1,0,4,1,35,52,35052,6,2009,JN8AZ28R89T1,J,N,8,A,Z,2,8,R,8,9,T,1,0,0,0,Not Applicable,Not Applicable,0,0,0,1,0,0,0,0,0,0,0,45,0,0,0,12,8,5,12,0,0,0,1,4,85345,1,1,0,0,2,0,63,145,0,2,0,0,1,1,2015,1,2015,0,0,0,0,0,2,3,45,1,1,2,1,0,0,1,99,99,9,4,98,,,,0,0,,,,,,,,,,,,,,,,,,,,,,,,,2015
2015040106,4,40106,1,1,99,6,2,20,10,8,0,1,1,99,9,20,481,20481,31,9999,Unknown,9,9,9,9,9,9,9,9,9,9,9,9,0,0,0,Not Applicable,Not Applicable,0,0,0,1,0,0,0,0,0,0,0,998,0,0,0,99,9,5,8,99,99,0,1,99,99999,9,9,99,0,9,9,999,999,99,99,99,99,99,99,9999,99,9999,0,38,0,0,0,1,4,40,1,1,2,1,3,3,10,80,99,1,1,13,,,,0,0,,,,,,,,,,,,,,,,,,,,,,,,,2015
2015040108,4,40108,1,1,2,7,2,18,24,15,0,1,0,4,1,49,472,49472,30,2007,5TENX22N87Z4,5,T,E,N,X,2,2,N,8,7,Z,4,0,0,0,Not Applicable,Not Applicable,0,0,0,1,0,0,0,0,0,0,0,20,0,0,0,82,2,5,15,0,0,0,1,4,85029,6,1,0,0,3,0,67,147,0,0,0,0,0,0,0,0,0,0,0,0,0,0,1,2,25,1,1,2,1,0,0,1,83,8,1,3,13,,,,0,0,,,,,,,,,,,,,,,,,,,,,,,,,2015
2015040109,4,40109,1,2,1,7,2,23,24,12,2,1,0,99,9,7,24,7024,4,2015,Unknown,9,9,9,9,9,9,9,9,9,9,9,9,0,0,0,Not Applicable,Not Applicable,0,0,0,1,0,0,0,0,0,0,0,999,0,0,0,12,9,9,12,0,0,1,1,4,85040,6,1,0,0,3,0,68,175,0,0,0,0,0,0,0,0,0,5,28,0,0,0,9,9,99,9,9,8,99,0,0,1,6,99,9,9,50,,,,0,1,,,,,,,,,,,,,,,,,,,,,,,,,2015
2015040109,4,40109,2,2,3,7,2,23,24,12,2,1,0,99,9,12,17,12017,4,2001,Unknown,9,9,9,9,9,9,9,9,9,9,9,9,0,0,0,Not Applicable,Not Applicable,0,0,0,1,0,0,0,0,0,0,0,999,0,0,0,12,9,9,12,0,0,0,1,4,85019,0,0,0,0,0,0,999,999,1,0,0,0,1,4,2010,9,2010,9,99,99,99,99,9,9,99,9,9,8,99,0,0,99,62,99,9,9,51,,,,1,0,,,,,,,,,,,,,,,,,,,,,,,,,2015
2015040110,4,40110,1,1,4,8,2,2,29,35,0,1,1,6,2,7,24,7024,4,2010,2B3CA3CV2AH2,2,B,3,C,A,3,C,V,2,A,H,2,0,0,0,Not Applicable,Not Applicable,0,0,0,1,0,0,0,0,0,0,0,99,0,1,1,12,6,2,1,0,0,1,1,6,90011,1,1,0,0,2,0,68,150,0,1,0,0,2,2,2014,11,2014,3,91,0,0,0,1,2,45,2,1,8,1,0,0,14,6,99,1,4,1,,,,1,1,,,,,,,,,,,,,,,,,,,,,,,,,2015
2015040111,4,40111,1,2,1,8,2,12,11,12,6,1,0,4,1,49,46,49046,6,2013,JTDZN3EU5D32,J,T,D,Z,N,3,E,U,5,D,3,2,0,0,0,Not Applicable,Not Applicable,0,0,0,1,0,0,0,0,0,0,0,24,0,0,0,61,6,2,12,32,0,0,1,4,86323,6,1,0,0,3,3,66,161,0,0,0,0,0,0,0,0,0,0,39,0,0,0,1,5,30,1,1,2,1,2,3,1,17,99,1,1,89,,,,1,0,,,,,,,,,,,,,,,,,,,,,,,,,2015
2015040111,4,40111,2,2,1,8,2,12,11,12,6,1,0,4,2,20,421,20421,15,1996,3GNEK18R7TG1,3,G,N,E,K,1,8,R,7,T,G,1,0,0,0,Not Applicable,Not Applicable,0,0,0,1,0,0,0,0,0,0,0,52,0,0,0,12,6,2,12,0,0,0,1,4,85020,6,1,0,0,3,0,71,225,0,2,0,1,3,6,2010,1,2012,0,0,0,0,0,1,7,40,1,1,2,1,2,3,1,66,99,1,1,88,,,,0,0,,,,,,,,,,,,,,,,,,,,,,,,,2015
2015040112,4,40112,1,1,1,8,2,22,5,8,0,1,0,4,1,63,402,63402,14,2012,5XYKT3A18CG2,5,X,Y,K,T,3,A,1,8,C,G,2,0,0,0,Not Applicable,Not Applicable,0,0,0,1,0,0,0,0,0,0,0,40,0,0,0,12,4,5,8,0,0,0,1,4,85345,6,1,0,0,3,3,65,120,0,0,0,0,0,0,0,0,0,0,0,0,0,0,1,7,40,1,1,8,1,3,3,1,80,1,1,1,13,,,,0,0,,,,,,,,,,,,,,,,,,,,,,,,,2015
2015040113,4,40113,1,2,1,12,2,13,39,12,6,1,0,4,2,35,47,35047,4,2013,1N4AL3AP6DN5,1,N,4,A,L,3,A,P,6,D,N,5,0,0,0,Not Applicable,Not Applicable,0,0,0,1,0,0,0,0,0,0,0,17,0,0,0,12,6,2,12,0,0,0,1,4,85017,6,1,0,0,3,0,68,160,0,0,0,0,0,0,0,0,0,0,38,0,0,0,1,2,25,1,1,2,1,20,3,11,15,1,1,1,82,,,,0,0,,,,,,,,,,,,,,,,,,,,,,,,,2015
2015040113,4,40113,2,2,1,12,2,13,39,12,6,1,0,4,2,72,706,72706,80,2001,1HD1BYB111Y0,1,H,D,1,B,Y,B,1,1,1,Y,0,0,0,0,Not Applicable,Not Applicable,0,0,0,1,0,0,0,0,0,0,0,52,0,0,0,82,6,2,12,0,0,0,1,4,85353,6,1,6,0,3,3,71,240,0,0,0,0,0,0,0,0,0,0,0,0,0,0,5,5,50,1,1,2,1,0,0,1,67,99,1,1,83,,,,1,0,,,,,,,,,,,,,,,,,,,,,,,,,2015
2015040114,4,40114,1,1,1,12,2,8,4,1,0,1,0,4,1,76,706,76706,80,2013,JYAVP33EXDA0,J,Y,A,V,P,3,3,E,X,D,A,0,0,0,0,Not Applicable,Not Applicable,0,0,0,1,0,0,0,0,0,0,0,998,0,0,0,0,6,2,1,0,0,0,1,4,85354,6,1,0,0,3,3,71,240,0,0,0,0,0,0,0,0,0,4,0,0,0,0,1,2,50,2,1,2,1,0,0,14,12,3,2,4,6,,,,1,1,,,,,,,,,,,,,,,,,,,,,,,,,2015
2015040115,4,40115,1,1,1,13,2,99,99,99,0,1,0,99,9,99,999,99999,99,9999,Unknown,9,9,9,9,9,9,9,9,9,9,9,9,0,0,0,Not Applicable,Not Applicable,0,0,0,1,0,0,0,0,0,0,0,999,0,0,0,99,9,9,99,0,0,0,1,4,85743,6,1,0,0,3,0,69,150,0,0,0,1,0,9,2012,9,2012,9,99,99,99,99,9,9,99,9,9,8,99,99,9,99,99,99,9,9,99,,,,1,0,,,,,,,,,,,,,,,,,,,,,,,,,2015
2015040116,4,40116,1,1,2,14,2,99,99,99,99,1,9,99,9,99,999,99999,99,9999,Unknown,9,9,9,9,9,9,9,9,9,9,9,9,0,0,0,Not Applicable,Not Applicable,0,0,0,1,0,0,0,0,0,0,0,999,0,0,0,99,9,9,99,0,0,0,1,99,99999,9,9,99,0,9,9,999,999,99,99,99,99,99,99,9999,99,9999,9,99,99,99,99,9,9,99,9,9,8,99,99,9,99,99,99,9,9,99,,,,1,0,,,,,,,,,,,,,,,,,,,,,,,,,2015
2015040117,4,40117,1,1,1,15,2,1,26,30,0,1,0,4,2,49,32,49032,4,1991,1NXAE91A9MZ1,1,N,X,A,E,9,1,A,9,M,Z,1,0,0,0,Not Applicable,Not Applicable,0,0,0,1,0,0,0,0,0,0,0,73,0,0,0,12,6,2,30,0,0,1,1,4,85009,6,1,0,0,3,3,70,150,0,0,0,0,0,0,0,0,0,3,0,0,0,0,2,2,35,1,1,2,1,0,0,1,13,99,1,4,1,,,,1,1,,,,,,,,,,,,,,,,,,,,,,,,,2015
2015040118,4,40118,1,3,2,15,2,20,46,12,6,1,1,12,1,13,421,13421,15,1998,5LMRU27L9WLJ,5,L,M,R,U,2,7,L,9,W,L,J,0,0,0,Not Applicable,Not Applicable,0,0,0,1,0,0,0,0,0,0,0,44,0,0,0,12,6,2,12,0,0,0,1,12,32514,1,1,0,0,2,3,69,999,0,0,0,0,0,0,0,0,0,4,91,39,37,0,2,4,40,1,1,1,1,3,3,1,17,99,1,1,88,,,,0,1,,,,,,,,,,,,,,,,,,,,,,,,,2015
2015040118,4,40118,2,3,1,15,2,20,46,12,6,1,0,4,2,7,20,7020,2,1999,3B3ES42Y0XT5,3,B,3,E,S,4,2,Y,0,X,T,5,0,0,0,Not Applicable,Not Applicable,0,0,0,1,0,0,0,0,0,0,0,61,0,0,0,9,6,2,12,0,0,0,1,4,85339,6,1,0,0,3,3,65,136,0,0,0,0,0,0,0,0,0,0,0,0,0,0,4,4,45,1,1,1,1,3,3,1,66,99,1,1,89,,,,1,0,,,,,,,,,,,,,,,,,,,,,,,,,2015
2015040118,4,40118,3,3,1,15,2,20,46,12,6,1,0,4,1,20,23,20023,6,2010,3GNBABDB8AS5,3,G,N,B,A,B,D,B,8,A,S,5,0,0,0,Not Applicable,Not Applicable,0,0,0,1,0,0,0,0,0,0,0,0,0,0,0,12,2,5,12,0,0,0,1,4,85029,6,1,0,0,3,3,61,103,0,0,0,0,0,0,0,0,0,0,0,0,0,0,2,4,40,1,1,2,1,3,3,5,66,1,1,1,98,,,,0,0,,,,,,,,,,,,,,,,,,,,,,,,,2015
2015040119,4,40119,1,1,1,16,2,16,42,1,0,1,0,4,2,2,404,2404,14,2004,1J4GW48N74C3,1,J,4,G,W,4,8,N,7,4,C,3,0,0,0,Not Applicable,Not Applicable,0,0,0,1,0,0,0,0,0,0,0,58,0,1,5,0,6,2,1,0,0,0,1,4,85339,6,1,0,0,3,0,70,130,0,0,0,0,0,0,0,0,0,3,0,0,0,0,1,2,45,3,6,2,1,0,0,14,6,99,9,4,2,,,,1,1,,,,,,,,,,,,,,,,,,,,,,,,,2015
2015040120,4,40120,1,1,1,20,2,1,22,8,0,1,0,99,9,20,39,20039,4,2005,Unknown,9,9,9,9,9,9,9,9,9,9,9,9,0,0,0,Not Applicable,Not Applicable,0,0,0,1,0,0,0,0,0,0,0,999,0,0,0,12,9,9,8,0,0,0,1,4,85013,0,0,0,0,0,0,73,170,0,2,0,1,0,2,2011,9,2011,9,99,99,99,99,9,9,99,9,9,8,99,99,9,99,80,99,9,9,13,,,,0,0,,,,,,,,,,,,,,,,,,,,,,,,,2015
2015040121,4,40121,1,1,1,20,2,1,27,1,0,1,0,99,9,99,999,99999,99,9999,Unknown,9,9,9,9,9,9,9,9,9,9,9,9,0,0,0,Not Applicable,Not Applicable,0,0,0,1,0,0,0,0,0,0,0,999,0,1,9,0,9,9,1,0,0,0,1,4,86434,0,0,0,0,0,0,70,200,0,0,0,0,0,0,0,0,0,9,99,99,99,99,1,2,99,9,9,2,99,0,0,99,99,99,9,9,99,,,,1,0,,,,,,,,,,,,,,,,,,,,,,,,,2015
2015040122,4,40122,1,2,2,20,2,7,19,12,6,1,0,4,1,2,403,2403,14,2014,1C4BJWEG0EL1,1,C,4,B,J,W,E,G,0,E,L,1,0,0,0,Not Applicable,Not Applicable,0,0,0,1,0,0,0,0,0,0,0,15,0,0,0,63,6,2,12,0,0,0,1,4,85361,6,1,0,0,3,0,64,127,0,0,0,1,1,4,2012,10,2013,0,0,0,0,0,1,2,50,1,1,2,1,20,3,11,15,11,1,1,82,,,,0,0,,,,,,,,,,,,,,,,,,,,,,,,,2015
2015040122,4,40122,2,2,1,20,2,7,19,12,6,1,0,4,1,76,706,76706,80,2014,JYARN23E6EA0,J,Y,A,R,N,2,3,E,6,E,A,0,0,0,0,Not Applicable,Not Applicable,0,0,0,1,0,0,0,0,0,0,0,50,0,0,0,12,6,2,12,0,0,0,1,4,85301,6,1,0,0,3,3,72,215,0,0,0,0,0,0,0,0,0,9,0,0,0,0,1,2,50,1,1,2,1,0,0,1,67,8,1,1,83,,,,1,0,,,,,,,,,,,,,,,,,,,,,,,,,2015
2015040123,4,40123,1,1,4,21,2,19,0,1,0,1,0,99,9,99,999,99999,99,9999,Unknown,9,9,9,9,9,9,9,9,9,9,9,9,0,0,0,Not Applicable,Not Applicable,0,0,0,1,0,0,0,0,0,0,0,999,0,9,5,0,9,9,1,0,0,0,1,4,85207,6,1,0,0,3,0,75,210,0,0,0,0,0,0,0,0,0,9,99,99,99,99,9,9,99,9,9,8,99,0,0,99,99,99,9,9,99,,,,1,1,,,,,,,,,,,,,,,,,,,,,,,,,2015
2015040124,4,40124,1,2,1,23,2,9,55,12,99,1,0,4,1,6,441,6441,20,2005,2C4GP44R65R4,2,C,4,G,P,4,4,R,6,5,R,4,0,0,0,Not Applicable,Not Applicable,0,0,0,1,0,0,0,0,0,0,0,10,0,0,0,98,6,2,12,0,0,0,1,4,85249,6,1,0,0,3,0,61,150,0,0,0,0,0,0,0,0,0,0,38,0,0,0,2,4,45,1,1,2,1,0,0,11,15,99,1,1,68,,,,1,0,,,,,,,,,,,,,,,,,,,,,,,,,2015
2015040124,4,40124,2,2,1,23,2,9,55,12,99,1,0,4,1,72,706,72706,80,2011,1HD1GP415BC3,1,H,D,1,G,P,4,1,5,B,C,3,0,0,0,Not Applicable,Not Applicable,0,0,0,1,0,0,0,0,0,0,0,45,0,0,0,12,6,2,12,0,0,0,1,4,85142,6,1,0,0,2,0,72,200,0,0,0,0,0,0,0,0,0,0,0,0,0,0,1,7,45,1,1,2,1,0,0,1,62,99,9,1,69,,,,0,0,,,,,,,,,,,,,,,,,,,,,,,,,2015
2015040125,4,40125,1,2,1,23,2,10,26,33,0,1,0,4,2,35,471,35471,30,1997,1N6SD16S7VC3,1,N,6,S,D,1,6,S,7,V,C,3,0,0,0,Not Applicable,Not Applicable,0,0,0,1,0,0,0,0,0,0,0,40,0,0,0,62,6,2,12,0,0,0,1,4,85353,6,1,0,0,3,3,66,145,1,2,0,1,1,4,2010,4,2014,0,0,0,0,0,1,6,40,1,1,2,1,0,0,1,12,99,1,4,6,,,,1,0,,,,,,,,,,,,,,,,,,,,,,,,,2015
2015040125,4,40125,2,2,1,23,2,10,26,33,0,1,0,4,2,20,481,20481,31,2001,2GCEC19W3111,2,G,C,E,C,1,9,W,3,1,1,1,0,0,0,Not Applicable,Not Applicable,0,0,0,1,0,0,0,0,0,0,0,0,0,0,0,12,6,2,12,0,0,0,1,4,85037,6,1,0,0,3,0,69,135,0,1,0,1,0,11,2013,7,2014,0,89,0,0,0,1,6,40,1,1,2,1,3,3,5,62,99,1,1,98,,,,0,0,,,,,,,,,,,,,,,,,,,,,,,,,2015