accident_id,STATE,ST_CASE,VEH_NO,VE_FORMS,NUMOCCS,DAY,MONTH,HOUR,MINUTE,HARM_EV,MAN_COLL,UNITTYPE,HIT_RUN,REG_STAT,OWNER,MAKE,MODEL,MAK_MOD,BODY_TYP,MOD_YEAR,VIN,VIN_1,VIN_2,VIN_3,VIN_4,VIN_5,VIN_6,VIN_7,VIN_8,VIN_9,VIN_10,VIN_11,VIN_12,TOW_VEH,J_KNIFE,MCARR_I1,MCARR_I2,MCARR_ID,GVWR,V_CONFIG,CARGO_BT,HAZ_INV,HAZ_PLAC,HAZ_ID,HAZ_CNO,HAZ_REL,BUS_USE,SPEC_USE,EMER_USE,TRAV_SP,UNDERIDE,ROLLOVER,ROLINLOC,IMPACT1,DEFORMED,TOWED,M_HARM,VEH_SC1,VEH_SC2,FIRE_EXP,DR_PRES,L_STATE,DR_ZIP,L_STATUS,L_TYPE,CDL_STAT,L_ENDORS,L_COMPL,L_RESTRI,DR_HGT,DR_WGT,PREV_ACC,PREV_SUS,PREV_DWI,PREV_SPD,PREV_OTH,FIRST_MO,FIRST_YR,LAST_MO,LAST_YR,SPEEDREL,DR_SF1,DR_SF2,DR_SF3,DR_SF4,VTRAFWAY,VNUM_LAN,VSPD_LIM,VALIGN,VPROFILE,VPAVETYP,VSURCOND,VTRAFCON,VTCONT_F,P_CRASH1,P_CRASH2,P_CRASH3,PCRASH4,PCRASH5,ACC_TYPE,TRLR1VIN,TRLR2VIN,TRLR3VIN,DEATHS,DR_DRINK,VINTYPE,VINMAKE,VINA_MOD,VIN_BT,VINMODYR,VIN_LNGT,VIN_WGT,WGTCD_TR,WHLBS_LG,WHLBS_SH,SER_TR,FUELCODE,MCYCL_DS,CARBUR,CYLINDER,DISPLACE,MCYCL_CY,MCYCL_WT,TIRE_SZE,TON_RAT,TRK_WT,TRKWTVAR,VIN_REST,WHLDRWHL,Year
2015040126,4,40126,1,1,1,24,2,1,25,35,0,1,0,4,2,30,40,30040,4,2008,3VWRM71K98M1,3,V,W,R,M,7,1,K,9,8,M,1,0,0,0,Not Applicable,Not Applicable,0,0,0,1,0,0,0,0,0,0,0,998,0,1,3,12,9,2,1,0,0,0,1,4,85041,1,1,0,0,2,0,69,180,1,3,0,1,1,8,2013,6,2014,4,0,0,0,0,2,3,45,2,1,2,1,0,0,14,12,99,1,4,6,,,,1,1,,,,,,,,,,,,,,,,,,,,,,,,,2015
2015040127,4,40127,1,2,1,27,2,7,10,12,6,1,0,4,3,85,881,85881,66,2007,1XKDD49X97R1,1,X,K,D,D,4,9,X,9,7,R,1,1,1,57,723417,57723417,3,6,4,1,0,0,0,0,0,0,0,30,0,0,0,81,6,2,12,0,0,0,1,4,85207,6,1,6,0,3,3,67,195,0,4,0,2,0,4,2010,4,2014,0,89,39,0,0,5,5,40,1,1,2,1,2,3,1,17,99,1,1,87,,,,0,0,,,,,,,,,,,,,,,,,,,,,,,,,2015
2015040127,4,40127,2,2,1,27,2,7,10,12,6,1,0,4,3,52,882,52882,64,2006,JL6CCG1S56K0,J,L,6,C,C,G,1,S,5,6,K,0,0,0,57,1673034,571673034,2,1,1,1,0,0,0,0,0,0,0,37,0,1,1,12,6,2,1,0,0,0,1,4,85040,6,1,0,0,3,3,70,220,0,0,0,0,0,0,0,0,0,0,0,0,0,0,5,6,45,1,1,2,1,2,3,1,66,99,1,1,86,,,,1,0,,,,,,,,,,,,,,,,,,,,,,,,,2015
2015040128,4,40128,1,1,1,28,2,1,22,8,0,1,0,4,1,12,3,12003,2,2007,1ZVFT82H5752,1,Z,V,F,T,8,2,H,5,7,5,2,0,0,0,Not Applicable,Not Applicable,0,0,0,1,0,0,0,0,0,0,0,40,0,0,0,12,2,5,8,0,0,0,1,4,86314,0,0,0,0,0,0,999,999,1,0,0,3,0,3,2010,12,2014,0,0,0,0,0,5,6,40,1,1,2,1,0,0,1,80,99,1,1,13,,,,0,1,,,,,,,,,,,,,,,,,,,,,,,,,2015
2015040129,4,40129,1,1,1,28,2,18,29,8,0,1,0,4,1,12,481,12481,31,1998,1FTRX08L0WKB,1,F,T,R,X,0,8,L,0,W,K,B,0,0,0,Not Applicable,Not Applicable,0,0,0,1,0,0,0,0,0,0,0,50,0,0,0,12,2,5,8,0,0,0,1,4,85014,6,1,0,0,3,0,75,164,0,0,0,1,0,2,2014,2,2014,3,0,0,0,0,5,6,35,1,1,2,1,0,0,1,80,99,1,1,13,,,,0,0,,,,,,,,,,,,,,,,,,,,,,,,,2015
2015040130,4,40130,1,3,1,1,3,12,15,12,1,1,0,6,1,72,706,72706,80,2011,1HD1TA836BB9,1,H,D,1,T,A,8,3,6,B,B,9,0,0,0,Not Applicable,Not Applicable,0,0,0,1,0,0,0,0,0,0,0,65,0,0,0,12,6,2,12,0,0,0,1,6,92069,6,1,0,0,3,0,65,155,0,0,0,0,1,6,2013,6,2013,4,0,0,0,0,1,3,65,1,5,2,2,0,0,1,51,99,1,1,24,,,,1,0,,,,,,,,,,,,,,,,,,,,,,,,,2015
2015040130,4,40130,2,3,2,1,3,12,15,12,1,1,0,41,1,51,45,51045,4,2011,YV1902AH9B11,Y,V,1,9,0,2,A,H,9,B,1,1,0,0,0,Not Applicable,Not Applicable,0,0,0,1,0,0,0,0,0,0,0,50,0,0,0,6,6,2,12,0,0,0,1,41,97701,6,1,0,0,3,0,64,175,0,0,0,0,0,0,0,0,0,0,0,0,0,0,1,3,65,1,5,2,2,0,0,1,53,1,1,1,25,,,,0,0,,,,,,,,,,,,,,,,,,,,,,,,,2015
2015040130,4,40130,3,3,4,1,3,12,15,12,1,1,0,49,1,14,6,14006,4,2010,2MEBM7FV9AX6,2,M,E,B,M,7,F,V,9,A,X,6,0,0,0,Not Applicable,Not Applicable,0,0,0,1,0,0,0,0,0,0,0,55,0,0,0,12,4,5,54,0,0,0,1,49,84750,6,1,0,0,3,0,77,280,98,0,0,0,0,0,0,0,0,0,0,0,0,0,1,3,65,1,6,2,2,0,0,1,62,99,1,1,98,,,,0,0,,,,,,,,,,,,,,,,,,,,,,,,,2015
2015040131,4,40131,1,1,2,2,3,17,12,38,0,1,1,4,5,12,481,12481,31,2005,1FTSW21P15EB,1,F,T,S,W,2,1,P,1,5,E,B,0,0,0,Not Applicable,Not Applicable,0,0,0,1,0,0,0,0,0,0,0,68,0,1,5,98,6,2,8,0,0,0,1,4,85224,0,0,0,0,0,0,66,145,0,2,0,0,1,1,2015,2,2015,3,37,91,0,0,1,2,25,3,1,2,1,0,0,14,6,99,5,4,2,,,,0,0,,,,,,,,,,,,,,,,,,,,,,,,,2015
2015040132,4,40132,1,1,1,3,3,11,0,58,0,1,0,4,1,23,481,23481,31,2002,2GTFK69U1214,2,G,T,F,K,6,9,U,1,2,1,4,0,0,0,Not Applicable,Not Applicable,0,0,0,1,0,0,0,0,0,0,0,95,0,1,5,14,6,2,1,0,0,0,1,4,85938,1,1,0,0,2,0,73,176,0,1,0,3,0,9,2013,11,2014,3,0,0,0,0,1,2,35,3,5,8,1,0,0,14,6,99,9,4,2,,,,1,1,,,,,,,,,,,,,,,,,,,,,,,,,2015
2015040133,4,40133,1,3,4,3,3,16,0,12,6,1,0,38,1,49,442,49442,20,2009,5TDZK22C79S2,5,T,D,Z,K,2,2,C,7,9,S,2,0,0,0,Not Applicable,Not Applicable,0,0,0,1,0,0,0,0,0,0,0,25,0,0,0,82,6,2,12,0,0,0,1,38,58103,6,1,0,0,3,0,72,195,0,0,0,0,0,0,0,0,0,0,38,0,0,0,1,3,35,1,1,8,1,20,3,1,17,99,1,1,87,,,,0,0,,,,,,,,,,,,,,,,,,,,,,,,,2015
2015040133,4,40133,2,3,1,3,3,16,0,12,6,1,0,4,1,53,706,53706,80,1998,JS1GU75AXW21,J,S,1,G,U,7,5,A,X,W,2,1,0,0,0,Not Applicable,Not Applicable,0,0,0,1,0,0,0,0,0,0,0,57,0,0,0,12,6,2,12,0,0,0,1,4,85283,6,1,0,0,3,0,72,200,0,0,0,0,1,8,2012,8,2012,4,0,0,0,0,2,4,40,1,1,8,1,0,0,1,66,99,1,1,86,,,,1,0,,,,,,,,,,,,,,,,,,,,,,,,,2015
2015040133,4,40133,3,3,1,3,3,16,0,12,6,1,0,4,1,30,51,30051,1,2009,WVWBA71F19V0,W,V,W,B,A,7,1,F,1,9,V,0,0,0,0,Not Applicable,Not Applicable,0,0,0,1,0,0,0,0,0,0,0,0,0,0,0,62,4,3,12,0,0,0,1,4,85251,6,1,0,0,3,3,69,140,0,0,0,0,0,0,0,0,0,0,0,0,0,0,1,4,35,1,1,8,1,20,3,5,62,1,1,1,98,,,,0,0,,,,,,,,,,,,,,,,,,,,,,,,,2015
2015040134,4,40134,1,1,1,4,3,8,48,8,0,1,0,4,2,2,404,2404,14,1995,1J4FX58S8SC5,1,J,4,F,X,5,8,S,8,S,C,5,0,0,0,Not Applicable,Not Applicable,0,0,0,1,0,0,0,0,0,0,0,35,0,0,0,82,2,5,8,0,0,0,1,4,85251,6,1,0,0,3,0,72,190,0,1,0,1,1,10,2011,1,2013,0,0,0,0,0,2,3,40,1,1,8,1,0,0,1,80,6,1,3,13,,,,0,0,,,,,,,,,,,,,,,,,,,,,,,,,2015
2015040135,4,40135,1,1,1,4,3,23,59,25,0,1,0,4,2,20,471,20471,30,2001,1GCCS14W5182,1,G,C,C,S,1,4,W,5,1,8,2,0,0,0,Not Applicable,Not Applicable,0,0,0,1,0,0,0,0,0,0,0,55,0,0,0,62,6,2,25,0,0,0,1,4,85201,6,1,0,0,3,0,66,150,0,0,0,1,0,3,2012,3,2012,0,0,0,0,0,3,4,55,1,1,2,1,40,3,99,12,99,9,4,6,,,,1,1,,,,,,,,,,,,,,,,,,,,,,,,,2015
2015040136,4,40136,1,1,1,5,3,5,16,8,0,1,0,4,3,12,481,12481,31,1998,1FTRF17ZXWKA,1,F,T,R,F,1,7,Z,X,W,K,A,0,0,0,Not Applicable,Not Applicable,0,0,0,1,0,0,0,0,0,0,0,45,0,0,0,12,4,5,8,0,0,0,1,4,85323,6,1,0,0,3,0,72,210,0,0,0,0,0,0,0,0,0,0,89,0,0,0,5,5,45,1,1,8,1,0,0,1,80,99,1,1,13,,,,0,0,,,,,,,,,,,,,,,,,,,,,,,,,2015
2015040137,4,40137,1,1,1,5,3,6,37,58,0,1,0,4,1,20,481,20481,31,1994,2GCFK29K1R12,2,G,C,F,K,2,9,K,1,R,1,2,0,0,0,Not Applicable,Not Applicable,0,0,0,1,0,0,0,0,0,0,0,75,0,1,5,14,6,2,1,0,0,0,1,4,85251,6,1,0,0,3,3,72,210,0,9,1,0,0,10,2011,9,2012,4,0,0,0,0,2,2,65,1,1,2,1,0,0,1,9,99,9,4,7,,,,1,0,,,,,,,,,,,,,,,,,,,,,,,,,2015
2015040138,4,40138,1,2,4,5,3,19,18,12,6,1,0,4,1,37,32,37032,4,2008,JHMCP26748C0,J,H,M,C,P,2,6,7,4,8,C,0,0,0,0,Not Applicable,Not Applicable,0,0,0,1,0,0,0,0,0,0,0,18,0,0,0,4,4,3,12,0,0,0,1,4,85339,6,1,0,0,3,0,62,190,0,0,0,0,0,0,0,0,0,0,91,39,0,0,2,6,45,1,1,8,1,3,3,11,15,99,1,1,68,,,,1,0,,,,,,,,,,,,,,,,,,,,,,,,,2015
2015040138,4,40138,2,2,1,5,3,19,18,12,6,1,0,4,1,73,706,73706,80,2007,JKBZXNA157A0,J,K,B,Z,X,N,A,1,5,7,A,0,0,0,0,Not Applicable,Not Applicable,0,0,0,1,0,0,0,0,0,0,0,59,0,0,0,12,6,2,12,0,0,0,1,4,85044,6,1,0,0,3,3,70,205,0,0,0,0,0,0,0,0,0,0,0,0,0,0,2,6,45,1,1,8,1,3,3,1,62,3,2,1,69,,,,1,1,,,,,,,,,,,,,,,,,,,,,,,,,2015
2015040139,4,40139,1,2,4,5,3,21,53,12,6,1,0,4,2,37,32,37032,4,2004,1HGCM66384A0,1,H,G,C,M,6,6,3,8,4,A,0,0,0,0,Not Applicable,Not Applicable,0,0,0,1,0,0,0,0,0,0,0,35,0,0,0,9,6,2,12,0,0,0,1,4,85388,6,1,0,0,3,0,73,140,0,0,0,0,0,0,0,0,0,0,39,0,0,0,1,4,35,1,1,8,1,3,3,1,17,99,1,1,89,,,,1,0,,,,,,,,,,,,,,,,,,,,,,,,,2015
2015040139,4,40139,2,2,1,5,3,21,53,12,6,1,0,4,1,20,481,20481,31,2006,1GCEK19Z26Z2,1,G,C,E,K,1,9,Z,2,6,Z,2,0,0,0,Not Applicable,Not Applicable,0,0,0,1,0,0,0,0,0,0,0,35,0,0,0,12,6,2,12,0,0,0,1,4,85041,6,1,0,0,3,0,64,188,0,0,0,0,0,0,0,0,0,0,0,0,0,0,5,5,35,1,1,8,1,3,3,1,66,1,1,1,88,,,,0,0,,,,,,,,,,,,,,,,,,,,,,,,,2015
2015040140,4,40140,1,1,2,6,3,1,55,35,0,1,1,4,2,12,481,12481,31,2002,3FTSW31F02MA,3,F,T,S,W,3,1,F,0,2,M,A,0,0,0,Not Applicable,Not Applicable,0,0,0,1,0,0,0,0,0,0,0,80,0,1,5,12,6,2,1,0,0,0,1,4,85925,6,1,0,0,3,0,71,140,0,0,0,0,1,11,2014,11,2014,3,0,0,0,0,8,8,45,1,5,8,1,0,0,1,6,3,2,4,2,,,,1,1,,,,,,,,,,,,,,,,,,,,,,,,,2015
2015040141,4,40141,1,1,3,7,3,6,5,1,0,1,0,49,2,12,423,12423,16,2005,1FMNU43S05EC,1,F,M,N,U,4,3,S,0,5,E,C,0,0,0,Not Applicable,Not Applicable,0,0,0,1,0,0,0,0,0,0,0,71,0,1,5,0,6,2,1,0,0,0,1,32,89027,6,1,0,0,3,0,70,190,0,0,0,0,0,0,0,0,0,4,0,0,0,0,1,2,45,3,1,2,1,0,0,14,6,99,9,4,7,,,,2,1,,,,,,,,,,,,,,,,,,,,,,,,,2015
2015040142,4,40142,1,2,2,9,3,18,50,12,6,1,0,95,1,55,35,55035,6,2010,KMHDB8AE5AU0,K,M,H,D,B,8,A,E,5,A,U,0,0,0,0,Not Applicable,Not Applicable,0,0,0,1,0,0,0,0,0,0,0,5,0,0,0,83,6,2,12,0,0,0,1,95,0,9,9,99,0,9,9,999,999,99,99,99,99,99,99,9999,99,9999,0,38,0,0,0,5,5,45,1,1,2,1,3,3,11,15,99,1,1,68,,,,1,0,,,,,,,,,,,,,,,,,,,,,,,,,2015
2015040142,4,40142,2,2,2,9,3,18,50,12,6,1,0,4,1,2,403,2403,14,2003,1J4FA39S63P3,1,J,4,F,A,3,9,S,6,3,P,3,0,0,0,Not Applicable,Not Applicable,0,0,0,1,0,0,0,0,0,0,0,35,0,0,0,12,4,3,12,0,0,0,1,26,49093,6,1,0,0,3,0,70,300,0,0,0,0,0,0,0,0,0,0,0,0,0,0,5,5,45,1,1,2,1,3,3,1,62,3,2,1,69,,,,0,0,,,,,,,,,,,,,,,,,,,,,,,,,2015
2015040143,4,40143,1,1,1,9,3,20,31,33,0,1,0,4,1,2,403,2403,14,2006,1J4FA44S46P7,1,J,4,F,A,4,4,S,4,6,P,7,0,0,0,Not Applicable,Not Applicable,0,0,0,1,0,0,0,0,0,0,0,35,0,0,0,12,4,3,8,0,0,0,1,4,85308,6,1,0,0,3,3,73,165,0,1,0,2,0,11,2010,12,2010,0,0,0,0,0,5,6,45,1,1,2,1,0,0,1,13,99,1,4,1,,,,0,0,,,,,,,,,,,,,,,,,,,,,,,,,2015
2015040144,4,40144,1,1,2,11,3,0,6,8,0,1,0,4,1,20,22,20022,4,2010,1G1AB5F54A72,1,G,1,A,B,5,F,5,4,A,7,2,0,0,0,Not Applicable,Not Applicable,0,0,0,1,0,0,0,0,0,0,0,40,0,0,0,12,4,3,8,0,0,0,1,4,85118,6,1,0,0,3,3,70,195,1,2,1,0,0,7,2010,2,2011,0,89,0,0,0,5,3,35,1,1,2,1,0,0,1,80,99,1,1,13,,,,0,1,,,,,,,,,,,,,,,,,,,,,,,,,2015
2015040145,4,40145,1,2,1,11,3,7,12,12,1,1,0,4,2,12,401,12401,14,2005,1FMZU62E45UA,1,F,M,Z,U,6,2,E,4,5,U,A,0,0,0,Not Applicable,Not Applicable,0,0,0,1,0,0,0,0,0,0,0,65,0,0,0,12,6,2,12,0,0,0,1,4,86333,6,1,0,0,3,0,72,200,0,0,0,0,0,0,0,0,0,4,0,0,0,0,2,2,65,1,5,2,1,0,0,1,51,1,1,1,24,,,,0,0,,,,,,,,,,,,,,,,,,,,,,,,,2015
2015040145,4,40145,2,2,1,11,3,7,12,12,1,1,0,4,1,49,46,49046,5,2010,JTDKN3DU7A02,J,T,D,K,N,3,D,U,7,A,0,2,0,0,0,Not Applicable,Not Applicable,0,0,0,1,0,0,0,0,0,0,0,10,0,0,0,6,6,2,12,0,0,0,1,4,86333,6,1,0,0,3,0,70,180,0,0,0,0,0,0,0,0,0,0,0,0,0,0,2,2,65,1,5,2,1,0,0,1,53,99,1,1,25,,,,1,0,,,,,,,,,,,,,,,,,,,,,,,,,2015
2015040146,4,40146,1,2,1,11,3,16,5,12,6,1,0,4,1,18,7,18007,4,2005,2G4WS52J4511,2,G,4,W,S,5,2,J,4,5,1,1,0,0,0,Not Applicable,Not Applicable,0,0,0,1,0,0,0,0,0,0,0,998,0,0,0,61,6,2,12,0,0,0,1,4,86413,6,1,0,0,3,0,69,200,0,0,0,0,0,0,0,0,0,0,38,0,0,0,8,8,98,1,1,8,1,20,3,11,15,99,1,1,82,,,,1,0,,,,,,,,,,,,,,,,,,,,,,,,,2015
2015040146,4,40146,2,2,1,11,3,16,5,12,6,1,0,4,3,87,881,87881,66,2000,1XP5DB9X7YD5,1,X,P,5,D,B,9,X,7,Y,D,5,1,1,57,01687545,5701687545,3,6,2,1,0,0,0,0,0,0,0,53,0,0,0,12,6,2,12,0,0,0,1,35,88011,6,1,6,0,3,0,67,140,98,0,0,2,1,3,2011,1,2014,0,0,0,0,0,2,2,55,1,1,2,1,0,0,1,67,3,2,3,83,,,,0,0,,,,,,,,,,,,,,,,,,,,,,,,,2015
2015040147,4,40147,1,1,1,12,3,5,49,8,0,1,0,4,1,20,16,20016,2,2004,1G1JC12F5471,1,G,1,J,C,1,2,F,5,4,7,1,0,0,0,Not Applicable,Not Applicable,0,0,0,1,0,0,0,0,0,0,0,58,0,0,0,12,6,2,8,0,0,0,1,4,85222,6,1,0,0,3,0,69,220,0,0,0,0,0,0,0,0,0,0,0,0,0,0,2,2,45,1,1,8,1,0,0,1,80,1,1,1,13,,,,0,0,,,,,,,,,,,,,,,,,,,,,,,,,2015
2015040148,4,40148,1,2,1,12,3,5,54,12,9,1,0,4,3,87,881,87881,63,2007,1NPALUTX97D7,1,N,P,A,L,U,T,X,9,7,D,7,0,0,57,782797,57782797,3,2,4,1,0,0,0,0,0,0,0,5,0,0,0,6,6,2,12,0,0,0,1,4,85306,6,1,6,0,3,3,70,180,0,4,0,0,0,4,2010,4,2012,0,0,0,0,0,2,2,55,3,1,2,1,0,0,3,53,1,1,1,32,,,,0,0,,,,,,,,,,,,,,,,,,,,,,,,,2015
2015040148,4,40148,2,2,1,12,3,5,54,12,9,1,0,4,2,42,42,42042,4,2002,WDBRF61J62F2,W,D,B,R,F,6,1,J,6,2,F,2,0,0,0,Not Applicable,Not Applicable,0,0,0,1,0,0,0,0,0,0,0,75,0,0,0,9,6,2,2,32,0,1,1,4,85139,6,1,0,0,3,0,72,185,0,0,0,0,0,0,0,0,0,4,89,0,0,0,2,2,55,3,1,2,1,0,0,14,51,99,3,3,32,,,,1,1,,,,,,,,,,,,,,,,,,,,,,,,,2015
2015040149,4,40149,1,1,1,12,3,20,51,8,0,1,0,4,1,49,40,49040,4,1999,JT2BF22K3X02,J,T,2,B,F,2,2,K,3,X,0,2,0,0,0,Not Applicable,Not Applicable,0,0,0,1,0,0,0,0,0,0,0,40,0,0,0,12,4,5,8,0,0,0,1,4,85730,6,1,0,0,3,0,68,200,0,0,0,1,0,5,2011,5,2011,0,0,0,0,0,2,3,40,1,1,2,1,0,0,1,80,1,1,1,13,,,,0,0,,,,,,,,,,,,,,,,,,,,,,,,,2015
2015040150,4,40150,1,2,1,13,3,20,25,12,6,1,0,4,1,20,481,20481,31,2005,1GCEK19T75E2,1,G,C,E,K,1,9,T,7,5,E,2,0,0,0,Not Applicable,Not Applicable,0,0,0,1,0,0,0,0,0,0,0,18,0,0,0,62,6,2,12,0,0,0,1,4,85326,6,1,0,0,3,0,69,135,0,0,0,0,0,0,0,0,0,0,38,0,0,0,1,2,25,1,1,2,1,20,3,11,15,11,1,1,82,,,,0,0,,,,,,,,,,,,,,,,,,,,,,,,,2015
2015040150,4,40150,2,2,1,13,3,20,25,12,6,1,0,4,1,98,709,98709,80,2005,1B9SD21085B6,1,B,9,S,D,2,1,0,8,5,B,6,0,0,0,Not Applicable,Not Applicable,0,0,0,1,0,0,0,0,0,0,0,998,0,0,0,12,6,2,12,0,0,0,1,4,85326,6,1,0,0,3,0,75,240,0,0,0,1,0,10,2010,10,2010,0,0,0,0,0,1,2,45,1,1,2,1,0,0,1,67,6,1,2,83,,,,1,0,,,,,,,,,,,,,,,,,,,,,,,,,2015
2015040151,4,40151,1,2,1,14,3,2,48,12,1,1,0,4,1,53,706,53706,80,2004,JS1GT75A6421,J,S,1,G,T,7,5,A,6,4,2,1,0,0,0,Not Applicable,Not Applicable,0,0,0,1,0,0,0,0,0,0,0,115,0,0,0,12,6,2,12,0,0,0,1,4,85301,1,1,0,0,2,3,67,165,0,2,0,0,0,12,2014,12,2014,3,0,0,0,0,5,4,40,1,1,2,1,0,0,1,51,99,1,1,24,,,,1,1,,,,,,,,,,,,,,,,,,,,,,,,,2015
2015040151,4,40151,2,2,1,14,3,2,48,12,1,1,0,4,2,35,481,35481,31,2013,1N6AA0EC8DN3,1,N,6,A,A,0,E,C,8,D,N,3,0,0,0,Not Applicable,Not Applicable,0,0,0,1,0,0,0,0,0,0,0,40,0,1,5,6,6,2,12,0,0,0,1,33,3878,3,1,0,0,2,0,64,105,0,0,0,0,0,0,0,0,0,0,0,0,0,0,5,4,40,1,1,2,1,0,0,1,53,1,1,1,25,,,,0,0,,,,,,,,,,,,,,,,,,,,,,,,,2015
2015040152,4,40152,1,1,2,15,3,10,51,9,0,1,0,41,1,59,403,59403,14,2004,JTJHA31U0400,J,T,J,H,A,3,1,U,0,4,0,0,0,0,0,Not Applicable,Not Applicable,0,0,0,1,0,0,0,0,0,0,0,20,0,0,0,12,2,3,9,0,0,0,1,41,97471,6,1,0,0,3,0,64,144,1,0,0,0,0,1,2011,1,2011,0,0,0,0,0,1,2,25,1,1,8,1,0,0,1,83,1,1,1,13,,,,0,0,,,,,,,,,,,,,,,,,,,,,,,,,2015
2015040153,4,40153,1,1,1,15,3,17,26,14,0,1,0,4,2,53,739,53739,90,2003,JSAAK47A8321,J,S,A,A,K,4,7,A,8,3,2,1,0,0,0,Not Applicable,Not Applicable,0,0,0,1,0,0,0,0,0,0,0,998,0,1,1,82,4,5,1,0,0,0,1,4,85297,6,1,0,0,3,0,62,130,0,0,0,0,0,0,0,0,0,0,52,89,0,0,1,2,25,2,1,2,1,0,0,3,8,99,1,4,11,,,,1,1,,,,,,,,,,,,,,,,,,,,,,,,,2015
2015040154,4,40154,1,1,1,15,3,19,31,1,0,1,0,4,1,12,401,12401,14,1987,1FMCU14T3HUB,1,F,M,C,U,1,4,T,3,H,U,B,0,0,0,Not Applicable,Not Applicable,0,0,0,1,0,0,0,0,0,0,0,65,0,1,1,0,6,2,1,0,0,0,1,4,85541,6,1,0,0,3,3,64,135,0,0,0,0,0,0,0,0,0,4,81,0,0,0,2,2,65,1,6,2,1,0,0,1,90,7,9,6,98,,,,1,0,,,,,,,,,,,,,,,,,,,,,,,,,2015
2015040155,4,40155,1,1,1,16,3,6,49,15,0,1,0,4,1,14,21,14021,4,2007,3MEHM07157R6,3,M,E,H,M,0,7,1,5,7,R,6,0,0,0,Not Applicable,Not Applicable,0,0,0,1,0,0,0,0,0,0,0,35,0,0,0,12,6,2,15,0,0,0,1,4,85037,6,1,0,0,3,0,71,175,0,1,0,0,1,9,2014,9,2014,4,0,0,0,0,5,7,35,1,1,8,1,0,0,1,80,1,1,1,13,,,,0,0,,,,,,,,,,,,,,,,,,,,,,,,,2015
2015040156,4,40156,1,3,2,16,3,17,59,12,7,1,0,4,1,49,403,49403,14,2004,JTEEP21A9400,J,T,E,E,P,2,1,A,9,4,0,0,0,0,0,Not Applicable,Not Applicable,0,0,0,1,0,0,0,0,0,0,0,998,0,0,0,62,2,5,12,0,0,0,1,4,85215,6,1,0,0,3,3,64,130,0,0,0,1,0,8,2011,8,2011,0,38,27,0,0,5,5,45,1,1,8,1,20,3,10,16,99,1,3,78,,,,0,0,,,,,,,,,,,,,,,,,,,,,,,,,2015
2015040156,4,40156,2,3,1,16,3,17,59,12,7,1,0,4,1,73,705,73705,80,2015,JKAKLEE11FDA,J,K,A,K,L,E,E,1,1,F,D,A,0,0,0,Not Applicable,Not Applicable,0,0,0,1,0,0,0,0,0,0,0,998,0,0,0,81,6,2,12,0,0,0,1,4,85215,6,1,0,0,3,3,74,182,0,1,0,2,0,5,2010,4,2011,0,0,0,0,0,5,5,45,1,1,8,1,0,0,1,65,99,1,3,79,,,,1,1,,,,,,,,,,,,,,,,,,,,,,,,,2015
2015040156,4,40156,3,3,2,16,3,17,59,12,7,1,0,4,1,49,472,49472,30,2010,3TMMU4FN5AM0,3,T,M,M,U,4,F,N,5,A,M,0,0,0,0,Not Applicable,Not Applicable,0,0,0,1,0,0,0,0,0,0,0,998,0,0,0,62,6,2,12,0,0,0,1,4,85207,6,1,0,0,3,0,71,170,0,0,0,0,0,0,0,0,0,0,0,0,0,0,5,5,45,1,1,8,1,0,0,1,62,99,1,1,98,,,,0,0,,,,,,,,,,,,,,,,,,,,,,,,,2015
2015040157,4,40157,1,1,1,16,3,22,9,8,0,1,0,4,2,20,37,20037,4,2012,1G1ZB5E04CF1,1,G,1,Z,B,5,E,0,4,C,F,1,0,0,0,Not Applicable,Not Applicable,0,0,0,1,0,0,0,0,0,0,0,60,0,0,0,12,6,2,8,0,0,0,1,4,86413,6,1,0,0,3,0,61,170,0,0,0,1,0,3,2015,3,2015,3,89,0,0,0,2,2,55,1,1,2,1,0,0,1,80,98,1,1,13,,,,0,0,,,,,,,,,,,,,,,,,,,,,,,,,2015
2015040158,4,40158,1,1,6,16,3,23,32,1,0,1,0,4,1,20,404,20404,14,2005,2CNDL73F8561,2,C,N,D,L,7,3,F,8,5,6,1,1,1,0,Not Applicable,Not Applicable,0,0,0,1,0,0,0,0,0,0,0,75,0,1,5,0,6,2,1,0,0,0,1,4,85301,6,1,0,0,3,0,60,115,0,1,0,0,1,6,2013,6,2013,0,0,0,0,0,2,2,75,1,1,2,1,0,0,1,12,7,9,4,2,,,,1,0,,,,,,,,,,,,,,,,,,,,,,,,,2015
2015040159,4,40159,1,2,1,17,3,1,1,12,99,1,0,27,1,12,471,12471,30,1999,1FTZR15X9XPA,1,F,T,Z,R,1,5,X,9,X,P,A,0,0,0,Not Applicable,Not Applicable,0,0,0,1,0,0,0,0,0,0,0,0,0,1,9,98,6,2,12,0,0,0,1,27,55123,6,1,0,0,3,3,63,130,1,0,0,0,2,1,2012,6,2012,0,0,0,0,0,2,2,75,1,6,2,1,0,0,7,53,99,1,1,98,,,,1,0,,,,,,,,,,,,,,,,,,,,,,,,,2015
2015040159,4,40159,2,2,1,17,3,1,1,12,99,1,0,35,3,85,884,85884,66,2011,1XKAD49X1BJ2,1,X,K,A,D,4,9,X,1,B,J,2,1,1,57,0033677,570033677,3,6,1,1,0,0,0,0,0,0,0,74,0,0,0,12,6,2,12,0,0,0,1,4,85035,6,1,6,0,3,3,72,180,0,2,0,3,1,5,2010,9,2014,0,89,84,0,0,2,2,75,1,6,2,1,0,0,1,50,99,1,1,98,,,,0,0,,,,,,,,,,,,,,,,,,,,,,,,,2015
2015040160,4,40160,1,1,1,17,3,15,45,35,0,1,0,4,1,23,481,23481,31,1992,2GTEC19K8N15,2,G,T,E,C,1,9,K,8,N,1,5,0,0,0,Not Applicable,Not Applicable,0,0,0,1,0,0,0,0,0,0,0,63,0,1,5,81,6,2,1,0,0,0,1,4,86426,6,1,0,0,3,0,66,200,0,0,0,0,0,0,0,0,0,3,0,0,0,0,2,2,50,2,5,8,1,0,0,14,6,99,9,4,7,,,,1,1,,,,,,,,,,,,,,,,,,,,,,,,,2015