accident_id,STATE,ST_CASE,VEH_NO,VE_FORMS,NUMOCCS,DAY,MONTH,HOUR,MINUTE,HARM_EV,MAN_COLL,UNITTYPE,HIT_RUN,REG_STAT,OWNER,MAKE,MODEL,MAK_MOD,BODY_TYP,MOD_YEAR,VIN,VIN_1,VIN_2,VIN_3,VIN_4,VIN_5,VIN_6,VIN_7,VIN_8,VIN_9,VIN_10,VIN_11,VIN_12,TOW_VEH,J_KNIFE,MCARR_I1,MCARR_I2,MCARR_ID,GVWR,V_CONFIG,CARGO_BT,HAZ_INV,HAZ_PLAC,HAZ_ID,HAZ_CNO,HAZ_REL,BUS_USE,SPEC_USE,EMER_USE,TRAV_SP,UNDERIDE,ROLLOVER,ROLINLOC,IMPACT1,DEFORMED,TOWED,M_HARM,VEH_SC1,VEH_SC2,FIRE_EXP,DR_PRES,L_STATE,DR_ZIP,L_STATUS,L_TYPE,CDL_STAT,L_ENDORS,L_COMPL,L_RESTRI,DR_HGT,DR_WGT,PREV_ACC,PREV_SUS,PREV_DWI,PREV_SPD,PREV_OTH,FIRST_MO,FIRST_YR,LAST_MO,LAST_YR,SPEEDREL,DR_SF1,DR_SF2,DR_SF3,DR_SF4,VTRAFWAY,VNUM_LAN,VSPD_LIM,VALIGN,VPROFILE,VPAVETYP,VSURCOND,VTRAFCON,VTCONT_F,P_CRASH1,P_CRASH2,P_CRASH3,PCRASH4,PCRASH5,ACC_TYPE,TRLR1VIN,TRLR2VIN,TRLR3VIN,DEATHS,DR_DRINK,VINTYPE,VINMAKE,VINA_MOD,VIN_BT,VINMODYR,VIN_LNGT,VIN_WGT,WGTCD_TR,WHLBS_LG,WHLBS_SH,SER_TR,FUELCODE,MCYCL_DS,CARBUR,CYLINDER,DISPLACE,MCYCL_CY,MCYCL_WT,TIRE_SZE,TON_RAT,TRK_WT,TRKWTVAR,VIN_REST,WHLDRWHL,Year
2015040161,4,40161,1,2,5,17,3,19,23,12,99,1,0,4,2,20,481,20481,31,2002,2GCEK19T8214,2,G,C,E,K,1,9,T,8,2,1,4,0,0,0,Not Applicable,Not Applicable,0,0,0,1,0,0,0,0,0,0,0,998,0,1,5,98,6,2,1,0,0,0,1,4,85335,0,0,0,0,0,0,67,160,0,0,0,0,0,0,0,0,0,9,0,0,0,0,2,2,75,2,6,2,1,0,0,14,11,99,9,2,48,,,,1,0,,,,,,,,,,,,,,,,,,,,,,,,,2015
2015040161,4,40161,2,2,2,17,3,19,23,12,99,1,0,4,1,67,32,67032,3,2015,JTKJF5C79FJ0,J,T,K,J,F,5,C,7,9,F,J,0,0,0,0,Not Applicable,Not Applicable,0,0,0,1,0,0,0,0,0,0,0,998,0,0,0,98,4,3,12,0,0,0,1,4,85308,6,1,0,0,3,0,71,185,0,0,0,2,0,10,2014,1,2015,0,0,0,0,0,2,2,75,2,6,2,1,0,0,14,60,99,1,1,48,,,,0,0,,,,,,,,,,,,,,,,,,,,,,,,,2015
2015040163,4,40163,1,2,1,18,3,17,11,12,6,1,0,4,1,63,32,63032,4,2003,KNADC1250362,K,N,A,D,C,1,2,5,0,3,6,2,0,0,0,Not Applicable,Not Applicable,0,0,0,1,0,0,0,0,0,0,0,5,0,0,0,9,6,2,12,0,0,0,1,4,85024,6,1,0,0,3,0,68,165,0,0,0,0,1,9,2012,9,2012,0,38,0,0,0,1,2,45,1,1,8,1,20,3,11,15,99,1,1,82,,,,1,0,,,,,,,,,,,,,,,,,,,,,,,,,2015
2015040163,4,40163,2,2,1,18,3,17,11,12,6,1,0,4,4,30,46,30046,4,2015,1VWAT7A39FC0,1,V,W,A,T,7,A,3,9,F,C,0,0,0,0,Not Applicable,Not Applicable,0,0,0,1,0,0,0,0,0,0,0,45,0,0,0,12,6,2,12,0,0,0,1,53,99208,6,1,0,0,3,0,71,215,0,0,0,1,1,7,2010,1,2011,0,0,0,0,0,5,5,45,1,1,8,1,0,0,1,67,1,1,1,83,,,,0,0,,,,,,,,,,,,,,,,,,,,,,,,,2015
2015040164,4,40164,1,2,1,20,3,21,29,12,2,1,0,4,2,7,18,7018,4,1991,1B3XC46R8MD2,1,B,3,X,C,4,6,R,8,M,D,2,0,0,0,Not Applicable,Not Applicable,0,0,0,1,0,0,0,0,0,0,0,50,0,0,0,12,6,2,12,0,0,0,1,4,85713,0,0,0,0,0,0,64,130,0,0,0,0,0,0,0,0,0,0,28,0,0,0,1,2,50,1,1,8,1,0,0,1,10,99,1,1,50,,,,1,1,,,,,,,,,,,,,,,,,,,,,,,,,2015
2015040164,4,40164,2,2,1,20,3,21,29,12,2,1,0,4,2,14,17,14017,4,2003,1MEFM50U33G6,1,M,E,F,M,5,0,U,3,3,G,6,0,0,0,Not Applicable,Not Applicable,0,0,0,1,0,0,0,0,0,0,0,50,0,0,0,12,6,2,12,0,0,0,1,4,85716,6,1,0,0,3,0,71,195,0,0,0,0,0,0,0,0,0,0,0,0,0,0,1,2,50,1,1,8,1,0,0,1,62,99,1,1,51,,,,0,0,,,,,,,,,,,,,,,,,,,,,,,,,2015
2015040165,4,40165,1,2,3,22,3,11,20,1,0,1,0,4,1,12,481,12481,31,1997,1FTDX1724VKC,1,F,T,D,X,1,7,2,4,V,K,C,0,0,0,Not Applicable,Not Applicable,0,0,0,1,0,0,0,0,0,0,0,0,0,0,0,63,2,5,12,0,0,0,1,4,85748,6,1,0,0,3,1,73,183,0,0,0,0,0,0,0,0,0,0,38,91,0,0,1,2,40,1,5,2,1,20,3,5,17,1,1,1,98,,,,0,0,,,,,,,,,,,,,,,,,,,,,,,,,2015
2015040165,4,40165,2,2,1,22,3,11,20,1,0,1,0,4,1,72,706,72706,80,2001,1HD1BSY161Y0,1,H,D,1,B,S,Y,1,6,1,Y,0,0,0,0,Not Applicable,Not Applicable,0,0,0,1,0,0,0,0,0,0,0,40,0,0,0,0,6,2,12,0,0,0,1,4,85715,6,1,6,0,3,3,70,200,0,4,0,0,0,6,2010,8,2012,0,0,0,0,0,2,3,40,1,1,2,1,0,0,1,66,99,9,1,98,,,,1,0,,,,,,,,,,,,,,,,,,,,,,,,,2015
2015040166,4,40166,1,1,1,22,3,15,7,24,0,1,0,4,1,35,473,35473,31,2006,1N6AA07A56N5,1,N,6,A,A,0,7,A,5,6,N,5,0,0,0,Not Applicable,Not Applicable,0,0,0,1,0,0,0,0,0,0,0,50,0,1,3,98,6,2,1,0,0,0,1,4,86004,6,1,0,0,3,0,70,230,0,1,0,0,0,9,2010,9,2010,0,0,0,0,0,6,1,45,2,5,1,1,0,0,14,6,99,5,4,7,,,,1,1,,,,,,,,,,,,,,,,,,,,,,,,,2015
2015040167,4,40167,1,1,1,22,3,20,16,33,0,1,0,4,1,20,481,20481,31,2004,1GCEC14X04Z2,1,G,C,E,C,1,4,X,0,4,Z,2,0,0,0,Not Applicable,Not Applicable,0,0,0,1,0,0,0,0,0,0,0,65,0,1,5,12,6,2,1,0,0,0,1,4,85746,6,1,0,0,3,0,71,240,0,0,0,0,1,4,2010,4,2010,4,0,0,0,0,5,5,35,1,1,2,1,40,3,1,6,99,9,4,2,,,,1,1,,,,,,,,,,,,,,,,,,,,,,,,,2015
2015040168,4,40168,1,2,1,23,3,17,13,12,1,1,0,4,3,23,481,23481,31,2012,3GTP2VE76CG2,3,G,T,P,2,V,E,7,6,C,G,2,0,0,0,Not Applicable,Not Applicable,0,0,0,1,0,0,0,0,0,0,0,90,1,0,0,12,6,2,12,0,0,0,1,4,85635,6,1,0,0,3,0,70,190,0,0,0,0,0,0,0,0,0,4,0,0,0,0,2,2,75,1,1,2,1,0,0,1,51,99,1,1,24,,,,1,0,,,,,,,,,,,,,,,,,,,,,,,,,2015
2015040168,4,40168,2,2,2,23,3,17,13,12,1,1,0,18,3,82,881,82881,66,2015,3AKJGLD59FSG,3,A,K,J,G,L,D,5,9,F,S,G,1,1,57,0005428,570005428,3,6,1,1,0,0,0,0,0,0,0,25,0,0,0,6,4,3,12,0,0,0,1,39,45403,6,1,6,0,3,0,67,160,0,0,0,2,0,4,2013,5,2014,0,0,0,0,0,2,2,75,1,1,2,1,0,0,3,53,1,1,1,25,,,,0,0,,,,,,,,,,,,,,,,,,,,,,,,,2015
2015040169,4,40169,1,2,1,24,3,6,19,12,2,1,0,4,5,37,31,37031,2,2001,1HGEM22991L0,1,H,G,E,M,2,2,9,9,1,L,0,0,0,0,Not Applicable,Not Applicable,0,0,0,1,0,0,0,0,0,0,0,998,3,0,0,12,6,2,12,0,0,0,1,4,85711,1,1,0,0,2,0,73,220,0,1,0,0,0,3,2014,3,2014,4,51,0,0,0,2,2,75,1,6,2,1,0,0,1,54,99,1,1,52,,,,1,1,,,,,,,,,,,,,,,,,,,,,,,,,2015
2015040169,4,40169,2,2,2,24,3,6,19,12,2,1,0,29,3,82,881,82881,66,2014,1FUJGLD55ELF,1,F,U,J,G,L,D,5,5,E,L,F,1,1,57,778506,57778506,3,6,1,1,0,0,0,0,0,0,0,70,0,0,0,12,6,2,12,0,0,0,1,40,74344,6,1,6,0,3,0,67,205,0,0,0,1,0,3,2013,3,2013,0,0,0,0,0,2,2,75,1,5,2,1,0,0,1,54,1,1,1,52,,,,0,0,,,,,,,,,,,,,,,,,,,,,,,,,2015
2015040170,4,40170,1,1,5,26,3,21,2,59,0,1,0,4,2,6,441,6441,20,2005,2C4GP44R85R1,2,C,4,G,P,4,4,R,8,5,R,1,0,0,0,Not Applicable,Not Applicable,0,0,0,1,0,0,0,0,0,0,0,998,0,1,6,98,6,2,1,32,0,0,1,4,85033,0,0,0,0,0,0,60,120,0,0,0,0,0,0,0,0,0,5,91,37,0,0,2,2,65,1,1,2,1,0,0,15,6,99,9,4,2,,,,1,0,,,,,,,,,,,,,,,,,,,,,,,,,2015
2015040171,4,40171,1,2,1,26,3,23,22,12,6,1,0,4,1,20,37,20037,4,2014,1G11B5SL2EF1,1,G,1,1,B,5,S,L,2,E,F,1,0,0,0,Not Applicable,Not Applicable,0,0,0,1,0,0,0,0,0,0,0,10,0,0,0,1,6,2,12,0,0,0,1,4,85283,6,1,0,0,3,0,71,201,0,0,0,0,0,0,0,0,0,0,38,0,0,0,2,3,35,2,1,2,1,0,0,11,15,99,1,1,68,,,,0,0,,,,,,,,,,,,,,,,,,,,,,,,,2015
2015040171,4,40171,2,2,2,26,3,23,22,12,6,1,0,4,1,98,709,98709,80,2014,L5YTCKPA4E11,L,5,Y,T,C,K,P,A,4,E,1,1,0,0,0,Not Applicable,Not Applicable,0,0,0,1,0,0,0,0,0,0,0,35,0,0,0,12,6,2,12,0,0,0,1,4,85282,6,1,0,0,2,0,72,245,0,0,0,0,0,0,0,0,0,0,0,0,0,0,2,3,35,3,1,2,1,0,0,14,62,99,1,1,69,,,,1,1,,,,,,,,,,,,,,,,,,,,,,,,,2015
2015040172,4,40172,1,2,2,28,3,13,15,12,6,1,0,35,1,72,706,72706,80,2007,1HD1FC4117Y6,1,H,D,1,F,C,4,1,1,7,Y,6,0,0,0,Not Applicable,Not Applicable,0,0,0,1,0,0,0,0,0,0,0,45,0,0,0,12,6,2,12,0,0,0,1,35,87413,6,1,6,0,3,0,68,220,98,0,0,0,0,0,0,0,0,0,39,0,0,0,2,4,45,1,1,8,1,3,3,1,17,99,1,3,88,,,,2,0,,,,,,,,,,,,,,,,,,,,,,,,,2015
2015040172,4,40172,2,2,2,28,3,13,15,12,6,1,0,4,1,42,44,42044,1,2013,WDDJK7DA3DF0,W,D,D,J,K,7,D,A,3,D,F,0,0,0,0,Not Applicable,Not Applicable,0,0,0,1,0,0,0,0,0,0,0,15,0,0,0,62,6,2,12,0,0,0,1,4,85260,6,1,0,0,3,0,66,165,0,0,0,0,0,0,0,0,0,0,0,0,0,0,2,3,45,1,1,8,1,3,3,1,66,1,1,1,89,,,,0,0,,,,,,,,,,,,,,,,,,,,,,,,,2015
2015040173,4,40173,1,1,1,29,3,2,48,59,0,1,0,4,1,59,34,59034,4,2006,JTHBH96S3650,J,T,H,B,H,9,6,S,3,6,5,0,0,0,0,Not Applicable,Not Applicable,0,0,0,1,0,0,0,0,0,0,0,998,0,0,0,12,6,2,43,0,0,0,1,4,85040,6,1,0,0,3,3,64,180,0,3,0,2,1,10,2011,3,2014,4,39,0,0,0,1,2,25,1,1,2,1,20,3,1,6,99,1,4,1,,,,1,1,,,,,,,,,,,,,,,,,,,,,,,,,2015
2015040174,4,40174,1,1,1,29,3,6,49,35,0,1,0,4,2,35,43,35043,4,2009,3N1AB61E19L6,3,N,1,A,B,6,1,E,1,9,L,6,0,0,0,Not Applicable,Not Applicable,0,0,0,1,0,0,0,0,0,0,0,50,0,1,5,82,6,2,3,0,0,0,1,4,85349,6,1,0,0,3,0,62,140,0,0,0,0,1,11,2010,11,2010,0,0,0,0,0,1,2,50,1,1,4,1,0,0,1,9,99,3,4,2,,,,1,1,,,,,,,,,,,,,,,,,,,,,,,,,2015
2015040175,4,40175,1,1,1,29,3,6,50,1,0,1,0,4,2,20,421,20421,15,2003,1GNEC13ZX3R1,1,G,N,E,C,1,3,Z,X,3,R,1,0,0,0,Not Applicable,Not Applicable,0,0,0,1,0,0,0,0,0,0,0,998,0,1,3,0,6,2,1,0,0,0,1,4,85283,6,1,0,0,3,3,68,270,0,0,0,0,0,0,0,0,0,9,99,99,99,99,2,2,75,1,1,2,1,0,0,1,9,99,9,4,7,,,,1,0,,,,,,,,,,,,,,,,,,,,,,,,,2015
2015040176,4,40176,1,2,1,29,3,18,1,12,6,1,0,4,1,72,706,72706,80,1993,1HD1DPL15PY5,1,H,D,1,D,P,L,1,5,P,Y,5,0,0,0,Not Applicable,Not Applicable,0,0,0,1,0,0,0,0,0,0,0,35,0,0,0,12,6,2,12,32,0,0,1,4,85119,6,1,0,0,3,0,66,160,0,0,0,0,0,0,0,0,0,0,39,0,0,0,1,2,35,1,1,2,1,20,3,1,17,3,2,3,88,,,,1,0,,,,,,,,,,,,,,,,,,,,,,,,,2015
2015040176,4,40176,2,2,1,29,3,18,1,12,6,1,0,4,2,37,37,37037,5,2010,JHMZE2H5XAS0,J,H,M,Z,E,2,H,5,X,A,S,0,0,0,0,Not Applicable,Not Applicable,0,0,0,1,0,0,0,0,0,0,0,35,0,0,0,62,6,2,12,32,0,0,1,4,85215,6,1,0,0,3,3,62,165,0,0,0,0,1,2,2014,2,2014,0,0,0,0,0,1,2,35,1,1,2,1,0,0,1,66,99,1,1,89,,,,0,0,,,,,,,,,,,,,,,,,,,,,,,,,2015
2015040177,4,40177,1,1,1,30,3,11,53,33,0,1,0,4,2,76,706,76706,80,2007,JYARN20E47A0,J,Y,A,R,N,2,0,E,4,7,A,0,0,0,0,Not Applicable,Not Applicable,0,0,0,1,0,0,0,0,0,0,0,40,0,0,0,14,6,9,19,0,0,0,1,4,85714,6,1,0,0,2,0,70,200,0,3,0,1,1,5,2010,9,2012,4,0,0,0,0,1,2,25,1,1,8,1,0,0,1,14,99,1,4,14,,,,1,0,,,,,,,,,,,,,,,,,,,,,,,,,2015
2015040178,4,40178,1,1,1,30,3,16,55,14,0,1,0,4,1,12,481,12481,31,2013,1FTFW1EF4DKD,1,F,T,F,W,1,E,F,4,D,K,D,0,0,0,Not Applicable,Not Applicable,0,0,0,1,0,0,0,0,0,0,0,999,0,0,0,82,6,2,14,0,0,0,1,4,85132,6,1,0,0,3,3,68,170,0,0,0,0,0,0,0,0,0,0,99,99,99,99,1,2,25,1,1,2,1,0,0,3,9,99,9,4,2,,,,1,1,,,,,,,,,,,,,,,,,,,,,,,,,2015
2015040179,4,40179,1,1,2,20,1,14,12,5,0,1,0,4,1,14,6,14006,4,2000,2MEFM74W8YX7,2,M,E,F,M,7,4,W,8,Y,X,7,0,0,0,Not Applicable,Not Applicable,0,0,0,1,0,0,0,0,0,0,0,35,0,0,0,0,0,3,5,0,0,0,1,4,85205,6,1,0,0,3,0,66,160,1,5,0,2,2,3,2010,12,2013,4,0,0,0,0,1,2,30,1,1,2,1,0,0,11,98,1,1,1,0,,,,1,0,,,,,,,,,,,,,,,,,,,,,,,,,2015
2015040180,4,40180,1,1,1,25,1,18,44,15,0,1,0,4,1,20,401,20401,14,1999,1GNDT13W5X21,1,G,N,D,T,1,3,W,5,X,2,1,0,0,0,Not Applicable,Not Applicable,0,0,0,1,0,0,0,0,0,0,0,998,0,0,0,12,2,5,15,0,0,0,1,4,85209,6,1,0,0,3,0,71,185,0,0,0,0,0,0,0,0,0,4,91,13,0,0,2,3,45,1,1,2,1,0,0,1,80,99,1,1,13,,,,0,0,,,,,,,,,,,,,,,,,,,,,,,,,2015
2015040181,4,40181,1,1,2,3,3,12,7,1,0,1,0,92,0,2,404,2404,14,1997,1J4FT68S4VL5,1,J,4,F,T,6,8,S,4,V,L,5,0,0,0,Not Applicable,Not Applicable,0,0,0,1,0,0,0,0,0,0,0,999,0,1,5,0,6,2,1,0,0,0,1,4,85746,6,1,0,0,3,3,77,269,0,6,0,0,2,3,2010,9,2014,4,58,0,0,0,6,1,45,3,1,2,1,0,0,14,12,6,4,4,7,,,,1,0,,,,,,,,,,,,,,,,,,,,,,,,,2015
2015040182,4,40182,1,1,1,21,3,11,0,1,0,1,0,4,1,71,706,71706,80,2006,ZDM1UB5W66B0,Z,D,M,1,U,B,5,W,6,6,B,0,0,0,0,Not Applicable,Not Applicable,0,0,0,1,0,0,0,0,0,0,0,75,0,0,0,0,6,2,1,0,0,0,1,12,33064,6,1,0,0,3,0,74,200,0,0,0,0,0,0,0,0,0,4,0,0,0,0,1,2,55,3,6,2,1,0,0,14,13,99,1,4,1,,,,1,0,,,,,,,,,,,,,,,,,,,,,,,,,2015
2015040183,4,40183,1,1,1,27,3,1,52,1,0,1,0,4,1,37,706,37706,80,2002,JH2SC48132M0,J,H,2,S,C,4,8,1,3,2,M,0,0,0,0,Not Applicable,Not Applicable,0,0,0,1,0,0,0,0,0,0,0,100,0,0,0,0,6,2,20,0,0,0,1,4,85048,0,0,0,0,0,0,74,240,0,4,0,3,0,11,2010,2,2015,3,0,0,0,0,2,3,65,1,1,2,1,0,0,15,6,99,9,4,7,,,,1,1,,,,,,,,,,,,,,,,,,,,,,,,,2015
2015040184,4,40184,1,2,1,31,3,16,12,12,7,1,0,4,1,72,706,72706,80,2005,1HD1CLP355K4,1,H,D,1,C,L,P,3,5,5,K,4,0,0,0,Not Applicable,Not Applicable,0,0,0,1,0,0,0,0,0,0,0,65,0,0,0,61,6,2,12,0,0,0,1,4,85746,6,1,0,0,3,0,70,160,0,4,0,2,3,3,2014,10,2014,0,28,0,0,0,3,5,65,3,1,2,1,0,0,6,10,1,1,2,47,,,,1,0,,,,,,,,,,,,,,,,,,,,,,,,,2015
2015040184,4,40184,2,2,1,31,3,16,12,12,7,1,0,32,3,82,881,82881,66,1997,1FUYDSEB6VL8,1,F,U,Y,D,S,E,B,6,V,L,8,1,1,57,0017170,570017170,3,6,3,1,0,0,0,0,0,0,0,60,0,0,0,2,2,5,12,0,0,0,1,4,85746,6,1,6,0,3,0,73,245,0,0,0,0,2,2,2011,7,2013,0,0,0,0,0,3,5,65,2,1,2,1,0,0,14,61,1,1,1,45,,,,0,0,,,,,,,,,,,,,,,,,,,,,,,,,2015
2015040185,4,40185,1,1,2,1,3,23,24,7,0,1,0,92,0,12,398,12398,1,1965,FFR1795K,F,F,R,1,7,9,5,K,,,,,0,0,0,Not Applicable,Not Applicable,0,0,0,1,0,0,0,0,0,0,0,79,0,1,5,0,6,2,2,35,0,1,1,4,85142,6,1,0,0,3,0,73,185,0,2,0,2,4,8,2011,8,2013,3,91,0,0,0,1,2,25,1,6,2,1,0,0,3,98,99,9,3,0,,,,1,1,,,,,,,,,,,,,,,,,,,,,,,,,2015
2015040186,4,40186,1,2,2,11,3,14,44,12,7,1,0,6,1,49,471,49471,30,1989,JT4RN13P7K00,J,T,4,R,N,1,3,P,7,K,0,0,0,0,0,Not Applicable,Not Applicable,0,0,0,1,0,0,0,0,0,0,0,80,0,1,3,8,6,2,1,0,0,0,1,6,93306,6,1,0,0,3,0,65,150,0,0,0,0,1,12,2012,12,2012,0,27,0,0,0,2,2,75,1,1,2,1,0,0,15,12,99,1,2,46,,,,1,0,,,,,,,,,,,,,,,,,,,,,,,,,2015
2015040186,4,40186,2,2,2,11,3,14,44,12,7,1,0,12,3,84,884,84884,66,2010,3HSCUAPR1AN2,3,H,S,C,U,A,P,R,1,A,N,2,1,1,57,02338192,5702338192,3,6,1,1,0,0,0,0,0,0,0,70,0,0,0,1,2,5,12,0,0,0,1,12,33016,1,1,1,0,2,3,70,999,0,0,0,0,0,0,0,0,0,0,0,0,0,0,2,2,75,1,1,2,1,0,0,1,61,1,1,1,45,,,,0,0,,,,,,,,,,,,,,,,,,,,,,,,,2015
2015040187,4,40187,1,2,1,9,3,8,32,12,6,1,0,4,1,7,28,7028,2,2014,2C3CDYBT6EH2,2,C,3,C,D,Y,B,T,6,E,H,2,0,0,0,Not Applicable,Not Applicable,0,0,0,1,0,0,0,0,0,0,0,10,0,0,0,3,6,2,12,0,0,0,1,4,85302,6,1,0,0,3,0,71,225,0,2,1,0,0,7,2012,11,2012,0,38,0,0,0,1,6,40,1,1,8,1,3,3,11,15,99,1,1,68,,,,0,0,,,,,,,,,,,,,,,,,,,,,,,,,2015
2015040187,4,40187,2,2,2,9,3,8,32,12,6,1,0,4,1,37,31,37031,4,2003,2HGES16503H5,2,H,G,E,S,1,6,5,0,3,H,5,0,0,0,Not Applicable,Not Applicable,0,0,0,1,0,0,0,0,0,0,0,998,0,0,0,12,6,2,12,0,0,0,1,4,85024,6,1,0,0,3,0,69,150,0,0,0,0,0,0,0,0,0,0,0,0,0,0,1,6,40,1,1,8,1,3,3,1,62,99,1,1,69,,,,1,0,,,,,,,,,,,,,,,,,,,,,,,,,2015
2015040188,4,40188,1,2,1,24,3,4,56,12,6,1,0,4,2,49,40,49040,4,1999,4T1BG22K6XU8,4,T,1,B,G,2,2,K,6,X,U,8,0,0,0,Not Applicable,Not Applicable,0,0,0,1,0,0,0,0,0,0,0,998,0,0,0,62,6,2,12,0,0,0,1,4,85326,0,0,0,0,0,0,999,999,0,0,0,0,0,0,0,0,0,0,39,0,0,0,1,2,50,2,1,2,1,20,3,11,15,99,1,1,82,,,,1,0,,,,,,,,,,,,,,,,,,,,,,,,,2015
2015040188,4,40188,2,2,1,24,3,4,56,12,6,1,0,4,3,82,881,82881,66,2005,1FUJA6CK15DN,1,F,U,J,A,6,C,K,1,5,D,N,1,1,57,01136836,5701136836,3,6,4,1,0,0,0,0,0,0,0,998,0,1,5,12,6,2,12,0,0,0,1,4,85353,6,1,6,0,3,0,65,190,0,0,0,0,0,0,0,0,0,0,0,0,0,0,1,2,50,2,1,2,1,0,0,14,67,8,2,3,83,,,,0,0,,,,,,,,,,,,,,,,,,,,,,,,,2015
2015040189,4,40189,1,1,2,26,3,22,7,33,0,1,0,4,1,20,6,20006,1,1963,30967W234997,3,0,9,6,7,W,2,3,4,9,9,7,0,0,0,Not Applicable,Not Applicable,0,0,0,1,0,0,0,0,0,0,0,46,0,1,5,98,6,2,1,0,0,0,1,4,85028,6,1,0,0,3,0,68,165,0,0,0,0,0,0,0,0,0,3,89,0,0,0,5,5,35,3,6,2,1,0,0,14,6,8,5,4,2,,,,1,1,,,,,,,,,,,,,,,,,,,,,,,,,2015
2015040190,4,40190,1,1,1,14,3,20,18,8,0,1,0,4,1,12,481,12481,31,2011,1FTMF1CM3BFC,1,F,T,M,F,1,C,M,3,B,F,C,0,0,0,Not Applicable,Not Applicable,0,0,0,1,0,0,0,0,0,0,0,28,0,0,0,12,2,5,8,0,0,0,1,4,85037,6,1,0,0,3,0,68,165,1,0,0,1,0,11,2013,12,2013,0,0,0,0,0,5,5,35,1,1,2,1,0,0,1,80,99,1,1,13,,,,0,0,,,,,,,,,,,,,,,,,,,,,,,,,2015
2015040191,4,40191,1,1,6,28,3,4,17,35,0,1,0,4,1,23,421,23421,15,1999,1GKEK13R6XJ7,1,G,K,E,K,1,3,R,6,X,J,7,0,0,0,Not Applicable,Not Applicable,0,0,0,1,0,0,0,0,0,0,0,998,0,1,5,81,6,2,1,0,0,0,1,4,86503,6,1,0,0,3,3,63,130,0,0,0,0,0,0,0,0,0,9,58,0,0,0,8,8,98,8,8,2,98,0,0,99,6,99,9,4,7,,,,1,1,,,,,,,,,,,,,,,,,,,,,,,,,2015
2015040192,4,40192,1,1,1,20,3,19,27,8,0,1,0,4,1,12,481,12481,31,2012,1FTFW1CT2CFB,1,F,T,F,W,1,C,T,2,C,F,B,0,0,0,Not Applicable,Not Applicable,0,0,0,1,0,0,0,0,0,0,0,56,0,0,0,12,2,5,8,0,0,0,1,4,85205,6,1,0,0,3,0,71,160,0,0,0,5,1,5,2010,8,2014,4,99,99,99,99,5,5,40,1,1,8,1,0,0,1,80,1,1,1,13,,,,0,0,,,,,,,,,,,,,,,,,,,,,,,,,2015
2015040193,4,40193,1,2,1,14,3,17,50,12,6,1,0,4,1,19,3,19003,4,1986,1G6DW69Y6G97,1,G,6,D,W,6,9,Y,6,G,9,7,0,0,0,Not Applicable,Not Applicable,0,0,0,1,0,0,0,0,0,0,0,15,0,0,0,82,6,2,12,0,0,0,1,4,85254,6,1,0,0,3,3,68,176,0,0,0,0,0,0,0,0,0,0,38,0,0,0,2,4,45,1,1,8,1,3,3,11,15,99,1,1,68,,,,1,0,,,,,,,,,,,,,,,,,,,,,,,,,2015
2015040193,4,40193,2,2,1,14,3,17,50,12,6,1,0,4,1,35,47,35047,4,2005,1N4AL11D85N4,1,N,4,A,L,1,1,D,8,5,N,4,0,0,0,Not Applicable,Not Applicable,0,0,0,1,0,0,0,0,0,0,0,45,0,0,0,12,6,2,12,0,0,0,1,4,85028,6,1,0,0,3,0,72,220,0,0,0,1,0,10,2011,10,2011,0,0,0,0,0,2,4,45,1,1,8,1,3,3,1,62,99,1,1,69,,,,0,0,,,,,,,,,,,,,,,,,,,,,,,,,2015
2015040194,4,40194,1,2,1,20,3,17,53,12,6,1,0,4,1,99,709,99709,81,2008,LJ4TDNPG98Y0,L,J,4,T,D,N,P,G,9,8,Y,0,0,0,0,Not Applicable,Not Applicable,0,0,0,1,0,0,0,0,0,0,0,25,0,0,0,12,6,2,12,32,0,0,1,4,85016,6,1,0,0,3,0,70,306,0,0,0,0,1,9,2011,9,2011,0,89,39,0,0,1,6,35,1,1,8,1,3,3,1,17,99,1,1,88,,,,1,1,,,,,,,,,,,,,,,,,,,,,,,,,2015
2015040194,4,40194,2,2,1,20,3,17,53,12,6,1,0,4,2,35,47,35047,4,2000,1N4DL01D0YC2,1,N,4,D,L,0,1,D,0,Y,C,2,0,0,0,Not Applicable,Not Applicable,0,0,0,1,0,0,0,0,0,0,0,20,0,0,0,62,4,5,12,0,0,0,1,4,85016,6,1,0,0,3,0,66,125,0,0,0,0,0,0,0,0,0,0,0,0,0,0,1,4,35,1,1,8,1,3,3,1,66,99,1,1,89,,,,0,0,,,,,,,,,,,,,,,,,,,,,,,,,2015
2015040195,4,40195,1,2,1,4,3,18,18,12,6,1,0,4,1,7,482,7482,31,2013,3C63RPGL3DG6,3,C,6,3,R,P,G,L,3,D,G,6,0,0,0,Not Applicable,Not Applicable,0,0,0,1,0,0,0,0,0,0,0,49,0,0,0,12,4,5,12,0,0,0,1,4,85342,6,1,0,0,3,0,70,150,0,0,0,0,0,0,0,0,0,0,39,0,0,0,1,7,45,1,1,2,1,3,3,1,17,99,1,1,83,,,,0,1,,,,,,,,,,,,,,,,,,,,,,,,,2015
2015040195,4,40195,2,2,2,4,3,18,18,12,6,1,0,4,2,49,44,49044,2,1999,2T1CF22P9XC2,2,T,1,C,F,2,2,P,9,X,C,2,0,0,0,Not Applicable,Not Applicable,0,0,0,1,0,0,0,0,0,0,0,22,0,0,0,9,6,2,12,0,0,0,1,4,85308,6,1,0,0,3,0,66,140,0,0,0,0,0,0,0,0,0,0,0,0,0,0,1,3,45,1,1,2,1,3,3,11,66,99,1,1,82,,,,1,0,,,,,,,,,,,,,,,,,,,,,,,,,2015
2015040196,4,40196,1,1,1,6,3,13,26,9,0,1,0,4,2,12,3,12003,2,2008,1ZVHT80NX851,1,Z,V,H,T,8,0,N,X,8,5,1,0,0,0,Not Applicable,Not Applicable,0,0,0,1,0,0,0,0,0,0,0,47,0,0,0,12,6,2,9,0,0,0,1,4,85607,1,1,0,0,2,0,70,170,1,7,0,4,4,11,2010,12,2014,9,99,99,99,99,2,3,35,1,8,2,98,3,3,3,83,99,9,1,13,,,,0,0,,,,,,,,,,,,,,,,,,,,,,,,,2015