accident_id,STATE,ST_CASE,VEH_NO,VE_FORMS,NUMOCCS,DAY,MONTH,HOUR,MINUTE,HARM_EV,MAN_COLL,UNITTYPE,HIT_RUN,REG_STAT,OWNER,MAKE,MODEL,MAK_MOD,BODY_TYP,MOD_YEAR,VIN,VIN_1,VIN_2,VIN_3,VIN_4,VIN_5,VIN_6,VIN_7,VIN_8,VIN_9,VIN_10,VIN_11,VIN_12,TOW_VEH,J_KNIFE,MCARR_I1,MCARR_I2,MCARR_ID,GVWR,V_CONFIG,CARGO_BT,HAZ_INV,HAZ_PLAC,HAZ_ID,HAZ_CNO,HAZ_REL,BUS_USE,SPEC_USE,EMER_USE,TRAV_SP,UNDERIDE,ROLLOVER,ROLINLOC,IMPACT1,DEFORMED,TOWED,M_HARM,VEH_SC1,VEH_SC2,FIRE_EXP,DR_PRES,L_STATE,DR_ZIP,L_STATUS,L_TYPE,CDL_STAT,L_ENDORS,L_COMPL,L_RESTRI,DR_HGT,DR_WGT,PREV_ACC,PREV_SUS,PREV_DWI,PREV_SPD,PREV_OTH,FIRST_MO,FIRST_YR,LAST_MO,LAST_YR,SPEEDREL,DR_SF1,DR_SF2,DR_SF3,DR_SF4,VTRAFWAY,VNUM_LAN,VSPD_LIM,VALIGN,VPROFILE,VPAVETYP,VSURCOND,VTRAFCON,VTCONT_F,P_CRASH1,P_CRASH2,P_CRASH3,PCRASH4,PCRASH5,ACC_TYPE,TRLR1VIN,TRLR2VIN,TRLR3VIN,DEATHS,DR_DRINK,VINTYPE,VINMAKE,VINA_MOD,VIN_BT,VINMODYR,VIN_LNGT,VIN_WGT,WGTCD_TR,WHLBS_LG,WHLBS_SH,SER_TR,FUELCODE,MCYCL_DS,CARBUR,CYLINDER,DISPLACE,MCYCL_CY,MCYCL_WT,TIRE_SZE,TON_RAT,TRK_WT,TRKWTVAR,VIN_REST,WHLDRWHL,Year
2015040197,4,40197,1,2,2,6,3,22,46,12,6,1,0,99,9,55,36,55036,5,2014,Unknown,9,9,9,9,9,9,9,9,9,9,9,9,0,0,0,Not Applicable,Not Applicable,0,0,0,1,0,0,0,0,0,0,0,999,0,0,0,61,9,9,12,0,0,0,1,99,99999,9,9,99,0,9,9,999,999,99,99,99,99,99,99,9999,99,9999,9,38,0,0,0,9,9,99,9,9,9,99,20,3,99,99,99,9,9,99,,,,1,1,,,,,,,,,,,,,,,,,,,,,,,,,2015
2015040197,4,40197,2,2,1,6,3,22,46,12,6,1,0,99,9,12,481,12481,31,2006,Unknown,9,9,9,9,9,9,9,9,9,9,9,9,0,0,0,Not Applicable,Not Applicable,0,0,0,1,0,0,0,0,0,0,0,999,0,0,0,12,9,9,12,0,0,0,1,4,85901,1,1,0,0,2,0,72,165,1,3,0,3,1,4,2013,9,2014,9,99,99,99,99,9,9,99,9,9,9,99,0,0,99,99,99,9,9,99,,,,0,1,,,,,,,,,,,,,,,,,,,,,,,,,2015
2015040198,4,40198,1,1,1,11,3,99,99,9,0,1,9,99,9,99,999,99999,99,9999,Unknown,9,9,9,9,9,9,9,9,9,9,9,9,0,0,0,Not Applicable,Not Applicable,0,0,0,1,0,0,0,0,0,0,0,999,0,0,0,12,9,9,9,0,0,0,1,99,99999,9,9,99,0,9,9,999,999,99,99,99,99,99,99,9999,99,9999,9,99,99,99,99,9,9,99,9,9,8,99,99,9,99,83,99,9,9,13,,,,0,0,,,,,,,,,,,,,,,,,,,,,,,,,2015
2015040199,4,40199,1,1,1,11,3,12,27,33,0,1,0,4,2,53,705,53705,80,2008,JS1GR7LA1821,J,S,1,G,R,7,L,A,1,8,2,1,0,0,0,Not Applicable,Not Applicable,0,0,0,1,0,0,0,0,0,0,0,998,0,0,0,12,6,2,1,0,0,0,1,4,85382,6,1,0,0,2,0,71,155,1,2,0,0,2,1,2013,10,2013,4,99,99,99,99,4,2,40,3,1,2,1,0,0,14,13,99,1,4,1,,,,1,1,,,,,,,,,,,,,,,,,,,,,,,,,2015
2015040200,4,40200,1,2,1,14,3,5,6,12,2,1,0,4,2,7,26,7026,4,2013,1C3CDZAB9DN6,1,C,3,C,D,Z,A,B,9,D,N,6,0,0,0,Not Applicable,Not Applicable,0,0,0,1,0,0,0,0,0,0,0,998,0,1,5,12,6,2,1,0,0,0,1,4,86503,1,1,0,0,2,0,69,240,0,0,0,0,0,0,0,0,0,0,0,0,0,0,1,2,65,1,1,2,1,0,0,1,62,99,9,9,51,,,,1,0,,,,,,,,,,,,,,,,,,,,,,,,,2015
2015040200,4,40200,2,2,1,14,3,5,6,12,2,1,0,4,1,12,481,12481,31,2009,1FTPX14V79KB,1,F,T,P,X,1,4,V,7,9,K,B,0,0,0,Not Applicable,Not Applicable,0,0,0,1,0,0,0,0,0,0,0,998,0,1,1,12,6,2,12,0,0,1,1,4,86503,6,1,0,0,3,0,70,135,0,0,0,0,0,0,0,0,0,0,28,0,0,0,1,2,65,1,1,2,1,0,0,1,10,99,1,2,50,,,,0,1,,,,,,,,,,,,,,,,,,,,,,,,,2015
2015040202,4,40202,1,1,3,15,3,22,16,43,0,1,0,4,1,23,481,23481,31,1996,1GTEC14M9TZ5,1,G,T,E,C,1,4,M,9,T,Z,5,0,0,0,Not Applicable,Not Applicable,0,0,0,1,0,0,0,0,0,0,0,67,0,1,5,98,6,2,1,0,0,0,1,4,85043,6,1,0,0,3,0,70,150,0,2,0,0,3,6,2011,12,2011,4,0,0,0,0,5,5,45,1,1,2,1,0,0,1,13,99,1,4,5,,,,3,1,,,,,,,,,,,,,,,,,,,,,,,,,2015
2015040203,4,40203,1,2,2,15,3,23,52,12,6,1,0,4,2,37,31,37031,2,2003,1HGEM22953L0,1,H,G,E,M,2,2,9,5,3,L,0,0,0,0,Not Applicable,Not Applicable,0,0,0,1,0,0,0,0,0,0,0,71,0,1,6,12,6,2,1,0,0,0,1,4,85142,6,1,0,0,3,0,66,120,0,0,0,0,0,0,0,0,0,3,91,28,0,0,1,2,45,1,1,2,1,0,0,6,10,99,1,2,73,,,,1,1,,,,,,,,,,,,,,,,,,,,,,,,,2015
2015040203,4,40203,2,2,2,15,3,23,52,12,6,1,0,4,2,20,401,20401,14,2001,1GNCS18W91K1,1,G,N,C,S,1,8,W,9,1,K,1,0,0,0,Not Applicable,Not Applicable,0,0,0,1,0,0,0,0,0,0,0,34,0,0,0,62,6,2,12,0,0,0,1,4,85142,6,1,0,0,3,0,67,117,0,0,0,0,0,0,0,0,0,0,0,0,0,0,1,2,45,1,1,2,1,0,0,11,60,1,1,1,72,,,,0,0,,,,,,,,,,,,,,,,,,,,,,,,,2015
2015040204,4,40204,1,1,1,16,3,13,20,15,0,1,0,4,1,58,35,58035,4,2001,JNKCA31A01T0,J,N,K,C,A,3,1,A,0,1,T,0,0,0,0,Not Applicable,Not Applicable,0,0,0,1,0,0,0,0,0,0,0,26,0,0,0,12,2,5,15,0,0,0,1,4,85041,6,1,0,0,3,3,62,260,0,0,0,0,4,7,2010,7,2010,0,28,0,0,0,1,2,35,1,1,2,1,0,0,1,80,1,1,2,13,,,,0,0,,,,,,,,,,,,,,,,,,,,,,,,,2015
2015040205,4,40205,1,2,1,19,3,1,49,12,6,1,0,4,2,12,401,12401,14,2006,1FMEU73E16UB,1,F,M,E,U,7,3,E,1,6,U,B,0,0,0,Not Applicable,Not Applicable,0,0,0,1,0,0,0,0,0,0,0,76,0,0,0,12,6,2,12,0,0,0,1,4,85308,6,1,0,0,3,0,67,150,0,0,0,0,0,0,0,0,0,4,0,0,0,0,2,4,40,1,1,2,2,3,3,1,17,99,9,1,69,,,,0,1,,,,,,,,,,,,,,,,,,,,,,,,,2015
2015040205,4,40205,2,2,1,19,3,1,49,12,6,1,0,31,1,49,482,49482,31,2001,5TBBT44181S1,5,T,B,B,T,4,4,1,8,1,S,1,0,0,0,Not Applicable,Not Applicable,0,0,0,1,0,0,0,0,0,0,0,14,0,0,0,81,6,2,12,0,0,0,1,4,85363,6,1,0,0,3,0,69,180,0,0,0,0,0,0,0,0,0,0,48,0,0,0,2,4,40,1,1,2,2,3,3,11,63,99,9,1,68,,,,1,1,,,,,,,,,,,,,,,,,,,,,,,,,2015
2015040206,4,40206,1,3,1,19,3,11,9,12,6,1,0,4,1,20,421,20421,15,2004,1GNEC13T64R2,1,G,N,E,C,1,3,T,6,4,R,2,0,0,0,Not Applicable,Not Applicable,0,0,0,1,0,0,0,0,0,0,0,64,0,0,0,12,6,2,12,0,0,0,1,4,85023,6,1,0,0,3,0,70,280,0,1,0,1,1,5,2014,7,2014,3,0,0,0,0,5,7,40,1,1,2,2,0,0,1,17,99,9,3,88,,,,0,0,,,,,,,,,,,,,,,,,,,,,,,,,2015
2015040206,4,40206,2,3,1,19,3,11,9,12,6,1,0,4,2,7,461,7461,21,1996,2B6HB21X7TK1,2,B,6,H,B,2,1,X,7,T,K,1,0,0,0,Not Applicable,Not Applicable,0,0,0,1,0,0,0,0,0,0,0,22,0,0,0,62,6,2,12,0,0,0,1,4,85021,6,1,0,0,3,0,66,180,1,5,0,2,0,2,2011,7,2013,0,0,0,0,0,1,2,40,1,1,2,2,20,3,1,66,99,9,3,89,,,,1,0,,,,,,,,,,,,,,,,,,,,,,,,,2015
2015040206,4,40206,3,3,1,19,3,11,9,12,6,1,0,4,1,12,471,12471,30,2004,1FTYR44U84PB,1,F,T,Y,R,4,4,U,8,4,P,B,0,0,0,Not Applicable,Not Applicable,0,0,0,1,0,0,0,0,0,0,0,40,0,0,0,61,2,5,54,0,0,0,1,4,85035,6,1,0,0,3,0,70,350,0,0,0,0,0,0,0,0,0,0,0,0,0,0,5,7,40,1,1,2,2,0,0,1,17,99,9,3,98,,,,0,0,,,,,,,,,,,,,,,,,,,,,,,,,2015
2015040207,4,40207,1,2,1,22,3,20,4,12,1,1,0,4,2,35,39,35039,4,1996,JN1CA21D8TT1,J,N,1,C,A,2,1,D,8,T,T,1,0,0,0,Not Applicable,Not Applicable,0,0,0,1,0,0,0,0,0,0,0,75,0,0,0,12,6,2,12,0,0,0,1,4,85256,1,1,0,0,2,0,67,210,0,9,0,0,1,6,2011,12,2014,3,91,0,0,0,3,2,45,1,1,2,1,0,0,1,50,1,1,1,20,,,,0,1,,,,,,,,,,,,,,,,,,,,,,,,,2015
2015040207,4,40207,2,2,1,22,3,20,4,12,1,1,0,4,2,7,25,7025,5,2008,1B3HB48B68D5,1,B,3,H,B,4,8,B,6,8,D,5,0,0,0,Not Applicable,Not Applicable,0,0,0,1,0,0,0,0,0,0,0,0,0,0,0,6,6,2,12,0,0,0,1,4,85213,6,1,0,0,3,0,67,220,0,0,0,0,0,0,0,0,0,0,0,0,0,0,3,2,45,1,1,2,1,0,0,5,53,1,1,1,21,,,,1,0,,,,,,,,,,,,,,,,,,,,,,,,,2015
2015040208,4,40208,1,1,1,31,3,13,41,9,0,1,0,4,3,23,881,23881,62,2007,1GDJ5C1G67F4,1,G,D,J,5,C,1,G,6,7,F,4,0,0,57,108029,57108029,2,1,1,1,0,0,0,0,0,0,0,4,0,0,0,12,2,5,9,0,0,0,1,4,85388,6,1,0,0,3,0,67,200,0,0,0,0,0,0,0,0,0,0,38,0,0,0,0,0,0,0,0,0,0,0,0,10,84,1,1,1,13,,,,0,0,,,,,,,,,,,,,,,,,,,,,,,,,2015
2015040209,4,40209,1,1,1,14,3,17,30,17,0,1,0,95,1,76,706,76706,80,2006,JYAVP17N76A0,J,Y,A,V,P,1,7,N,7,6,A,0,0,0,0,Not Applicable,Not Applicable,0,0,0,1,0,0,0,0,0,0,0,50,0,0,0,12,6,2,17,0,0,0,1,95,0,9,9,99,0,9,9,75,310,99,99,99,99,99,99,9999,99,9999,4,0,0,0,0,1,2,35,3,5,8,1,0,0,14,13,99,1,4,1,,,,1,0,,,,,,,,,,,,,,,,,,,,,,,,,2015
2015040210,4,40210,1,3,1,1,4,8,46,12,6,1,0,4,1,98,998,98998,97,2012,4XARH50A9CB4,4,X,A,R,H,5,0,A,9,C,B,4,0,0,0,Not Applicable,Not Applicable,0,0,0,1,0,0,0,0,0,0,0,998,0,1,1,63,6,2,12,0,0,0,1,46,57568,6,1,0,0,3,0,72,170,0,0,0,0,0,0,0,0,0,0,38,0,0,0,0,0,0,0,0,0,0,0,0,1,17,99,9,1,89,,,,1,0,,,,,,,,,,,,,,,,,,,,,,,,,2015
2015040210,4,40210,2,3,2,1,4,8,46,12,6,1,0,4,1,12,401,12401,14,2015,1FM5K7D86FGA,1,F,M,5,K,7,D,8,6,F,G,A,0,0,0,Not Applicable,Not Applicable,0,0,0,1,0,0,0,0,0,0,0,998,0,0,0,12,6,2,12,0,0,0,1,4,86406,6,1,0,0,3,3,74,185,0,0,0,0,0,0,0,0,0,0,0,0,0,0,5,5,55,1,1,2,1,0,0,1,71,99,1,3,88,,,,0,0,,,,,,,,,,,,,,,,,,,,,,,,,2015
2015040210,4,40210,3,3,1,1,4,8,46,12,6,1,0,4,1,7,472,7472,31,1999,1B7GG22X3XS2,1,B,7,G,G,2,2,X,3,X,S,2,0,0,0,Not Applicable,Not Applicable,0,0,0,1,0,0,0,0,0,0,0,998,0,0,0,4,4,5,12,0,0,0,1,4,86406,6,1,0,0,3,0,72,250,0,0,0,0,0,0,0,0,0,0,0,0,0,0,5,5,55,1,1,2,1,0,0,1,71,8,9,3,98,,,,0,0,,,,,,,,,,,,,,,,,,,,,,,,,2015
2015040211,4,40211,1,2,1,1,4,14,37,12,2,1,0,4,3,55,41,55041,2,2015,KMHHU6KJ9FU1,K,M,H,H,U,6,K,J,9,F,U,1,0,0,0,Not Applicable,Not Applicable,0,0,0,1,0,0,0,0,0,0,0,55,0,0,0,12,6,2,12,0,0,0,1,4,85614,6,1,0,0,3,3,73,286,0,0,0,0,0,0,0,0,0,0,28,0,0,0,1,2,55,1,1,8,1,0,0,1,10,99,1,2,50,,,,1,0,,,,,,,,,,,,,,,,,,,,,,,,,2015
2015040211,4,40211,2,2,1,1,4,14,37,12,2,1,0,4,1,20,431,20431,16,1995,1GNFK16K5SJ3,1,G,N,F,K,1,6,K,5,S,J,3,0,0,0,Not Applicable,Not Applicable,0,0,0,1,0,0,0,0,0,0,0,55,0,0,0,12,6,2,12,0,0,0,1,4,85621,6,1,0,0,3,3,66,170,0,0,0,0,1,9,2014,9,2014,0,89,0,0,0,1,2,55,1,1,8,1,0,0,1,62,99,1,1,51,,,,0,0,,,,,,,,,,,,,,,,,,,,,,,,,2015
2015040212,4,40212,1,2,1,1,4,19,20,8,0,1,1,4,2,49,32,49032,4,2011,2T1BU4EE1BC6,2,T,1,B,U,4,E,E,1,B,C,6,0,0,0,Not Applicable,Not Applicable,0,0,0,1,0,0,0,0,0,0,0,41,0,0,0,12,4,5,8,0,0,0,1,4,85051,6,1,0,0,3,3,72,245,0,0,0,0,0,0,0,0,0,0,0,0,0,0,5,6,40,1,1,2,1,0,0,1,80,1,1,1,13,,,,0,0,,,,,,,,,,,,,,,,,,,,,,,,,2015
2015040212,4,40212,2,2,1,1,4,19,20,8,0,1,1,99,9,99,999,99999,99,9999,Unknown,9,9,9,9,9,9,9,9,9,9,9,9,0,0,0,Not Applicable,Not Applicable,0,0,0,1,0,0,0,0,0,0,0,998,0,0,0,99,4,5,8,99,99,0,1,99,99999,9,9,99,0,9,9,999,999,99,99,99,99,99,99,9999,99,9999,9,99,99,99,99,5,6,40,1,1,2,1,0,0,1,80,99,9,9,98,,,,0,0,,,,,,,,,,,,,,,,,,,,,,,,,2015
2015040213,4,40213,1,1,1,2,4,10,15,1,0,1,0,4,1,12,401,12401,14,1996,1FMDU32P8TZB,1,F,M,D,U,3,2,P,8,T,Z,B,0,0,0,Not Applicable,Not Applicable,0,0,0,1,0,0,0,0,0,0,0,998,0,1,5,0,6,2,1,0,0,0,1,4,85020,6,1,0,0,3,0,71,160,0,0,0,0,0,0,0,0,0,4,58,0,0,0,2,2,55,3,6,2,1,0,0,14,13,99,1,4,1,,,,1,0,,,,,,,,,,,,,,,,,,,,,,,,,2015
2015040215,4,40215,1,3,2,3,4,11,30,12,8,1,0,6,1,20,481,20481,31,2011,1GCRCTE03BZ1,1,G,C,R,C,T,E,0,3,B,Z,1,0,0,0,Not Applicable,Not Applicable,0,0,0,1,0,0,0,0,0,0,0,70,0,0,0,62,6,2,12,0,0,0,1,6,95355,6,1,0,0,3,3,69,190,0,0,0,1,0,8,2012,8,2012,0,28,0,0,0,1,2,65,1,1,2,1,40,3,15,10,99,1,2,64,,,,1,0,,,,,,,,,,,,,,,,,,,,,,,,,2015
2015040215,4,40215,2,3,1,3,4,11,30,12,8,1,0,47,3,82,881,82881,66,2014,3AKJGLD67ESF,3,A,K,J,G,L,D,6,7,E,S,F,1,1,57,0070627,570070627,3,6,1,1,0,0,0,0,0,0,0,65,0,0,0,63,6,2,12,0,0,0,1,4,86018,6,1,6,0,3,3,69,195,0,4,0,0,0,1,2012,3,2015,0,89,0,0,0,1,2,65,1,1,2,1,40,3,1,62,99,1,1,65,,,,0,0,,,,,,,,,,,,,,,,,,,,,,,,,2015
2015040215,4,40215,3,3,2,3,4,11,30,12,8,1,0,4,1,37,402,37402,14,2013,2HKRM3H78DH5,2,H,K,R,M,3,H,7,8,D,H,5,0,0,0,Not Applicable,Not Applicable,0,0,0,1,0,0,0,0,0,0,0,65,0,0,0,12,6,2,12,0,0,0,1,4,85710,6,1,0,0,3,0,69,230,0,0,0,0,0,0,0,0,0,0,0,0,0,0,1,2,65,1,1,2,1,40,3,1,54,99,1,1,98,,,,2,0,,,,,,,,,,,,,,,,,,,,,,,,,2015
2015040217,4,40217,1,1,1,4,4,1,51,1,0,1,0,4,1,49,472,49472,30,2007,5TEJU62N47Z4,5,T,E,J,U,6,2,N,4,7,Z,4,0,0,0,Not Applicable,Not Applicable,0,0,0,1,0,0,0,0,0,0,0,998,0,1,5,0,6,2,1,0,0,0,1,4,85714,6,1,0,0,3,0,68,165,0,1,1,1,0,4,2012,2,2013,9,99,99,99,99,2,2,75,1,1,2,1,0,0,1,12,99,9,4,2,,,,1,1,,,,,,,,,,,,,,,,,,,,,,,,,2015
2015040218,4,40218,1,2,1,5,4,12,45,12,6,1,0,4,1,49,482,49482,31,2007,5TFSV54107X0,5,T,F,S,V,5,4,1,0,7,X,0,0,0,0,Not Applicable,Not Applicable,0,0,0,1,0,0,0,0,0,0,0,5,0,0,0,62,6,2,12,0,0,0,1,4,85750,6,1,0,0,3,0,68,155,0,0,0,0,0,0,0,0,0,0,0,0,0,0,0,0,0,0,0,0,0,0,0,11,66,99,1,1,82,,,,0,0,,,,,,,,,,,,,,,,,,,,,,,,,2015
2015040218,4,40218,2,2,1,5,4,12,45,12,6,1,0,4,1,53,706,53706,80,2006,JS1GT76A7621,J,S,1,G,T,7,6,A,7,6,2,1,0,0,0,Not Applicable,Not Applicable,0,0,0,1,0,0,0,0,0,0,0,50,0,0,0,12,6,2,12,0,0,0,1,4,85705,6,1,0,0,3,3,67,195,0,0,0,0,0,0,0,0,0,3,0,0,0,0,1,4,40,1,1,2,1,0,0,1,17,99,1,1,83,,,,1,0,,,,,,,,,,,,,,,,,,,,,,,,,2015
2015040219,4,40219,1,2,2,5,4,14,52,12,1,1,0,4,2,35,39,35039,4,2010,1N4AA5AP3AC8,1,N,4,A,A,5,A,P,3,A,C,8,0,0,0,Not Applicable,Not Applicable,0,0,0,1,0,0,0,0,0,0,0,998,0,1,5,6,6,2,1,0,0,0,1,4,85142,6,1,0,0,3,0,75,230,0,0,0,0,0,0,0,0,0,3,91,0,0,0,8,8,45,1,1,8,1,0,0,1,53,99,1,1,25,,,,1,0,,,,,,,,,,,,,,,,,,,,,,,,,2015
2015040219,4,40219,2,2,1,5,4,14,52,12,1,1,0,4,2,54,35,54035,4,2002,19UUA56702A0,1,9,U,U,A,5,6,7,0,2,A,0,0,0,0,Not Applicable,Not Applicable,0,0,0,1,0,0,0,0,0,0,0,998,0,0,0,12,6,2,12,0,0,0,1,4,85295,6,1,0,0,3,0,69,175,0,0,0,0,0,0,0,0,0,3,91,0,0,0,8,8,45,1,1,8,1,0,0,1,51,99,1,1,24,,,,0,0,,,,,,,,,,,,,,,,,,,,,,,,,2015
2015040220,4,40220,1,2,1,5,4,18,17,12,1,1,0,4,1,72,706,72706,80,2009,1HD1GV4189K3,1,H,D,1,G,V,4,1,8,9,K,3,0,0,0,Not Applicable,Not Applicable,0,0,0,1,0,0,0,0,0,0,0,60,0,0,0,12,6,2,12,0,0,0,1,4,86403,6,1,0,0,3,0,71,185,0,0,0,0,0,0,0,0,0,4,0,0,0,0,5,5,35,2,1,2,1,0,0,14,51,99,9,1,24,,,,1,1,,,,,,,,,,,,,,,,,,,,,,,,,2015
2015040220,4,40220,2,2,1,5,4,18,17,12,1,1,0,4,2,7,472,7472,31,2001,1B7GG22X61S1,1,B,7,G,G,2,2,X,6,1,S,1,0,0,0,Not Applicable,Not Applicable,0,0,0,1,0,0,0,0,0,0,0,35,0,0,0,6,4,5,12,0,0,0,1,4,86404,6,1,0,0,3,0,66,130,0,0,0,0,0,0,0,0,0,0,0,0,0,0,5,5,35,2,1,2,1,0,0,14,53,99,1,1,25,,,,0,0,,,,,,,,,,,,,,,,,,,,,,,,,2015
2015040221,4,40221,1,2,1,7,4,7,15,12,6,1,0,4,2,21,21,21021,4,1997,1G3NL52T3VM3,1,G,3,N,L,5,2,T,3,V,M,3,0,0,0,Not Applicable,Not Applicable,0,0,0,1,0,0,0,0,0,0,0,10,0,0,0,9,6,2,12,0,0,0,1,4,85901,6,1,0,0,3,3,62,130,0,0,0,0,0,0,0,0,0,0,38,0,0,0,1,2,98,1,1,2,1,20,3,11,15,99,1,1,82,,,,1,0,,,,,,,,,,,,,,,,,,,,,,,,,2015
2015040221,4,40221,2,2,1,7,4,7,15,12,6,1,0,4,1,42,42,42042,2,2003,WDBRN40J33A3,W,D,B,R,N,4,0,J,3,3,A,3,0,0,0,Not Applicable,Not Applicable,0,0,0,1,0,0,0,0,0,0,0,65,0,0,0,12,6,2,12,0,0,0,1,4,85924,6,1,0,0,3,0,64,165,0,0,0,0,0,0,0,0,0,0,0,0,0,0,2,3,65,1,1,2,1,0,0,1,67,99,1,1,83,,,,0,0,,,,,,,,,,,,,,,,,,,,,,,,,2015
2015040222,4,40222,1,1,1,7,4,12,32,33,0,1,0,4,2,12,35,12035,4,1998,1FALP6537WK1,1,F,A,L,P,6,5,3,7,W,K,1,0,0,0,Not Applicable,Not Applicable,0,0,0,1,0,0,0,0,0,0,0,35,0,0,0,12,6,2,43,0,0,0,1,4,85621,6,1,0,0,3,0,66,150,0,0,0,0,0,0,0,0,0,0,0,0,0,0,5,5,30,2,1,2,1,0,0,14,8,99,9,4,7,,,,1,0,,,,,,,,,,,,,,,,,,,,,,,,,2015
2015040223,4,40223,1,1,3,7,4,19,37,8,0,1,0,4,1,20,23,20023,6,2008,3GNCA63X68S7,3,G,N,C,A,6,3,X,6,8,S,7,0,0,0,Not Applicable,Not Applicable,0,0,0,1,0,0,0,0,0,0,0,998,0,0,0,12,6,2,8,0,0,0,1,4,85037,6,1,0,0,3,0,63,180,0,0,0,0,0,0,0,0,0,0,0,0,0,0,5,3,35,1,1,2,1,0,0,1,80,99,1,1,13,,,,0,0,,,,,,,,,,,,,,,,,,,,,,,,,2015
2015040224,4,40224,1,2,1,9,4,16,50,12,7,1,0,4,2,12,3,12003,2,2003,1FAFP40403F4,1,F,A,F,P,4,0,4,0,3,F,4,0,0,0,Not Applicable,Not Applicable,0,0,0,1,0,0,0,0,0,0,0,35,0,0,0,61,6,2,12,0,0,0,1,4,85042,6,1,0,0,3,0,64,140,1,3,1,1,0,10,2012,12,2013,0,27,0,0,0,3,4,65,1,1,1,1,0,0,15,10,1,1,2,47,,,,0,0,,,,,,,,,,,,,,,,,,,,,,,,,2015
2015040224,4,40224,2,2,1,9,4,16,50,12,7,1,0,4,1,72,706,72706,80,2005,1HD1GVW155K3,1,H,D,1,G,V,W,1,5,5,K,3,0,0,0,Not Applicable,Not Applicable,0,0,0,1,0,0,0,0,0,0,0,65,0,0,0,81,6,2,12,0,0,0,1,4,85203,6,1,0,0,3,0,71,235,0,0,0,0,0,0,0,0,0,0,0,0,0,0,3,4,65,1,1,1,1,0,0,1,61,99,1,1,45,,,,1,0,,,,,,,,,,,,,,,,,,,,,,,,,2015
2015040225,4,40225,1,1,2,10,4,13,14,9,0,1,0,4,2,12,17,12017,4,2002,1FAFP55U22A1,1,F,A,F,P,5,5,U,2,2,A,1,0,0,0,Not Applicable,Not Applicable,0,0,0,1,0,0,0,0,0,0,0,45,0,0,0,12,2,3,9,0,0,0,1,4,85120,6,1,0,0,3,0,70,210,0,0,0,0,0,0,0,0,0,0,89,83,0,0,1,2,45,1,1,2,1,0,0,1,83,6,1,3,13,,,,0,0,,,,,,,,,,,,,,,,,,,,,,,,,2015
2015040226,4,40226,1,1,1,10,4,13,15,1,0,1,0,4,1,49,401,49401,14,2000,JT3GN86R1Y01,J,T,3,G,N,8,6,R,1,Y,0,1,0,0,0,Not Applicable,Not Applicable,0,0,0,1,0,0,0,0,0,0,0,75,0,1,5,0,6,2,1,0,0,0,1,4,85035,6,1,0,0,3,0,62,105,0,0,0,0,0,0,0,0,0,0,85,0,0,0,2,2,75,1,1,2,1,0,0,1,61,6,5,4,2,,,,1,0,,,,,,,,,,,,,,,,,,,,,,,,,2015
2015040227,4,40227,1,1,1,11,4,9,54,9,0,1,0,4,1,34,35,34035,4,1995,WBAHE2324SGE,W,B,A,H,E,2,3,2,4,S,G,E,0,0,0,Not Applicable,Not Applicable,0,0,0,1,0,0,0,0,0,0,0,40,0,0,0,12,6,2,9,0,0,0,1,4,85018,6,1,0,0,3,0,70,170,0,8,0,0,0,10,2010,11,2013,0,0,0,0,0,1,7,40,1,1,8,1,3,3,1,83,6,1,3,13,,,,0,0,,,,,,,,,,,,,,,,,,,,,,,,,2015
2015040228,4,40228,1,1,1,11,4,12,15,1,0,1,0,4,1,72,706,72706,80,2007,1HD1JL5157Y0,1,H,D,1,J,L,5,1,5,7,Y,0,0,0,0,Not Applicable,Not Applicable,0,0,0,1,0,0,0,0,0,0,0,998,0,0,0,0,6,2,1,0,0,0,1,4,86442,6,1,0,0,3,3,74,230,0,0,0,0,0,0,0,0,0,4,0,0,0,0,2,2,65,2,5,2,1,0,0,14,12,99,1,4,6,,,,1,0,,,,,,,,,,,,,,,,,,,,,,,,,2015
2015040229,4,40229,1,1,2,11,4,19,49,17,0,1,0,4,2,2,404,2404,14,1995,1J4GZ58S6SC6,1,J,4,G,Z,5,8,S,6,S,C,6,0,0,0,Not Applicable,Not Applicable,0,0,0,1,0,0,0,0,0,0,0,999,0,1,5,98,6,2,1,0,0,0,1,4,85324,6,1,0,0,3,3,69,220,0,0,0,0,0,0,0,0,0,4,91,0,0,0,1,2,98,2,6,8,1,0,0,14,99,99,9,4,10,,,,1,1,,,,,,,,,,,,,,,,,,,,,,,,,2015
2015040230,4,40230,1,1,2,11,4,21,0,33,0,1,0,4,1,76,705,76705,80,2002,JYA5AHE022A0,J,Y,A,5,A,H,E,0,2,2,A,0,0,0,0,Not Applicable,Not Applicable,0,0,0,1,0,0,0,0,0,0,0,998,0,0,0,82,6,2,40,0,0,0,1,4,85295,6,1,0,0,3,0,76,235,0,0,0,0,0,0,0,0,0,4,0,0,0,0,8,8,30,3,1,8,1,0,0,14,13,99,1,4,1,,,,2,1,,,,,,,,,,,,,,,,,,,,,,,,,2015
2015040231,4,40231,1,2,1,12,4,19,45,12,1,1,0,4,3,82,890,82890,66,1997,1FUYDZYB2VH8,1,F,U,Y,D,Z,Y,B,2,V,H,8,1,1,57,0045415,570045415,3,6,4,1,0,0,0,0,0,0,0,0,0,0,0,6,2,5,12,0,0,0,1,4,85742,6,1,6,0,3,0,68,195,0,0,0,0,1,11,2010,11,2010,0,48,0,0,0,2,2,45,1,1,2,1,0,0,5,53,1,1,1,22,,,,0,0,,,,,,,,,,,,,,,,,,,,,,,,,2015
2015040231,4,40231,2,2,2,12,4,19,45,12,1,1,0,53,1,54,421,54421,15,2004,2HNYD18804H5,2,H,N,Y,D,1,8,8,0,4,H,5,0,0,0,Not Applicable,Not Applicable,0,0,0,1,0,0,0,0,0,0,0,45,0,0,0,12,6,2,12,0,0,0,1,53,98422,6,1,0,0,3,0,70,168,0,0,0,1,0,11,2010,11,2010,0,0,0,0,0,2,2,45,1,1,2,1,0,0,1,50,99,1,1,20,,,,1,1,,,,,,,,,,,,,,,,,,,,,,,,,2015