accident_id,STATE,ST_CASE,VEH_NO,VE_FORMS,NUMOCCS,DAY,MONTH,HOUR,MINUTE,HARM_EV,MAN_COLL,UNITTYPE,HIT_RUN,REG_STAT,OWNER,MAKE,MODEL,MAK_MOD,BODY_TYP,MOD_YEAR,VIN,VIN_1,VIN_2,VIN_3,VIN_4,VIN_5,VIN_6,VIN_7,VIN_8,VIN_9,VIN_10,VIN_11,VIN_12,TOW_VEH,J_KNIFE,MCARR_I1,MCARR_I2,MCARR_ID,GVWR,V_CONFIG,CARGO_BT,HAZ_INV,HAZ_PLAC,HAZ_ID,HAZ_CNO,HAZ_REL,BUS_USE,SPEC_USE,EMER_USE,TRAV_SP,UNDERIDE,ROLLOVER,ROLINLOC,IMPACT1,DEFORMED,TOWED,M_HARM,VEH_SC1,VEH_SC2,FIRE_EXP,DR_PRES,L_STATE,DR_ZIP,L_STATUS,L_TYPE,CDL_STAT,L_ENDORS,L_COMPL,L_RESTRI,DR_HGT,DR_WGT,PREV_ACC,PREV_SUS,PREV_DWI,PREV_SPD,PREV_OTH,FIRST_MO,FIRST_YR,LAST_MO,LAST_YR,SPEEDREL,DR_SF1,DR_SF2,DR_SF3,DR_SF4,VTRAFWAY,VNUM_LAN,VSPD_LIM,VALIGN,VPROFILE,VPAVETYP,VSURCOND,VTRAFCON,VTCONT_F,P_CRASH1,P_CRASH2,P_CRASH3,PCRASH4,PCRASH5,ACC_TYPE,TRLR1VIN,TRLR2VIN,TRLR3VIN,DEATHS,DR_DRINK,VINTYPE,VINMAKE,VINA_MOD,VIN_BT,VINMODYR,VIN_LNGT,VIN_WGT,WGTCD_TR,WHLBS_LG,WHLBS_SH,SER_TR,FUELCODE,MCYCL_DS,CARBUR,CYLINDER,DISPLACE,MCYCL_CY,MCYCL_WT,TIRE_SZE,TON_RAT,TRK_WT,TRKWTVAR,VIN_REST,WHLDRWHL,Year
2015040232,4,40232,1,1,3,15,4,1,47,17,0,1,0,4,9,20,421,20421,15,2001,1GNEC13T81J1,1,G,N,E,C,1,3,T,8,1,J,1,0,0,0,Not Applicable,Not Applicable,0,0,0,1,0,0,0,0,0,0,0,999,0,1,5,98,6,2,1,0,0,0,1,99,99999,9,9,99,0,9,9,999,999,99,99,99,99,99,99,9999,99,9999,4,0,0,0,0,1,2,65,1,1,2,1,0,0,1,6,99,5,4,2,,,,2,0,,,,,,,,,,,,,,,,,,,,,,,,,2015
2015040233,4,40233,1,2,1,16,4,17,56,12,2,1,0,4,1,12,401,12401,14,1999,1FMZU32X5XUB,1,F,M,Z,U,3,2,X,5,X,U,B,0,0,0,Not Applicable,Not Applicable,0,0,0,1,0,0,0,0,0,0,0,998,0,1,1,12,6,2,12,0,0,0,1,4,85173,6,1,0,0,3,0,71,160,0,0,0,0,0,0,0,0,0,0,28,0,0,0,1,3,50,1,5,2,1,0,0,1,9,99,9,2,50,,,,1,1,,,,,,,,,,,,,,,,,,,,,,,,,2015
2015040233,4,40233,2,2,1,16,4,17,56,12,2,1,0,4,1,49,44,49044,2,2001,2T1CG22P91C5,2,T,1,C,G,2,2,P,9,1,C,5,0,0,0,Not Applicable,Not Applicable,0,0,0,1,0,0,0,0,0,0,0,50,0,0,0,12,6,2,12,0,0,0,1,4,85233,6,1,0,0,3,0,74,185,0,0,0,2,0,9,2010,2,2011,0,91,0,0,0,1,3,50,1,6,2,1,0,0,1,62,7,1,3,51,,,,0,0,,,,,,,,,,,,,,,,,,,,,,,,,2015
2015040234,4,40234,1,2,1,18,4,6,16,12,1,1,1,4,2,59,31,59031,4,2008,JTHBJ46G8821,J,T,H,B,J,4,6,G,8,8,2,1,0,0,0,Not Applicable,Not Applicable,0,0,0,1,0,0,0,0,0,0,0,40,0,0,0,12,4,5,12,0,0,0,1,4,85306,6,1,0,0,3,0,68,175,1,4,0,0,2,6,2013,12,2014,4,0,0,0,0,2,5,40,1,1,8,1,3,3,1,51,99,1,1,24,,,,0,1,,,,,,,,,,,,,,,,,,,,,,,,,2015
2015040234,4,40234,2,2,1,18,4,6,16,12,1,1,0,4,1,98,706,98706,80,2002,5CDMTB5192G0,5,C,D,M,T,B,5,1,9,2,G,0,0,0,0,Not Applicable,Not Applicable,0,0,0,1,0,0,0,0,0,0,0,10,0,0,0,6,6,2,12,0,0,0,1,4,85381,6,1,0,0,3,0,70,210,0,0,0,0,0,0,0,0,0,0,0,0,0,0,2,5,40,1,1,8,1,3,3,3,53,99,1,1,25,,,,1,0,,,,,,,,,,,,,,,,,,,,,,,,,2015
2015040235,4,40235,1,2,1,18,4,22,28,12,2,1,0,49,2,12,880,12880,67,2005,1FTWX31P55EC,1,F,T,W,X,3,1,P,5,5,E,C,0,0,88,None,None,2,1,97,1,0,0,0,0,0,0,0,70,0,1,1,12,6,2,12,0,0,0,1,4,85344,6,1,0,0,3,0,70,185,0,0,0,0,0,0,0,0,0,0,28,0,0,0,1,5,55,1,6,2,1,0,0,1,10,99,1,2,50,,,,0,1,,,,,,,,,,,,,,,,,,,,,,,,,2015
2015040235,4,40235,2,2,1,18,4,22,28,12,2,1,0,4,1,20,2,20002,4,2010,2G1WC5EM7A12,2,G,1,W,C,5,E,M,7,A,1,2,0,0,0,Not Applicable,Not Applicable,0,0,0,1,0,0,0,0,0,0,0,45,0,1,1,12,6,2,12,0,0,0,1,4,86327,6,1,0,0,3,0,73,230,0,0,0,0,0,0,0,0,0,0,89,0,0,0,1,5,55,1,1,2,1,0,0,1,62,99,1,1,51,,,,1,0,,,,,,,,,,,,,,,,,,,,,,,,,2015
2015040236,4,40236,1,1,1,20,4,1,28,42,0,1,0,4,2,7,482,7482,31,2005,1D7HA16NX5J5,1,D,7,H,A,1,6,N,X,5,J,5,0,0,0,Not Applicable,Not Applicable,0,0,0,1,0,0,0,0,0,0,0,998,0,0,0,12,6,2,38,0,0,0,1,4,85710,6,1,0,0,3,3,66,180,0,0,0,0,0,0,0,0,0,4,0,0,0,0,2,1,25,1,4,8,1,0,0,1,6,99,9,4,2,,,,1,1,,,,,,,,,,,,,,,,,,,,,,,,,2015
2015040237,4,40237,1,1,1,20,4,8,38,9,0,1,0,4,1,41,35,41035,4,2003,JM1BJ2253301,J,M,1,B,J,2,2,5,3,3,0,1,0,0,0,Not Applicable,Not Applicable,0,0,0,1,0,0,0,0,0,0,0,15,0,0,0,4,2,3,9,0,0,0,1,4,85713,0,0,0,0,0,0,999,999,0,0,0,0,0,0,0,0,0,0,38,91,0,0,2,3,35,1,1,8,1,0,0,10,83,1,1,1,13,,,,0,0,,,,,,,,,,,,,,,,,,,,,,,,,2015
2015040238,4,40238,1,2,1,21,4,11,9,1,0,1,0,4,1,49,32,49032,4,2002,1NXBR12E32Z5,1,N,X,B,R,1,2,E,3,2,Z,5,0,0,0,Not Applicable,Not Applicable,0,0,0,1,0,0,0,0,0,0,0,10,0,0,0,83,2,3,54,0,0,0,1,4,85042,0,0,0,0,0,0,65,142,0,0,0,0,0,0,0,0,0,0,38,48,91,0,1,5,40,1,1,8,1,0,0,11,15,99,1,1,98,,,,0,0,,,,,,,,,,,,,,,,,,,,,,,,,2015
2015040238,4,40238,2,2,1,21,4,11,9,1,0,1,0,4,2,73,705,73705,80,2005,JKAENVC125A1,J,K,A,E,N,V,C,1,2,5,A,1,0,0,0,Not Applicable,Not Applicable,0,0,0,1,0,0,0,0,0,0,0,32,0,0,0,0,4,3,1,0,0,0,1,39,43081,6,1,0,0,3,0,72,200,0,0,0,0,0,0,0,0,0,0,0,0,0,0,1,5,40,1,1,8,1,0,0,1,62,3,1,1,98,,,,1,0,,,,,,,,,,,,,,,,,,,,,,,,,2015
2015040240,4,40240,1,3,5,21,4,21,36,1,0,1,0,4,2,38,402,38402,14,2000,4S2CK58W4Y43,4,S,2,C,K,5,8,W,4,Y,4,3,0,0,0,Not Applicable,Not Applicable,0,0,0,1,0,0,0,0,0,0,0,80,0,1,3,0,6,2,1,0,0,0,1,4,85018,6,1,0,0,3,0,66,115,0,0,0,0,0,0,0,0,0,9,99,99,99,99,2,2,75,1,1,2,1,0,0,1,9,99,9,4,7,,,,2,0,,,,,,,,,,,,,,,,,,,,,,,,,2015
2015040240,4,40240,2,3,2,21,4,21,36,1,0,1,0,4,1,2,405,2405,14,2002,1J4GL48K22W2,1,J,4,G,L,4,8,K,2,2,W,2,0,0,0,Not Applicable,Not Applicable,0,0,0,1,0,0,0,0,0,0,0,70,0,0,0,82,4,3,12,0,0,0,1,4,86329,0,0,0,0,0,0,999,999,0,0,0,0,0,0,0,0,0,0,0,0,0,0,2,2,75,1,1,2,1,0,0,1,62,6,9,3,98,,,,0,0,,,,,,,,,,,,,,,,,,,,,,,,,2015
2015040240,4,40240,3,3,99,21,4,21,36,1,0,1,1,99,9,99,884,99884,78,9999,Unknown,9,9,9,9,9,9,9,9,9,9,9,9,4,1,99,Unknown,Unknown,9,19,98,1,0,0,0,0,0,0,0,75,0,0,0,99,9,5,54,99,99,0,1,99,99999,9,9,99,9,9,9,999,999,99,99,99,99,99,99,9999,99,9999,9,99,99,99,99,2,2,75,1,1,2,1,0,0,1,99,99,9,9,98,,,,0,0,,,,,,,,,,,,,,,,,,,,,,,,,2015
2015040241,4,40241,1,1,1,22,4,8,13,38,0,1,0,4,2,41,37,41037,4,2001,1YVGF22C2152,1,Y,V,G,F,2,2,C,2,1,5,2,0,0,0,Not Applicable,Not Applicable,0,0,0,1,0,0,0,0,0,0,0,998,0,0,0,12,6,2,38,0,0,0,1,4,85705,6,1,0,0,3,0,69,140,0,1,0,0,1,6,2010,8,2011,9,99,99,99,99,1,2,35,1,1,8,1,0,0,1,9,99,9,4,7,,,,1,0,,,,,,,,,,,,,,,,,,,,,,,,,2015
2015040242,4,40242,1,2,1,23,4,13,9,12,7,1,0,4,1,76,706,76706,80,1999,JYAVP02E2XA0,J,Y,A,V,P,0,2,E,2,X,A,0,0,0,0,Not Applicable,Not Applicable,0,0,0,1,0,0,0,0,0,0,0,16,0,0,0,62,6,2,12,0,0,0,1,4,85364,6,1,6,0,3,2,69,180,0,4,0,0,0,9,2012,9,2014,0,34,74,0,0,1,2,35,1,1,2,1,0,0,6,17,3,2,3,71,,,,1,0,,,,,,,,,,,,,,,,,,,,,,,,,2015
2015040242,4,40242,2,2,1,23,4,13,9,12,7,1,0,4,3,51,890,51890,63,1996,4V5DCFME2TR7,4,V,5,D,C,F,M,E,2,T,R,7,0,0,57,1684915,571684915,3,2,7,1,0,0,0,0,0,0,0,20,0,0,0,82,2,5,12,0,0,0,1,4,85364,6,1,6,0,3,0,65,160,0,0,0,0,0,0,0,0,0,0,0,0,0,0,1,2,35,1,1,2,1,0,0,10,61,1,1,1,70,,,,0,0,,,,,,,,,,,,,,,,,,,,,,,,,2015
2015040243,4,40243,1,1,99,25,4,3,40,8,0,1,1,99,9,99,999,99999,99,9999,Unknown,9,9,9,9,9,9,9,9,9,9,9,9,0,0,0,Not Applicable,Not Applicable,0,0,0,1,0,0,0,0,0,0,0,998,0,0,0,98,9,5,8,99,99,0,1,99,99999,9,9,99,9,9,9,999,999,99,99,99,99,99,99,9999,99,9999,9,99,99,99,99,2,2,35,1,1,2,1,0,0,1,80,99,9,3,13,,,,0,0,,,,,,,,,,,,,,,,,,,,,,,,,2015
2015040244,4,40244,1,1,1,26,4,10,51,35,0,1,0,6,1,98,706,98706,80,2000,5CDCNB511YG0,5,C,D,C,N,B,5,1,1,Y,G,0,0,0,0,Not Applicable,Not Applicable,0,0,0,1,0,0,0,0,0,0,0,998,0,0,0,12,6,2,35,0,0,0,1,6,91935,6,1,6,0,3,0,71,185,0,0,0,0,0,0,0,0,0,0,0,0,0,0,1,4,55,3,3,2,1,0,0,14,13,99,1,4,1,,,,1,0,,,,,,,,,,,,,,,,,,,,,,,,,2015
2015040245,4,40245,1,1,3,28,4,23,9,33,0,1,0,4,2,12,422,12422,15,1998,1FMPU18L4WLA,1,F,M,P,U,1,8,L,4,W,L,A,0,0,0,Not Applicable,Not Applicable,0,0,0,1,0,0,0,0,0,0,0,60,0,1,1,82,6,2,1,0,0,0,1,4,85746,1,1,0,0,2,3,67,210,0,0,0,0,0,0,0,0,0,4,0,0,0,0,6,2,35,3,9,8,1,0,0,14,6,99,9,4,2,,,,1,1,,,,,,,,,,,,,,,,,,,,,,,,,2015
2015040246,4,40246,1,1,2,30,4,22,55,33,0,1,0,4,1,20,850,20850,65,1981,1GBGP22M5B33,1,G,B,G,P,2,2,M,5,B,3,3,0,0,0,Not Applicable,Not Applicable,0,0,0,1,0,0,0,0,0,0,0,998,0,1,5,12,6,2,1,32,0,0,1,4,85743,6,1,0,0,3,0,69,200,0,1,0,1,1,10,2012,2,2014,0,91,0,0,0,5,5,35,1,1,2,1,0,0,1,9,99,9,4,7,,,,1,1,,,,,,,,,,,,,,,,,,,,,,,,,2015
2015040247,4,40247,1,1,1,26,3,15,30,1,0,1,0,4,1,72,706,72706,80,2001,1HD1FBW181Y6,1,H,D,1,F,B,W,1,8,1,Y,6,0,0,0,Not Applicable,Not Applicable,0,0,0,1,0,0,0,0,0,0,0,60,0,0,0,0,6,2,1,0,0,0,1,4,85202,6,1,0,0,3,0,69,210,0,0,0,2,0,7,2010,8,2010,4,0,0,0,0,2,2,65,3,6,2,1,0,0,14,13,99,1,4,1,,,,1,0,,,,,,,,,,,,,,,,,,,,,,,,,2015
2015040248,4,40248,1,1,2,12,4,17,50,35,0,1,0,46,1,12,481,12481,31,2005,1FTPW12575FB,1,F,T,P,W,1,2,5,7,5,F,B,1,1,0,Not Applicable,Not Applicable,0,0,0,1,0,0,0,0,0,0,0,65,0,1,5,98,6,2,1,0,0,0,1,46,29936,6,1,0,0,3,3,62,168,0,0,0,0,0,0,0,0,0,4,88,0,0,0,2,2,75,1,6,2,1,0,0,1,6,2,3,4,2,,,,1,0,,,,,,,,,,,,,,,,,,,,,,,,,2015
2015040249,4,40249,1,2,2,16,4,14,5,12,6,1,0,4,4,6,51,6051,4,2015,2C3CCAAG4FH7,2,C,3,C,C,A,A,G,4,F,H,7,0,0,0,Not Applicable,Not Applicable,0,0,0,1,0,0,0,0,0,0,0,10,0,0,0,63,6,2,12,0,0,0,1,55,53590,6,1,0,0,3,0,75,220,0,0,0,0,0,0,0,0,0,0,27,91,0,0,2,2,65,3,1,2,1,0,0,11,15,99,1,1,72,,,,1,0,,,,,,,,,,,,,,,,,,,,,,,,,2015
2015040249,4,40249,2,2,2,16,4,14,5,12,6,1,0,4,1,20,2,20002,4,2011,2G1WF5EK5B13,2,G,1,W,F,5,E,K,5,B,1,3,0,0,0,Not Applicable,Not Applicable,0,0,0,1,0,0,0,0,0,0,0,65,0,0,0,12,6,2,12,0,0,0,1,4,86040,1,1,0,0,2,0,63,165,0,7,0,10,0,2,2011,2,2015,0,0,0,0,0,2,2,65,3,1,2,1,0,0,14,61,9,1,1,73,,,,0,0,,,,,,,,,,,,,,,,,,,,,,,,,2015
2015040250,4,40250,1,3,1,23,4,11,42,12,1,1,0,4,1,35,443,35443,20,2007,5N1BV28U77N1,5,N,1,B,V,2,8,U,7,7,N,1,0,0,0,Not Applicable,Not Applicable,0,0,0,1,0,0,0,0,0,0,0,998,0,0,0,12,6,2,12,0,0,0,1,4,85139,1,1,0,0,2,0,68,195,1,9,0,1,3,5,2010,11,2011,4,0,0,0,0,2,3,65,1,1,2,1,3,3,1,50,99,1,1,20,,,,1,1,,,,,,,,,,,,,,,,,,,,,,,,,2015
2015040250,4,40250,2,3,1,23,4,11,42,12,1,1,0,18,3,84,884,84884,62,2013,1HTMMAAM5DH1,1,H,T,M,M,A,A,M,5,D,H,1,0,0,88,None,None,2,1,1,1,0,0,0,0,0,0,0,0,0,0,0,6,4,5,12,0,0,0,1,4,85051,6,1,0,0,3,3,65,170,0,0,0,0,0,0,0,0,0,0,0,0,0,0,2,3,65,1,1,2,1,3,3,5,53,1,1,1,21,,,,0,0,,,,,,,,,,,,,,,,,,,,,,,,,2015
2015040250,4,40250,3,3,1,23,4,11,42,12,1,1,0,4,2,37,32,37032,4,2015,1HGCR2F37FA0,1,H,G,C,R,2,F,3,7,F,A,0,0,0,0,Not Applicable,Not Applicable,0,0,0,1,0,0,0,0,0,0,0,0,0,0,0,6,6,2,12,0,0,0,1,18,46219,1,7,0,0,2,0,74,132,0,1,0,0,3,8,2012,4,2013,0,0,0,0,0,2,3,65,1,1,2,1,3,3,5,53,1,1,1,98,,,,0,0,,,,,,,,,,,,,,,,,,,,,,,,,2015
2015040251,4,40251,1,2,1,24,4,3,20,12,6,1,0,4,2,64,32,64032,4,2000,KLAJC52Z7YK5,K,L,A,J,C,5,2,Z,7,Y,K,5,0,0,0,Not Applicable,Not Applicable,0,0,0,1,0,0,0,0,0,0,0,999,3,0,0,12,6,2,12,0,0,0,1,8,80301,6,1,0,0,3,3,70,128,0,0,0,0,0,0,0,0,0,0,28,0,0,0,1,2,55,1,1,2,1,0,0,1,10,99,1,2,64,,,,1,0,,,,,,,,,,,,,,,,,,,,,,,,,2015
2015040251,4,40251,2,2,1,24,4,3,20,12,6,1,0,41,3,51,884,51884,66,2006,4V4NC9TG96N4,4,V,4,N,C,9,T,G,9,6,N,4,1,1,57,00045225,5700045225,3,6,1,1,0,0,0,0,0,0,0,55,0,0,0,8,6,2,12,0,0,0,1,4,85234,6,1,6,0,3,0,64,205,0,2,0,0,0,1,2011,2,2011,0,0,0,0,0,1,2,55,1,1,2,1,0,0,1,62,7,1,3,65,,,,0,0,,,,,,,,,,,,,,,,,,,,,,,,,2015
2015040252,4,40252,1,1,1,29,4,20,33,8,0,1,0,4,1,22,441,22441,20,2000,1GMDX03E8YD1,1,G,M,D,X,0,3,E,8,Y,D,1,0,0,0,Not Applicable,Not Applicable,0,0,0,1,0,0,0,0,0,0,0,30,0,0,0,12,4,3,8,0,0,0,1,4,86004,6,1,0,0,3,0,73,229,0,0,0,0,0,0,0,0,0,0,89,0,0,0,5,5,30,1,1,2,1,0,0,1,80,2,1,1,13,,,,0,0,,,,,,,,,,,,,,,,,,,,,,,,,2015
2015040253,4,40253,1,1,1,6,1,99,99,99,99,1,0,99,9,99,709,99709,80,9999,Unknown,9,9,9,9,9,9,9,9,9,9,9,9,0,0,0,Not Applicable,Not Applicable,0,0,0,1,0,0,0,0,0,0,0,999,0,0,0,0,9,9,99,0,0,0,1,4,85648,6,1,0,0,3,0,74,185,0,0,0,0,0,0,0,0,0,9,99,99,99,99,9,9,99,9,9,2,99,99,9,99,99,99,9,9,99,,,,1,0,,,,,,,,,,,,,,,,,,,,,,,,,2015
2015040254,4,40254,1,2,1,10,2,18,46,12,2,1,0,99,9,99,999,99999,99,9999,Unknown,9,9,9,9,9,9,9,9,9,9,9,9,0,0,0,Not Applicable,Not Applicable,0,0,0,1,0,0,0,0,0,0,0,999,0,0,0,12,9,9,12,0,0,0,1,4,86047,0,0,0,0,0,0,64,120,0,0,0,0,0,0,0,0,0,9,99,99,99,99,9,9,99,9,9,8,99,99,9,99,99,99,9,9,53,,,,1,0,,,,,,,,,,,,,,,,,,,,,,,,,2015
2015040254,4,40254,2,2,1,10,2,18,46,12,2,1,9,99,9,99,999,99999,99,9999,Unknown,9,9,9,9,9,9,9,9,9,9,9,9,0,0,0,Not Applicable,Not Applicable,0,0,0,1,0,0,0,0,0,0,0,999,0,0,0,12,9,9,12,0,0,0,1,99,99999,9,9,99,9,9,9,999,999,99,99,99,99,99,99,9999,99,9999,9,99,99,99,99,9,9,99,9,9,8,99,99,9,99,99,99,9,9,53,,,,0,0,,,,,,,,,,,,,,,,,,,,,,,,,2015
2015040257,4,40257,1,1,2,11,4,23,44,99,99,1,9,99,9,99,999,99999,99,9999,Unknown,9,9,9,9,9,9,9,9,9,9,9,9,0,0,0,Not Applicable,Not Applicable,0,0,0,1,0,0,0,0,0,0,0,999,0,0,0,99,9,9,99,0,0,0,1,99,99999,9,9,99,0,9,9,999,999,99,99,99,99,99,99,9999,99,9999,9,99,99,99,99,9,9,99,9,9,8,99,99,9,99,99,99,9,9,99,,,,1,0,,,,,,,,,,,,,,,,,,,,,,,,,2015
2015040258,4,40258,1,1,99,12,4,23,34,8,0,1,1,99,9,99,999,99999,99,9999,Unknown,9,9,9,9,9,9,9,9,9,9,9,9,0,0,0,Not Applicable,Not Applicable,0,0,0,1,0,0,0,0,0,0,0,998,0,0,0,99,9,5,8,99,99,0,1,99,99999,9,9,99,0,9,9,999,999,99,99,99,99,99,99,9999,99,9999,9,99,99,99,99,1,2,98,1,1,8,1,0,0,99,80,99,9,9,13,,,,0,0,,,,,,,,,,,,,,,,,,,,,,,,,2015
2015040259,4,40259,1,1,2,15,4,99,99,99,99,1,9,99,9,99,999,99999,99,9999,Unknown,9,9,9,9,9,9,9,9,9,9,9,9,0,0,0,Not Applicable,Not Applicable,0,0,0,1,0,0,0,0,0,0,0,999,0,0,0,99,9,9,99,0,0,0,1,99,99999,9,9,99,9,9,9,999,999,99,99,99,99,99,99,9999,99,9999,9,99,99,99,99,9,9,99,9,9,8,99,99,9,99,99,99,9,9,99,,,,1,0,,,,,,,,,,,,,,,,,,,,,,,,,2015
2015040261,4,40261,1,1,1,15,4,20,14,33,0,1,0,35,1,37,32,37032,4,2010,1HGCP2F73AA1,1,H,G,C,P,2,F,7,3,A,A,1,0,0,0,Not Applicable,Not Applicable,0,0,0,1,0,0,0,0,0,0,0,50,0,0,0,12,6,2,42,0,0,1,1,35,87109,6,1,0,0,3,0,71,170,98,0,0,0,0,0,0,0,0,4,39,0,0,0,1,2,30,1,1,2,1,20,3,1,14,3,2,4,14,,,,1,0,,,,,,,,,,,,,,,,,,,,,,,,,2015
2015040262,4,40262,1,4,1,16,4,19,56,8,0,1,0,4,2,20,481,20481,31,1997,1GCEC14W1VZ1,1,G,C,E,C,1,4,W,1,V,Z,1,0,0,0,Not Applicable,Not Applicable,0,0,0,1,0,0,0,0,0,0,0,39,0,0,0,61,2,5,8,0,0,0,1,4,85339,6,1,0,0,3,0,68,150,0,0,0,0,1,1,2012,1,2012,0,0,0,0,0,1,2,40,1,1,2,1,0,0,1,80,7,1,1,13,,,,0,0,,,,,,,,,,,,,,,,,,,,,,,,,2015
2015040262,4,40262,2,4,2,16,4,19,56,8,0,1,0,4,1,7,482,7482,31,1999,1B7HC13Z4XJ6,1,B,7,H,C,1,3,Z,4,X,J,6,0,0,0,Not Applicable,Not Applicable,0,0,0,1,0,0,0,0,0,0,0,40,0,0,0,98,0,5,8,0,0,0,1,4,85351,6,1,0,0,3,0,77,315,0,0,0,0,0,0,0,0,0,0,89,0,0,0,1,2,40,1,1,2,1,0,0,1,80,1,1,1,98,,,,0,0,,,,,,,,,,,,,,,,,,,,,,,,,2015
2015040262,4,40262,3,4,3,16,4,19,56,8,0,1,0,4,1,23,421,23421,15,2005,1GKEK13T55R1,1,G,K,E,K,1,3,T,5,5,R,1,0,0,0,Not Applicable,Not Applicable,0,0,0,1,0,0,0,0,0,0,0,40,0,0,0,98,0,5,8,0,0,0,1,4,85339,6,1,0,0,3,3,60,160,1,1,0,2,1,9,2010,6,2013,0,0,0,0,0,1,2,40,1,1,2,1,0,0,1,80,1,1,1,98,,,,0,0,,,,,,,,,,,,,,,,,,,,,,,,,2015
2015040262,4,40262,4,4,2,16,4,19,56,8,0,1,0,4,1,20,403,20403,14,2003,1GNDT13S1322,1,G,N,D,T,1,3,S,1,3,2,2,0,0,0,Not Applicable,Not Applicable,0,0,0,1,0,0,0,0,0,0,0,40,0,0,0,98,0,5,8,0,0,0,1,4,85339,6,1,0,0,3,0,62,250,0,0,0,0,0,0,0,0,0,0,0,0,0,0,1,2,40,1,1,2,1,0,0,1,80,1,1,1,98,,,,0,0,,,,,,,,,,,,,,,,,,,,,,,,,2015
2015040263,4,40263,1,1,1,18,4,19,34,8,0,1,0,4,1,23,481,23481,31,2002,2GTEC19V9213,2,G,T,E,C,1,9,V,9,2,1,3,0,0,0,Not Applicable,Not Applicable,0,0,0,1,0,0,0,0,0,0,0,998,0,0,0,12,2,9,8,0,0,0,1,4,85941,6,1,0,0,3,3,68,220,0,0,0,0,0,0,0,0,0,0,0,0,0,0,5,5,98,1,1,2,1,0,0,1,80,1,1,1,13,,,,0,0,,,,,,,,,,,,,,,,,,,,,,,,,2015
2015040264,4,40264,1,1,2,19,4,17,44,1,0,1,0,4,2,72,706,72706,80,1996,1HD1BNL16TY0,1,H,D,1,B,N,L,1,6,T,Y,0,0,0,0,Not Applicable,Not Applicable,0,0,0,1,0,0,0,0,0,0,0,45,0,0,0,0,6,2,1,0,0,0,1,20,66509,6,1,0,0,3,0,70,190,1,0,0,0,0,10,2014,10,2014,0,0,0,0,0,1,2,50,3,1,2,1,0,0,14,13,99,1,4,3,,,,1,1,,,,,,,,,,,,,,,,,,,,,,,,,2015
2015040265,4,40265,1,2,1,19,4,6,7,12,1,1,0,4,1,18,7,18007,4,2002,2G4WS52JX212,2,G,4,W,S,5,2,J,X,2,1,2,0,0,0,Not Applicable,Not Applicable,0,0,0,1,0,0,0,0,0,0,0,49,0,0,0,12,6,2,12,0,0,0,1,4,85040,1,1,0,0,2,0,68,265,0,2,0,1,1,6,2010,12,2013,4,0,0,0,0,2,2,45,1,1,2,1,0,0,1,50,99,1,1,20,,,,1,0,,,,,,,,,,,,,,,,,,,,,,,,,2015
2015040265,4,40265,2,2,1,19,4,6,7,12,1,1,0,4,3,98,988,98988,52,2007,5FYD4FV107C0,5,F,Y,D,4,F,V,1,0,7,C,0,0,0,57,505166,57505166,2,21,22,1,0,0,0,0,6,3,0,0,0,0,0,6,6,2,12,0,0,0,1,4,85035,6,1,6,3,3,0,70,146,0,1,0,1,1,4,2011,6,2012,0,0,0,0,0,2,2,45,1,1,2,1,0,0,5,53,1,1,1,21,,,,0,0,,,,,,,,,,,,,,,,,,,,,,,,,2015
2015040266,4,40266,1,1,3,19,4,23,26,31,0,1,0,4,2,63,34,63034,4,2002,KNAGD1261251,K,N,A,G,D,1,2,6,1,2,5,1,0,0,0,Not Applicable,Not Applicable,0,0,0,1,0,0,0,0,0,0,0,25,0,1,6,62,6,2,1,0,0,0,1,4,85031,0,0,0,0,0,0,63,135,0,0,0,0,0,0,0,0,0,4,91,0,0,0,1,2,25,1,1,2,1,0,0,1,12,1,1,4,6,,,,1,1,,,,,,,,,,,,,,,,,,,,,,,,,2015
2015040268,4,40268,1,1,2,23,4,14,26,31,0,1,0,4,1,35,47,35047,4,2015,1N4AL3AP2FN3,1,N,4,A,L,3,A,P,2,F,N,3,0,0,0,Not Applicable,Not Applicable,0,0,0,1,0,0,0,0,0,0,0,998,0,0,0,12,6,2,14,0,0,1,1,4,85382,6,1,0,0,3,3,72,195,1,0,0,0,0,7,2010,7,2010,4,89,0,0,0,1,2,30,3,1,2,1,0,0,14,13,99,1,4,1,,,,1,0,,,,,,,,,,,,,,,,,,,,,,,,,2015
2015040269,4,40269,1,2,2,24,4,15,21,12,6,1,0,4,2,12,481,12481,31,2003,1FTRW07L33KC,1,F,T,R,W,0,7,L,3,3,K,C,0,0,0,Not Applicable,Not Applicable,0,0,0,1,0,0,0,0,0,0,0,50,0,0,0,81,6,2,12,0,0,0,1,4,85340,0,0,0,0,0,0,71,140,1,9,1,0,0,6,2010,9,2013,4,39,0,0,0,2,3,45,1,1,2,1,2,3,1,17,99,1,1,69,,,,1,1,,,,,,,,,,,,,,,,,,,,,,,,,2015
2015040269,4,40269,2,2,3,24,4,15,21,12,6,1,0,4,2,52,401,52401,14,2003,JA4NW31S13J0,J,A,4,N,W,3,1,S,1,3,J,0,0,0,0,Not Applicable,Not Applicable,0,0,0,1,0,0,0,0,0,0,0,10,0,0,0,12,6,2,12,0,0,0,1,4,85041,6,1,0,0,3,3,72,185,0,0,0,0,0,0,0,0,0,0,0,0,0,0,2,3,45,1,1,2,1,2,3,11,63,99,1,1,68,,,,0,0,,,,,,,,,,,,,,,,,,,,,,,,,2015