accident_id,STATE,ST_CASE,VEH_NO,VE_FORMS,NUMOCCS,DAY,MONTH,HOUR,MINUTE,HARM_EV,MAN_COLL,UNITTYPE,HIT_RUN,REG_STAT,OWNER,MAKE,MODEL,MAK_MOD,BODY_TYP,MOD_YEAR,VIN,VIN_1,VIN_2,VIN_3,VIN_4,VIN_5,VIN_6,VIN_7,VIN_8,VIN_9,VIN_10,VIN_11,VIN_12,TOW_VEH,J_KNIFE,MCARR_I1,MCARR_I2,MCARR_ID,GVWR,V_CONFIG,CARGO_BT,HAZ_INV,HAZ_PLAC,HAZ_ID,HAZ_CNO,HAZ_REL,BUS_USE,SPEC_USE,EMER_USE,TRAV_SP,UNDERIDE,ROLLOVER,ROLINLOC,IMPACT1,DEFORMED,TOWED,M_HARM,VEH_SC1,VEH_SC2,FIRE_EXP,DR_PRES,L_STATE,DR_ZIP,L_STATUS,L_TYPE,CDL_STAT,L_ENDORS,L_COMPL,L_RESTRI,DR_HGT,DR_WGT,PREV_ACC,PREV_SUS,PREV_DWI,PREV_SPD,PREV_OTH,FIRST_MO,FIRST_YR,LAST_MO,LAST_YR,SPEEDREL,DR_SF1,DR_SF2,DR_SF3,DR_SF4,VTRAFWAY,VNUM_LAN,VSPD_LIM,VALIGN,VPROFILE,VPAVETYP,VSURCOND,VTRAFCON,VTCONT_F,P_CRASH1,P_CRASH2,P_CRASH3,PCRASH4,PCRASH5,ACC_TYPE,TRLR1VIN,TRLR2VIN,TRLR3VIN,DEATHS,DR_DRINK,VINTYPE,VINMAKE,VINA_MOD,VIN_BT,VINMODYR,VIN_LNGT,VIN_WGT,WGTCD_TR,WHLBS_LG,WHLBS_SH,SER_TR,FUELCODE,MCYCL_DS,CARBUR,CYLINDER,DISPLACE,MCYCL_CY,MCYCL_WT,TIRE_SZE,TON_RAT,TRK_WT,TRKWTVAR,VIN_REST,WHLDRWHL,Year
2015040270,4,40270,1,2,3,24,4,16,18,12,6,1,0,4,2,21,21,21021,4,2001,1G3NL52T91C2,1,G,3,N,L,5,2,T,9,1,C,2,0,0,0,Not Applicable,Not Applicable,0,0,0,1,0,0,0,0,0,0,0,25,0,0,0,9,6,2,12,0,0,0,1,4,85043,6,1,0,0,3,0,59,104,0,0,0,0,0,0,0,0,0,0,39,0,0,0,1,2,25,1,1,2,1,20,3,1,17,99,1,1,89,,,,1,0,,,,,,,,,,,,,,,,,,,,,,,,,2015
2015040270,4,40270,2,2,1,24,4,16,18,12,6,1,0,4,1,12,471,12471,30,2000,1FTZR15X4YPB,1,F,T,Z,R,1,5,X,4,Y,P,B,0,0,0,Not Applicable,Not Applicable,0,0,0,1,0,0,0,0,0,0,0,50,0,0,0,12,6,2,12,0,0,0,1,4,85037,6,1,0,0,3,0,71,220,0,0,0,0,0,0,0,0,0,0,0,0,0,0,1,2,50,1,1,2,1,0,0,1,66,99,1,1,88,,,,0,0,,,,,,,,,,,,,,,,,,,,,,,,,2015
2015040271,4,40271,1,1,1,25,4,1,5,8,0,1,0,4,1,49,32,49032,4,2006,1NXBR32E56Z5,1,N,X,B,R,3,2,E,5,6,Z,5,0,0,0,Not Applicable,Not Applicable,0,0,0,1,0,0,0,0,0,0,0,23,0,0,0,12,2,5,8,0,0,0,1,4,85029,6,1,0,0,3,3,71,185,0,0,0,0,0,0,0,0,0,0,0,0,0,0,1,7,40,1,1,2,1,3,3,1,80,99,1,1,13,,,,0,0,,,,,,,,,,,,,,,,,,,,,,,,,2015
2015040272,4,40272,1,1,1,25,4,7,48,14,0,1,0,4,2,73,703,73703,80,2014,JKAEX8A15EA0,J,K,A,E,X,8,A,1,5,E,A,0,0,0,0,Not Applicable,Not Applicable,0,0,0,1,0,0,0,0,0,0,0,45,0,0,0,12,6,2,14,0,0,0,1,4,85303,6,1,0,0,3,0,66,220,1,2,0,3,0,11,2010,12,2012,4,29,34,0,0,3,2,45,1,5,2,1,0,0,6,11,99,1,4,11,,,,1,0,,,,,,,,,,,,,,,,,,,,,,,,,2015
2015040273,4,40273,1,2,1,25,4,15,8,12,6,1,0,4,3,82,881,82881,66,2005,1FUJA6CK25PV,1,F,U,J,A,6,C,K,2,5,P,V,0,0,99,Unknown,Unknown,3,5,96,1,0,0,0,0,0,0,0,10,0,0,0,83,2,5,12,0,0,0,1,4,85204,6,1,6,0,3,0,67,198,0,2,0,1,2,9,2010,1,2013,0,38,0,0,0,2,3,40,1,1,2,1,0,0,11,15,1,1,1,68,,,,0,0,,,,,,,,,,,,,,,,,,,,,,,,,2015
2015040273,4,40273,2,2,1,25,4,15,8,12,6,1,0,4,2,72,706,72706,80,2008,1HD1FC4118Y7,1,H,D,1,F,C,4,1,1,8,Y,7,0,0,0,Not Applicable,Not Applicable,0,0,0,1,0,0,0,0,0,0,0,14,0,0,0,12,6,2,12,0,0,0,1,4,85302,6,1,0,0,3,0,72,190,0,0,0,0,0,0,0,0,0,0,0,0,0,0,1,6,40,1,1,2,1,0,0,1,62,99,9,3,69,,,,1,0,,,,,,,,,,,,,,,,,,,,,,,,,2015
2015040274,4,40274,1,2,5,30,4,18,22,12,6,1,0,4,1,20,421,20421,15,2000,1GNEK13TXYJ1,1,G,N,E,K,1,3,T,X,Y,J,1,0,0,0,Not Applicable,Not Applicable,0,0,0,1,0,0,0,0,0,0,0,15,0,0,0,82,6,2,12,0,0,0,1,4,85033,6,1,0,0,3,0,64,160,0,0,0,0,0,0,0,0,0,0,38,0,0,0,5,5,40,1,1,2,1,0,0,11,15,99,1,1,68,,,,0,0,,,,,,,,,,,,,,,,,,,,,,,,,2015
2015040274,4,40274,2,2,1,30,4,18,22,12,6,1,0,4,2,76,709,76709,80,1993,JYA4DUC03PA0,J,Y,A,4,D,U,C,0,3,P,A,0,0,0,0,Not Applicable,Not Applicable,0,0,0,1,0,0,0,0,0,0,0,43,0,0,0,12,6,2,12,0,0,0,1,4,85019,6,1,0,0,3,0,72,225,0,3,0,2,1,10,2010,12,2013,0,0,0,0,0,5,5,40,1,1,2,1,0,0,1,62,99,9,3,69,,,,1,0,,,,,,,,,,,,,,,,,,,,,,,,,2015
2015040275,4,40275,1,1,1,28,3,10,53,99,0,1,0,99,9,99,709,99709,80,9999,Unknown,9,9,9,9,9,9,9,9,9,9,9,9,0,0,0,Not Applicable,Not Applicable,0,0,0,1,0,0,0,0,0,0,0,999,0,0,0,0,9,9,99,0,0,0,1,4,85123,6,1,0,0,2,0,75,550,0,0,0,0,0,0,0,0,0,9,99,99,99,99,9,9,99,9,9,2,99,0,0,99,99,99,9,9,99,,,,1,1,,,,,,,,,,,,,,,,,,,,,,,,,2015
2015040276,4,40276,1,1,1,1,5,7,11,1,0,1,0,4,1,37,33,37033,2,1997,JHMBB6140VC0,J,H,M,B,B,6,1,4,0,V,C,0,0,0,0,Not Applicable,Not Applicable,0,0,0,1,0,0,0,0,0,0,0,80,0,1,5,0,6,2,1,0,0,1,1,4,85043,6,1,0,0,3,0,73,155,0,2,0,1,0,7,2014,2,2015,4,0,0,0,0,3,6,65,1,1,2,1,0,0,15,6,99,9,4,2,,,,1,0,,,,,,,,,,,,,,,,,,,,,,,,,2015
2015040277,4,40277,1,2,2,1,5,20,12,12,2,1,0,4,1,22,18,22018,4,2002,1G2NF52F22C3,1,G,2,N,F,5,2,F,2,2,C,3,0,0,0,Not Applicable,Not Applicable,0,0,0,1,0,0,0,0,0,0,0,998,0,0,0,12,6,2,12,0,0,0,1,4,85119,6,1,0,0,3,0,63,125,0,0,0,1,0,1,2015,1,2015,4,28,0,0,0,5,5,40,1,1,2,1,0,0,1,6,99,9,2,50,,,,0,0,,,,,,,,,,,,,,,,,,,,,,,,,2015
2015040277,4,40277,2,2,4,1,5,20,12,12,2,1,0,27,1,6,441,6441,20,2010,2A4RR5D12AR1,2,A,4,R,R,5,D,1,2,A,R,1,0,0,0,Not Applicable,Not Applicable,0,0,0,1,0,0,0,0,0,0,0,998,0,0,0,12,6,2,12,0,0,0,1,27,56072,6,1,0,0,3,0,67,212,0,0,0,0,0,0,0,0,0,0,0,0,0,0,5,5,40,1,1,2,1,0,0,1,62,99,1,1,51,,,,1,0,,,,,,,,,,,,,,,,,,,,,,,,,2015
2015040278,4,40278,1,1,1,2,5,8,17,1,0,1,0,4,1,37,703,37703,88,1986,JH2MF0116GK1,J,H,2,M,F,0,1,1,6,G,K,1,0,0,0,Not Applicable,Not Applicable,0,0,0,1,0,0,0,0,0,0,0,35,0,0,0,0,6,2,1,0,0,0,1,4,85710,6,1,0,0,3,3,67,210,0,0,0,0,0,0,0,0,0,0,80,0,0,0,2,2,40,1,1,8,1,0,0,1,1,99,1,1,98,,,,1,0,,,,,,,,,,,,,,,,,,,,,,,,,2015
2015040279,4,40279,1,1,7,3,5,19,34,1,0,1,0,4,1,12,423,12423,16,2000,1FMNU43S7YEC,1,F,M,N,U,4,3,S,7,Y,E,C,0,0,0,Not Applicable,Not Applicable,0,0,0,1,0,0,0,0,0,0,0,75,0,1,3,0,6,2,1,0,0,0,1,4,85008,6,1,0,0,3,0,66,250,0,0,0,0,0,0,0,0,0,0,80,0,0,0,2,2,75,1,1,2,1,0,0,1,1,99,9,4,7,,,,1,0,,,,,,,,,,,,,,,,,,,,,,,,,2015
2015040280,4,40280,1,1,1,6,5,22,15,33,0,1,0,4,1,37,705,37705,80,2006,JH2PC37086M3,J,H,2,P,C,3,7,0,8,6,M,3,0,0,0,Not Applicable,Not Applicable,0,0,0,1,0,0,0,0,0,0,0,998,0,0,0,12,6,2,42,0,0,0,1,4,85142,6,1,0,0,3,0,62,125,0,0,0,0,0,0,0,0,0,9,0,0,0,0,3,8,45,3,1,8,1,0,0,14,9,99,9,4,2,,,,1,0,,,,,,,,,,,,,,,,,,,,,,,,,2015
2015040281,4,40281,1,1,1,8,5,11,32,1,0,1,0,47,1,72,706,72706,80,1999,1HD1FRW12XY6,1,H,D,1,F,R,W,1,2,X,Y,6,0,0,0,Not Applicable,Not Applicable,0,0,0,1,0,0,0,0,0,0,0,55,0,0,0,0,6,2,1,32,0,0,1,47,37082,6,1,0,0,3,3,66,150,0,0,0,0,0,0,0,0,0,9,99,99,99,99,1,2,55,3,6,2,1,0,0,14,9,99,9,1,98,,,,1,0,,,,,,,,,,,,,,,,,,,,,,,,,2015
2015040282,4,40282,1,1,1,8,5,12,28,1,0,1,0,4,1,72,706,72706,80,2011,1HD1FC418BB6,1,H,D,1,F,C,4,1,8,B,B,6,0,0,0,Not Applicable,Not Applicable,0,0,0,1,0,0,0,0,0,0,0,75,0,0,0,0,6,2,1,0,0,0,1,4,85344,6,1,0,0,3,0,72,270,0,0,0,0,0,0,0,0,0,9,99,99,99,99,2,2,65,1,1,2,1,0,0,1,9,99,9,4,2,,,,1,0,,,,,,,,,,,,,,,,,,,,,,,,,2015
2015040283,4,40283,1,1,1,9,5,23,5,25,0,1,0,8,1,73,706,73706,80,2006,JKBZXNA196A0,J,K,B,Z,X,N,A,1,9,6,A,0,0,0,0,Not Applicable,Not Applicable,0,0,0,1,0,0,0,0,0,0,0,998,0,0,0,98,6,2,58,0,0,0,1,4,85119,6,1,0,0,3,0,72,220,0,0,0,0,1,7,2014,7,2014,4,34,0,0,0,6,2,45,3,5,2,1,40,3,6,13,99,1,4,1,,,,1,1,,,,,,,,,,,,,,,,,,,,,,,,,2015
2015040284,4,40284,1,1,2,11,5,2,52,8,0,1,0,4,1,63,401,63401,14,2012,KNDPC3A20C72,K,N,D,P,C,3,A,2,0,C,7,2,0,0,0,Not Applicable,Not Applicable,0,0,0,1,0,0,0,0,0,0,0,45,0,0,0,12,2,3,8,0,0,0,1,4,85255,6,1,0,0,3,0,72,220,0,0,0,0,0,0,0,0,0,0,0,0,0,0,5,8,45,1,1,8,1,0,0,1,80,98,1,1,13,,,,0,0,,,,,,,,,,,,,,,,,,,,,,,,,2015
2015040286,4,40286,1,1,1,12,5,14,17,33,0,1,0,4,1,24,7,24007,4,2003,1G8AG52F63Z1,1,G,8,A,G,5,2,F,6,3,Z,1,0,0,0,Not Applicable,Not Applicable,0,0,0,1,0,0,0,0,0,0,0,998,0,1,5,81,6,2,1,0,0,0,1,4,85374,6,1,0,0,3,0,67,170,0,2,0,0,0,11,2014,11,2014,4,99,99,99,99,2,3,40,1,1,8,1,0,0,1,9,99,4,4,7,,,,1,0,,,,,,,,,,,,,,,,,,,,,,,,,2015
2015040287,4,40287,1,1,1,13,5,1,20,33,0,1,0,4,2,63,38,63038,2,2012,KNAFU6A21C56,K,N,A,F,U,6,A,2,1,C,5,6,0,0,0,Not Applicable,Not Applicable,0,0,0,1,0,0,0,0,0,0,0,30,0,1,4,12,6,2,2,0,0,1,1,4,85339,6,1,0,0,3,3,61,103,0,0,0,0,0,0,0,0,0,0,39,0,0,0,1,3,35,1,1,2,1,20,3,1,17,99,9,4,14,,,,1,1,,,,,,,,,,,,,,,,,,,,,,,,,2015
2015040288,4,40288,1,1,1,13,5,22,3,1,0,1,0,4,1,72,706,72706,80,2007,1HD1PR8357Y9,1,H,D,1,P,R,8,3,5,7,Y,9,0,0,0,Not Applicable,Not Applicable,0,0,0,1,0,0,0,0,0,0,0,40,0,0,0,0,2,3,1,0,0,0,1,4,85225,6,1,0,0,3,0,70,270,0,0,0,0,0,0,0,0,0,0,84,0,0,0,2,2,45,1,1,8,1,3,3,1,62,3,2,1,98,,,,1,0,,,,,,,,,,,,,,,,,,,,,,,,,2015
2015040289,4,40289,1,2,2,15,5,3,15,12,1,1,0,51,3,82,884,82884,66,2013,1FUJGLBG9DLF,1,F,U,J,G,L,B,G,9,D,L,F,1,1,57,255631,57255631,3,6,1,1,0,0,0,0,0,0,0,65,0,1,5,12,6,2,1,0,0,0,1,51,23150,6,1,6,0,3,0,73,237,0,0,0,0,0,0,0,0,0,0,84,0,0,0,2,2,75,1,1,2,1,0,0,1,50,8,1,1,32,,,,0,0,,,,,,,,,,,,,,,,,,,,,,,,,2015
2015040289,4,40289,2,2,0,15,5,3,15,12,1,1,0,4,6,2,404,2404,14,1999,1J4FF68S1XL6,1,J,4,F,F,6,8,S,1,X,L,6,0,0,0,Not Applicable,Not Applicable,0,0,0,1,0,0,0,0,0,0,0,0,0,0,0,6,6,2,8,0,0,0,0,0,99997,7,6,97,7,6,7,998,997,998,998,998,998,998,98,9998,98,9998,8,23,54,20,0,2,2,75,1,1,2,1,0,0,0,53,0,0,0,32,,,,0,0,,,,,,,,,,,,,,,,,,,,,,,,,2015
2015040290,4,40290,1,2,2,15,5,18,37,33,0,1,0,4,1,12,3,12003,2,2002,1FAFP42X02F1,1,F,A,F,P,4,2,X,0,2,F,1,0,0,0,Not Applicable,Not Applicable,0,0,0,1,0,0,0,0,0,0,0,998,0,1,3,12,6,2,12,35,0,0,1,4,85365,0,0,0,0,0,0,999,999,0,0,0,0,0,0,0,0,0,4,58,0,0,0,2,2,45,1,1,2,2,0,0,15,6,6,4,4,7,,,,1,0,,,,,,,,,,,,,,,,,,,,,,,,,2015
2015040290,4,40290,2,2,1,15,5,18,37,33,0,1,0,4,2,12,481,12481,31,2005,1FTPW14555FA,1,F,T,P,W,1,4,5,5,5,F,A,0,0,0,Not Applicable,Not Applicable,0,0,0,1,0,0,0,0,0,0,0,48,0,0,0,12,6,2,12,35,0,0,1,4,85349,6,1,0,0,3,0,65,190,0,0,0,0,0,0,0,0,0,0,0,0,0,0,2,4,45,1,1,2,2,0,0,1,62,2,1,1,98,,,,0,0,,,,,,,,,,,,,,,,,,,,,,,,,2015
2015040291,4,40291,1,2,1,16,5,9,3,12,2,1,0,4,1,7,481,7481,31,1987,1B7KD3410HS4,1,B,7,K,D,3,4,1,0,H,S,4,0,0,0,Not Applicable,Not Applicable,0,0,0,1,0,0,0,0,0,0,0,55,0,0,0,12,6,2,2,0,0,1,1,4,85629,6,1,0,0,3,0,72,150,1,3,0,0,2,2,2011,4,2013,4,91,0,0,0,1,2,45,1,1,2,1,0,0,6,6,99,9,2,50,,,,0,1,,,,,,,,,,,,,,,,,,,,,,,,,2015
2015040291,4,40291,2,2,1,16,5,9,3,12,2,1,0,4,1,12,481,12481,31,1998,1FTZX1723WKB,1,F,T,Z,X,1,7,2,3,W,K,B,0,0,0,Not Applicable,Not Applicable,0,0,0,1,0,0,0,0,0,0,0,45,0,0,0,12,6,2,2,0,0,1,1,4,85735,6,1,0,0,3,0,61,135,0,0,0,0,0,0,0,0,0,0,0,0,0,0,1,2,45,1,1,2,1,0,0,1,62,99,1,1,51,,,,1,0,,,,,,,,,,,,,,,,,,,,,,,,,2015
2015040292,4,40292,1,2,2,16,5,11,9,12,6,1,0,4,1,51,45,51045,4,2000,YV1TS94D8Y11,Y,V,1,T,S,9,4,D,8,Y,1,1,0,0,0,Not Applicable,Not Applicable,0,0,0,1,0,0,0,0,0,0,0,10,0,0,0,9,6,2,12,0,0,0,1,4,85622,6,1,0,0,3,0,68,150,0,0,0,0,0,0,0,0,0,0,89,39,0,0,1,2,55,1,1,2,1,20,3,11,15,99,1,1,82,,,,2,0,,,,,,,,,,,,,,,,,,,,,,,,,2015
2015040292,4,40292,2,2,1,16,5,11,9,12,6,1,0,48,3,82,881,82881,66,2015,3AKJGLD57FSG,3,A,K,J,G,L,D,5,7,F,S,G,1,1,57,109763,57109763,3,6,1,1,0,0,0,0,0,0,0,38,0,0,0,12,6,2,12,0,0,0,1,48,75771,6,1,6,0,3,0,999,999,0,0,0,0,0,0,0,0,0,0,0,0,0,0,5,5,45,1,1,2,1,0,0,1,67,2,1,1,83,,,,0,0,,,,,,,,,,,,,,,,,,,,,,,,,2015
2015040293,4,40293,1,1,1,17,5,5,49,52,0,1,0,4,1,12,37,12037,4,2012,1FAHP3H24CL3,1,F,A,H,P,3,H,2,4,C,L,3,0,0,0,Not Applicable,Not Applicable,0,0,0,1,0,0,0,0,0,0,0,65,0,1,5,12,6,2,1,0,0,0,1,4,86053,6,1,0,0,3,0,69,200,0,0,0,0,0,0,0,0,0,9,99,99,99,99,1,2,65,1,5,2,1,0,0,1,13,99,1,4,1,,,,1,0,,,,,,,,,,,,,,,,,,,,,,,,,2015
2015040294,4,40294,1,3,1,18,5,11,26,12,6,1,0,4,4,35,50,35050,4,2015,3N1CN7AP9FL9,3,N,1,C,N,7,A,P,9,F,L,9,0,0,0,Not Applicable,Not Applicable,0,0,0,1,0,0,0,0,0,0,0,35,0,1,1,81,6,2,12,0,0,0,1,4,85208,6,1,0,0,3,0,69,189,0,0,0,0,0,0,0,0,0,0,39,0,0,0,8,8,45,1,1,8,1,3,3,1,17,99,1,1,87,,,,1,0,,,,,,,,,,,,,,,,,,,,,,,,,2015
2015040294,4,40294,2,3,2,18,5,11,26,12,6,1,0,4,1,20,421,20421,15,2013,1GNSCBE06DR1,1,G,N,S,C,B,E,0,6,D,R,1,0,0,0,Not Applicable,Not Applicable,0,0,0,1,0,0,0,0,0,0,0,45,0,0,0,12,6,2,12,0,0,0,1,4,85142,6,1,0,0,3,3,72,195,0,0,0,0,0,0,0,0,0,0,0,0,0,0,8,8,45,1,1,8,1,3,3,1,66,99,9,1,86,,,,0,0,,,,,,,,,,,,,,,,,,,,,,,,,2015
2015040294,4,40294,3,3,1,18,5,11,26,12,6,1,0,4,1,12,401,12401,14,1999,1FMZU34EXXZA,1,F,M,Z,U,3,4,E,X,X,Z,A,0,0,0,Not Applicable,Not Applicable,0,0,0,1,0,0,0,0,0,0,0,0,0,0,0,63,6,2,12,0,0,0,1,4,85044,6,1,0,0,3,3,72,220,0,0,0,0,0,0,0,0,0,0,0,0,0,0,8,8,45,1,1,8,1,3,3,5,62,99,1,1,98,,,,0,0,,,,,,,,,,,,,,,,,,,,,,,,,2015
2015040295,4,40295,1,1,3,18,5,13,32,1,0,1,0,4,2,20,481,20481,31,2002,2GCEK19V0211,2,G,C,E,K,1,9,V,0,2,1,1,0,0,0,Not Applicable,Not Applicable,0,0,0,1,0,0,0,0,0,0,0,70,0,1,5,0,6,2,1,0,0,0,1,4,86045,0,0,0,0,0,0,73,240,0,0,0,0,0,0,0,0,0,3,0,0,0,0,1,2,50,3,1,8,1,0,0,14,12,99,1,4,6,,,,2,0,,,,,,,,,,,,,,,,,,,,,,,,,2015
2015040296,4,40296,1,2,1,18,5,21,18,12,1,1,0,4,1,23,481,23481,31,2009,3GTEC23J89G1,3,G,T,E,C,2,3,J,8,9,G,1,0,0,0,Not Applicable,Not Applicable,0,0,0,1,0,0,0,0,0,0,0,95,0,1,1,12,6,2,12,0,0,0,1,4,85035,6,1,0,0,3,3,72,265,0,0,0,0,0,0,0,0,0,4,33,0,0,0,5,5,40,1,1,8,1,0,0,6,11,99,1,2,42,,,,0,1,,,,,,,,,,,,,,,,,,,,,,,,,2015
2015040296,4,40296,2,2,2,18,5,21,18,12,1,1,0,4,2,20,16,20016,4,2001,1G1JF524X172,1,G,1,J,F,5,2,4,X,1,7,2,0,0,0,Not Applicable,Not Applicable,0,0,0,1,0,0,0,0,0,0,0,45,0,0,0,6,6,2,12,0,0,0,1,4,85021,6,1,0,0,3,3,73,160,0,0,0,0,0,0,0,0,0,0,0,0,0,0,5,5,40,1,1,8,1,0,0,1,60,99,1,1,42,,,,1,0,,,,,,,,,,,,,,,,,,,,,,,,,2015
2015040297,4,40297,1,1,1,19,5,20,8,1,0,1,0,4,2,7,482,7482,31,1999,3B7HF13Z1XG1,3,B,7,H,F,1,3,Z,1,X,G,1,0,0,0,Not Applicable,Not Applicable,0,0,0,1,0,0,0,0,0,0,0,998,0,1,5,0,6,2,1,0,0,0,1,4,85326,6,1,0,0,3,0,65,140,0,0,0,0,1,5,2015,5,2015,9,99,99,99,99,2,2,75,1,1,2,1,0,0,1,12,99,9,4,2,,,,1,1,,,,,,,,,,,,,,,,,,,,,,,,,2015
2015040298,4,40298,1,1,1,21,5,17,0,8,0,1,0,99,9,99,884,99884,64,9999,Unknown,9,9,9,9,9,9,9,9,9,9,9,9,0,0,99,Unknown,Unknown,8,1,1,1,0,0,0,0,0,0,0,998,0,0,0,14,0,5,8,0,0,0,1,4,85615,6,1,0,0,3,3,72,130,0,0,0,1,0,7,2013,7,2013,0,0,0,0,0,8,8,98,8,8,8,98,0,0,8,19,1,1,5,98,,,,0,0,,,,,,,,,,,,,,,,,,,,,,,,,2015
2015040299,4,40299,1,1,1,22,5,13,23,1,0,1,0,4,1,72,706,72706,80,2012,1HD1KBM11CB6,1,H,D,1,K,B,M,1,1,C,B,6,0,0,0,Not Applicable,Not Applicable,0,0,0,1,0,0,0,0,0,0,0,65,0,0,0,0,6,2,1,0,0,0,1,4,85204,6,1,6,0,2,0,70,200,0,0,0,0,0,0,0,0,0,9,99,99,99,99,3,5,55,1,1,2,1,0,0,1,6,3,2,1,98,,,,1,0,,,,,,,,,,,,,,,,,,,,,,,,,2015
2015040300,4,40300,1,2,2,22,5,20,58,12,1,1,1,4,1,20,421,20421,15,2010,1GNUKBE05AR2,1,G,N,U,K,B,E,0,5,A,R,2,0,0,0,Not Applicable,Not Applicable,0,0,0,1,0,0,0,0,0,0,0,31,0,0,0,12,6,2,12,0,0,0,1,4,85143,6,1,0,0,3,0,74,220,0,0,0,1,2,11,2011,3,2014,4,89,91,0,0,2,3,45,1,1,2,1,3,3,1,50,99,1,1,20,,,,0,1,,,,,,,,,,,,,,,,,,,,,,,,,2015
2015040300,4,40300,2,2,3,22,5,20,58,12,1,1,0,4,1,6,441,6441,20,2011,2A4RR5DG5BR6,2,A,4,R,R,5,D,G,5,B,R,6,0,0,0,Not Applicable,Not Applicable,0,0,0,1,0,0,0,0,0,0,0,0,0,0,0,6,6,2,12,0,0,0,1,4,85143,6,1,0,0,3,0,68,195,0,0,0,0,0,0,0,0,0,0,89,0,0,0,2,3,45,1,1,2,1,3,3,5,53,1,1,1,21,,,,1,0,,,,,,,,,,,,,,,,,,,,,,,,,2015
2015040301,4,40301,1,1,2,23,5,5,31,42,0,1,0,4,2,98,998,98998,97,2014,3JBPNDP16EJ0,3,J,B,P,N,D,P,1,6,E,J,0,0,0,0,Not Applicable,Not Applicable,0,0,0,1,0,0,0,0,0,0,0,50,0,0,0,12,6,2,42,0,0,0,1,6,91935,6,1,0,0,3,0,71,180,1,0,0,0,0,1,2013,1,2013,4,0,0,0,0,1,2,25,1,6,4,1,0,0,1,6,99,1,4,6,,,,1,1,,,,,,,,,,,,,,,,,,,,,,,,,2015
2015040302,4,40302,1,1,1,23,5,6,49,5,0,1,0,4,1,76,706,76706,80,2008,JYAVP11E98A1,J,Y,A,V,P,1,1,E,9,8,A,1,0,0,0,Not Applicable,Not Applicable,0,0,0,1,0,0,0,0,0,0,0,65,0,0,0,0,6,2,5,0,0,0,1,4,85901,6,1,0,0,3,0,69,165,0,2,1,1,0,10,2010,12,2012,4,0,0,0,0,1,2,65,3,6,2,1,0,0,14,13,99,1,4,0,,,,1,1,,,,,,,,,,,,,,,,,,,,,,,,,2015
2015040304,4,40304,1,1,1,26,5,0,46,59,0,1,0,4,3,20,481,20481,31,2008,1GCHC24K28E1,1,G,C,H,C,2,4,K,2,8,E,1,0,0,0,Not Applicable,Not Applicable,0,0,0,1,0,0,0,0,0,0,0,998,0,1,5,12,6,2,1,0,0,0,1,4,85388,6,1,0,0,3,0,69,150,0,1,0,1,1,6,2010,12,2014,9,89,0,0,0,3,6,65,1,5,2,1,0,0,99,99,99,1,4,5,,,,1,0,,,,,,,,,,,,,,,,,,,,,,,,,2015
2015040305,4,40305,1,1,1,26,5,13,47,30,0,1,0,4,2,41,402,41402,14,2001,4F2YU07B81KM,4,F,2,Y,U,0,7,B,8,1,K,M,0,0,0,Not Applicable,Not Applicable,0,0,0,1,0,0,0,0,0,0,0,998,0,0,0,9,6,2,25,0,0,0,1,4,85205,1,1,0,0,2,0,66,162,0,0,0,0,0,0,0,0,0,9,99,99,99,99,3,4,55,3,1,2,1,0,0,14,13,99,1,4,1,,,,1,1,,,,,,,,,,,,,,,,,,,,,,,,,2015
2015040306,4,40306,1,2,2,28,5,5,18,12,6,1,1,4,2,20,403,20403,14,2006,1GNDT13S4621,1,G,N,D,T,1,3,S,4,6,2,1,0,0,0,Not Applicable,Not Applicable,0,0,0,1,0,0,0,0,0,0,0,65,0,1,5,82,6,2,1,0,0,0,1,4,86040,6,1,0,0,3,0,69,187,0,0,0,0,0,0,0,0,0,4,0,0,0,0,1,2,65,1,1,2,1,0,0,1,12,7,1,4,64,,,,1,1,,,,,,,,,,,,,,,,,,,,,,,,,2015
2015040306,4,40306,2,2,1,28,5,5,18,12,6,1,0,4,2,12,3,12003,1,2004,1FAFP45X04F1,1,F,A,F,P,4,5,X,0,4,F,1,0,0,0,Not Applicable,Not Applicable,0,0,0,1,0,0,0,0,0,0,0,60,0,0,0,12,6,2,12,0,0,0,1,4,86403,6,1,0,0,3,3,70,150,0,0,0,0,0,0,0,0,0,0,0,0,0,0,1,2,65,1,1,2,1,0,0,1,62,7,1,4,65,,,,0,0,,,,,,,,,,,,,,,,,,,,,,,,,2015
2015040307,4,40307,1,1,3,29,5,21,49,8,0,1,1,99,9,99,999,99999,99,9999,Unknown,9,9,9,9,9,9,9,9,9,9,9,9,0,0,0,Not Applicable,Not Applicable,0,0,0,1,0,0,0,0,0,0,0,998,0,0,0,99,4,5,8,99,99,0,1,99,99999,9,9,99,0,9,9,999,999,99,99,99,99,99,99,9999,99,9999,9,99,99,99,99,2,3,40,1,9,8,1,0,0,99,80,99,9,3,13,,,,0,0,,,,,,,,,,,,,,,,,,,,,,,,,2015
2015040308,4,40308,1,1,2,30,5,1,36,33,0,1,0,4,1,72,706,72706,80,2006,1HD1KBW176Y6,1,H,D,1,K,B,W,1,7,6,Y,6,0,0,0,Not Applicable,Not Applicable,0,0,0,1,0,0,0,0,0,0,0,998,0,0,0,62,6,2,33,0,0,0,1,4,85739,6,1,0,0,3,0,68,205,0,0,0,1,0,4,2011,4,2011,4,0,0,0,0,2,2,45,2,5,2,1,0,0,14,12,3,2,4,6,,,,1,1,,,,,,,,,,,,,,,,,,,,,,,,,2015
2015040309,4,40309,1,1,2,30,5,22,47,1,0,1,0,4,2,98,998,98998,97,2014,4XAST1EA4EB1,4,X,A,S,T,1,E,A,4,E,B,1,0,0,0,Not Applicable,Not Applicable,0,0,0,1,0,0,0,0,0,0,0,50,0,1,1,0,2,3,1,0,0,0,1,4,85028,6,1,0,0,3,0,72,200,0,0,0,0,0,0,0,0,0,4,0,0,0,0,1,2,25,2,1,8,1,0,0,14,6,99,3,6,98,,,,1,1,,,,,,,,,,,,,,,,,,,,,,,,,2015