accident_id,STATE,ST_CASE,VEH_NO,VE_FORMS,NUMOCCS,DAY,MONTH,HOUR,MINUTE,HARM_EV,MAN_COLL,UNITTYPE,HIT_RUN,REG_STAT,OWNER,MAKE,MODEL,MAK_MOD,BODY_TYP,MOD_YEAR,VIN,VIN_1,VIN_2,VIN_3,VIN_4,VIN_5,VIN_6,VIN_7,VIN_8,VIN_9,VIN_10,VIN_11,VIN_12,TOW_VEH,J_KNIFE,MCARR_I1,MCARR_I2,MCARR_ID,GVWR,V_CONFIG,CARGO_BT,HAZ_INV,HAZ_PLAC,HAZ_ID,HAZ_CNO,HAZ_REL,BUS_USE,SPEC_USE,EMER_USE,TRAV_SP,UNDERIDE,ROLLOVER,ROLINLOC,IMPACT1,DEFORMED,TOWED,M_HARM,VEH_SC1,VEH_SC2,FIRE_EXP,DR_PRES,L_STATE,DR_ZIP,L_STATUS,L_TYPE,CDL_STAT,L_ENDORS,L_COMPL,L_RESTRI,DR_HGT,DR_WGT,PREV_ACC,PREV_SUS,PREV_DWI,PREV_SPD,PREV_OTH,FIRST_MO,FIRST_YR,LAST_MO,LAST_YR,SPEEDREL,DR_SF1,DR_SF2,DR_SF3,DR_SF4,VTRAFWAY,VNUM_LAN,VSPD_LIM,VALIGN,VPROFILE,VPAVETYP,VSURCOND,VTRAFCON,VTCONT_F,P_CRASH1,P_CRASH2,P_CRASH3,PCRASH4,PCRASH5,ACC_TYPE,TRLR1VIN,TRLR2VIN,TRLR3VIN,DEATHS,DR_DRINK,VINTYPE,VINMAKE,VINA_MOD,VIN_BT,VINMODYR,VIN_LNGT,VIN_WGT,WGTCD_TR,WHLBS_LG,WHLBS_SH,SER_TR,FUELCODE,MCYCL_DS,CARBUR,CYLINDER,DISPLACE,MCYCL_CY,MCYCL_WT,TIRE_SZE,TON_RAT,TRK_WT,TRKWTVAR,VIN_REST,WHLDRWHL,Year
2015040310,4,40310,1,2,2,31,5,15,15,12,2,1,0,4,1,37,402,37402,14,2010,JHLRE3H76AC0,J,H,L,R,E,3,H,7,6,A,C,0,0,0,0,Not Applicable,Not Applicable,0,0,0,1,0,0,0,0,0,0,0,45,0,1,5,12,6,2,12,0,0,0,1,4,85018,6,1,0,0,3,0,72,203,0,0,0,0,0,0,0,0,0,0,28,0,0,0,5,5,45,2,5,2,1,0,0,14,10,99,1,2,50,,,,2,0,,,,,,,,,,,,,,,,,,,,,,,,,2015
2015040310,4,40310,2,2,1,31,5,15,15,12,2,1,0,35,3,98,808,98808,71,2006,JNAMB80H66AK,J,N,A,M,B,8,0,H,6,6,A,K,0,0,57,295148,57295148,2,1,1,1,0,0,0,0,0,0,0,45,0,1,1,12,6,2,12,0,0,0,1,48,78801,0,0,0,0,0,0,999,999,0,0,0,0,0,0,0,0,0,0,0,0,0,0,5,5,45,3,6,2,1,0,0,14,62,1,1,1,51,,,,0,0,,,,,,,,,,,,,,,,,,,,,,,,,2015
2015040311,4,40311,1,2,1,3,5,21,14,33,0,1,0,4,1,35,473,35473,31,2006,1N6AA06A26N5,1,N,6,A,A,0,6,A,2,6,N,5,0,0,0,Not Applicable,Not Applicable,0,0,0,1,0,0,0,0,0,0,0,64,0,0,0,98,6,2,12,0,0,0,1,4,85035,6,1,0,0,3,0,68,150,0,0,0,0,2,10,2010,4,2012,3,91,28,0,0,5,6,40,1,1,2,1,0,0,1,13,99,1,4,1,,,,0,1,,,,,,,,,,,,,,,,,,,,,,,,,2015
2015040311,4,40311,2,2,4,3,5,21,14,33,0,1,0,4,1,20,2,20002,4,2001,2G1WF52E3192,2,G,1,W,F,5,2,E,3,1,9,2,0,0,0,Not Applicable,Not Applicable,0,0,0,1,0,0,0,0,0,0,0,24,0,0,0,12,6,2,12,0,0,0,1,4,85008,6,1,0,0,3,0,57,230,0,0,0,0,0,0,0,0,0,0,0,0,0,0,5,6,40,1,1,2,1,0,0,1,62,99,1,1,98,,,,2,0,,,,,,,,,,,,,,,,,,,,,,,,,2015
2015040312,4,40312,1,1,1,21,5,21,10,8,0,1,0,4,3,12,401,12401,14,2014,1FM5K8AR8EGA,1,F,M,5,K,8,A,R,8,E,G,A,0,0,0,Not Applicable,Not Applicable,0,0,0,1,0,0,0,0,0,5,2,998,0,0,0,12,2,3,8,0,0,0,1,4,99999,9,9,99,0,9,9,999,999,99,99,99,99,99,99,9999,99,9999,9,99,99,99,99,1,2,35,1,1,2,1,0,0,1,80,7,1,2,13,,,,0,0,,,,,,,,,,,,,,,,,,,,,,,,,2015
2015040313,4,40313,1,1,1,21,5,23,30,59,0,1,0,4,2,2,404,2404,14,2001,1J4GW48S01C7,1,J,4,G,W,4,8,S,0,1,C,7,0,0,0,Not Applicable,Not Applicable,0,0,0,1,0,0,0,0,0,0,0,60,0,0,0,82,6,2,30,0,0,0,1,4,85706,6,1,0,0,3,0,70,200,0,0,0,3,0,6,2010,2,2015,4,0,0,0,0,1,2,45,3,1,2,1,0,0,14,13,6,1,4,1,,,,1,1,,,,,,,,,,,,,,,,,,,,,,,,,2015
2015040314,4,40314,1,2,2,22,5,0,47,12,6,1,0,4,2,37,32,37032,4,1992,1HGCB7679NA1,1,H,G,C,B,7,6,7,9,N,A,1,0,0,0,Not Applicable,Not Applicable,0,0,0,1,0,0,0,0,0,0,0,998,0,0,0,81,6,2,12,0,0,0,1,4,85204,6,1,0,0,3,3,61,128,0,0,0,0,0,0,0,0,0,0,39,0,0,0,2,4,45,1,1,8,1,3,3,1,17,99,1,1,87,,,,1,0,,,,,,,,,,,,,,,,,,,,,,,,,2015
2015040314,4,40314,2,2,1,22,5,0,47,12,6,1,0,4,2,37,471,37471,30,2006,2HJYK16406H5,2,H,J,Y,K,1,6,4,0,6,H,5,0,0,0,Not Applicable,Not Applicable,0,0,0,1,0,0,0,0,0,0,0,998,0,0,0,12,6,2,12,0,0,0,1,4,85296,6,1,0,0,3,0,71,175,0,0,0,0,0,0,0,0,0,0,0,0,0,0,2,4,45,1,1,8,1,3,3,1,66,99,1,1,86,,,,0,0,,,,,,,,,,,,,,,,,,,,,,,,,2015
2015040315,4,40315,1,1,99,24,5,0,53,8,0,1,1,99,9,99,999,99999,99,9999,Unknown,9,9,9,9,9,9,9,9,9,9,9,9,0,0,0,Not Applicable,Not Applicable,0,0,0,1,0,0,0,0,0,0,0,998,0,0,0,99,8,5,8,99,99,0,1,99,99999,9,9,99,9,9,9,999,999,99,99,99,99,99,99,9999,99,9999,9,99,99,99,99,1,2,45,1,5,2,1,0,0,1,80,99,1,1,13,,,,0,0,,,,,,,,,,,,,,,,,,,,,,,,,2015
2015040317,4,40317,1,2,1,26,5,9,47,12,6,1,0,4,1,55,38,55038,4,2005,KMHFU45E55A3,K,M,H,F,U,4,5,E,5,5,A,3,0,0,0,Not Applicable,Not Applicable,0,0,0,1,0,0,0,0,0,0,0,10,0,0,0,62,6,2,12,0,0,0,1,4,85206,6,1,0,0,3,0,63,130,0,0,0,0,0,0,0,0,0,0,38,0,0,0,0,0,0,0,0,0,0,0,0,11,15,99,1,1,82,,,,1,0,,,,,,,,,,,,,,,,,,,,,,,,,2015
2015040317,4,40317,2,2,1,26,5,9,47,12,6,1,0,4,1,12,3,12003,1,1998,1FAFP45X7WF1,1,F,A,F,P,4,5,X,7,W,F,1,0,0,0,Not Applicable,Not Applicable,0,0,0,1,0,0,0,0,0,0,0,40,0,0,0,12,6,2,12,0,0,0,1,4,85205,6,1,0,0,3,0,62,135,0,0,0,1,1,11,2013,10,2014,0,0,0,0,0,1,7,45,1,1,8,1,0,0,1,72,99,1,1,83,,,,0,0,,,,,,,,,,,,,,,,,,,,,,,,,2015
2015040318,4,40318,1,2,1,8,5,15,6,12,1,1,0,4,1,37,421,37421,15,2006,2HKYF18556H5,2,H,K,Y,F,1,8,5,5,6,H,5,0,0,0,Not Applicable,Not Applicable,0,0,0,1,0,0,0,0,0,0,0,45,0,0,0,12,6,2,12,0,0,0,1,4,85374,6,1,0,0,3,0,69,130,0,0,0,0,0,0,0,0,0,4,27,0,0,0,2,3,45,3,1,8,1,0,0,15,11,1,1,2,24,,,,0,0,,,,,,,,,,,,,,,,,,,,,,,,,2015
2015040318,4,40318,2,2,1,8,5,15,6,12,1,1,0,4,1,37,32,37032,4,1992,1HGCB7572NA1,1,H,G,C,B,7,5,7,2,N,A,1,0,0,0,Not Applicable,Not Applicable,0,0,0,1,0,0,0,0,0,0,0,35,0,0,0,6,6,2,12,0,0,0,1,4,85387,6,1,0,0,3,0,64,116,0,0,0,0,0,0,0,0,0,0,0,0,0,0,2,3,45,3,1,8,1,0,0,14,60,99,1,1,25,,,,1,0,,,,,,,,,,,,,,,,,,,,,,,,,2015
2015040319,4,40319,1,1,2,22,5,13,0,1,0,1,0,35,2,12,442,12442,20,2000,2FMZA524XYBA,2,F,M,Z,A,5,2,4,X,Y,B,A,0,0,0,Not Applicable,Not Applicable,0,0,0,1,0,0,0,0,0,0,0,75,0,1,5,0,6,2,1,0,0,0,1,4,86047,0,0,0,0,0,0,68,200,0,0,0,0,0,0,0,0,0,0,58,0,0,0,2,2,75,1,1,2,1,0,0,1,9,99,3,4,2,,,,1,0,,,,,,,,,,,,,,,,,,,,,,,,,2015
2015040320,4,40320,1,1,1,28,5,18,37,9,0,1,0,4,1,7,482,7482,31,2014,1C6RR7FT7ES2,1,C,6,R,R,7,F,T,7,E,S,2,0,0,0,Not Applicable,Not Applicable,0,0,0,1,0,0,0,0,0,0,0,55,0,0,0,12,6,2,9,0,0,0,1,4,85711,6,1,0,0,3,0,68,153,0,0,0,0,0,0,0,0,0,4,99,99,99,99,5,3,55,1,5,2,1,0,0,1,13,1,1,4,13,,,,0,1,,,,,,,,,,,,,,,,,,,,,,,,,2015
2015040321,4,40321,1,1,1,10,3,3,30,42,0,1,0,4,1,20,403,20403,14,2003,1GCCS19X5381,1,G,C,C,S,1,9,X,5,3,8,1,0,0,0,Not Applicable,Not Applicable,0,0,0,1,0,0,0,0,0,0,0,40,0,0,0,12,6,2,42,0,0,0,1,4,85302,6,1,0,0,3,3,74,220,0,0,0,0,0,0,0,0,0,0,0,0,0,0,5,6,40,1,1,8,1,0,0,1,12,99,1,4,6,,,,1,0,,,,,,,,,,,,,,,,,,,,,,,,,2015
2015040322,4,40322,1,1,1,28,4,2,0,1,0,1,0,99,9,99,999,99999,99,9999,Unknown,9,9,9,9,9,9,9,9,9,9,9,9,0,0,0,Not Applicable,Not Applicable,0,0,0,1,0,0,0,0,0,0,0,999,0,9,9,0,9,9,1,0,0,0,1,4,86045,6,1,0,0,3,0,69,190,0,0,0,0,0,0,0,0,0,9,99,99,99,99,9,9,99,9,9,8,99,99,9,99,99,99,9,9,99,,,,1,1,,,,,,,,,,,,,,,,,,,,,,,,,2015
2015040323,4,40323,1,1,1,1,5,14,27,35,0,1,0,4,2,20,481,20481,31,2007,2GCEC13V2711,2,G,C,E,C,1,3,V,2,7,1,1,0,0,0,Not Applicable,Not Applicable,0,0,0,1,0,0,0,0,0,0,0,65,0,1,5,12,6,2,1,0,0,0,1,4,85202,1,1,0,0,2,0,70,200,0,5,1,4,0,1,2011,1,2015,0,0,0,0,0,2,2,65,8,8,2,1,0,0,1,13,99,9,4,5,,,,1,1,,,,,,,,,,,,,,,,,,,,,,,,,2015
2015040324,4,40324,1,2,3,1,5,20,8,8,0,1,0,4,1,6,51,6051,4,2001,2C3HE66G11H5,2,C,3,H,E,6,6,G,1,1,H,5,0,0,0,Not Applicable,Not Applicable,0,0,0,1,0,0,0,0,0,0,0,29,0,0,0,12,6,2,8,0,0,0,1,4,85020,0,0,0,0,0,0,999,999,0,1,0,0,0,9,2014,9,2014,0,0,0,0,0,5,6,40,1,1,2,1,0,0,1,80,4,1,3,13,,,,0,0,,,,,,,,,,,,,,,,,,,,,,,,,2015
2015040324,4,40324,2,2,99,1,5,20,8,8,0,1,1,99,9,99,999,99999,99,9999,Unknown,9,9,9,9,9,9,9,9,9,9,9,9,0,0,0,Not Applicable,Not Applicable,0,0,0,1,0,0,0,0,0,0,0,998,0,0,0,99,9,5,8,0,0,0,1,99,99999,9,9,99,0,9,9,999,999,99,99,99,99,99,99,9999,99,9999,9,99,99,99,99,5,6,40,1,1,2,1,0,0,1,80,99,9,3,98,,,,0,0,,,,,,,,,,,,,,,,,,,,,,,,,2015
2015040325,4,40325,1,2,1,2,5,19,34,12,6,1,0,4,1,20,422,20422,15,2007,1GNFK16357J2,1,G,N,F,K,1,6,3,5,7,J,2,0,0,0,Not Applicable,Not Applicable,0,0,0,1,0,0,0,0,0,0,0,18,0,0,0,12,6,2,12,0,0,0,1,4,85541,6,1,0,0,3,0,66,150,0,0,0,0,0,0,0,0,0,0,91,38,0,0,2,4,50,1,1,2,1,0,0,11,15,99,1,1,68,,,,0,1,,,,,,,,,,,,,,,,,,,,,,,,,2015
2015040325,4,40325,2,2,1,2,5,19,34,12,6,1,0,4,1,72,706,72706,80,1998,1HD1CGP18WY2,1,H,D,1,C,G,P,1,8,W,Y,2,0,0,0,Not Applicable,Not Applicable,0,0,0,1,0,0,0,0,0,0,0,45,0,0,0,61,6,2,12,0,0,1,1,48,85020,6,1,0,0,3,0,73,235,0,1,0,0,0,6,2014,6,2014,0,0,0,0,0,2,3,50,1,1,2,1,0,0,1,62,7,1,2,69,,,,1,0,,,,,,,,,,,,,,,,,,,,,,,,,2015
2015040326,4,40326,1,1,1,6,5,3,1,1,0,1,0,4,1,12,481,12481,31,2005,1FTRF04W65KE,1,F,T,R,F,0,4,W,6,5,K,E,0,0,0,Not Applicable,Not Applicable,0,0,0,1,0,0,0,0,0,0,0,55,0,1,5,0,6,2,1,0,0,0,1,4,85388,2,1,0,0,2,0,70,145,1,6,1,0,2,1,2011,4,2015,4,39,0,0,0,1,2,35,2,1,5,1,20,3,14,13,6,3,4,2,,,,1,1,,,,,,,,,,,,,,,,,,,,,,,,,2015
2015040327,4,40327,1,1,2,7,5,22,15,8,0,1,0,4,2,20,481,20481,31,2003,2GCEC19X6313,2,G,C,E,C,1,9,X,6,3,1,3,0,0,0,Not Applicable,Not Applicable,0,0,0,1,0,0,0,0,0,0,0,48,0,0,0,12,4,5,8,0,0,0,1,4,85041,6,1,0,0,3,3,60,140,0,0,0,0,1,2,2012,2,2012,0,0,0,0,0,5,5,40,1,1,2,1,0,0,15,80,99,1,2,13,,,,0,0,,,,,,,,,,,,,,,,,,,,,,,,,2015
2015040328,4,40328,1,1,1,8,5,9,27,34,0,1,0,4,1,12,471,12471,30,2004,1FTYR10U74PA,1,F,T,Y,R,1,0,U,7,4,P,A,0,0,0,Not Applicable,Not Applicable,0,0,0,1,0,0,0,0,0,0,0,55,0,1,1,99,6,2,1,0,0,0,1,4,85322,6,1,0,0,3,0,71,150,0,0,0,0,0,0,0,0,0,0,0,0,0,0,1,2,50,1,1,2,1,0,0,1,13,99,1,4,3,,,,1,0,,,,,,,,,,,,,,,,,,,,,,,,,2015
2015040329,4,40329,1,1,1,9,5,15,3,17,0,1,0,4,2,76,734,76734,90,2006,JY4AJ20Y26C0,J,Y,4,A,J,2,0,Y,2,6,C,0,0,0,0,Not Applicable,Not Applicable,0,0,0,1,0,0,0,0,0,0,0,20,0,0,0,12,4,5,17,0,0,0,1,4,85008,6,1,6,0,3,3,73,255,0,2,0,0,0,7,2013,8,2013,4,0,0,0,0,1,2,65,1,1,5,1,0,0,1,13,99,1,4,1,,,,1,1,,,,,,,,,,,,,,,,,,,,,,,,,2015
2015040330,4,40330,1,2,2,9,5,11,1,12,6,1,0,4,1,20,421,20421,15,2005,1GNEC13V15J1,1,G,N,E,C,1,3,V,1,5,J,1,0,0,0,Not Applicable,Not Applicable,0,0,0,1,0,0,0,0,0,0,0,10,0,0,0,81,4,5,12,0,0,0,1,4,85331,6,1,0,0,3,0,68,150,0,2,1,0,0,7,2011,9,2013,0,89,38,0,0,2,3,45,1,1,2,1,3,3,11,15,1,1,1,68,,,,0,0,,,,,,,,,,,,,,,,,,,,,,,,,2015
2015040330,4,40330,2,2,2,9,5,11,1,12,6,1,0,4,1,72,706,72706,80,2010,1HD1BW517AB0,1,H,D,1,B,W,5,1,7,A,B,0,0,0,0,Not Applicable,Not Applicable,0,0,0,1,0,0,0,0,0,0,0,25,0,0,0,12,6,2,12,0,0,0,1,4,85027,6,1,0,0,3,3,68,180,0,0,0,0,0,0,0,0,0,0,0,0,0,0,2,4,45,1,1,2,1,3,3,1,62,99,1,1,69,,,,1,1,,,,,,,,,,,,,,,,,,,,,,,,,2015
2015040331,4,40331,1,1,1,13,5,8,45,42,0,1,0,4,2,12,402,12402,14,2005,1FMYU02Z25KC,1,F,M,Y,U,0,2,Z,2,5,K,C,0,0,0,Not Applicable,Not Applicable,0,0,0,1,0,0,0,0,0,0,0,45,0,0,0,12,6,2,42,0,0,0,1,4,85048,6,1,0,0,3,0,66,205,0,0,0,0,0,0,0,0,0,0,0,0,0,0,1,5,45,1,1,8,1,3,3,1,12,99,1,4,6,,,,1,0,,,,,,,,,,,,,,,,,,,,,,,,,2015
2015040332,4,40332,1,2,1,13,5,16,20,12,1,1,0,4,1,76,709,76709,80,2009,JYAVP25E69A0,J,Y,A,V,P,2,5,E,6,9,A,0,0,0,0,Not Applicable,Not Applicable,0,0,0,1,0,0,0,0,0,0,0,998,0,0,0,12,6,2,12,0,0,0,1,4,85378,6,1,0,0,3,0,72,165,0,0,0,1,1,1,2011,1,2013,0,89,26,0,0,2,3,35,1,1,2,1,0,0,1,52,9,1,1,28,,,,1,0,,,,,,,,,,,,,,,,,,,,,,,,,2015
2015040332,4,40332,2,2,2,13,5,16,20,12,1,1,0,4,2,37,471,37471,30,2010,5FPYK1F54AB0,5,F,P,Y,K,1,F,5,4,A,B,0,0,0,0,Not Applicable,Not Applicable,0,0,0,1,0,0,0,0,0,0,0,0,0,0,0,6,2,5,12,0,0,0,1,4,85335,6,1,0,0,3,0,70,185,0,4,0,1,1,2,2011,7,2013,0,0,0,0,0,2,3,35,1,1,2,1,0,0,2,53,1,1,1,29,,,,0,0,,,,,,,,,,,,,,,,,,,,,,,,,2015
2015040333,4,40333,1,1,99,13,5,4,44,8,0,1,1,99,9,99,999,99999,99,9999,Unknown,9,9,9,9,9,9,9,9,9,9,9,9,0,0,0,Not Applicable,Not Applicable,0,0,0,1,0,0,0,0,0,0,0,999,0,0,0,99,9,5,8,99,99,0,1,99,99999,9,9,99,0,9,9,999,999,99,99,99,99,99,99,9999,99,9999,9,99,99,99,99,1,6,40,1,1,2,1,4,3,1,80,99,9,3,13,,,,0,0,,,,,,,,,,,,,,,,,,,,,,,,,2015
2015040334,4,40334,1,2,1,13,5,7,14,12,6,1,0,4,2,12,481,12481,31,2004,1FTRF12W54NB,1,F,T,R,F,1,2,W,5,4,N,B,0,0,0,Not Applicable,Not Applicable,0,0,0,1,0,0,0,0,0,0,0,9,0,0,0,12,6,2,12,0,0,0,1,4,85301,6,1,0,0,3,0,70,135,0,0,0,0,0,0,0,0,0,0,38,0,0,0,9,9,40,1,1,2,1,2,3,11,15,99,1,1,68,,,,0,0,,,,,,,,,,,,,,,,,,,,,,,,,2015
2015040334,4,40334,2,2,1,13,5,7,14,12,6,1,0,4,3,20,38,20038,10,2005,1GCCS1967581,1,G,C,C,S,1,9,6,7,5,8,1,1,1,0,Not Applicable,Not Applicable,0,0,0,1,0,0,0,0,0,0,0,45,0,1,1,63,6,2,8,0,0,0,1,4,85308,6,1,0,0,3,3,70,185,0,0,0,0,0,0,0,0,0,0,0,0,0,0,9,9,40,1,1,2,1,2,3,1,62,99,1,1,69,,,,0,0,,,,,,,,,,,,,,,,,,,,,,,,,2015
2015040335,4,40335,1,2,1,13,5,13,14,12,6,1,0,4,1,63,34,63034,4,2011,KNAGM4A73B50,K,N,A,G,M,4,A,7,3,B,5,0,0,0,0,Not Applicable,Not Applicable,0,0,0,1,0,0,0,0,0,0,0,5,0,0,0,83,6,2,12,0,0,0,1,4,85260,6,1,0,0,3,0,64,160,1,4,0,2,1,11,2011,2,2015,0,38,0,0,0,2,4,50,1,1,2,1,3,3,12,99,99,1,1,98,,,,0,0,,,,,,,,,,,,,,,,,,,,,,,,,2015
2015040335,4,40335,2,2,1,13,5,13,14,12,6,1,0,4,2,72,706,72706,80,2013,1HD1KHM19DB6,1,H,D,1,K,H,M,1,9,D,B,6,0,0,0,Not Applicable,Not Applicable,0,0,0,1,0,0,0,0,0,0,0,30,0,0,0,12,6,2,12,0,0,0,1,4,85331,6,1,0,0,3,3,74,160,0,1,0,0,0,2,2013,2,2013,0,0,0,0,0,2,4,50,1,1,2,1,3,3,1,62,4,2,1,98,,,,1,0,,,,,,,,,,,,,,,,,,,,,,,,,2015
2015040336,4,40336,1,1,1,14,5,4,0,8,0,1,0,4,2,12,3,12003,2,2008,1ZVHT80N3852,1,Z,V,H,T,8,0,N,3,8,5,2,0,0,0,Not Applicable,Not Applicable,0,0,0,1,0,0,0,0,0,0,0,80,0,0,0,1,2,3,8,0,0,0,1,4,86044,6,1,0,0,3,0,68,130,0,0,0,0,0,0,0,0,0,3,0,0,0,0,1,2,65,1,1,2,1,0,0,1,81,99,1,4,13,,,,0,0,,,,,,,,,,,,,,,,,,,,,,,,,2015
2015040337,4,40337,1,2,1,14,5,8,45,1,0,1,0,99,9,76,709,76709,80,2001,Unknown,9,9,9,9,9,9,9,9,9,9,9,9,0,0,0,Not Applicable,Not Applicable,0,0,0,1,0,0,0,0,0,0,0,999,0,0,0,0,9,9,12,0,0,0,1,4,85308,6,1,0,0,3,0,71,165,0,0,0,0,0,0,0,0,0,5,99,99,99,99,9,9,99,9,9,8,99,3,3,1,6,3,9,9,98,,,,1,0,,,,,,,,,,,,,,,,,,,,,,,,,2015
2015040337,4,40337,2,2,1,14,5,8,45,1,0,1,0,99,9,7,24,7024,4,2009,Unknown,9,9,9,9,9,9,9,9,9,9,9,9,0,0,0,Not Applicable,Not Applicable,0,0,0,1,0,0,0,0,0,0,0,999,0,0,0,83,9,9,12,0,0,0,1,4,85302,6,1,0,0,3,0,62,180,0,0,0,0,0,0,0,0,0,9,99,99,99,99,9,9,99,9,9,8,99,3,3,11,15,99,1,1,98,,,,0,0,,,,,,,,,,,,,,,,,,,,,,,,,2015
2015040338,4,40338,1,2,1,14,5,11,3,12,99,1,0,99,9,99,999,99999,99,9999,Unknown,9,9,9,9,9,9,9,9,9,9,9,9,0,0,0,Not Applicable,Not Applicable,0,0,0,1,0,0,0,0,0,0,0,999,0,0,0,99,9,9,12,0,0,0,1,4,86039,0,0,0,0,0,0,66,156,0,0,0,0,0,0,0,0,0,9,99,99,99,99,9,9,99,9,9,8,99,99,9,99,99,99,9,9,99,,,,1,0,,,,,,,,,,,,,,,,,,,,,,,,,2015
2015040338,4,40338,2,2,1,14,5,11,3,12,99,1,9,99,9,99,999,99999,99,9999,Unknown,9,9,9,9,9,9,9,9,9,9,9,9,0,0,0,Not Applicable,Not Applicable,0,0,0,1,0,0,0,0,0,0,0,999,0,0,0,99,9,9,12,0,0,0,1,99,99999,9,9,99,9,9,9,999,999,99,99,99,99,99,99,9999,99,9999,9,99,99,99,99,9,9,99,9,9,8,99,99,9,99,99,99,9,9,99,,,,0,0,,,,,,,,,,,,,,,,,,,,,,,,,2015
2015040339,4,40339,1,1,1,14,5,20,15,8,0,1,0,4,2,34,35,34035,4,2002,WBADN63442GN,W,B,A,D,N,6,3,4,4,2,G,N,0,0,0,Not Applicable,Not Applicable,0,0,0,1,0,0,0,0,0,0,0,50,0,0,0,12,6,2,8,0,0,0,1,4,85310,6,1,0,0,3,0,69,145,0,0,0,0,0,0,0,0,0,4,91,0,0,0,1,2,25,3,1,2,1,0,0,14,80,1,1,1,13,,,,0,1,,,,,,,,,,,,,,,,,,,,,,,,,2015
2015040340,4,40340,1,4,1,15,5,22,30,12,6,1,0,4,2,35,43,35043,4,2008,3N1AB61E78L7,3,N,1,A,B,6,1,E,7,8,L,7,0,0,0,Not Applicable,Not Applicable,0,0,0,1,0,0,0,0,0,0,0,998,0,0,0,12,6,2,12,0,0,0,1,4,85550,6,1,0,0,3,3,63,215,0,0,0,1,0,5,2013,5,2013,4,39,0,0,0,1,5,45,1,6,2,1,3,3,1,17,99,1,1,83,,,,1,1,,,,,,,,,,,,,,,,,,,,,,,,,2015
2015040340,4,40340,2,4,1,15,5,22,30,12,6,1,0,4,2,2,403,2403,14,1994,1J4FY29S4RP4,1,J,4,F,Y,2,9,S,4,R,P,4,0,0,0,Not Applicable,Not Applicable,0,0,0,1,0,0,0,0,0,0,0,20,0,0,0,63,6,2,12,0,0,0,1,4,85501,6,1,0,0,3,0,64,130,0,0,0,0,0,0,0,0,0,0,0,0,0,0,1,2,45,1,1,8,1,3,3,11,66,1,1,1,82,,,,0,0,,,,,,,,,,,,,,,,,,,,,,,,,2015
2015040340,4,40340,3,4,1,15,5,22,30,12,6,1,0,4,3,85,884,85884,66,2004,3WKDDU9X34F0,3,W,K,D,D,U,9,X,3,4,F,0,1,1,77,Not Reported,Not Reported,3,6,98,1,0,0,0,0,0,0,0,0,0,0,0,62,2,5,54,0,0,0,1,4,85635,6,1,6,0,3,0,72,215,0,0,0,0,0,0,0,0,0,0,0,0,0,0,1,6,45,1,5,2,1,3,3,5,98,99,1,1,98,,,,0,0,,,,,,,,,,,,,,,,,,,,,,,,,2015
2015040340,4,40340,4,4,5,15,5,22,30,12,6,1,0,4,2,14,21,14021,4,2010,3MEHM0JG5AR6,3,M,E,H,M,0,J,G,5,A,R,6,0,0,0,Not Applicable,Not Applicable,0,0,0,1,0,0,0,0,0,0,0,15,0,0,0,12,2,5,54,0,0,0,1,4,85539,6,1,0,0,3,3,70,200,0,0,0,0,0,0,0,0,0,0,0,0,0,0,1,2,45,1,6,8,1,3,3,2,90,99,9,3,98,,,,0,0,,,,,,,,,,,,,,,,,,,,,,,,,2015
2015040341,4,40341,1,2,1,15,5,8,53,12,6,1,0,4,1,20,421,20421,15,1994,1GNEK18K5RJ3,1,G,N,E,K,1,8,K,5,R,J,3,0,0,0,Not Applicable,Not Applicable,0,0,0,1,0,0,0,0,0,0,0,47,0,0,0,12,6,2,12,0,0,0,1,4,85037,6,1,0,0,3,0,67,225,0,0,0,0,0,0,0,0,0,0,39,91,0,0,1,6,40,1,1,2,1,3,3,1,17,1,1,1,69,,,,0,1,,,,,,,,,,,,,,,,,,,,,,,,,2015
2015040341,4,40341,2,2,2,15,5,8,53,12,6,1,0,4,1,14,6,14006,4,1994,2MELM75W8RX6,2,M,E,L,M,7,5,W,8,R,X,6,0,0,0,Not Applicable,Not Applicable,0,0,0,1,0,0,0,0,0,0,0,5,0,0,0,3,6,2,12,32,0,0,1,4,85031,6,1,0,0,3,0,68,250,0,2,0,0,0,11,2011,12,2011,0,0,0,0,0,1,7,40,1,1,2,1,3,3,11,63,1,1,1,68,,,,1,0,,,,,,,,,,,,,,,,,,,,,,,,,2015
2015040342,4,40342,1,1,99,15,5,22,6,8,0,1,1,99,9,99,999,99999,99,9999,Unknown,9,9,9,9,9,9,9,9,9,9,9,9,0,0,0,Not Applicable,Not Applicable,0,0,0,1,0,0,0,0,0,0,0,998,0,0,0,99,9,5,8,0,0,0,1,99,99999,9,9,99,0,9,9,999,999,99,99,99,99,99,99,9999,99,9999,9,99,99,99,99,5,6,40,1,1,2,2,0,0,1,80,99,9,3,13,,,,0,0,,,,,,,,,,,,,,,,,,,,,,,,,2015
2015040343,4,40343,1,1,1,16,5,4,36,33,0,1,0,4,2,20,9,20009,2,1995,2G1FP22P0S21,2,G,1,F,P,2,2,P,0,S,2,1,0,0,0,Not Applicable,Not Applicable,0,0,0,1,0,0,0,0,0,0,0,72,6,0,0,82,6,2,14,0,0,0,1,4,85607,6,1,0,0,3,0,69,200,0,2,0,0,2,5,2012,11,2013,3,0,0,0,0,1,2,25,1,8,2,1,0,0,1,6,99,4,4,7,,,,1,1,,,,,,,,,,,,,,,,,,,,,,,,,2015
2015040344,4,40344,1,3,3,17,5,11,1,12,2,1,0,4,2,6,51,6051,4,2005,2C3JA63H85H1,2,C,3,J,A,6,3,H,8,5,H,1,0,0,0,Not Applicable,Not Applicable,0,0,0,1,0,0,0,0,0,0,0,998,0,0,0,12,6,2,12,0,0,0,1,4,85301,0,0,0,0,0,0,999,999,1,0,0,1,0,11,2013,1,2014,0,28,91,0,0,5,5,40,1,1,2,1,0,0,1,10,99,1,1,50,,,,0,0,,,,,,,,,,,,,,,,,,,,,,,,,2015