accident_id,STATE,ST_CASE,VEH_NO,VE_FORMS,NUMOCCS,DAY,MONTH,HOUR,MINUTE,HARM_EV,MAN_COLL,UNITTYPE,HIT_RUN,REG_STAT,OWNER,MAKE,MODEL,MAK_MOD,BODY_TYP,MOD_YEAR,VIN,VIN_1,VIN_2,VIN_3,VIN_4,VIN_5,VIN_6,VIN_7,VIN_8,VIN_9,VIN_10,VIN_11,VIN_12,TOW_VEH,J_KNIFE,MCARR_I1,MCARR_I2,MCARR_ID,GVWR,V_CONFIG,CARGO_BT,HAZ_INV,HAZ_PLAC,HAZ_ID,HAZ_CNO,HAZ_REL,BUS_USE,SPEC_USE,EMER_USE,TRAV_SP,UNDERIDE,ROLLOVER,ROLINLOC,IMPACT1,DEFORMED,TOWED,M_HARM,VEH_SC1,VEH_SC2,FIRE_EXP,DR_PRES,L_STATE,DR_ZIP,L_STATUS,L_TYPE,CDL_STAT,L_ENDORS,L_COMPL,L_RESTRI,DR_HGT,DR_WGT,PREV_ACC,PREV_SUS,PREV_DWI,PREV_SPD,PREV_OTH,FIRST_MO,FIRST_YR,LAST_MO,LAST_YR,SPEEDREL,DR_SF1,DR_SF2,DR_SF3,DR_SF4,VTRAFWAY,VNUM_LAN,VSPD_LIM,VALIGN,VPROFILE,VPAVETYP,VSURCOND,VTRAFCON,VTCONT_F,P_CRASH1,P_CRASH2,P_CRASH3,PCRASH4,PCRASH5,ACC_TYPE,TRLR1VIN,TRLR2VIN,TRLR3VIN,DEATHS,DR_DRINK,VINTYPE,VINMAKE,VINA_MOD,VIN_BT,VINMODYR,VIN_LNGT,VIN_WGT,WGTCD_TR,WHLBS_LG,WHLBS_SH,SER_TR,FUELCODE,MCYCL_DS,CARBUR,CYLINDER,DISPLACE,MCYCL_CY,MCYCL_WT,TIRE_SZE,TON_RAT,TRK_WT,TRKWTVAR,VIN_REST,WHLDRWHL,Year
2015040380,4,40380,1,2,1,18,6,14,48,12,1,1,0,4,1,12,471,12471,30,1986,1FTBR10A1GUD,1,F,T,B,R,1,0,A,1,G,U,D,0,0,0,Not Applicable,Not Applicable,0,0,0,1,0,0,0,0,0,0,0,40,0,0,0,12,6,2,12,0,0,0,1,4,85043,6,1,0,0,3,0,67,125,0,0,0,1,2,12,2010,5,2014,4,0,0,0,0,1,5,45,1,1,8,1,3,3,1,52,99,1,1,28,,,,1,0,,,,,,,,,,,,,,,,,,,,,,,,,2015
2015040380,4,40380,2,2,1,18,6,14,48,12,1,1,0,19,3,87,881,87881,66,2007,1XP5DB9X67D6,1,X,P,5,D,B,9,X,6,7,D,6,1,1,57,219943,57219943,3,6,8,1,0,0,0,0,0,0,0,3,0,0,0,6,6,2,12,0,0,0,1,19,51577,6,1,6,0,3,3,66,410,0,0,0,0,0,0,0,0,0,0,0,0,0,0,1,5,45,1,1,8,1,3,3,2,53,1,1,1,29,,,,0,0,,,,,,,,,,,,,,,,,,,,,,,,,2015
2015040381,4,40381,1,2,2,19,6,13,38,12,1,1,0,4,1,55,36,55036,3,2007,KMHCM36C07U0,K,M,H,C,M,3,6,C,0,7,U,0,0,0,0,Not Applicable,Not Applicable,0,0,0,1,0,0,0,0,0,0,0,35,0,0,0,12,6,2,12,0,0,0,1,4,85327,6,1,0,0,3,0,66,145,0,0,0,0,0,0,0,0,0,0,26,0,0,0,2,3,35,1,1,2,1,0,0,1,50,4,1,1,20,,,,1,0,,,,,,,,,,,,,,,,,,,,,,,,,2015
2015040381,4,40381,2,2,1,19,6,13,38,12,1,1,0,4,3,20,481,20481,31,2007,1GCHK24U07E1,1,G,C,H,K,2,4,U,0,7,E,1,0,0,0,Not Applicable,Not Applicable,0,0,0,1,0,0,0,0,0,0,0,0,0,0,0,6,2,5,12,0,0,0,1,4,85653,6,1,0,0,3,0,69,168,0,0,0,0,1,1,2011,1,2011,0,0,0,0,0,2,3,35,1,1,2,1,0,0,5,53,4,1,1,21,,,,0,0,,,,,,,,,,,,,,,,,,,,,,,,,2015
2015040382,4,40382,1,1,1,19,6,16,57,14,0,1,0,4,1,2,403,2403,14,2008,1J4GA39148L6,1,J,4,G,A,3,9,1,4,8,L,6,0,0,0,Not Applicable,Not Applicable,0,0,0,1,0,0,0,0,0,0,0,66,0,0,0,62,6,2,14,0,0,0,1,4,86409,6,1,0,0,3,0,68,250,0,1,0,0,0,1,2014,1,2014,4,89,0,0,0,1,2,55,3,1,2,1,0,0,14,13,7,3,4,98,,,,1,1,,,,,,,,,,,,,,,,,,,,,,,,,2015
2015040383,4,40383,1,1,1,21,6,1,35,8,0,1,0,4,1,63,33,63033,4,2007,KNAFE1223754,K,N,A,F,E,1,2,2,3,7,5,4,0,0,0,Not Applicable,Not Applicable,0,0,0,1,0,0,0,0,0,0,0,30,0,0,0,12,4,5,8,0,0,0,1,4,85367,6,1,0,0,3,3,72,200,0,0,0,0,0,0,0,0,0,0,89,0,0,0,2,3,40,2,1,2,1,0,0,15,80,98,1,2,13,,,,0,0,,,,,,,,,,,,,,,,,,,,,,,,,2015
2015040384,4,40384,1,3,1,22,6,7,7,1,0,1,0,4,1,53,706,53706,80,2009,JS1VS56A4921,J,S,1,V,S,5,6,A,4,9,2,1,0,0,0,Not Applicable,Not Applicable,0,0,0,1,0,0,0,0,0,0,0,998,0,0,0,0,6,2,12,0,0,1,1,4,85207,6,1,6,0,3,0,72,210,0,2,0,0,0,9,2010,10,2010,4,0,0,0,0,3,6,65,1,6,2,1,0,0,1,52,3,1,1,98,,,,1,0,,,,,,,,,,,,,,,,,,,,,,,,,2015
2015040384,4,40384,2,3,2,22,6,7,7,1,0,1,0,4,2,7,482,7482,31,2005,3D7LS38C75G8,3,D,7,L,S,3,8,C,7,5,G,8,1,1,0,Not Applicable,Not Applicable,0,0,0,1,0,0,0,0,0,0,0,55,0,0,0,12,6,2,12,0,0,1,1,4,85544,6,1,0,0,3,0,72,230,0,0,0,0,0,0,0,0,0,0,0,0,0,0,3,6,65,1,6,2,1,0,0,1,52,98,1,1,98,,,,0,0,,,,,,,,,,,,,,,,,,,,,,,,,2015
2015040384,4,40384,3,3,1,22,6,7,7,1,0,1,0,4,1,7,422,7422,15,2007,1D8HB58P67F5,1,D,8,H,B,5,8,P,6,7,F,5,0,0,0,Not Applicable,Not Applicable,0,0,0,1,0,0,0,0,0,0,0,45,0,0,0,83,2,5,12,0,0,0,1,4,85140,6,1,0,0,3,0,64,170,0,1,0,1,0,12,2011,12,2011,0,0,0,0,0,3,6,65,1,6,2,1,0,0,2,53,99,1,1,98,,,,0,0,,,,,,,,,,,,,,,,,,,,,,,,,2015
2015040385,4,40385,1,3,1,22,6,15,20,12,1,1,0,4,1,35,51,35051,6,2013,JN8AS5MT2DW5,J,N,8,A,S,5,M,T,2,D,W,5,0,0,0,Not Applicable,Not Applicable,0,0,0,1,0,0,0,0,0,0,0,50,0,0,0,12,6,2,12,0,0,0,1,4,85719,6,1,0,0,3,0,71,160,0,0,0,0,0,0,0,0,0,0,33,0,0,0,1,2,35,1,1,8,1,0,0,6,51,99,1,3,32,,,,1,0,,,,,,,,,,,,,,,,,,,,,,,,,2015
2015040385,4,40385,2,3,99,22,6,15,20,12,1,1,0,4,3,92,989,92989,52,2008,15GGD2114811,1,5,G,G,D,2,1,1,4,8,1,1,0,0,88,None,None,3,21,22,1,0,0,0,0,6,3,0,35,0,0,0,12,4,8,12,0,0,0,1,4,85712,6,1,6,0,3,3,68,120,0,0,0,0,1,3,2014,3,2014,9,0,0,0,0,1,2,35,1,1,8,1,0,0,1,62,99,1,1,98,,,,0,0,,,,,,,,,,,,,,,,,,,,,,,,,2015
2015040385,4,40385,3,3,1,22,6,15,20,12,1,1,0,4,1,6,52,6052,6,2002,3C4FY48B22T3,3,C,4,F,Y,4,8,B,2,2,T,3,0,0,0,Not Applicable,Not Applicable,0,0,0,1,0,0,0,0,0,0,0,35,0,0,0,6,8,8,12,32,0,0,1,4,85719,6,1,0,0,3,3,71,170,0,0,0,0,0,0,0,0,0,9,99,99,99,99,1,2,35,1,1,8,1,0,0,1,53,99,1,1,32,,,,0,0,,,,,,,,,,,,,,,,,,,,,,,,,2015
2015040386,4,40386,1,1,1,22,6,22,48,8,0,1,1,4,2,2,403,2403,14,1998,1J4FY29P9WP7,1,J,4,F,Y,2,9,P,9,W,P,7,0,0,0,Not Applicable,Not Applicable,0,0,0,1,0,0,0,0,0,0,0,998,0,0,0,12,4,3,8,0,0,0,1,4,85757,6,1,0,0,3,3,61,115,0,0,0,0,0,0,0,0,0,0,0,0,0,0,2,2,55,1,5,2,1,0,0,1,81,99,1,4,13,,,,0,0,,,,,,,,,,,,,,,,,,,,,,,,,2015
2015040387,4,40387,1,1,1,24,6,6,47,8,0,1,0,4,1,35,43,35043,4,2010,3N1AB6APXAL7,3,N,1,A,B,6,A,P,X,A,L,7,0,0,0,Not Applicable,Not Applicable,0,0,0,1,0,0,0,0,0,0,0,35,0,0,0,12,6,2,8,0,0,0,1,4,85022,6,1,0,0,3,0,65,135,0,0,0,0,0,0,0,0,0,0,89,0,0,0,2,3,40,1,1,2,1,0,0,1,80,99,1,1,13,,,,0,0,,,,,,,,,,,,,,,,,,,,,,,,,2015
2015040388,4,40388,1,1,1,24,6,19,57,1,0,1,0,40,3,82,884,82884,66,2007,1FUJF0CVX7PW,1,F,U,J,F,0,C,V,X,7,P,W,1,1,57,185040,57185040,3,6,2,2,2,1202,3,2,0,0,0,998,0,1,1,0,6,2,2,0,0,1,1,4,85339,6,1,6,1,3,3,74,310,0,0,0,3,0,5,2013,9,2014,4,89,0,0,0,1,2,55,1,1,2,1,0,0,1,6,99,9,6,98,,,,1,0,,,,,,,,,,,,,,,,,,,,,,,,,2015
2015040389,4,40389,1,1,1,25,6,14,58,1,0,1,0,4,2,12,401,12401,14,2002,1FMYU60E22UC,1,F,M,Y,U,6,0,E,2,2,U,C,0,0,0,Not Applicable,Not Applicable,0,0,0,1,0,0,0,0,0,0,0,998,0,1,3,0,6,2,1,0,0,0,1,4,85222,6,1,0,0,3,0,67,208,0,0,0,0,0,0,0,0,0,0,80,0,0,0,2,2,75,1,1,2,1,0,0,1,1,99,9,4,7,,,,1,0,,,,,,,,,,,,,,,,,,,,,,,,,2015
2015040390,4,40390,1,1,1,27,6,6,37,1,0,1,0,92,0,73,702,73702,80,2011,JKBKXFAC7BA0,J,K,B,K,X,F,A,C,7,B,A,0,0,0,0,Not Applicable,Not Applicable,0,0,0,1,0,0,0,0,0,0,0,40,0,0,0,0,6,9,1,0,0,0,1,4,85546,6,1,0,0,2,0,69,185,0,0,0,0,0,0,0,0,0,4,24,0,0,0,1,2,25,2,5,2,1,0,0,14,9,99,9,1,98,,,,1,1,,,,,,,,,,,,,,,,,,,,,,,,,2015
2015040391,4,40391,1,1,1,27,6,12,50,99,0,1,0,4,2,98,734,98734,90,2002,4XABA50A1226,4,X,A,B,A,5,0,A,1,2,2,6,0,0,0,Not Applicable,Not Applicable,0,0,0,1,0,0,0,0,0,0,0,998,0,0,0,0,6,2,99,0,0,0,1,4,85940,0,0,0,0,0,0,71,168,0,1,0,0,0,4,2012,4,2012,9,99,99,99,99,8,8,98,8,8,8,98,97,8,99,99,99,9,9,99,,,,1,0,,,,,,,,,,,,,,,,,,,,,,,,,2015
2015040392,4,40392,1,1,3,27,6,21,49,1,0,1,0,4,9,12,37,12037,4,2006,1FAFP34N96W1,1,F,A,F,P,3,4,N,9,6,W,1,0,0,0,Not Applicable,Not Applicable,0,0,0,1,0,0,0,0,0,0,0,999,0,1,3,0,6,2,1,0,0,0,1,99,99999,9,9,99,0,9,9,999,999,99,99,99,99,99,99,9999,99,9999,4,99,99,99,99,2,2,75,3,1,2,1,0,0,14,9,99,4,4,7,,,,3,0,,,,,,,,,,,,,,,,,,,,,,,,,2015
2015040393,4,40393,1,1,1,28,6,18,0,1,0,1,0,4,1,12,401,12401,14,2000,1FMZU73X6YUB,1,F,M,Z,U,7,3,X,6,Y,U,B,0,0,0,Not Applicable,Not Applicable,0,0,0,1,0,0,0,0,0,0,0,75,0,1,2,0,6,2,1,32,0,0,1,4,85020,6,1,0,0,3,3,71,200,0,0,0,0,0,0,0,0,0,0,0,0,0,0,2,2,75,1,1,2,1,0,0,15,9,7,3,4,98,,,,1,0,,,,,,,,,,,,,,,,,,,,,,,,,2015
2015040394,4,40394,1,2,2,29,6,10,14,12,2,1,0,4,3,84,890,84890,62,2009,1HTMMAAL79H0,1,H,T,M,M,A,A,L,7,9,H,0,0,0,57,1904445,571904445,2,1,1,1,0,0,0,0,0,0,0,5,0,0,0,12,4,5,12,0,0,0,1,4,85210,6,1,3,0,2,0,70,205,0,0,0,0,0,0,0,0,0,0,38,0,0,0,2,3,40,1,1,2,1,3,3,11,15,1,1,1,68,,,,0,0,,,,,,,,,,,,,,,,,,,,,,,,,2015
2015040394,4,40394,2,2,1,29,6,10,14,12,2,1,0,4,2,49,32,49032,4,2005,1NXBR32E85Z3,1,N,X,B,R,3,2,E,8,5,Z,3,0,0,0,Not Applicable,Not Applicable,0,0,0,1,0,0,0,0,0,0,0,40,0,0,0,12,6,2,12,0,0,0,1,4,85323,6,1,0,0,3,0,71,260,0,0,0,0,0,0,0,0,0,0,0,0,0,0,2,3,40,1,1,2,1,3,3,1,62,99,1,1,69,,,,1,0,,,,,,,,,,,,,,,,,,,,,,,,,2015
2015040395,4,40395,1,2,1,29,6,18,50,12,6,1,0,4,1,12,15,12015,4,1992,1FAPP37U0NK1,1,F,A,P,P,3,7,U,0,N,K,1,0,0,0,Not Applicable,Not Applicable,0,0,0,1,0,0,0,0,0,0,0,5,0,0,0,61,6,2,12,0,0,0,1,4,86351,6,1,0,0,3,0,67,130,0,0,0,0,1,8,2013,8,2013,0,38,48,0,0,0,0,0,0,0,0,0,0,0,11,15,99,1,1,82,,,,1,1,,,,,,,,,,,,,,,,,,,,,,,,,2015
2015040395,4,40395,2,2,1,29,6,18,50,12,6,1,0,4,1,52,47,52047,6,2003,JA4LX41G83U0,J,A,4,L,X,4,1,G,8,3,U,0,0,0,0,Not Applicable,Not Applicable,0,0,0,1,0,0,0,0,0,0,0,18,0,0,0,12,6,2,12,0,0,0,1,4,86351,6,1,0,0,3,3,67,145,0,0,0,1,0,2,2014,2,2014,0,0,0,0,0,2,2,35,1,1,2,1,0,0,1,72,1,1,1,83,,,,0,0,,,,,,,,,,,,,,,,,,,,,,,,,2015
2015040396,4,40396,1,2,2,30,6,11,21,12,6,1,0,4,1,7,442,7442,20,1999,2B4GP44G8XR3,2,B,4,G,P,4,4,G,8,X,R,3,0,0,0,Not Applicable,Not Applicable,0,0,0,1,0,0,0,0,0,0,0,15,0,0,0,82,6,2,12,0,0,0,1,4,85635,6,1,0,0,3,3,69,180,0,1,0,0,1,7,2014,1,2015,0,38,0,0,0,2,4,35,1,5,8,1,3,3,11,15,1,1,1,68,,,,1,0,,,,,,,,,,,,,,,,,,,,,,,,,2015
2015040396,4,40396,2,2,2,30,6,11,21,12,6,1,0,4,2,84,884,84884,62,1997,1HTSCAAM2VH4,1,H,T,S,C,A,A,M,2,V,H,4,0,0,57,2187018,572187018,2,1,1,1,0,0,0,0,0,0,0,35,0,0,0,12,6,2,12,0,0,0,1,4,85603,6,1,0,0,3,0,71,205,0,2,0,0,1,11,2011,12,2011,0,0,0,0,0,2,4,35,1,6,8,1,3,3,1,62,3,2,1,69,,,,0,0,,,,,,,,,,,,,,,,,,,,,,,,,2015
2015040397,4,40397,1,2,3,30,6,20,42,8,0,1,0,4,1,63,33,63033,4,2007,KNAFE1223754,K,N,A,F,E,1,2,2,3,7,5,4,0,0,0,Not Applicable,Not Applicable,0,0,0,1,0,0,0,0,0,0,0,998,0,0,0,12,6,2,8,0,0,0,1,4,85550,6,1,0,0,3,0,62,165,0,0,0,0,0,0,0,0,0,9,99,99,99,99,1,2,98,9,9,2,99,99,9,1,82,99,9,3,13,,,,0,0,,,,,,,,,,,,,,,,,,,,,,,,,2015
2015040397,4,40397,2,2,1,30,6,20,42,8,0,1,0,4,1,37,31,37031,2,1995,2HGEJ2123SH5,2,H,G,E,J,2,1,2,3,S,H,5,0,0,0,Not Applicable,Not Applicable,0,0,0,1,0,0,0,0,0,0,0,998,0,0,0,14,6,8,54,0,0,0,1,4,85546,6,1,5,0,3,0,71,200,0,1,1,0,0,1,2013,2,2013,9,99,99,99,99,1,2,98,9,9,2,99,0,0,99,80,99,9,3,98,,,,0,0,,,,,,,,,,,,,,,,,,,,,,,,,2015
2015040398,4,40398,1,2,4,1,6,16,58,12,6,1,0,4,1,37,402,37402,14,2014,5J6RM3H51EL0,5,J,6,R,M,3,H,5,1,E,L,0,0,0,0,Not Applicable,Not Applicable,0,0,0,1,0,0,0,0,0,0,0,11,0,0,0,4,6,2,12,0,0,0,1,4,85027,6,1,0,0,3,0,66,140,0,0,0,0,0,0,0,0,0,0,38,91,0,0,1,7,45,1,1,2,1,3,3,11,15,1,1,1,68,,,,0,0,,,,,,,,,,,,,,,,,,,,,,,,,2015
2015040398,4,40398,2,2,1,1,6,16,58,12,6,1,0,4,1,37,705,37705,80,2000,JH2RE0117YK1,J,H,2,R,E,0,1,1,7,Y,K,1,0,0,0,Not Applicable,Not Applicable,0,0,0,1,0,0,0,0,0,0,0,36,0,0,0,12,6,2,12,0,0,0,1,4,85023,6,1,0,0,3,0,69,160,0,0,0,1,0,3,2014,3,2014,0,0,0,0,0,1,7,45,1,1,2,1,3,3,1,62,99,1,1,69,,,,1,0,,,,,,,,,,,,,,,,,,,,,,,,,2015
2015040399,4,40399,1,1,99,2,6,3,45,8,0,1,1,99,9,99,999,99999,99,9999,Unknown,9,9,9,9,9,9,9,9,9,9,9,9,0,0,0,Not Applicable,Not Applicable,0,0,0,1,0,0,0,0,0,0,0,999,0,0,0,99,9,9,8,99,99,0,1,99,99999,9,9,99,9,9,9,999,999,99,99,99,99,99,99,9999,99,9999,9,99,99,99,99,5,5,99,9,9,2,99,0,0,99,82,99,9,9,13,,,,0,0,,,,,,,,,,,,,,,,,,,,,,,,,2015
2015040400,4,40400,1,1,2,4,6,0,39,8,0,1,0,4,2,12,3,12003,2,2000,1FAFP4041YF1,1,F,A,F,P,4,0,4,1,Y,F,1,0,0,0,Not Applicable,Not Applicable,0,0,0,1,0,0,0,0,0,0,0,40,0,0,0,12,0,5,8,0,0,0,1,4,85379,0,0,0,0,0,0,66,120,0,0,0,0,0,0,0,0,0,0,0,0,0,0,1,4,35,1,1,2,1,0,0,1,80,99,1,1,13,,,,0,0,,,,,,,,,,,,,,,,,,,,,,,,,2015
2015040401,4,40401,1,1,2,4,6,1,52,8,0,1,1,4,2,59,34,59034,4,2006,JTHBH96S1650,J,T,H,B,H,9,6,S,1,6,5,0,0,0,0,Not Applicable,Not Applicable,0,0,0,1,0,0,0,0,0,0,0,58,0,0,0,12,4,5,8,0,0,0,1,4,85122,6,1,0,0,3,0,72,195,0,9,0,2,0,7,2010,4,2014,0,91,0,0,0,2,3,40,3,1,2,1,0,0,14,81,99,1,2,13,,,,0,1,,,,,,,,,,,,,,,,,,,,,,,,,2015
2015040402,4,40402,1,2,2,4,6,19,9,12,6,1,0,4,1,12,17,12017,4,2006,1FAFP53UX6A1,1,F,A,F,P,5,3,U,X,6,A,1,0,0,0,Not Applicable,Not Applicable,0,0,0,1,0,0,0,0,0,0,0,19,0,0,0,3,6,2,12,0,0,0,1,4,85035,6,1,0,0,3,0,71,218,0,0,0,0,0,0,0,0,0,0,38,91,0,0,2,4,45,1,1,2,1,3,3,11,15,99,9,1,68,,,,1,0,,,,,,,,,,,,,,,,,,,,,,,,,2015
2015040402,4,40402,2,2,3,4,6,19,9,12,6,1,1,4,2,7,472,7472,31,2006,1D7HW48N96S6,1,D,7,H,W,4,8,N,9,6,S,6,0,0,0,Not Applicable,Not Applicable,0,0,0,1,0,0,0,0,0,0,0,48,0,0,0,12,4,5,12,0,0,0,1,4,85033,0,0,0,0,0,0,69,240,0,0,0,0,0,0,0,0,0,0,91,0,0,0,2,4,45,1,1,2,1,3,3,1,62,2,1,1,69,,,,0,0,,,,,,,,,,,,,,,,,,,,,,,,,2015
2015040403,4,40403,1,2,1,4,6,22,41,8,0,1,0,99,9,37,32,37032,4,1995,Unknown,9,9,9,9,9,9,9,9,9,9,9,9,0,0,0,Not Applicable,Not Applicable,0,0,0,1,0,0,0,0,0,0,0,999,0,0,0,12,9,9,8,0,0,0,1,4,85008,6,1,0,0,3,0,66,130,0,0,0,0,0,0,0,0,0,0,89,0,0,0,9,9,99,9,9,8,99,0,0,1,80,99,9,9,13,,,,0,0,,,,,,,,,,,,,,,,,,,,,,,,,2015
2015040403,4,40403,2,2,99,4,6,22,41,8,0,1,1,99,9,99,999,99999,99,9999,Unknown,9,9,9,9,9,9,9,9,9,9,9,9,0,0,0,Not Applicable,Not Applicable,0,0,0,1,0,0,0,0,0,0,0,999,0,0,0,99,9,5,8,99,99,0,1,99,99999,9,9,99,0,9,9,999,999,99,99,99,99,99,99,9999,99,9999,9,99,99,99,99,9,9,99,9,9,8,99,0,0,99,80,99,9,9,98,,,,0,0,,,,,,,,,,,,,,,,,,,,,,,,,2015
2015040404,4,40404,1,1,1,7,6,20,39,8,0,1,0,4,1,53,31,53031,3,1999,2S2AB21H4X66,2,S,2,A,B,2,1,H,4,X,6,6,0,0,0,Not Applicable,Not Applicable,0,0,0,1,0,0,0,0,0,0,0,37,0,0,0,12,6,2,8,0,0,0,1,4,85051,6,1,2,0,3,3,64,160,0,0,0,0,0,0,0,0,0,0,0,0,0,0,5,6,40,1,1,2,1,0,0,1,80,1,1,1,13,,,,0,0,,,,,,,,,,,,,,,,,,,,,,,,,2015
2015040405,4,40405,1,3,1,8,6,14,11,33,0,1,0,26,3,87,881,87881,66,2012,1NPWL49X8CD1,1,N,P,W,L,4,9,X,8,C,D,1,1,1,57,790261,57790261,3,6,6,1,0,0,0,0,0,0,0,50,0,0,0,12,2,3,12,0,0,0,1,4,85008,6,1,6,0,3,0,68,174,0,6,0,0,0,9,2011,1,2014,4,91,0,0,0,2,2,45,1,1,8,1,21,3,1,12,1,1,4,6,,,,0,0,,,,,,,,,,,,,,,,,,,,,,,,,2015
2015040405,4,40405,2,3,1,8,6,14,11,33,0,1,0,4,1,7,482,7482,31,1995,1B7HC16Z1SS2,1,B,7,H,C,1,6,Z,1,S,S,2,0,0,0,Not Applicable,Not Applicable,0,0,0,1,0,0,0,0,0,0,0,0,0,0,0,9,6,2,12,0,0,0,1,4,86043,6,1,0,0,3,3,66,160,0,0,0,0,0,0,0,0,0,0,0,0,0,0,2,4,45,1,1,8,1,3,3,5,62,1,1,1,98,,,,1,0,,,,,,,,,,,,,,,,,,,,,,,,,2015
2015040405,4,40405,3,3,1,8,6,14,11,33,0,1,0,4,1,21,3,21003,4,1992,1G3CX53L8N43,1,G,3,C,X,5,3,L,8,N,4,3,0,0,0,Not Applicable,Not Applicable,0,0,0,1,0,0,0,0,0,0,0,0,0,0,0,63,4,3,12,0,0,0,1,4,85306,6,1,0,0,3,3,78,290,0,0,0,0,0,0,0,0,0,0,0,0,0,0,2,4,45,1,1,8,1,3,3,5,62,1,1,1,98,,,,0,0,,,,,,,,,,,,,,,,,,,,,,,,,2015
2015040406,4,40406,1,1,99,9,6,13,7,8,0,1,1,99,9,99,999,99999,99,9999,Unknown,9,9,9,9,9,9,9,9,9,9,9,9,0,0,0,Not Applicable,Not Applicable,0,0,0,1,0,0,0,0,0,0,0,999,0,0,0,99,9,5,8,99,99,0,1,99,99999,9,9,99,0,9,9,999,999,99,99,99,99,99,99,9999,99,9999,9,99,99,99,99,5,5,99,1,9,2,99,0,0,1,80,99,9,9,13,,,,0,0,,,,,,,,,,,,,,,,,,,,,,,,,2015
2015040407,4,40407,1,2,1,9,6,15,50,12,6,1,0,4,1,20,481,20481,31,2002,2GCEC19V0212,2,G,C,E,C,1,9,V,0,2,1,2,0,0,0,Not Applicable,Not Applicable,0,0,0,1,0,0,0,0,0,0,0,998,0,0,0,12,6,2,12,0,0,0,1,4,85203,6,1,0,0,3,0,72,190,0,0,0,0,0,0,0,0,0,0,38,0,0,0,1,7,45,1,1,8,1,3,3,11,15,99,9,9,68,,,,0,0,,,,,,,,,,,,,,,,,,,,,,,,,2015
2015040407,4,40407,2,2,1,9,6,15,50,12,6,1,0,4,1,14,17,14017,4,2002,1MEFM50U02G6,1,M,E,F,M,5,0,U,0,2,G,6,0,0,0,Not Applicable,Not Applicable,0,0,0,1,0,0,0,0,0,0,0,40,0,0,0,62,6,2,12,0,0,0,1,4,85203,6,1,0,0,3,0,65,165,0,0,0,0,0,0,0,0,0,0,0,0,0,0,1,7,40,1,1,8,1,3,3,1,62,99,1,1,69,,,,1,0,,,,,,,,,,,,,,,,,,,,,,,,,2015
2015040409,4,40409,1,1,2,12,6,21,33,35,0,1,0,4,2,49,403,49403,14,2003,JTEGF21A1300,J,T,E,G,F,2,1,A,1,3,0,0,0,0,0,Not Applicable,Not Applicable,0,0,0,1,0,0,0,0,0,0,0,50,0,0,0,12,6,2,35,0,0,0,1,4,85324,6,1,0,0,3,0,69,180,0,0,0,1,0,6,2014,6,2014,3,0,0,0,0,1,2,25,2,1,2,1,0,0,14,9,99,9,4,7,,,,1,1,,,,,,,,,,,,,,,,,,,,,,,,,2015
2015040410,4,40410,1,1,1,12,6,22,27,15,0,1,0,48,2,2,405,2405,14,2008,1J8GP28K58W1,1,J,8,G,P,2,8,K,5,8,W,1,0,0,0,Not Applicable,Not Applicable,0,0,0,1,0,0,0,0,0,0,0,47,0,0,0,12,4,5,15,0,0,0,1,4,85308,6,1,0,0,3,1,65,128,1,8,0,1,2,2,2012,8,2014,0,0,0,0,0,5,7,45,1,1,2,1,0,0,1,83,8,1,3,13,,,,0,0,,,,,,,,,,,,,,,,,,,,,,,,,2015
2015040411,4,40411,1,1,1,16,6,20,28,8,0,1,0,51,3,23,481,23481,31,2007,1GDJC39U87E1,1,G,D,J,C,3,9,U,8,7,E,1,0,0,88,None,None,2,1,98,1,0,0,0,0,0,0,0,40,0,0,0,12,2,5,8,0,0,0,1,4,85323,6,1,0,0,3,0,69,200,0,0,0,1,0,7,2014,7,2014,0,0,0,0,0,5,6,40,1,1,2,1,0,0,1,80,99,9,3,13,,,,0,0,,,,,,,,,,,,,,,,,,,,,,,,,2015
2015040412,4,40412,1,1,1,18,6,20,40,8,0,1,9,99,9,99,999,99999,99,9999,Unknown,9,9,9,9,9,9,9,9,9,9,9,9,0,0,0,Not Applicable,Not Applicable,0,0,0,1,0,0,0,0,0,0,0,999,0,0,0,98,9,9,8,0,0,0,1,99,99999,9,9,99,9,9,9,999,999,99,99,99,99,99,99,9999,99,9999,9,99,99,99,99,9,9,99,9,9,2,99,99,9,99,80,99,9,9,13,,,,0,0,,,,,,,,,,,,,,,,,,,,,,,,,2015
2015040413,4,40413,1,2,2,19,6,15,59,12,6,1,0,4,1,12,3,12003,1,1999,1FAFP45X1XF1,1,F,A,F,P,4,5,X,1,X,F,1,0,0,0,Not Applicable,Not Applicable,0,0,0,1,0,0,0,0,0,0,0,17,0,0,0,81,6,2,12,0,0,0,1,4,85204,1,1,0,0,2,3,75,290,2,2,0,3,0,1,2011,5,2015,0,38,91,0,0,1,7,40,1,1,2,1,3,3,11,15,1,1,1,68,,,,1,0,,,,,,,,,,,,,,,,,,,,,,,,,2015
2015040413,4,40413,2,2,1,19,6,15,59,12,6,1,0,4,1,12,481,12481,31,2002,1FTNW21F82EC,1,F,T,N,W,2,1,F,8,2,E,C,0,0,0,Not Applicable,Not Applicable,0,0,0,1,0,0,0,0,0,0,0,55,0,1,1,12,6,2,1,0,0,0,1,4,85308,6,1,6,0,3,0,72,165,0,2,0,0,0,6,2012,7,2012,0,0,0,0,0,1,7,40,1,1,2,1,3,3,1,62,1,1,3,69,,,,0,0,,,,,,,,,,,,,,,,,,,,,,,,,2015
2015040414,4,40414,1,2,1,19,6,22,26,12,99,1,0,99,9,76,709,76709,80,1999,Unknown,9,9,9,9,9,9,9,9,9,9,9,9,0,0,0,Not Applicable,Not Applicable,0,0,0,1,0,0,0,0,0,0,0,998,0,0,0,99,9,9,12,0,0,0,1,4,86313,6,1,0,0,3,0,67,208,0,0,0,0,0,0,0,0,0,5,99,99,99,99,2,4,99,1,9,8,99,3,3,1,51,3,2,1,32,,,,1,1,,,,,,,,,,,,,,,,,,,,,,,,,2015