accident_id,STATE,ST_CASE,VEH_NO,VE_FORMS,NUMOCCS,DAY,MONTH,HOUR,MINUTE,HARM_EV,MAN_COLL,UNITTYPE,HIT_RUN,REG_STAT,OWNER,MAKE,MODEL,MAK_MOD,BODY_TYP,MOD_YEAR,VIN,VIN_1,VIN_2,VIN_3,VIN_4,VIN_5,VIN_6,VIN_7,VIN_8,VIN_9,VIN_10,VIN_11,VIN_12,TOW_VEH,J_KNIFE,MCARR_I1,MCARR_I2,MCARR_ID,GVWR,V_CONFIG,CARGO_BT,HAZ_INV,HAZ_PLAC,HAZ_ID,HAZ_CNO,HAZ_REL,BUS_USE,SPEC_USE,EMER_USE,TRAV_SP,UNDERIDE,ROLLOVER,ROLINLOC,IMPACT1,DEFORMED,TOWED,M_HARM,VEH_SC1,VEH_SC2,FIRE_EXP,DR_PRES,L_STATE,DR_ZIP,L_STATUS,L_TYPE,CDL_STAT,L_ENDORS,L_COMPL,L_RESTRI,DR_HGT,DR_WGT,PREV_ACC,PREV_SUS,PREV_DWI,PREV_SPD,PREV_OTH,FIRST_MO,FIRST_YR,LAST_MO,LAST_YR,SPEEDREL,DR_SF1,DR_SF2,DR_SF3,DR_SF4,VTRAFWAY,VNUM_LAN,VSPD_LIM,VALIGN,VPROFILE,VPAVETYP,VSURCOND,VTRAFCON,VTCONT_F,P_CRASH1,P_CRASH2,P_CRASH3,PCRASH4,PCRASH5,ACC_TYPE,TRLR1VIN,TRLR2VIN,TRLR3VIN,DEATHS,DR_DRINK,VINTYPE,VINMAKE,VINA_MOD,VIN_BT,VINMODYR,VIN_LNGT,VIN_WGT,WGTCD_TR,WHLBS_LG,WHLBS_SH,SER_TR,FUELCODE,MCYCL_DS,CARBUR,CYLINDER,DISPLACE,MCYCL_CY,MCYCL_WT,TIRE_SZE,TON_RAT,TRK_WT,TRKWTVAR,VIN_REST,WHLDRWHL,Year
2015040414,4,40414,2,2,2,19,6,22,26,12,99,1,0,99,9,6,52,6052,6,2003,Unknown,9,9,9,9,9,9,9,9,9,9,9,9,0,0,0,Not Applicable,Not Applicable,0,0,0,1,0,0,0,0,0,0,0,998,0,0,0,6,9,9,12,0,0,0,1,4,85301,6,1,0,0,3,3,74,195,0,0,0,0,0,0,0,0,0,9,99,99,99,99,2,4,99,9,9,8,99,3,3,3,53,99,9,9,32,,,,0,0,,,,,,,,,,,,,,,,,,,,,,,,,2015
2015040415,4,40415,1,1,3,20,6,20,46,8,0,1,1,4,2,48,34,48034,4,2000,4S3BE635XY72,4,S,3,B,E,6,3,5,X,Y,7,2,0,0,0,Not Applicable,Not Applicable,0,0,0,1,0,0,0,0,0,0,0,35,0,0,0,12,6,2,8,0,0,0,1,4,85008,0,0,0,0,0,0,999,999,0,0,0,0,0,0,0,0,0,9,99,99,99,99,5,7,35,1,1,8,1,0,0,1,80,99,1,1,13,,,,0,0,,,,,,,,,,,,,,,,,,,,,,,,,2015
2015040416,4,40416,1,1,1,24,6,5,19,1,0,1,0,99,9,99,999,99999,99,9999,Unknown,9,9,9,9,9,9,9,9,9,9,9,9,0,0,0,Not Applicable,Not Applicable,0,0,0,1,0,0,0,0,0,0,0,999,0,1,9,0,9,9,1,0,0,0,1,4,86503,6,1,0,0,3,3,68,182,0,0,0,0,0,0,0,0,0,9,99,99,99,99,1,4,99,9,9,2,99,99,9,99,99,99,9,9,99,,,,1,0,,,,,,,,,,,,,,,,,,,,,,,,,2015
2015040417,4,40417,1,1,1,25,6,22,16,9,0,1,0,4,2,35,39,35039,4,1999,JN1CA21D9XT8,J,N,1,C,A,2,1,D,9,X,T,8,0,0,0,Not Applicable,Not Applicable,0,0,0,1,0,0,0,0,0,0,0,39,0,0,0,12,6,2,9,32,0,0,1,4,85033,6,1,0,0,3,0,68,190,0,3,0,0,3,10,2010,8,2011,0,0,0,0,0,2,3,45,1,1,2,1,0,0,1,83,1,1,1,13,,,,0,0,,,,,,,,,,,,,,,,,,,,,,,,,2015
2015040418,4,40418,1,2,1,26,6,21,25,12,1,1,0,4,2,35,472,35472,30,2002,1N6ED29X72C3,1,N,6,E,D,2,9,X,7,2,C,3,0,0,0,Not Applicable,Not Applicable,0,0,0,1,0,0,0,0,0,0,0,998,1,0,0,12,6,2,12,0,0,1,1,4,85201,6,1,0,0,3,0,67,170,0,1,0,2,0,6,2011,5,2015,5,23,0,0,0,1,6,98,1,1,2,1,0,0,1,51,1,1,1,24,,,,1,1,,,,,,,,,,,,,,,,,,,,,,,,,2015
2015040418,4,40418,2,2,1,26,6,21,25,12,1,1,0,4,3,87,884,87884,78,2006,1NPALFTX86D6,1,N,P,A,L,F,T,X,8,6,D,6,0,0,99,Unknown,Unknown,3,19,98,1,0,0,0,0,0,0,0,998,0,0,0,6,6,2,12,0,0,0,1,4,85032,6,1,6,0,3,0,68,235,0,0,0,0,0,0,0,0,0,0,0,0,0,0,1,6,98,1,1,2,1,0,0,3,53,1,1,1,25,,,,0,0,,,,,,,,,,,,,,,,,,,,,,,,,2015
2015040419,4,40419,1,1,1,26,6,20,38,8,0,1,0,4,2,35,50,35050,5,2011,3N1BC1CP4BL5,3,N,1,B,C,1,C,P,4,B,L,5,0,0,0,Not Applicable,Not Applicable,0,0,0,1,0,0,0,0,0,0,0,44,0,0,0,12,2,5,8,0,0,0,1,4,85207,6,1,0,0,3,0,68,165,0,1,0,2,0,11,2013,3,2014,0,0,0,0,0,3,3,50,1,1,2,1,0,0,1,80,1,1,1,13,,,,0,0,,,,,,,,,,,,,,,,,,,,,,,,,2015
2015040420,4,40420,1,1,1,27,6,20,15,8,0,1,0,4,2,49,32,49032,4,2001,1NXBR12E01Z5,1,N,X,B,R,1,2,E,0,1,Z,5,0,0,0,Not Applicable,Not Applicable,0,0,0,1,0,0,0,0,0,0,0,34,0,0,0,12,6,2,8,0,0,0,1,4,85020,6,1,0,0,3,3,66,160,0,0,0,0,0,0,0,0,0,0,0,0,0,0,5,5,40,1,1,2,1,0,0,1,80,99,1,1,13,,,,0,0,,,,,,,,,,,,,,,,,,,,,,,,,2015
2015040421,4,40421,1,2,1,27,6,22,57,12,2,1,0,4,1,49,402,49402,14,2006,JTMBK32V0650,J,T,M,B,K,3,2,V,0,6,5,0,0,0,0,Not Applicable,Not Applicable,0,0,0,1,0,0,0,0,0,0,0,20,0,0,0,12,6,2,12,0,0,0,1,4,85035,6,1,6,0,3,0,71,193,0,2,0,1,0,10,2010,11,2011,0,28,91,0,0,1,6,45,1,1,2,1,3,3,11,15,99,1,2,68,,,,0,1,,,,,,,,,,,,,,,,,,,,,,,,,2015
2015040421,4,40421,2,2,2,27,6,22,57,12,2,1,0,4,1,37,32,37032,4,1990,JHMCB766XLC0,J,H,M,C,B,7,6,6,X,L,C,0,0,0,0,Not Applicable,Not Applicable,0,0,0,1,0,0,0,0,0,0,0,22,0,0,0,12,6,2,12,0,0,0,1,4,85043,6,1,0,0,3,0,65,140,0,0,0,0,0,0,0,0,0,0,0,0,0,0,1,6,45,1,1,2,1,3,3,1,62,99,1,1,69,,,,1,0,,,,,,,,,,,,,,,,,,,,,,,,,2015
2015040422,4,40422,1,2,1,28,6,11,14,12,6,1,0,99,9,35,39,35039,4,1989,Unknown,9,9,9,9,9,9,9,9,9,9,9,9,0,0,0,Not Applicable,Not Applicable,0,0,0,1,0,0,0,0,0,0,0,998,0,0,0,12,9,9,12,0,0,0,1,4,85040,6,1,0,0,3,0,71,170,0,1,0,0,1,5,2012,6,2012,3,39,0,0,0,1,6,99,1,9,2,99,2,3,1,17,99,9,9,86,,,,1,0,,,,,,,,,,,,,,,,,,,,,,,,,2015
2015040422,4,40422,2,2,4,28,6,11,14,12,6,1,0,99,9,20,2,20002,4,2005,Unknown,9,9,9,9,9,9,9,9,9,9,9,9,0,0,0,Not Applicable,Not Applicable,0,0,0,1,0,0,0,0,0,0,0,999,0,0,0,81,9,9,12,0,0,0,1,4,85042,6,1,0,0,3,0,71,190,0,0,0,0,0,0,0,0,0,9,99,99,99,99,1,6,99,9,9,2,99,2,3,99,66,99,9,9,87,,,,1,0,,,,,,,,,,,,,,,,,,,,,,,,,2015
2015040423,4,40423,1,1,4,30,6,5,14,35,0,1,0,4,2,20,481,20481,31,2012,3GCPCSE04CG1,3,G,C,P,C,S,E,0,4,C,G,1,0,0,0,Not Applicable,Not Applicable,0,0,0,1,0,0,0,0,0,0,0,80,0,1,5,12,6,2,1,0,0,0,1,4,86413,6,1,0,0,3,3,75,185,0,0,0,0,0,0,0,0,0,4,35,0,0,0,1,2,55,1,3,2,1,0,0,6,12,6,9,4,8,,,,1,0,,,,,,,,,,,,,,,,,,,,,,,,,2015
2015040424,4,40424,1,3,5,28,5,13,14,12,6,1,0,26,1,12,481,12481,31,2000,1FTNW21FXYEB,1,F,T,N,W,2,1,F,X,Y,E,B,0,0,0,Not Applicable,Not Applicable,0,0,0,1,0,0,0,0,0,0,0,55,0,1,1,12,6,2,12,0,0,0,1,26,48430,6,1,0,0,3,0,70,187,0,0,0,2,0,7,2012,8,2014,0,80,0,0,0,2,2,65,1,1,2,1,0,0,1,1,1,4,4,98,,,,0,0,,,,,,,,,,,,,,,,,,,,,,,,,2015
2015040424,4,40424,2,3,2,28,5,13,14,12,6,1,0,4,3,6,441,6441,20,2008,2A8HR44H78R7,2,A,8,H,R,4,4,H,7,8,R,7,0,0,0,Not Applicable,Not Applicable,0,0,0,1,0,0,0,0,0,1,0,80,0,0,0,62,6,2,12,0,0,0,1,4,85018,6,1,0,0,3,0,67,184,0,0,0,1,1,9,2011,5,2012,0,0,0,0,0,2,2,65,1,1,2,1,0,0,1,62,99,1,1,98,,,,2,0,,,,,,,,,,,,,,,,,,,,,,,,,2015
2015040424,4,40424,3,3,1,28,5,13,14,12,6,1,0,4,1,23,423,23423,15,2014,1GKKRPKD0EJ3,1,G,K,K,R,P,K,D,0,E,J,3,0,0,0,Not Applicable,Not Applicable,0,0,0,1,0,0,0,0,0,0,0,65,0,0,0,98,2,5,54,0,0,0,1,4,85024,6,1,0,0,3,0,71,195,1,2,0,0,0,5,2012,6,2013,0,0,0,0,0,2,2,65,1,1,2,1,0,0,1,98,99,9,3,98,,,,0,0,,,,,,,,,,,,,,,,,,,,,,,,,2015
2015040425,4,40425,1,1,1,1,7,7,5,9,0,1,0,4,1,13,13,13013,4,2008,3LNHM26T78R6,3,L,N,H,M,2,6,T,7,8,R,6,0,0,0,Not Applicable,Not Applicable,0,0,0,1,0,0,0,0,0,0,0,65,0,0,0,12,4,3,9,0,0,0,1,4,86404,6,1,0,0,3,0,66,150,0,0,0,0,0,0,0,0,0,4,0,0,0,0,1,3,65,1,1,2,1,0,0,1,83,1,1,1,13,,,,0,0,,,,,,,,,,,,,,,,,,,,,,,,,2015
2015040426,4,40426,1,1,99,1,7,21,9,8,0,1,1,99,9,99,999,99999,99,9999,Unknown,9,9,9,9,9,9,9,9,9,9,9,9,0,0,0,Not Applicable,Not Applicable,0,0,0,1,0,0,0,0,0,0,0,35,0,0,0,99,9,5,8,99,99,0,1,99,99999,9,9,99,0,9,9,999,999,99,99,99,99,99,99,9999,99,9999,0,99,99,99,99,5,5,35,1,1,2,1,0,0,1,80,99,1,1,13,,,,0,0,,,,,,,,,,,,,,,,,,,,,,,,,2015
2015040427,4,40427,1,3,2,3,7,9,55,12,6,1,0,4,2,12,23,12023,4,2007,3FAHP06Z77R2,3,F,A,H,P,0,6,Z,7,7,R,2,0,0,0,Not Applicable,Not Applicable,0,0,0,1,0,0,0,0,0,0,0,55,0,0,0,12,6,2,12,0,0,0,1,4,85364,6,1,0,0,3,0,65,215,0,0,0,0,0,0,0,0,0,3,91,39,0,0,1,2,25,1,1,2,1,20,3,1,17,3,2,1,86,,,,0,1,,,,,,,,,,,,,,,,,,,,,,,,,2015
2015040427,4,40427,2,3,1,3,7,9,55,12,6,1,0,4,1,49,402,49402,14,1996,JT3GP10VXT00,J,T,3,G,P,1,0,V,X,T,0,0,0,0,0,Not Applicable,Not Applicable,0,0,0,1,0,0,0,0,0,0,0,34,0,1,1,83,6,2,1,0,0,0,1,4,85364,6,1,0,0,3,0,62,160,0,0,0,0,0,0,0,0,0,0,0,0,0,0,1,5,35,1,1,2,1,0,0,1,66,99,1,1,87,,,,1,0,,,,,,,,,,,,,,,,,,,,,,,,,2015
2015040427,4,40427,3,3,2,3,7,9,55,12,6,1,0,4,3,12,481,12481,31,2013,1FTFW1EF9DKE,1,F,T,F,W,1,E,F,9,D,K,E,0,0,0,Not Applicable,Not Applicable,0,0,0,1,0,0,0,0,0,5,2,0,0,0,0,62,6,2,12,0,0,0,1,4,85365,6,1,0,0,3,0,73,280,0,0,0,0,0,0,0,0,0,0,16,0,0,0,1,5,35,1,1,2,1,0,0,5,66,1,1,1,98,,,,0,0,,,,,,,,,,,,,,,,,,,,,,,,,2015
2015040428,4,40428,1,1,4,5,7,5,14,1,0,1,0,4,1,59,403,59403,14,2013,2T2BK1BA6DC1,2,T,2,B,K,1,B,A,6,D,C,1,0,0,0,Not Applicable,Not Applicable,0,0,0,1,0,0,0,0,0,0,0,75,0,1,5,0,6,2,1,0,0,0,1,4,85340,6,1,0,0,3,0,69,182,0,0,0,2,0,8,2012,2,2013,4,89,0,0,0,2,2,75,1,1,2,1,0,0,1,13,99,1,4,1,,,,1,0,,,,,,,,,,,,,,,,,,,,,,,,,2015
2015040429,4,40429,1,2,1,5,7,7,55,12,6,1,0,4,1,49,46,49046,4,2003,JT2BK18U3300,J,T,2,B,K,1,8,U,3,3,0,0,0,0,0,Not Applicable,Not Applicable,0,0,0,1,0,0,0,0,0,0,0,45,0,0,0,12,6,2,12,0,0,0,1,4,86401,6,1,0,0,3,0,66,140,0,0,0,0,0,0,0,0,0,0,39,0,0,0,2,2,45,1,6,2,1,3,3,1,17,99,1,1,83,,,,1,0,,,,,,,,,,,,,,,,,,,,,,,,,2015
2015040429,4,40429,2,2,2,5,7,7,55,12,6,1,0,4,1,2,403,2403,14,2011,1J4BA3H1XBL5,1,J,4,B,A,3,H,1,X,B,L,5,0,0,0,Not Applicable,Not Applicable,0,0,0,1,0,0,0,0,0,0,0,15,0,0,0,62,6,2,12,0,0,0,1,4,86442,6,1,0,0,3,3,64,210,0,0,0,0,0,0,0,0,0,0,0,0,0,0,2,2,25,1,5,8,1,3,3,11,66,1,1,1,82,,,,0,0,,,,,,,,,,,,,,,,,,,,,,,,,2015
2015040430,4,40430,1,1,4,7,7,3,18,1,0,1,0,35,1,12,3,12003,2,2009,1ZVHT82H5951,1,Z,V,H,T,8,2,H,5,9,5,1,0,0,0,Not Applicable,Not Applicable,0,0,0,1,0,0,0,0,0,0,0,65,0,1,3,0,6,2,1,0,0,0,1,35,87319,6,1,0,0,3,0,68,120,98,1,1,2,2,2,2013,5,2014,4,0,0,0,0,2,2,75,1,1,2,1,28,3,1,12,99,4,4,7,,,,1,1,,,,,,,,,,,,,,,,,,,,,,,,,2015
2015040431,4,40431,1,1,2,7,7,6,27,1,0,1,0,6,1,52,401,52401,14,2000,JA4LS21HXYP8,J,A,4,L,S,2,1,H,X,Y,P,8,0,0,0,Not Applicable,Not Applicable,0,0,0,1,0,0,0,0,0,0,0,998,0,1,3,0,6,2,1,0,0,1,1,6,91913,6,1,0,0,3,0,67,140,0,0,0,0,0,0,0,0,0,0,0,0,0,0,2,2,75,3,1,2,1,0,0,14,12,6,3,4,7,,,,1,0,,,,,,,,,,,,,,,,,,,,,,,,,2015
2015040432,4,40432,1,1,1,8,7,10,39,1,0,1,0,4,1,37,706,37706,80,2005,1HFSC55085A1,1,H,F,S,C,5,5,0,8,5,A,1,0,0,0,Not Applicable,Not Applicable,0,0,0,1,0,0,0,0,0,0,0,35,0,0,0,0,6,2,1,0,0,0,1,4,86406,6,1,0,0,2,0,71,180,0,3,0,0,0,8,2011,8,2011,4,26,0,0,0,5,3,35,1,6,2,1,0,0,1,50,3,2,1,98,,,,1,0,,,,,,,,,,,,,,,,,,,,,,,,,2015
2015040433,4,40433,1,1,2,9,7,16,29,14,0,1,0,35,1,18,23,18023,4,2009,1G4HF57989U1,1,G,4,H,F,5,7,9,8,9,U,1,0,0,0,Not Applicable,Not Applicable,0,0,0,1,0,0,0,0,0,0,0,55,0,0,0,81,6,2,14,0,0,0,1,35,87301,6,1,0,0,3,3,62,135,98,0,0,0,0,0,0,0,0,0,58,0,0,0,1,2,55,3,1,2,1,0,0,14,13,99,1,4,1,,,,1,0,,,,,,,,,,,,,,,,,,,,,,,,,2015
2015040434,4,40434,1,2,4,10,7,13,7,12,99,1,0,4,2,20,431,20431,16,2001,3GNFK16T11G2,3,G,N,F,K,1,6,T,1,1,G,2,0,0,0,Not Applicable,Not Applicable,0,0,0,1,0,0,0,0,0,0,0,998,0,0,0,99,6,2,25,0,0,0,1,4,85248,1,1,0,0,2,0,71,389,0,3,0,1,0,4,2014,5,2014,4,91,0,0,0,3,6,65,1,1,2,1,0,0,15,10,6,4,2,48,,,,1,0,,,,,,,,,,,,,,,,,,,,,,,,,2015
2015040434,4,40434,2,2,1,10,7,13,7,12,99,1,0,4,3,49,472,49472,30,2006,5TENX22N46Z2,5,T,E,N,X,2,2,N,4,6,Z,2,0,0,0,Not Applicable,Not Applicable,0,0,0,1,0,0,0,0,0,0,0,998,0,0,0,83,4,5,12,0,0,0,1,4,85042,6,1,0,0,3,0,69,225,0,0,0,0,0,0,0,0,0,0,0,0,0,0,3,6,65,1,1,2,1,0,0,1,60,1,1,1,48,,,,0,0,,,,,,,,,,,,,,,,,,,,,,,,,2015
2015040435,4,40435,1,4,1,11,7,5,38,12,1,1,0,4,1,84,881,84881,66,2010,3HSCUAPRXAN2,3,H,S,C,U,A,P,R,X,A,N,2,1,1,57,1550920,571550920,3,6,1,1,0,0,0,0,0,0,0,998,0,0,0,12,6,2,12,0,0,1,1,4,85019,6,1,6,0,3,0,65,183,0,0,0,2,1,7,2011,10,2011,4,0,0,0,0,2,2,75,1,1,2,1,0,0,1,50,99,1,1,20,,,,1,0,,,,,,,,,,,,,,,,,,,,,,,,,2015
2015040435,4,40435,2,4,1,11,7,5,38,12,1,1,0,6,3,84,884,84884,66,2012,1HSHWSJNXCJ6,1,H,S,H,W,S,J,N,X,C,J,6,2,1,57,020293,57020293,3,7,1,1,0,0,0,0,0,0,0,0,0,0,0,6,6,2,12,0,0,1,1,4,85037,6,1,6,0,3,0,66,200,0,0,0,0,0,0,0,0,0,0,0,0,0,0,2,2,75,1,1,2,1,0,0,5,53,1,1,1,21,,,,0,0,,,,,,,,,,,,,,,,,,,,,,,,,2015
2015040435,4,40435,3,4,1,11,7,5,38,12,1,1,0,37,3,82,884,82884,66,2009,1FUBGDDR59LA,1,F,U,B,G,D,D,R,5,9,L,A,2,1,57,090849,57090849,3,7,1,1,0,0,0,0,0,0,0,0,0,0,0,6,6,2,12,0,0,0,1,4,85392,6,1,6,0,3,0,66,175,0,0,0,0,0,0,0,0,0,0,89,0,0,0,2,2,75,1,1,2,1,0,0,5,50,1,1,1,98,,,,0,0,,,,,,,,,,,,,,,,,,,,,,,,,2015
2015040435,4,40435,4,4,1,11,7,5,38,12,1,1,0,40,3,86,884,86884,66,2013,1M1AW01X3DM0,1,M,1,A,W,0,1,X,3,D,M,0,2,1,57,082866,57082866,3,7,1,1,0,0,0,0,0,0,0,0,0,0,0,6,6,2,12,0,0,0,1,4,85008,6,1,6,0,3,3,68,160,0,0,0,0,0,0,0,0,0,0,0,0,0,0,2,2,75,1,1,2,1,0,0,5,50,1,1,1,98,,,,0,0,,,,,,,,,,,,,,,,,,,,,,,,,2015
2015040436,4,40436,1,1,1,11,7,9,48,9,0,1,0,4,1,20,481,20481,31,2011,1GCNCPEX2BZ3,1,G,C,N,C,P,E,X,2,B,Z,3,0,0,0,Not Applicable,Not Applicable,0,0,0,1,0,0,0,0,0,0,0,10,0,0,0,82,2,3,9,0,0,0,1,4,85706,6,1,0,0,3,0,68,160,0,0,0,0,0,0,0,0,0,4,39,0,0,0,2,5,35,1,1,8,1,3,3,11,83,1,1,1,13,,,,0,0,,,,,,,,,,,,,,,,,,,,,,,,,2015
2015040437,4,40437,1,1,1,11,7,11,44,1,0,1,0,4,1,20,481,20481,31,2007,1GCEC14X47Z1,1,G,C,E,C,1,4,X,4,7,Z,1,0,0,0,Not Applicable,Not Applicable,0,0,0,1,0,0,0,0,0,0,0,998,0,1,3,0,6,2,1,0,0,0,1,4,85007,6,1,0,0,3,3,72,195,0,2,0,0,1,11,2011,5,2012,0,0,0,0,0,2,2,65,2,6,2,1,0,0,14,12,99,1,4,6,,,,1,0,,,,,,,,,,,,,,,,,,,,,,,,,2015
2015040438,4,40438,1,2,1,12,7,20,22,12,1,1,0,4,1,12,401,12401,14,1998,1FMZU32X8WZB,1,F,M,Z,U,3,2,X,8,W,Z,B,0,0,0,Not Applicable,Not Applicable,0,0,0,1,0,0,0,0,0,0,0,998,0,0,0,12,6,2,12,0,0,0,1,4,85281,6,1,0,0,3,0,67,145,0,0,0,0,1,7,2012,7,2012,0,91,0,0,0,3,6,65,1,1,2,1,0,0,1,51,99,1,1,24,,,,0,1,,,,,,,,,,,,,,,,,,,,,,,,,2015
2015040438,4,40438,2,2,1,12,7,20,22,12,1,1,0,4,2,49,43,49043,4,2000,4T1BF28B7YU0,4,T,1,B,F,2,8,B,7,Y,U,0,0,0,0,Not Applicable,Not Applicable,0,0,0,1,0,0,0,0,0,0,0,998,0,0,0,6,6,2,14,0,0,0,1,4,85204,6,1,0,0,3,3,72,225,0,0,0,0,0,0,0,0,0,0,0,0,0,0,3,6,65,1,1,2,1,0,0,1,53,99,1,1,25,,,,1,0,,,,,,,,,,,,,,,,,,,,,,,,,2015
2015040439,4,40439,1,1,1,15,7,1,17,59,0,1,0,4,2,49,40,49040,4,1998,JT2BF22K5W01,J,T,2,B,F,2,2,K,5,W,0,1,0,0,0,Not Applicable,Not Applicable,0,0,0,1,0,0,0,0,0,0,0,998,0,0,0,12,6,2,42,0,0,0,1,4,85748,1,1,0,0,2,3,65,135,0,4,0,1,0,10,2014,6,2015,0,0,0,0,0,2,3,40,1,1,2,1,0,0,1,12,99,1,4,6,,,,1,1,,,,,,,,,,,,,,,,,,,,,,,,,2015
2015040440,4,40440,1,1,5,17,7,7,7,1,0,1,0,40,2,20,481,20481,31,2007,2GCEC13J8716,2,G,C,E,C,1,3,J,8,7,1,6,0,0,0,Not Applicable,Not Applicable,0,0,0,1,0,0,0,0,0,0,0,75,0,1,5,0,6,2,1,0,0,0,1,40,73501,0,0,0,0,0,0,71,208,0,0,0,0,0,0,0,0,0,4,58,0,0,0,2,2,75,1,1,2,1,0,0,1,13,99,4,4,2,,,,1,0,,,,,,,,,,,,,,,,,,,,,,,,,2015
2015040441,4,40441,1,1,6,20,7,13,20,1,0,1,0,6,2,20,421,20421,15,2004,1GNEC13V94J2,1,G,N,E,C,1,3,V,9,4,J,2,0,0,0,Not Applicable,Not Applicable,0,0,0,1,0,0,0,0,0,0,0,75,0,1,5,0,6,2,1,0,0,0,1,6,94565,1,1,0,0,2,0,73,210,0,3,1,1,0,11,2011,9,2013,0,58,0,0,0,2,2,75,1,1,2,1,0,0,1,13,99,5,4,2,,,,1,0,,,,,,,,,,,,,,,,,,,,,,,,,2015
2015040442,4,40442,1,1,1,22,7,20,7,8,0,1,0,4,1,14,17,14017,4,1995,1MELM50U0SG6,1,M,E,L,M,5,0,U,0,S,G,6,0,0,0,Not Applicable,Not Applicable,0,0,0,1,0,0,0,0,0,0,0,998,0,0,0,12,2,5,8,0,0,0,1,4,85745,6,1,0,0,3,0,73,200,0,0,0,0,1,11,2014,11,2014,0,0,0,0,0,5,5,30,1,1,2,1,0,0,1,80,1,1,1,13,,,,0,0,,,,,,,,,,,,,,,,,,,,,,,,,2015
2015040443,4,40443,1,1,2,24,7,23,36,33,0,1,0,6,1,20,4,20004,2,2008,1G1YY26E3851,1,G,1,Y,Y,2,6,E,3,8,5,1,0,0,0,Not Applicable,Not Applicable,0,0,0,1,0,0,0,0,0,0,0,80,0,0,0,12,6,2,39,0,0,0,1,6,92037,6,1,0,0,3,3,68,150,0,0,0,0,0,0,0,0,0,3,0,0,0,0,1,3,35,3,5,8,1,0,0,14,13,99,4,4,2,,,,1,1,,,,,,,,,,,,,,,,,,,,,,,,,2015
2015040444,4,40444,1,1,1,25,7,5,45,1,0,1,0,36,1,12,3,12003,1,2006,1ZVFT84N0651,1,Z,V,F,T,8,4,N,0,6,5,1,0,0,0,Not Applicable,Not Applicable,0,0,0,1,0,0,0,0,0,0,0,998,0,1,3,0,6,2,1,0,0,0,1,4,85257,6,1,0,0,3,0,72,175,0,0,0,0,0,0,0,0,0,3,0,0,0,0,2,2,35,2,1,2,1,0,0,14,12,99,9,4,10,,,,1,0,,,,,,,,,,,,,,,,,,,,,,,,,2015
2015040445,4,40445,1,2,9,26,7,15,17,57,0,1,0,4,1,20,421,20421,15,2003,1GNEC13V83R2,1,G,N,E,C,1,3,V,8,3,R,2,0,0,0,Not Applicable,Not Applicable,0,0,0,1,0,0,0,0,0,0,0,65,0,1,3,99,6,2,1,0,0,0,1,4,85139,6,1,0,0,3,0,70,185,0,2,1,0,2,2,2011,6,2014,0,80,0,0,0,3,6,65,1,1,2,1,0,0,1,1,1,9,4,7,,,,3,0,,,,,,,,,,,,,,,,,,,,,,,,,2015
2015040445,4,40445,2,2,1,26,7,15,17,57,0,1,0,4,1,7,442,7442,20,2001,1B4GP25391B1,1,B,4,G,P,2,5,3,9,1,B,1,0,0,0,Not Applicable,Not Applicable,0,0,0,1,0,0,0,0,0,0,0,65,0,0,0,62,2,5,54,0,0,0,1,4,85335,6,1,0,0,2,0,69,170,0,0,0,0,0,0,0,0,0,0,0,0,0,0,3,6,65,1,1,2,1,0,0,1,90,1,1,1,98,,,,0,0,,,,,,,,,,,,,,,,,,,,,,,,,2015
2015040446,4,40446,1,2,4,26,7,15,48,12,6,1,0,6,4,12,402,12402,14,2014,1FMCU9G94EUC,1,F,M,C,U,9,G,9,4,E,U,C,0,0,0,Not Applicable,Not Applicable,0,0,0,1,0,0,0,0,0,0,0,10,0,0,0,63,6,2,12,0,0,0,1,4,85281,6,1,0,0,3,3,66,170,0,0,0,0,0,0,0,0,0,0,38,0,0,0,1,3,55,1,1,8,1,20,3,11,15,99,1,1,82,,,,0,0,,,,,,,,,,,,,,,,,,,,,,,,,2015
2015040446,4,40446,2,2,6,26,7,15,48,12,6,1,0,6,2,49,442,49442,20,2001,4T3ZF13C91U3,4,T,3,Z,F,1,3,C,9,1,U,3,0,0,0,Not Applicable,Not Applicable,0,0,0,1,0,0,0,0,0,0,0,55,0,0,0,12,6,2,12,0,0,0,1,6,90038,6,1,0,0,3,0,65,145,0,0,0,0,0,0,0,0,0,0,0,0,0,0,2,2,55,1,1,2,1,0,0,1,67,99,9,3,83,,,,1,0,,,,,,,,,,,,,,,,,,,,,,,,,2015
2015040447,4,40447,1,1,4,27,7,1,50,33,0,1,0,4,1,13,1,13001,4,2001,1LNHM83W51Y6,1,L,N,H,M,8,3,W,5,1,Y,6,0,0,0,Not Applicable,Not Applicable,0,0,0,1,0,0,0,0,0,0,0,70,0,0,0,81,6,2,42,0,0,1,1,4,85745,6,1,0,0,3,0,72,215,0,0,0,0,2,2,2012,2,2012,4,91,0,0,0,1,4,35,3,1,2,1,0,0,14,6,99,5,4,2,,,,3,1,,,,,,,,,,,,,,,,,,,,,,,,,2015
2015040448,4,40448,1,1,3,27,7,6,7,18,0,1,0,4,2,22,441,22441,20,1999,1GMDX03E7XD2,1,G,M,D,X,0,3,E,7,X,D,2,0,0,0,Not Applicable,Not Applicable,0,0,0,1,0,0,0,0,0,0,0,999,0,0,0,12,6,2,14,0,0,0,1,4,85051,1,1,0,0,2,0,69,180,0,5,0,0,0,9,2012,9,2012,0,0,0,0,0,3,4,65,1,1,2,1,0,0,1,13,1,1,4,98,,,,2,0,,,,,,,,,,,,,,,,,,,,,,,,,2015
2015040449,4,40449,1,2,2,28,7,15,22,12,2,1,0,4,2,12,481,12481,31,2002,1FTRX18L52NA,1,F,T,R,X,1,8,L,5,2,N,A,0,0,0,Not Applicable,Not Applicable,0,0,0,1,0,0,0,0,0,0,0,30,0,0,0,12,6,2,12,0,0,0,1,4,85345,6,1,6,0,3,1,73,170,1,2,0,3,0,1,2011,5,2015,4,91,0,0,0,1,4,40,1,1,8,1,0,0,1,6,99,9,6,54,,,,0,1,,,,,,,,,,,,,,,,,,,,,,,,,2015