accident_id,STATE,ST_CASE,VEH_NO,VE_FORMS,NUMOCCS,DAY,MONTH,HOUR,MINUTE,HARM_EV,MAN_COLL,UNITTYPE,HIT_RUN,REG_STAT,OWNER,MAKE,MODEL,MAK_MOD,BODY_TYP,MOD_YEAR,VIN,VIN_1,VIN_2,VIN_3,VIN_4,VIN_5,VIN_6,VIN_7,VIN_8,VIN_9,VIN_10,VIN_11,VIN_12,TOW_VEH,J_KNIFE,MCARR_I1,MCARR_I2,MCARR_ID,GVWR,V_CONFIG,CARGO_BT,HAZ_INV,HAZ_PLAC,HAZ_ID,HAZ_CNO,HAZ_REL,BUS_USE,SPEC_USE,EMER_USE,TRAV_SP,UNDERIDE,ROLLOVER,ROLINLOC,IMPACT1,DEFORMED,TOWED,M_HARM,VEH_SC1,VEH_SC2,FIRE_EXP,DR_PRES,L_STATE,DR_ZIP,L_STATUS,L_TYPE,CDL_STAT,L_ENDORS,L_COMPL,L_RESTRI,DR_HGT,DR_WGT,PREV_ACC,PREV_SUS,PREV_DWI,PREV_SPD,PREV_OTH,FIRST_MO,FIRST_YR,LAST_MO,LAST_YR,SPEEDREL,DR_SF1,DR_SF2,DR_SF3,DR_SF4,VTRAFWAY,VNUM_LAN,VSPD_LIM,VALIGN,VPROFILE,VPAVETYP,VSURCOND,VTRAFCON,VTCONT_F,P_CRASH1,P_CRASH2,P_CRASH3,PCRASH4,PCRASH5,ACC_TYPE,TRLR1VIN,TRLR2VIN,TRLR3VIN,DEATHS,DR_DRINK,VINTYPE,VINMAKE,VINA_MOD,VIN_BT,VINMODYR,VIN_LNGT,VIN_WGT,WGTCD_TR,WHLBS_LG,WHLBS_SH,SER_TR,FUELCODE,MCYCL_DS,CARBUR,CYLINDER,DISPLACE,MCYCL_CY,MCYCL_WT,TIRE_SZE,TON_RAT,TRK_WT,TRKWTVAR,VIN_REST,WHLDRWHL,Year
2015040449,4,40449,2,2,1,28,7,15,22,12,2,1,0,4,1,12,422,12422,15,2000,1FMRU1566YLB,1,F,M,R,U,1,5,6,6,Y,L,B,0,0,0,Not Applicable,Not Applicable,0,0,0,1,0,0,0,0,0,0,0,40,0,0,0,12,6,2,12,0,0,0,1,4,85007,6,1,0,0,3,3,71,275,0,0,0,0,0,0,0,0,0,0,0,0,0,0,2,1,40,1,1,8,1,0,0,1,62,99,1,1,55,,,,1,0,,,,,,,,,,,,,,,,,,,,,,,,,2015
2015040450,4,40450,1,1,1,28,7,21,56,1,0,1,0,4,2,12,481,12481,31,1999,1FTPX28WXXNB,1,F,T,P,X,2,8,W,X,X,N,B,0,0,0,Not Applicable,Not Applicable,0,0,0,1,0,0,0,0,0,0,0,75,0,1,5,0,6,2,1,0,0,0,1,4,86025,6,1,0,0,3,3,71,183,0,0,0,1,0,6,2014,6,2014,4,0,0,0,0,2,2,75,1,1,2,1,0,0,1,6,7,3,4,2,,,,1,1,,,,,,,,,,,,,,,,,,,,,,,,,2015
2015040451,4,40451,1,2,1,28,7,23,15,12,1,1,0,4,1,37,32,37032,4,2003,1HGCM66543A0,1,H,G,C,M,6,6,5,4,3,A,0,0,0,0,Not Applicable,Not Applicable,0,0,0,1,0,0,0,0,0,0,0,998,0,0,0,12,6,2,12,0,0,0,1,4,85379,6,1,0,0,3,0,70,170,0,0,0,0,0,0,0,0,0,9,91,0,0,0,3,3,65,1,3,2,1,0,0,1,51,1,1,1,24,,,,0,1,,,,,,,,,,,,,,,,,,,,,,,,,2015
2015040451,4,40451,2,2,1,28,7,23,15,12,1,1,0,4,2,72,706,72706,80,1994,1HD1ELL13RY1,1,H,D,1,E,L,L,1,3,R,Y,1,0,0,0,Not Applicable,Not Applicable,0,0,0,1,0,0,0,0,0,0,0,998,0,0,0,6,6,2,12,0,0,0,1,4,85335,6,1,0,0,3,0,67,160,0,1,0,1,1,2,2014,3,2015,0,0,0,0,0,3,3,65,1,3,2,1,0,0,1,53,1,1,1,25,,,,1,0,,,,,,,,,,,,,,,,,,,,,,,,,2015
2015040452,4,40452,1,2,1,29,7,17,5,12,6,1,0,32,1,53,40,53040,5,2008,JS2YB4136851,J,S,2,Y,B,4,1,3,6,8,5,1,0,0,0,Not Applicable,Not Applicable,0,0,0,1,0,0,0,0,0,0,0,998,0,0,0,63,6,2,12,0,0,0,1,32,89029,6,1,0,0,3,0,69,180,0,0,0,1,1,5,2011,3,2014,0,38,0,0,0,1,2,45,1,1,8,1,20,3,11,15,99,1,1,82,,,,1,0,,,,,,,,,,,,,,,,,,,,,,,,,2015
2015040452,4,40452,2,2,1,29,7,17,5,12,6,1,0,4,1,12,481,12481,31,2001,1FTNX21F01EA,1,F,T,N,X,2,1,F,0,1,E,A,0,0,0,Not Applicable,Not Applicable,0,0,0,1,0,0,0,0,0,0,0,50,0,0,0,12,4,5,12,0,0,0,1,4,86440,6,1,0,0,3,0,78,200,0,0,0,0,0,0,0,0,0,0,0,0,0,0,5,5,45,1,1,2,1,0,0,1,67,4,9,3,83,,,,0,0,,,,,,,,,,,,,,,,,,,,,,,,,2015
2015040454,4,40454,1,1,1,31,7,2,13,33,0,1,0,4,1,37,31,37031,2,2004,1HGEM21974L0,1,H,G,E,M,2,1,9,7,4,L,0,0,0,0,Not Applicable,Not Applicable,0,0,0,1,0,0,0,0,0,0,0,998,0,0,0,61,6,2,42,0,0,0,1,4,85339,6,1,0,0,3,0,68,165,0,0,0,0,0,0,0,0,0,4,0,0,0,0,6,1,65,1,5,2,1,0,0,99,12,99,1,4,10,,,,1,1,,,,,,,,,,,,,,,,,,,,,,,,,2015
2015040455,4,40455,1,2,1,10,6,14,24,12,1,1,0,12,3,51,881,51881,66,2006,4V4NC9TJ96N3,4,V,4,N,C,9,T,J,9,6,N,3,1,1,57,2565032,572565032,3,6,1,1,0,0,0,0,0,0,0,75,0,0,0,12,6,2,12,0,0,0,1,12,33412,6,1,6,0,3,0,72,200,0,0,0,1,0,7,2011,7,2011,0,38,0,0,0,2,2,75,1,1,2,1,0,0,1,51,99,1,1,24,,,,1,0,,,,,,,,,,,,,,,,,,,,,,,,,2015
2015040455,4,40455,2,2,2,10,6,14,24,12,1,1,0,48,3,82,884,82884,66,9999,Unknown,9,9,9,9,9,9,9,9,9,9,9,9,1,1,57,2314233,572314233,3,6,3,1,0,0,0,0,0,0,0,35,0,0,0,6,6,2,12,0,0,0,1,48,77032,6,1,6,0,3,0,999,999,1,4,0,1,3,7,2011,1,2015,0,0,0,0,0,2,2,75,1,1,2,1,0,0,1,53,1,1,1,25,,,,0,0,,,,,,,,,,,,,,,,,,,,,,,,,2015
2015040456,4,40456,1,2,1,12,6,23,16,12,2,1,0,41,1,7,482,7482,31,2009,1D3HV18T09S8,1,D,3,H,V,1,8,T,0,9,S,8,0,0,0,Not Applicable,Not Applicable,0,0,0,1,0,0,0,0,0,0,0,998,0,0,0,12,6,2,12,0,0,0,1,41,97702,6,1,0,0,3,0,67,200,0,2,1,0,0,7,2010,7,2011,0,51,0,0,0,2,2,75,1,1,2,1,0,0,1,54,99,9,1,52,,,,1,1,,,,,,,,,,,,,,,,,,,,,,,,,2015
2015040456,4,40456,2,2,3,12,6,23,16,12,2,1,0,4,4,6,18,6018,4,2015,1C3CCCAB1FN5,1,C,3,C,C,C,A,B,1,F,N,5,0,0,0,Not Applicable,Not Applicable,0,0,0,1,0,0,0,0,0,0,0,70,0,0,0,12,6,2,12,0,0,0,1,4,85711,6,1,0,0,3,0,72,185,0,0,0,0,0,0,0,0,0,0,0,0,0,0,2,2,75,1,1,2,1,0,0,1,54,99,1,1,52,,,,0,0,,,,,,,,,,,,,,,,,,,,,,,,,2015
2015040457,4,40457,1,1,2,19,6,13,16,1,0,1,0,4,1,20,402,20402,14,1995,2CNBE18U0S69,2,C,N,B,E,1,8,U,0,S,6,9,0,0,0,Not Applicable,Not Applicable,0,0,0,1,0,0,0,0,0,0,0,50,0,1,5,0,6,2,1,0,0,0,1,4,85132,6,1,0,0,3,3,66,150,0,0,0,0,0,0,0,0,0,0,80,0,0,0,1,2,50,1,1,2,1,0,0,1,1,7,9,4,2,,,,1,0,,,,,,,,,,,,,,,,,,,,,,,,,2015
2015040458,4,40458,1,1,1,3,7,10,47,33,0,1,0,4,1,49,472,49472,30,2006,5TENX22N46Z2,5,T,E,N,X,2,2,N,4,6,Z,2,0,0,0,Not Applicable,Not Applicable,0,0,0,1,0,0,0,0,0,0,0,35,0,0,0,12,6,2,42,0,0,0,1,4,85225,6,1,0,0,3,3,68,235,0,0,0,0,0,0,0,0,0,0,0,0,0,0,3,3,45,1,1,8,1,0,0,99,13,99,9,4,5,,,,1,0,,,,,,,,,,,,,,,,,,,,,,,,,2015
2015040459,4,40459,1,1,1,3,7,12,23,42,0,1,0,4,2,12,481,12481,31,2003,1FTRF17283NA,1,F,T,R,F,1,7,2,8,3,N,A,0,0,0,Not Applicable,Not Applicable,0,0,0,1,0,0,0,0,0,0,0,999,0,1,5,98,6,2,1,0,0,0,1,4,86505,6,1,0,0,3,0,68,215,0,0,0,0,0,0,0,0,0,4,99,99,99,99,1,2,65,1,1,2,1,0,0,1,6,99,9,4,7,,,,1,1,,,,,,,,,,,,,,,,,,,,,,,,,2015
2015040460,4,40460,1,1,2,4,7,2,55,8,0,1,1,4,1,22,441,22441,20,2005,1GMDV03L45D2,1,G,M,D,V,0,3,L,4,5,D,2,0,0,0,Not Applicable,Not Applicable,0,0,0,1,0,0,0,0,0,0,0,998,0,0,0,12,4,5,8,0,0,0,1,4,85008,6,1,0,0,3,0,69,180,0,0,0,0,0,0,0,0,0,4,91,0,0,0,2,2,65,2,6,2,1,0,0,14,80,1,1,1,13,,,,0,0,,,,,,,,,,,,,,,,,,,,,,,,,2015
2015040461,4,40461,1,1,1,5,7,4,30,32,0,1,0,4,1,12,471,12471,30,1996,1FTCR10A1TPA,1,F,T,C,R,1,0,A,1,T,P,A,0,0,0,Not Applicable,Not Applicable,0,0,0,1,0,0,0,0,0,0,0,65,0,1,5,12,6,2,1,0,0,0,1,4,85637,6,1,0,0,3,0,67,155,0,0,0,0,0,0,0,0,0,9,99,99,99,99,1,2,65,1,1,2,1,0,0,1,13,99,1,4,1,,,,1,1,,,,,,,,,,,,,,,,,,,,,,,,,2015
2015040462,4,40462,1,1,2,8,7,18,29,8,0,1,0,4,2,12,37,12037,4,2012,1FAHP3F29CL3,1,F,A,H,P,3,F,2,9,C,L,3,0,0,0,Not Applicable,Not Applicable,0,0,0,1,0,0,0,0,0,0,0,40,0,0,0,12,6,2,8,0,0,0,1,4,85014,6,1,0,0,3,3,68,115,0,0,0,0,0,0,0,0,0,0,0,0,0,0,3,3,35,1,1,8,1,2,3,1,83,99,1,1,13,,,,0,0,,,,,,,,,,,,,,,,,,,,,,,,,2015
2015040463,4,40463,1,4,1,10,7,19,24,12,2,1,0,26,1,6,43,6043,1,2005,1C3EL55R75N5,1,C,3,E,L,5,5,R,7,5,N,5,0,0,0,Not Applicable,Not Applicable,0,0,0,1,0,0,0,0,0,0,0,998,0,0,0,12,6,2,12,0,0,0,1,4,85203,6,1,0,0,3,0,63,105,0,0,0,0,0,0,0,0,0,0,51,0,0,0,2,2,75,1,1,2,1,0,0,1,54,99,1,3,52,,,,0,0,,,,,,,,,,,,,,,,,,,,,,,,,2015
2015040463,4,40463,2,4,4,10,7,19,24,12,2,1,0,4,2,49,32,49032,4,2007,1NXBR30E67Z8,1,N,X,B,R,3,0,E,6,7,Z,8,0,0,0,Not Applicable,Not Applicable,0,0,0,1,0,0,0,0,0,0,0,998,0,0,0,12,6,2,12,0,0,0,1,4,85122,6,1,0,0,3,0,68,160,0,0,0,1,0,1,2015,1,2015,0,0,0,0,0,2,2,75,1,1,2,1,0,0,1,54,99,1,1,52,,,,1,0,,,,,,,,,,,,,,,,,,,,,,,,,2015
2015040463,4,40463,3,4,4,10,7,19,24,12,2,1,0,6,1,2,407,2407,14,2012,1C4NJPCB4CD5,1,C,4,N,J,P,C,B,4,C,D,5,0,0,0,Not Applicable,Not Applicable,0,0,0,1,0,0,0,0,0,0,0,998,0,0,0,12,6,2,12,0,0,0,1,6,90036,6,1,0,0,3,0,65,170,0,0,0,0,0,0,0,0,0,0,0,0,0,0,2,2,75,1,1,2,1,0,0,1,63,6,1,3,98,,,,0,0,,,,,,,,,,,,,,,,,,,,,,,,,2015
2015040463,4,40463,4,4,1,10,7,19,24,12,2,1,0,4,2,7,28,7028,2,2013,2C3CDYAG9DH5,2,C,3,C,D,Y,A,G,9,D,H,5,0,0,0,Not Applicable,Not Applicable,0,0,0,1,0,0,0,0,0,0,0,998,0,0,0,81,6,2,12,0,0,0,1,4,85323,6,1,0,0,3,0,63,130,0,0,0,0,0,0,0,0,0,0,0,0,0,0,2,2,75,1,1,2,1,0,0,1,63,99,1,1,98,,,,0,0,,,,,,,,,,,,,,,,,,,,,,,,,2015
2015040464,4,40464,1,1,1,11,7,9,38,24,0,1,0,4,1,53,706,53706,80,2012,JS1GR7MA3C21,J,S,1,G,R,7,M,A,3,C,2,1,0,0,0,Not Applicable,Not Applicable,0,0,0,1,0,0,0,0,0,0,0,75,0,0,0,99,6,2,24,0,0,0,1,4,85392,6,1,0,0,2,0,66,157,0,0,0,3,2,10,2011,6,2015,4,89,0,0,0,1,2,55,3,5,8,1,0,0,14,6,99,9,4,5,,,,1,0,,,,,,,,,,,,,,,,,,,,,,,,,2015
2015040465,4,40465,1,1,1,22,7,19,47,34,0,1,0,4,1,73,703,73703,80,2015,JKAEX8B13FDA,J,K,A,E,X,8,B,1,3,F,D,A,0,0,0,Not Applicable,Not Applicable,0,0,0,1,0,0,0,0,0,0,0,45,0,0,0,12,6,2,34,0,0,0,1,4,85140,6,1,0,0,2,2,73,180,0,0,0,0,0,0,0,0,0,0,52,74,0,0,1,2,50,2,1,2,1,40,3,14,12,99,9,4,10,,,,1,0,,,,,,,,,,,,,,,,,,,,,,,,,2015
2015040466,4,40466,1,1,4,23,7,4,36,11,0,1,0,8,2,55,37,55037,2,2003,KMHHN65FX3U0,K,M,H,H,N,6,5,F,X,3,U,0,0,0,0,Not Applicable,Not Applicable,0,0,0,1,0,0,0,0,0,0,0,65,0,0,0,12,6,2,11,0,0,0,1,12,34744,6,1,0,0,3,3,67,999,0,0,0,0,0,0,0,0,0,0,0,0,0,0,1,2,65,1,1,2,1,0,0,1,87,99,1,3,13,,,,1,0,,,,,,,,,,,,,,,,,,,,,,,,,2015
2015040467,4,40467,1,2,1,25,7,1,56,12,2,1,0,4,2,20,421,20421,15,2004,1GNEK13Z14R1,1,G,N,E,K,1,3,Z,1,4,R,1,0,0,0,Not Applicable,Not Applicable,0,0,0,1,0,0,0,0,0,0,0,999,0,0,0,12,6,2,12,0,0,1,1,4,85282,6,1,0,0,3,3,73,165,1,2,0,0,0,10,2010,5,2015,0,51,0,0,0,2,2,75,1,1,2,1,0,0,1,54,99,9,3,52,,,,1,1,,,,,,,,,,,,,,,,,,,,,,,,,2015
2015040467,4,40467,2,2,2,25,7,1,56,12,2,1,0,6,1,49,472,49472,30,2010,3TMJU4GN4AM1,3,T,M,J,U,4,G,N,4,A,M,1,0,0,0,Not Applicable,Not Applicable,0,0,0,1,0,0,0,0,0,0,0,999,0,1,5,12,6,2,12,0,0,0,1,6,92026,6,1,6,0,3,3,69,210,0,0,0,0,1,4,2015,4,2015,0,0,0,0,0,2,2,75,1,1,2,1,0,0,1,54,99,1,3,52,,,,1,0,,,,,,,,,,,,,,,,,,,,,,,,,2015
2015040468,4,40468,1,1,1,30,7,22,25,1,0,1,0,4,2,7,422,7422,15,2006,1D8HD48216F1,1,D,8,H,D,4,8,2,1,6,F,1,0,0,0,Not Applicable,Not Applicable,0,0,0,1,0,0,0,0,0,0,0,998,0,1,3,0,6,2,1,0,0,0,1,4,85307,6,1,0,0,3,0,61,130,0,0,0,1,0,7,2014,7,2014,9,99,99,99,99,3,3,65,1,1,2,1,0,0,1,12,99,9,4,10,,,,1,0,,,,,,,,,,,,,,,,,,,,,,,,,2015
2015040469,4,40469,1,1,1,2,7,0,15,8,0,1,9,99,9,99,999,99999,99,9999,Unknown,9,9,9,9,9,9,9,9,9,9,9,9,0,0,0,Not Applicable,Not Applicable,0,0,0,1,0,0,0,0,0,0,0,999,0,0,0,99,9,9,8,0,0,0,1,99,99999,9,9,99,0,9,9,999,999,99,99,99,99,99,99,9999,99,9999,9,99,99,99,99,9,9,99,9,9,2,99,99,9,99,82,99,9,9,13,,,,0,0,,,,,,,,,,,,,,,,,,,,,,,,,2015
2015040470,4,40470,1,2,3,2,7,17,58,12,6,1,0,92,0,98,998,98998,97,9999,A4DFN1YK8350,A,4,D,F,N,1,Y,K,8,3,5,0,0,0,0,Not Applicable,Not Applicable,0,0,0,1,0,0,0,0,0,0,0,10,0,1,5,61,6,2,12,0,0,0,1,4,85041,0,0,0,0,0,0,72,140,0,0,0,0,0,0,0,0,0,0,38,21,0,0,0,0,0,0,0,0,0,0,0,11,15,99,1,7,82,,,,1,0,,,,,,,,,,,,,,,,,,,,,,,,,2015
2015040470,4,40470,2,2,4,2,7,17,58,12,6,1,0,4,2,35,47,35047,4,2013,1N4AL3AP2DN5,1,N,4,A,L,3,A,P,2,D,N,5,0,0,0,Not Applicable,Not Applicable,0,0,0,1,0,0,0,0,0,0,0,27,0,0,0,12,6,2,12,0,0,0,1,4,85901,6,1,0,0,3,0,68,150,0,0,0,2,0,8,2012,11,2012,0,0,0,0,0,1,2,25,1,1,2,1,0,0,1,72,1,1,1,83,,,,0,0,,,,,,,,,,,,,,,,,,,,,,,,,2015
2015040471,4,40471,1,1,1,4,7,22,40,8,0,1,9,99,9,99,999,99999,99,9999,Unknown,9,9,9,9,9,9,9,9,9,9,9,9,0,0,0,Not Applicable,Not Applicable,0,0,0,1,0,0,0,0,0,0,0,999,0,0,0,99,9,9,8,0,0,0,1,99,99999,9,9,99,0,9,9,999,999,99,99,99,99,99,99,9999,99,9999,9,99,99,99,99,9,9,99,9,9,8,99,99,9,99,82,99,9,9,13,,,,0,0,,,,,,,,,,,,,,,,,,,,,,,,,2015
2015040472,4,40472,1,2,3,4,7,6,22,12,6,1,0,99,9,2,403,2403,14,2010,Unknown,9,9,9,9,9,9,9,9,9,9,9,9,0,0,0,Not Applicable,Not Applicable,0,0,0,1,0,0,0,0,0,0,0,999,0,0,0,12,6,2,12,0,0,0,1,4,85017,0,0,0,0,0,0,999,999,0,0,0,0,0,0,0,0,0,9,39,91,0,0,1,6,98,1,1,2,98,3,3,1,17,99,9,9,88,,,,1,1,,,,,,,,,,,,,,,,,,,,,,,,,2015
2015040472,4,40472,2,2,1,4,7,6,22,12,6,1,0,99,9,12,481,12481,31,2015,Unknown,9,9,9,9,9,9,9,9,9,9,9,9,0,0,0,Not Applicable,Not Applicable,0,0,0,1,0,0,0,0,0,0,0,999,0,0,0,62,9,9,12,0,0,0,1,4,85353,6,1,6,0,3,3,75,230,0,2,0,0,0,10,2011,11,2011,0,0,0,0,0,1,6,98,1,1,2,98,3,3,1,66,99,9,9,89,,,,0,0,,,,,,,,,,,,,,,,,,,,,,,,,2015
2015040473,4,40473,1,1,99,5,7,3,48,8,0,1,1,99,9,6,51,6051,4,9999,Unknown,9,9,9,9,9,9,9,9,9,9,9,9,0,0,0,Not Applicable,Not Applicable,0,0,0,1,0,0,0,0,0,0,0,999,0,0,0,99,9,5,8,99,99,0,1,99,99999,9,9,99,0,9,9,999,999,99,99,99,99,99,99,9999,99,9999,9,99,99,99,99,5,5,40,1,1,2,1,0,0,1,80,99,9,1,13,,,,0,0,,,,,,,,,,,,,,,,,,,,,,,,,2015
2015040474,4,40474,1,2,1,7,7,7,39,12,2,1,0,4,1,38,421,38421,15,2004,4NUDS13S9421,4,N,U,D,S,1,3,S,9,4,2,1,0,0,0,Not Applicable,Not Applicable,0,0,0,1,0,0,0,0,0,0,0,35,0,0,0,12,6,2,12,0,0,0,1,4,85053,6,1,0,0,3,0,66,185,0,0,0,0,0,0,0,0,0,0,28,0,0,0,5,6,40,1,1,2,1,0,0,1,10,99,9,2,50,,,,1,0,,,,,,,,,,,,,,,,,,,,,,,,,2015
2015040474,4,40474,2,2,1,7,7,7,39,12,2,1,0,4,4,82,881,82881,64,2013,1FVACWDT3DDF,1,F,V,A,C,W,D,T,3,D,D,F,0,0,57,1394966,571394966,2,2,1,1,0,0,0,0,0,0,0,38,0,0,0,12,6,2,12,0,0,0,1,4,85201,6,1,0,0,3,0,67,150,0,0,0,0,0,0,0,0,0,0,0,0,0,0,5,6,40,1,1,2,1,0,0,1,62,99,9,3,51,,,,0,0,,,,,,,,,,,,,,,,,,,,,,,,,2015
2015040476,4,40476,1,1,2,11,7,99,99,5,0,1,9,99,9,99,999,99999,99,9999,Unknown,9,9,9,9,9,9,9,9,9,9,9,9,0,0,0,Not Applicable,Not Applicable,0,0,0,1,0,0,0,0,0,0,0,999,0,0,0,0,0,9,5,0,0,0,1,99,99999,9,9,99,0,9,9,999,999,99,99,99,99,99,99,9999,99,9999,9,99,99,99,99,9,9,99,9,9,8,99,99,9,99,98,99,9,9,0,,,,1,0,,,,,,,,,,,,,,,,,,,,,,,,,2015
2015040477,4,40477,1,2,1,10,7,19,51,12,99,1,0,4,1,7,482,7482,31,2004,1D7HA18N44J1,1,D,7,H,A,1,8,N,4,4,J,1,0,0,0,Not Applicable,Not Applicable,0,0,0,1,0,0,0,0,0,0,0,999,0,0,0,62,4,5,12,0,0,0,1,4,85354,6,1,0,0,3,0,67,195,0,0,0,0,0,0,0,0,0,0,0,0,0,0,1,2,55,1,1,8,1,0,0,1,51,99,9,1,45,,,,0,0,,,,,,,,,,,,,,,,,,,,,,,,,2015
2015040477,4,40477,2,2,1,10,7,19,51,12,99,1,0,99,9,99,701,99701,81,9999,Unknown,9,9,9,9,9,9,9,9,9,9,9,9,0,0,0,Not Applicable,Not Applicable,0,0,0,1,0,0,0,0,0,0,0,998,0,0,0,98,9,9,12,0,0,0,1,4,85032,1,1,0,0,2,0,71,185,1,6,1,1,1,10,2010,12,2011,0,0,0,0,0,1,2,55,1,1,8,1,0,0,1,53,99,9,1,44,,,,1,1,,,,,,,,,,,,,,,,,,,,,,,,,2015
2015040478,4,40478,1,1,1,16,7,5,55,1,0,1,0,99,9,99,999,99999,99,9999,Unknown,9,9,9,9,9,9,9,9,9,9,9,9,0,0,0,Not Applicable,Not Applicable,0,0,0,1,0,0,0,0,0,0,0,999,0,9,9,0,9,9,1,0,0,0,1,4,86545,0,0,0,0,0,0,999,999,99,99,99,99,99,99,9999,99,9999,9,99,99,99,99,1,2,99,9,9,2,99,99,9,99,99,99,9,9,99,,,,1,0,,,,,,,,,,,,,,,,,,,,,,,,,2015
2015040479,4,40479,1,1,99,20,7,23,56,8,0,1,1,99,9,2,999,2999,49,9999,Unknown,9,9,9,9,9,9,9,9,9,9,9,9,0,0,0,Not Applicable,Not Applicable,0,0,0,1,0,0,0,0,0,0,0,38,0,0,0,99,9,5,8,99,99,0,1,99,99999,9,9,99,0,9,9,999,999,99,99,99,99,99,99,9999,99,9999,9,99,99,99,99,5,6,40,1,1,2,1,0,0,1,80,99,9,3,13,,,,0,0,,,,,,,,,,,,,,,,,,,,,,,,,2015
2015040480,4,40480,1,1,1,22,7,7,58,30,0,1,0,99,9,99,999,99999,99,9999,Unknown,9,9,9,9,9,9,9,9,9,9,9,9,0,0,0,Not Applicable,Not Applicable,0,0,0,1,0,0,0,0,0,0,0,999,0,0,0,99,6,2,30,0,0,0,1,4,85310,6,1,0,0,3,0,70,195,0,0,0,0,0,0,0,0,0,9,99,99,99,99,9,9,99,9,9,8,99,99,9,99,99,99,9,9,99,,,,1,0,,,,,,,,,,,,,,,,,,,,,,,,,2015
2015040481,4,40481,1,1,1,23,7,21,15,8,0,1,0,99,9,20,481,20481,31,1990,Unknown,9,9,9,9,9,9,9,9,9,9,9,9,0,0,0,Not Applicable,Not Applicable,0,0,0,1,0,0,0,0,0,0,0,999,0,0,0,82,8,8,8,0,0,0,1,4,85014,6,1,0,0,3,0,72,180,0,0,0,0,0,0,0,0,0,0,99,99,99,99,9,9,99,9,9,8,99,0,0,1,80,99,1,1,13,,,,0,0,,,,,,,,,,,,,,,,,,,,,,,,,2015
2015040482,4,40482,1,1,0,24,7,6,21,9,0,1,0,4,3,20,481,20481,31,2011,1GC0CVCG1BF1,1,G,C,0,C,V,C,G,1,B,F,1,1,1,0,Not Applicable,Not Applicable,0,0,0,1,0,0,0,0,0,0,0,0,0,0,0,6,2,5,9,0,0,0,0,0,99997,7,6,97,7,6,7,998,997,998,998,998,998,998,98,9998,98,9998,8,0,0,0,0,5,3,40,1,1,2,1,0,0,0,83,0,0,0,98,,,,0,0,,,,,,,,,,,,,,,,,,,,,,,,,2015
2015040483,4,40483,1,2,1,25,7,11,26,12,2,1,0,4,2,6,442,6442,20,2002,1C4GJ453X2B7,1,C,4,G,J,4,5,3,X,2,B,7,0,0,0,Not Applicable,Not Applicable,0,0,0,1,0,0,0,0,0,0,0,41,0,0,0,12,6,2,12,0,0,0,1,4,85051,0,0,0,0,0,0,75,245,0,6,0,0,0,4,2011,6,2014,0,28,91,0,0,5,6,40,1,1,2,1,0,0,1,10,99,1,2,50,,,,0,0,,,,,,,,,,,,,,,,,,,,,,,,,2015
2015040483,4,40483,2,2,1,25,7,11,26,12,2,1,0,4,1,49,32,49032,4,2009,JTDBL40E5990,J,T,D,B,L,4,0,E,5,9,9,0,0,0,0,Not Applicable,Not Applicable,0,0,0,1,0,0,0,0,0,0,0,3,0,0,0,12,6,2,12,0,0,0,1,4,85017,6,1,0,0,3,3,68,235,0,0,0,0,0,0,0,0,0,0,0,0,0,0,5,6,40,1,1,2,1,0,0,1,62,99,1,1,51,,,,1,0,,,,,,,,,,,,,,,,,,,,,,,,,2015
2015040484,4,40484,1,1,2,25,7,21,9,8,0,1,0,99,9,59,31,59031,4,2007,Unknown,9,9,9,9,9,9,9,9,9,9,9,9,0,0,0,Not Applicable,Not Applicable,0,0,0,1,0,0,0,0,0,0,0,998,0,0,0,98,8,8,8,0,0,0,1,4,85335,6,1,0,0,3,0,67,160,0,1,0,2,0,1,2013,8,2013,0,0,0,0,0,2,3,98,1,1,2,98,0,0,1,80,99,9,9,13,,,,0,0,,,,,,,,,,,,,,,,,,,,,,,,,2015
2015040485,4,40485,1,1,1,26,7,5,23,1,0,1,0,4,1,12,481,12481,31,2006,1FTPW14556FA,1,F,T,P,W,1,4,5,5,6,F,A,0,0,0,Not Applicable,Not Applicable,0,0,0,1,0,0,0,0,0,0,0,90,0,1,5,0,6,2,1,0,0,0,1,4,85354,6,1,0,0,3,0,66,200,0,0,0,0,0,0,0,0,0,4,0,0,0,0,1,2,50,1,1,2,1,0,0,1,12,99,5,4,7,,,,1,1,,,,,,,,,,,,,,,,,,,,,,,,,2015
2015040486,4,40486,1,1,2,26,7,20,30,5,0,1,9,99,9,99,499,99499,31,9999,Unknown,9,9,9,9,9,9,9,9,9,9,9,9,0,0,0,Not Applicable,Not Applicable,0,0,0,1,0,0,0,0,0,0,0,999,0,0,0,0,0,9,5,0,0,0,1,99,99999,9,9,99,0,9,9,999,999,99,99,99,99,99,99,9999,99,9999,9,99,99,99,99,9,9,99,9,9,8,99,99,9,99,98,99,9,9,0,,,,1,0,,,,,,,,,,,,,,,,,,,,,,,,,2015
2015040487,4,40487,1,2,1,26,7,22,1,12,2,1,0,99,9,99,999,99999,99,9999,Unknown,9,9,9,9,9,9,9,9,9,9,9,9,0,0,0,Not Applicable,Not Applicable,0,0,0,1,0,0,0,0,0,0,0,999,0,0,0,12,9,9,12,0,0,0,1,4,86044,6,1,0,0,3,0,70,170,0,0,0,0,0,0,0,0,0,9,99,99,99,99,1,2,99,9,9,2,99,99,9,99,99,99,9,9,53,,,,1,0,,,,,,,,,,,,,,,,,,,,,,,,,2015
2015040487,4,40487,2,2,1,26,7,22,1,12,2,1,9,99,9,99,999,99999,99,9999,Unknown,9,9,9,9,9,9,9,9,9,9,9,9,0,0,0,Not Applicable,Not Applicable,0,0,0,1,0,0,0,0,0,0,0,999,0,0,0,12,9,9,12,0,0,0,1,99,99999,9,9,99,9,9,9,999,999,99,99,99,99,99,99,9999,99,9999,9,99,99,99,99,1,2,99,9,9,2,99,99,9,99,99,99,9,9,53,,,,0,0,,,,,,,,,,,,,,,,,,,,,,,,,2015