accident_id,STATE,ST_CASE,VEH_NO,VE_FORMS,NUMOCCS,DAY,MONTH,HOUR,MINUTE,HARM_EV,MAN_COLL,UNITTYPE,HIT_RUN,REG_STAT,OWNER,MAKE,MODEL,MAK_MOD,BODY_TYP,MOD_YEAR,VIN,VIN_1,VIN_2,VIN_3,VIN_4,VIN_5,VIN_6,VIN_7,VIN_8,VIN_9,VIN_10,VIN_11,VIN_12,TOW_VEH,J_KNIFE,MCARR_I1,MCARR_I2,MCARR_ID,GVWR,V_CONFIG,CARGO_BT,HAZ_INV,HAZ_PLAC,HAZ_ID,HAZ_CNO,HAZ_REL,BUS_USE,SPEC_USE,EMER_USE,TRAV_SP,UNDERIDE,ROLLOVER,ROLINLOC,IMPACT1,DEFORMED,TOWED,M_HARM,VEH_SC1,VEH_SC2,FIRE_EXP,DR_PRES,L_STATE,DR_ZIP,L_STATUS,L_TYPE,CDL_STAT,L_ENDORS,L_COMPL,L_RESTRI,DR_HGT,DR_WGT,PREV_ACC,PREV_SUS,PREV_DWI,PREV_SPD,PREV_OTH,FIRST_MO,FIRST_YR,LAST_MO,LAST_YR,SPEEDREL,DR_SF1,DR_SF2,DR_SF3,DR_SF4,VTRAFWAY,VNUM_LAN,VSPD_LIM,VALIGN,VPROFILE,VPAVETYP,VSURCOND,VTRAFCON,VTCONT_F,P_CRASH1,P_CRASH2,P_CRASH3,PCRASH4,PCRASH5,ACC_TYPE,TRLR1VIN,TRLR2VIN,TRLR3VIN,DEATHS,DR_DRINK,VINTYPE,VINMAKE,VINA_MOD,VIN_BT,VINMODYR,VIN_LNGT,VIN_WGT,WGTCD_TR,WHLBS_LG,WHLBS_SH,SER_TR,FUELCODE,MCYCL_DS,CARBUR,CYLINDER,DISPLACE,MCYCL_CY,MCYCL_WT,TIRE_SZE,TON_RAT,TRK_WT,TRKWTVAR,VIN_REST,WHLDRWHL,Year
2015040521,4,40521,2,2,1,17,8,9,57,12,6,1,0,4,2,19,421,19421,15,2009,1GYFK43529R1,1,G,Y,F,K,4,3,5,2,9,R,1,0,0,0,Not Applicable,Not Applicable,0,0,0,1,0,0,0,0,0,0,0,45,0,0,0,12,6,2,12,0,0,0,1,4,85255,6,1,0,0,3,0,63,110,0,0,0,2,0,8,2013,11,2014,0,0,0,0,0,2,4,45,1,1,8,1,3,3,1,66,1,1,1,86,,,,0,0,,,,,,,,,,,,,,,,,,,,,,,,,2015
2015040522,4,40522,1,2,1,20,8,5,39,12,2,1,0,4,1,30,40,30040,4,1996,3VWRA81H5TM0,3,V,W,R,A,8,1,H,5,T,M,0,0,0,0,Not Applicable,Not Applicable,0,0,0,1,0,0,0,0,0,0,0,35,0,0,0,12,6,2,12,0,0,0,1,4,86441,6,1,0,0,3,3,67,160,0,0,0,2,0,6,2012,6,2015,0,0,0,0,0,1,2,45,1,1,8,1,0,0,1,12,99,1,4,52,,,,1,0,,,,,,,,,,,,,,,,,,,,,,,,,2015
2015040522,4,40522,2,2,1,20,8,5,39,12,2,1,0,4,2,12,442,12442,20,2000,2FMZA5147YBC,2,F,M,Z,A,5,1,4,7,Y,B,C,0,0,0,Not Applicable,Not Applicable,0,0,0,1,0,0,0,0,0,0,0,40,0,0,0,12,6,2,12,0,0,0,1,4,86441,6,1,0,0,3,0,60,110,0,0,0,0,0,0,0,0,0,0,0,0,0,0,1,2,45,1,1,8,1,0,0,1,62,9,1,4,52,,,,0,0,,,,,,,,,,,,,,,,,,,,,,,,,2015
2015040523,4,40523,1,2,1,20,8,20,23,12,6,1,0,4,3,82,881,82881,66,2005,1FUJA6CK65LN,1,F,U,J,A,6,C,K,6,5,L,N,1,1,57,1679134,571679134,3,6,1,1,0,0,0,0,0,0,0,998,0,0,0,62,6,2,12,0,0,0,1,96,0,9,9,99,9,9,9,999,999,99,99,99,99,99,99,9999,99,9999,0,51,0,0,0,2,2,75,1,1,2,1,40,3,12,98,1,1,1,98,,,,0,0,,,,,,,,,,,,,,,,,,,,,,,,,2015
2015040523,4,40523,2,2,1,20,8,20,23,12,6,1,0,53,4,35,43,35043,4,2014,3N1AB7AP0EL6,3,N,1,A,B,7,A,P,0,E,L,6,0,0,0,Not Applicable,Not Applicable,0,0,0,1,0,0,0,0,0,0,0,998,0,0,0,12,6,2,12,0,0,0,1,4,85014,6,1,0,0,3,0,68,180,0,3,0,1,1,1,2014,1,2015,0,0,0,0,0,2,2,75,1,1,2,1,0,0,1,63,99,1,1,98,,,,1,1,,,,,,,,,,,,,,,,,,,,,,,,,2015
2015040524,4,40524,1,1,1,20,8,21,46,9,0,1,0,4,1,12,481,12481,31,2011,1FTFX1CF3BFC,1,F,T,F,X,1,C,F,3,B,F,C,0,0,0,Not Applicable,Not Applicable,0,0,0,1,0,0,0,0,0,0,0,30,0,0,0,12,2,5,9,0,0,0,1,4,85302,6,1,0,0,3,3,67,170,0,0,0,2,0,5,2011,11,2012,0,0,0,0,0,2,3,40,1,1,8,1,3,3,3,83,1,1,1,13,,,,0,1,,,,,,,,,,,,,,,,,,,,,,,,,2015
2015040525,4,40525,1,2,2,21,8,6,26,12,6,1,0,4,2,35,472,35472,30,2010,1N6BD0CT6AC4,1,N,6,B,D,0,C,T,6,A,C,4,0,0,0,Not Applicable,Not Applicable,0,0,0,1,0,0,0,0,0,0,0,15,0,0,0,82,6,2,12,0,0,0,1,4,85615,6,1,0,0,3,3,69,137,0,0,0,0,0,0,0,0,0,0,38,0,0,0,1,2,65,1,1,8,1,0,0,1,17,99,1,1,87,,,,1,0,,,,,,,,,,,,,,,,,,,,,,,,,2015
2015040525,4,40525,2,2,7,21,8,6,26,12,6,1,0,4,3,90,981,90981,50,2008,1BAKGCPA38F2,1,B,A,K,G,C,P,A,3,8,F,2,0,0,88,None,None,3,21,22,1,0,0,0,0,1,2,0,55,0,0,0,12,6,2,12,0,0,0,1,4,85650,6,1,6,1,3,0,75,240,0,0,0,0,0,0,0,0,0,0,0,0,0,0,1,2,65,1,1,2,1,0,0,1,66,98,1,3,86,,,,0,0,,,,,,,,,,,,,,,,,,,,,,,,,2015
2015040526,4,40526,1,2,1,21,8,7,22,12,6,1,0,6,3,12,481,12481,31,2006,1FTNF21556EC,1,F,T,N,F,2,1,5,5,6,E,C,0,0,0,Not Applicable,Not Applicable,0,0,0,1,0,0,0,0,0,0,0,10,0,1,1,82,6,2,12,0,0,0,1,4,85138,6,1,0,0,3,0,74,165,0,0,0,0,0,0,0,0,0,0,38,0,0,0,2,4,45,1,1,2,1,3,3,11,15,99,9,3,68,,,,1,0,,,,,,,,,,,,,,,,,,,,,,,,,2015
2015040526,4,40526,2,2,1,21,8,7,22,12,6,1,0,48,3,85,881,85881,66,2016,1XKYDP9X7GJ4,1,X,K,Y,D,P,9,X,7,G,J,4,1,1,57,184843,57184843,3,6,1,1,0,0,0,0,0,0,0,50,0,1,1,12,6,2,12,0,0,0,1,4,85031,6,1,6,0,3,0,71,215,1,0,0,0,0,10,2013,10,2013,0,0,0,0,0,2,4,45,1,1,2,1,3,3,1,62,99,9,3,69,,,,0,0,,,,,,,,,,,,,,,,,,,,,,,,,2015
2015040527,4,40527,1,2,1,21,8,17,16,12,6,1,0,4,1,20,481,20481,31,2010,3GCRKSE3XAG2,3,G,C,R,K,S,E,3,X,A,G,2,0,0,0,Not Applicable,Not Applicable,0,0,0,1,0,0,0,0,0,0,0,62,0,0,0,12,6,2,12,0,0,0,1,4,85128,0,0,0,0,0,0,999,999,0,0,0,0,0,0,0,0,0,3,91,0,0,0,1,2,35,1,1,2,1,0,0,1,66,99,1,1,88,,,,0,0,,,,,,,,,,,,,,,,,,,,,,,,,2015
2015040527,4,40527,2,2,4,21,8,17,16,12,6,1,0,4,2,12,37,12037,4,2000,1FAFP3437YW2,1,F,A,F,P,3,4,3,7,Y,W,2,0,0,0,Not Applicable,Not Applicable,0,0,0,1,0,0,0,0,0,0,0,25,0,0,0,62,6,2,12,0,0,0,1,4,85128,6,1,0,0,3,3,67,190,0,0,0,0,0,0,0,0,0,0,39,0,0,0,1,2,25,1,1,2,1,20,3,1,17,99,1,1,89,,,,1,0,,,,,,,,,,,,,,,,,,,,,,,,,2015
2015040528,4,40528,1,2,1,21,8,18,0,12,1,1,0,4,1,2,407,2407,14,2013,1C4NJPBB6DD1,1,C,4,N,J,P,B,B,6,D,D,1,0,0,0,Not Applicable,Not Applicable,0,0,0,1,0,0,0,0,0,0,0,998,0,1,1,6,6,2,1,0,0,0,1,4,86538,6,1,0,0,3,0,67,160,0,0,0,1,0,5,2014,5,2014,0,0,0,0,0,1,2,65,1,1,2,1,0,0,2,53,99,1,1,30,,,,1,0,,,,,,,,,,,,,,,,,,,,,,,,,2015
2015040528,4,40528,2,2,1,21,8,18,0,12,1,1,0,4,2,18,25,18025,4,2014,1G4PP5SK6E42,1,G,4,P,P,5,S,K,6,E,4,2,0,0,0,Not Applicable,Not Applicable,0,0,0,1,0,0,0,0,0,0,0,998,0,0,0,12,6,2,12,0,0,0,1,4,86538,6,1,0,0,3,0,69,220,0,0,0,0,0,0,0,0,0,0,0,0,0,0,1,2,65,1,1,2,1,0,0,1,52,99,9,3,28,,,,0,1,,,,,,,,,,,,,,,,,,,,,,,,,2015
2015040529,4,40529,1,1,1,22,8,15,22,34,0,1,0,4,2,7,482,7482,31,2001,3B7KF26Z01M5,3,B,7,K,F,2,6,Z,0,1,M,5,0,0,0,Not Applicable,Not Applicable,0,0,0,1,0,0,0,0,0,0,0,65,0,1,5,99,6,2,1,0,0,0,1,4,86044,6,1,0,0,3,0,69,195,0,0,0,0,0,0,0,0,0,4,58,0,0,0,1,2,65,3,6,2,1,0,0,14,13,9,5,4,2,,,,1,1,,,,,,,,,,,,,,,,,,,,,,,,,2015
2015040530,4,40530,1,1,2,22,8,20,59,33,0,1,0,4,3,23,481,23481,31,2015,1GTN1TEC4FZ9,1,G,T,N,1,T,E,C,4,F,Z,9,0,0,0,Not Applicable,Not Applicable,0,0,0,1,0,0,0,0,0,0,0,999,0,1,6,12,6,2,1,0,0,0,1,4,85201,6,1,0,0,3,0,64,120,0,0,0,2,1,10,2010,2,2015,4,39,91,0,0,1,2,25,3,1,8,1,20,3,14,14,99,1,4,14,,,,1,1,,,,,,,,,,,,,,,,,,,,,,,,,2015
2015040531,4,40531,1,1,3,23,8,20,17,1,0,1,0,35,1,37,31,37031,4,2004,2HGES26804H5,2,H,G,E,S,2,6,8,0,4,H,5,0,0,0,Not Applicable,Not Applicable,0,0,0,1,0,0,0,0,0,0,0,75,0,1,3,0,6,2,1,0,0,0,1,35,87401,6,1,0,0,3,3,70,130,98,0,0,0,0,0,0,0,0,0,83,0,0,0,2,2,75,1,6,2,1,0,0,1,87,6,9,4,8,,,,1,0,,,,,,,,,,,,,,,,,,,,,,,,,2015
2015040532,4,40532,1,7,1,25,8,7,30,33,0,1,0,4,1,41,51,41051,4,2009,JM1BK32G0912,J,M,1,B,K,3,2,G,0,9,1,2,0,0,0,Not Applicable,Not Applicable,0,0,0,1,0,0,0,0,0,0,0,65,0,0,0,99,6,2,12,0,0,0,1,6,93030,6,1,0,0,3,0,67,154,0,0,0,0,0,0,0,0,0,3,58,0,0,0,1,4,40,2,6,2,1,0,0,14,6,99,9,4,2,,,,1,0,,,,,,,,,,,,,,,,,,,,,,,,,2015
2015040532,4,40532,2,7,1,25,8,7,30,33,0,1,0,4,2,30,40,30040,4,2005,3VWSF71K15M6,3,V,W,S,F,7,1,K,1,5,M,6,0,0,0,Not Applicable,Not Applicable,0,0,0,1,0,0,0,0,0,0,0,55,0,0,0,82,6,2,12,0,0,0,1,4,86303,6,1,0,0,3,0,67,130,0,0,0,0,0,0,0,0,0,0,0,0,0,0,1,4,40,2,6,2,1,0,0,14,61,1,1,1,98,,,,0,0,,,,,,,,,,,,,,,,,,,,,,,,,2015
2015040532,4,40532,3,7,1,25,8,7,30,33,0,1,0,4,1,37,32,37032,4,2000,1HGCG1654YA0,1,H,G,C,G,1,6,5,4,Y,A,0,0,0,0,Not Applicable,Not Applicable,0,0,0,1,0,0,0,0,0,0,0,40,0,0,0,12,6,2,12,0,0,0,1,4,86301,6,1,0,0,3,0,76,150,0,0,0,0,0,0,0,0,0,0,0,0,0,0,1,4,40,3,5,2,1,0,0,14,62,99,9,1,98,,,,0,0,,,,,,,,,,,,,,,,,,,,,,,,,2015
2015040532,4,40532,4,7,1,25,8,7,30,33,0,1,0,4,1,20,481,20481,31,2005,2GCEK13T1513,2,G,C,E,K,1,3,T,1,5,1,3,0,0,0,Not Applicable,Not Applicable,0,0,0,1,0,0,0,0,0,0,0,40,0,0,0,62,6,2,12,0,0,0,1,4,86314,6,1,0,0,3,0,68,130,0,0,0,0,0,0,0,0,0,0,0,0,0,0,1,4,40,3,5,2,1,0,0,14,62,1,1,1,98,,,,0,0,,,,,,,,,,,,,,,,,,,,,,,,,2015
2015040532,4,40532,5,7,1,25,8,7,30,33,0,1,0,4,1,35,402,35402,14,2007,5N1AN08W47C5,5,N,1,A,N,0,8,W,4,7,C,5,0,0,0,Not Applicable,Not Applicable,0,0,0,1,0,0,0,0,0,0,0,40,0,0,0,63,4,3,12,0,0,0,1,4,86314,6,1,0,0,3,0,68,160,0,0,0,0,0,0,0,0,0,0,0,0,0,0,1,4,40,3,5,2,1,0,0,14,62,99,9,3,98,,,,0,0,,,,,,,,,,,,,,,,,,,,,,,,,2015
2015040532,4,40532,6,7,1,25,8,7,30,33,0,1,0,4,2,49,40,49040,4,2007,JTNBB46K5730,J,T,N,B,B,4,6,K,5,7,3,0,0,0,0,Not Applicable,Not Applicable,0,0,0,1,0,0,0,0,0,0,0,40,0,0,0,63,4,5,12,0,0,0,1,4,86327,6,1,0,0,3,0,62,125,0,0,0,0,0,0,0,0,0,0,0,0,0,0,1,4,40,3,5,2,1,0,0,14,62,99,9,3,98,,,,0,0,,,,,,,,,,,,,,,,,,,,,,,,,2015
2015040532,4,40532,7,7,1,25,8,7,30,33,0,1,0,4,1,55,36,55036,4,2004,KMHCG45C24U5,K,M,H,C,G,4,5,C,2,4,U,5,0,0,0,Not Applicable,Not Applicable,0,0,0,1,0,0,0,0,0,0,0,40,0,0,0,12,2,5,54,0,0,0,1,4,86301,6,1,0,0,3,0,68,160,0,0,0,0,0,0,0,0,0,0,89,0,0,0,1,4,40,3,5,2,1,0,0,14,98,99,1,3,98,,,,0,0,,,,,,,,,,,,,,,,,,,,,,,,,2015
2015040533,4,40533,1,2,1,26,8,13,35,12,1,1,0,4,1,20,431,20431,16,1990,1GNEV16K4LF1,1,G,N,E,V,1,6,K,4,L,F,1,0,0,0,Not Applicable,Not Applicable,0,0,0,1,0,0,0,0,0,0,0,75,0,0,0,12,6,2,12,0,0,0,1,4,85120,6,1,0,0,3,0,71,200,0,1,0,2,2,7,2011,3,2015,4,0,0,0,0,3,5,65,1,1,2,1,0,0,1,51,1,1,1,24,,,,0,0,,,,,,,,,,,,,,,,,,,,,,,,,2015
2015040533,4,40533,2,2,1,26,8,13,35,12,1,1,0,4,1,22,16,22016,2,2001,1G2JB12T8172,1,G,2,J,B,1,2,T,8,1,7,2,0,0,0,Not Applicable,Not Applicable,0,0,0,1,0,0,0,0,0,0,0,40,0,0,0,6,6,2,12,0,0,0,1,4,85225,6,1,0,0,3,0,70,150,0,0,0,3,0,11,2011,2,2014,0,0,0,0,0,3,5,65,1,1,2,1,0,0,1,53,99,1,1,25,,,,1,0,,,,,,,,,,,,,,,,,,,,,,,,,2015
2015040534,4,40534,1,1,1,29,8,0,27,8,0,1,0,4,1,7,472,7472,31,1998,1B7GG22Y0WS5,1,B,7,G,G,2,2,Y,0,W,S,5,0,0,0,Not Applicable,Not Applicable,0,0,0,1,0,0,0,0,0,0,0,43,0,0,0,12,2,5,8,0,0,0,1,4,85013,6,1,0,0,3,0,68,177,0,2,1,0,0,10,2010,9,2013,0,0,0,0,0,2,4,40,1,1,8,1,0,0,1,80,99,1,3,13,,,,0,0,,,,,,,,,,,,,,,,,,,,,,,,,2015
2015040535,4,40535,1,1,99,29,8,0,55,8,0,1,1,99,9,99,999,99999,99,9999,Unknown,9,9,9,9,9,9,9,9,9,9,9,9,0,0,0,Not Applicable,Not Applicable,0,0,0,1,0,0,0,0,0,0,0,998,0,0,0,99,2,5,8,99,99,0,1,99,99999,9,9,99,0,9,9,999,999,99,99,99,99,99,99,9999,99,9999,0,99,99,99,99,2,3,45,1,1,2,1,0,0,1,80,99,1,3,13,,,,0,0,,,,,,,,,,,,,,,,,,,,,,,,,2015
2015040536,4,40536,1,1,1,29,8,11,19,24,0,1,0,6,1,72,706,72706,80,2014,1HD1GZM37EC3,1,H,D,1,G,Z,M,3,7,E,C,3,0,0,0,Not Applicable,Not Applicable,0,0,0,1,0,0,0,0,0,0,0,75,0,0,0,99,4,3,24,0,0,0,1,6,94403,6,1,0,0,3,0,68,190,2,0,0,2,0,7,2013,8,2015,4,0,0,0,0,2,2,75,1,5,2,1,0,0,1,13,99,1,4,5,,,,1,0,,,,,,,,,,,,,,,,,,,,,,,,,2015
2015040537,4,40537,1,1,3,31,8,14,20,35,0,1,0,4,5,12,481,12481,31,2007,1FTRF12217KD,1,F,T,R,F,1,2,2,1,7,K,D,0,0,0,Not Applicable,Not Applicable,0,0,0,1,0,0,0,0,0,0,0,65,0,0,0,99,6,2,35,0,0,0,1,4,85035,0,0,0,0,0,0,67,165,0,0,0,0,0,0,0,0,0,3,91,0,0,0,1,2,25,1,1,5,1,0,0,1,5,99,9,4,7,,,,1,0,,,,,,,,,,,,,,,,,,,,,,,,,2015
2015040540,4,40540,1,2,4,10,8,16,46,12,6,1,0,6,4,2,404,2404,14,2015,1C4PJMDB0FW7,1,C,4,P,J,M,D,B,0,F,W,7,0,0,0,Not Applicable,Not Applicable,0,0,0,1,0,0,0,0,0,0,0,6,0,0,0,61,6,2,12,0,0,0,1,36,11204,6,1,0,0,3,3,62,120,0,0,0,0,0,0,0,0,0,0,39,53,0,0,1,3,55,1,6,2,2,20,3,11,15,99,1,1,82,,,,2,0,,,,,,,,,,,,,,,,,,,,,,,,,2015
2015040540,4,40540,2,2,1,10,8,16,46,12,6,1,0,4,3,85,884,85884,66,1998,1XKDD29XXWR7,1,X,K,D,D,2,9,X,X,W,R,7,1,1,57,1875796,571875796,3,6,8,1,0,0,0,0,0,0,0,50,0,0,0,12,6,2,12,0,0,0,1,4,85941,6,1,6,0,3,3,68,220,0,0,0,0,0,0,0,0,0,0,0,0,0,0,1,5,55,1,1,2,2,0,0,1,67,98,1,1,83,,,,0,0,,,,,,,,,,,,,,,,,,,,,,,,,2015
2015040541,4,40541,1,5,1,22,8,2,28,1,0,1,0,4,1,53,706,53706,80,2009,JS1GR7LA0921,J,S,1,G,R,7,L,A,0,9,2,1,0,0,0,Not Applicable,Not Applicable,0,0,0,1,0,0,0,0,0,0,0,998,0,0,0,0,6,2,12,0,0,0,1,4,85131,6,1,0,0,2,0,70,185,0,0,0,0,0,0,0,0,0,4,0,0,0,0,2,2,75,1,1,2,1,0,0,1,51,98,9,1,98,,,,1,1,,,,,,,,,,,,,,,,,,,,,,,,,2015
2015040541,4,40541,2,5,1,22,8,2,28,1,0,1,0,4,1,20,481,20481,40,1984,1GBHC34J6EV1,1,G,B,H,C,3,4,J,6,E,V,1,1,1,0,Not Applicable,Not Applicable,0,0,0,1,0,0,0,0,0,0,0,70,0,0,0,6,4,5,12,0,0,0,1,4,85746,6,1,6,0,3,0,73,260,0,13,0,2,3,12,2010,1,2015,0,0,0,0,0,2,2,75,1,1,2,1,0,0,1,53,1,1,1,98,,,,0,0,,,,,,,,,,,,,,,,,,,,,,,,,2015
2015040541,4,40541,3,5,1,22,8,2,28,1,0,1,0,92,0,73,706,73706,80,2006,JKAZXCD1X6A0,J,K,A,Z,X,C,D,1,X,6,A,0,0,0,0,Not Applicable,Not Applicable,0,0,0,1,0,0,0,0,0,0,0,998,0,0,0,0,6,2,1,0,0,0,1,4,85122,1,1,0,0,2,0,69,205,0,8,0,6,2,11,2011,2,2015,4,0,0,0,0,2,2,75,1,1,2,1,0,0,1,9,99,9,4,98,,,,0,1,,,,,,,,,,,,,,,,,,,,,,,,,2015
2015040541,4,40541,4,5,2,22,8,2,28,1,0,1,0,4,1,34,37,34037,4,2012,WBAKC8C50CC4,W,B,A,K,C,8,C,5,0,C,C,4,0,0,0,Not Applicable,Not Applicable,0,0,0,1,0,0,0,0,0,0,0,63,0,0,0,14,6,2,54,0,0,0,1,4,85650,6,1,0,0,3,3,67,226,0,0,0,0,2,8,2011,12,2014,0,0,0,0,0,2,2,75,1,1,2,1,0,0,1,90,1,1,1,98,,,,0,0,,,,,,,,,,,,,,,,,,,,,,,,,2015
2015040541,4,40541,5,5,1,22,8,2,28,1,0,1,0,4,2,23,481,23481,31,2007,1GTEC19J07Z6,1,G,T,E,C,1,9,J,0,7,Z,6,0,0,0,Not Applicable,Not Applicable,0,0,0,1,0,0,0,0,0,0,0,998,0,0,0,14,2,5,54,0,0,0,1,4,85123,6,1,0,0,3,3,69,180,0,0,0,0,0,0,0,0,0,0,0,0,0,0,2,2,75,1,1,2,1,0,0,1,90,1,1,1,98,,,,0,0,,,,,,,,,,,,,,,,,,,,,,,,,2015
2015040542,4,40542,1,3,1,1,8,13,32,33,0,1,0,4,1,20,421,20421,15,2001,1GNEC13VX1J2,1,G,N,E,C,1,3,V,X,1,J,2,0,0,0,Not Applicable,Not Applicable,0,0,0,1,0,0,0,0,0,0,0,998,0,0,0,12,6,2,12,0,0,0,1,4,85008,6,1,0,0,3,0,68,180,0,0,0,0,0,0,0,0,0,0,0,0,0,0,2,3,45,1,1,2,1,0,0,1,13,99,9,4,1,,,,1,1,,,,,,,,,,,,,,,,,,,,,,,,,2015
2015040542,4,40542,2,3,2,1,8,13,32,33,0,1,0,4,1,37,32,37032,4,2013,1HGCR2F50DA2,1,H,G,C,R,2,F,5,0,D,A,2,0,0,0,Not Applicable,Not Applicable,0,0,0,1,0,0,0,0,0,0,0,998,0,0,0,12,6,2,12,0,0,0,1,4,85704,6,1,0,0,3,0,72,220,0,0,0,0,0,0,0,0,0,0,0,0,0,0,2,3,45,1,1,2,1,0,0,1,62,99,9,1,98,,,,1,0,,,,,,,,,,,,,,,,,,,,,,,,,2015
2015040542,4,40542,3,3,1,1,8,13,32,33,0,1,0,4,1,22,18,22018,4,2000,1G2NF52E6YM7,1,G,2,N,F,5,2,E,6,Y,M,7,0,0,0,Not Applicable,Not Applicable,0,0,0,1,0,0,0,0,0,0,0,998,0,0,0,12,6,2,12,0,0,0,1,4,85301,0,0,0,0,0,0,999,999,0,0,0,0,0,0,0,0,0,0,0,0,0,0,2,3,45,1,1,2,1,0,0,1,60,2,1,1,98,,,,0,0,,,,,,,,,,,,,,,,,,,,,,,,,2015
2015040543,4,40543,1,2,1,2,8,9,57,33,0,1,0,4,1,45,31,45031,2,1999,WP0AA2995XS6,W,P,0,A,A,2,9,9,5,X,S,6,0,0,0,Not Applicable,Not Applicable,0,0,0,1,0,0,0,0,0,0,0,84,0,0,0,98,6,2,12,0,0,0,1,4,85045,6,1,0,0,3,0,69,170,0,0,0,0,0,0,0,0,0,3,0,0,0,0,5,6,45,1,1,2,1,0,0,6,13,99,9,4,5,,,,1,0,,,,,,,,,,,,,,,,,,,,,,,,,2015
2015040543,4,40543,2,2,3,2,8,9,57,33,0,1,0,4,1,20,481,20481,31,2012,1GT120C85CF1,1,G,T,1,2,0,C,8,5,C,F,1,0,0,0,Not Applicable,Not Applicable,0,0,0,1,0,0,0,0,0,0,0,41,0,1,1,12,6,2,1,0,0,0,1,4,85042,6,1,6,0,3,0,71,247,0,0,0,0,0,0,0,0,0,0,0,0,0,0,5,6,45,1,1,2,1,0,0,1,62,99,9,1,98,,,,0,0,,,,,,,,,,,,,,,,,,,,,,,,,2015
2015040544,4,40544,1,2,1,3,8,17,35,12,6,1,0,4,1,73,706,73706,80,2006,JKAVN2B176A0,J,K,A,V,N,2,B,1,7,6,A,0,0,0,0,Not Applicable,Not Applicable,0,0,0,1,0,0,0,0,0,0,0,35,0,0,0,12,6,2,12,0,0,0,1,4,85354,6,1,0,0,3,0,72,170,1,0,0,1,0,3,2015,4,2015,0,39,0,0,0,2,4,45,1,1,2,1,3,3,1,17,3,2,1,88,,,,1,0,,,,,,,,,,,,,,,,,,,,,,,,,2015
2015040544,4,40544,2,2,1,3,8,17,35,12,6,1,0,39,1,37,31,37031,4,2014,2HGFB2F58EH5,2,H,G,F,B,2,F,5,8,E,H,5,0,0,0,Not Applicable,Not Applicable,0,0,0,1,0,0,0,0,0,0,0,999,0,0,0,63,6,2,12,0,0,0,1,39,43004,6,1,0,0,3,3,62,127,0,0,0,0,0,0,0,0,0,0,0,0,0,0,2,4,45,1,1,2,1,3,3,1,66,99,9,1,89,,,,0,0,,,,,,,,,,,,,,,,,,,,,,,,,2015
2015040545,4,40545,1,1,2,5,8,7,29,8,0,1,0,4,1,49,401,49401,14,1998,JT3GN87R6W00,J,T,3,G,N,8,7,R,6,W,0,0,0,0,0,Not Applicable,Not Applicable,0,0,0,1,0,0,0,0,0,0,0,40,0,0,0,12,2,5,8,0,0,0,1,4,85302,6,1,0,0,3,0,72,230,0,0,0,0,0,0,0,0,0,0,39,0,0,0,1,6,40,1,1,2,1,3,3,1,80,1,1,1,13,,,,0,0,,,,,,,,,,,,,,,,,,,,,,,,,2015
2015040546,4,40546,1,2,1,6,8,16,6,12,6,1,0,99,9,76,709,76709,80,2009,Unknown,9,9,9,9,9,9,9,9,9,9,9,9,0,0,0,Not Applicable,Not Applicable,0,0,0,1,0,0,0,0,0,0,0,998,0,0,0,12,9,9,12,0,0,0,1,4,85019,6,1,0,0,3,0,69,210,0,0,0,1,1,8,2010,8,2011,5,99,99,99,99,1,6,99,1,9,8,99,99,9,1,17,99,9,9,69,,,,1,0,,,,,,,,,,,,,,,,,,,,,,,,,2015
2015040546,4,40546,2,2,4,6,8,16,6,12,6,1,0,99,9,12,423,12423,16,2004,Unknown,9,9,9,9,9,9,9,9,9,9,9,9,1,1,0,Not Applicable,Not Applicable,0,0,0,1,0,0,0,0,0,0,0,998,0,0,0,4,9,9,12,0,0,0,1,4,85015,6,1,0,0,3,0,65,155,0,2,0,0,2,12,2010,7,2011,0,99,99,99,99,1,6,99,1,9,8,99,99,9,11,63,99,9,9,68,,,,0,0,,,,,,,,,,,,,,,,,,,,,,,,,2015
2015040547,4,40547,1,1,1,7,8,22,1,8,0,1,0,4,3,12,461,12461,21,2009,1FTNE24W09DA,1,F,T,N,E,2,4,W,0,9,D,A,0,0,0,Not Applicable,Not Applicable,0,0,0,1,0,0,0,0,0,0,0,39,0,0,0,12,2,5,8,0,0,0,1,4,85208,6,1,0,0,3,0,71,165,0,0,0,1,0,7,2011,7,2011,0,0,0,0,0,5,6,40,1,1,2,1,0,0,1,80,9,1,1,13,,,,0,0,,,,,,,,,,,,,,,,,,,,,,,,,2015
2015040548,4,40548,1,2,1,8,8,8,50,12,6,1,0,4,2,37,701,37701,88,1985,JH2AF0605FS1,J,H,2,A,F,0,6,0,5,F,S,1,0,0,0,Not Applicable,Not Applicable,0,0,0,1,0,0,0,0,0,0,0,25,0,0,0,12,6,2,12,0,0,0,1,4,85006,0,0,0,0,0,0,65,150,0,0,0,0,0,0,0,0,0,0,34,0,0,0,1,5,35,1,1,2,1,3,3,6,51,99,1,1,71,,,,1,0,,,,,,,,,,,,,,,,,,,,,,,,,2015
2015040548,4,40548,2,2,1,8,8,8,50,12,6,1,0,4,3,84,884,84884,66,2005,1HSHWAHN85J1,1,H,S,H,W,A,H,N,8,5,J,1,1,1,57,358597,57358597,3,6,1,1,0,0,0,0,0,0,0,5,0,0,0,1,2,5,12,0,0,0,1,4,85353,6,1,6,0,3,3,73,235,0,0,0,0,0,0,0,0,0,0,0,0,0,0,1,5,35,1,1,2,1,3,3,10,53,1,1,1,70,,,,0,0,,,,,,,,,,,,,,,,,,,,,,,,,2015
2015040549,4,40549,1,1,1,13,8,0,58,9,0,1,1,4,2,6,441,6441,20,2011,2A4RR8DGXBR7,2,A,4,R,R,8,D,G,X,B,R,7,0,0,0,Not Applicable,Not Applicable,0,0,0,1,0,0,0,0,0,0,0,46,0,0,0,12,4,5,9,0,0,0,1,4,85339,0,0,0,0,0,0,71,210,0,0,0,0,0,0,0,0,0,0,28,0,0,0,2,2,45,1,1,8,1,0,0,1,83,99,1,2,13,,,,0,0,,,,,,,,,,,,,,,,,,,,,,,,,2015