accident_id,STATE,ST_CASE,VEH_NO,VE_FORMS,NUMOCCS,DAY,MONTH,HOUR,MINUTE,HARM_EV,MAN_COLL,UNITTYPE,HIT_RUN,REG_STAT,OWNER,MAKE,MODEL,MAK_MOD,BODY_TYP,MOD_YEAR,VIN,VIN_1,VIN_2,VIN_3,VIN_4,VIN_5,VIN_6,VIN_7,VIN_8,VIN_9,VIN_10,VIN_11,VIN_12,TOW_VEH,J_KNIFE,MCARR_I1,MCARR_I2,MCARR_ID,GVWR,V_CONFIG,CARGO_BT,HAZ_INV,HAZ_PLAC,HAZ_ID,HAZ_CNO,HAZ_REL,BUS_USE,SPEC_USE,EMER_USE,TRAV_SP,UNDERIDE,ROLLOVER,ROLINLOC,IMPACT1,DEFORMED,TOWED,M_HARM,VEH_SC1,VEH_SC2,FIRE_EXP,DR_PRES,L_STATE,DR_ZIP,L_STATUS,L_TYPE,CDL_STAT,L_ENDORS,L_COMPL,L_RESTRI,DR_HGT,DR_WGT,PREV_ACC,PREV_SUS,PREV_DWI,PREV_SPD,PREV_OTH,FIRST_MO,FIRST_YR,LAST_MO,LAST_YR,SPEEDREL,DR_SF1,DR_SF2,DR_SF3,DR_SF4,VTRAFWAY,VNUM_LAN,VSPD_LIM,VALIGN,VPROFILE,VPAVETYP,VSURCOND,VTRAFCON,VTCONT_F,P_CRASH1,P_CRASH2,P_CRASH3,PCRASH4,PCRASH5,ACC_TYPE,TRLR1VIN,TRLR2VIN,TRLR3VIN,DEATHS,DR_DRINK,VINTYPE,VINMAKE,VINA_MOD,VIN_BT,VINMODYR,VIN_LNGT,VIN_WGT,WGTCD_TR,WHLBS_LG,WHLBS_SH,SER_TR,FUELCODE,MCYCL_DS,CARBUR,CYLINDER,DISPLACE,MCYCL_CY,MCYCL_WT,TIRE_SZE,TON_RAT,TRK_WT,TRKWTVAR,VIN_REST,WHLDRWHL,Year
2015040550,4,40550,1,1,4,14,8,15,48,1,0,1,0,4,9,12,37,12037,4,2007,1FAFP34N17W3,1,F,A,F,P,3,4,N,1,7,W,3,0,0,0,Not Applicable,Not Applicable,0,0,0,1,0,0,0,0,0,0,0,70,0,1,5,0,6,2,1,0,0,0,1,38,58801,6,1,0,0,3,0,67,128,0,0,0,0,0,0,0,0,0,4,0,0,0,0,1,2,45,1,6,5,1,0,0,1,13,8,4,4,7,,,,1,0,,,,,,,,,,,,,,,,,,,,,,,,,2015
2015040551,4,40551,1,2,3,13,8,14,47,12,2,1,0,4,2,35,401,35401,14,2010,5N1AR1NB3AC6,5,N,1,A,R,1,N,B,3,A,C,6,0,0,0,Not Applicable,Not Applicable,0,0,0,1,0,0,0,0,0,0,0,998,0,1,1,12,6,2,12,0,0,0,1,4,86504,6,1,0,0,3,3,72,380,0,1,0,0,0,2,2015,2,2015,4,28,0,0,0,1,2,98,8,8,2,1,0,0,1,10,1,9,2,50,,,,3,1,,,,,,,,,,,,,,,,,,,,,,,,,2015
2015040551,4,40551,2,2,4,13,8,14,47,12,2,1,0,4,3,20,443,20443,20,2003,1GNDX03E03D2,1,G,N,D,X,0,3,E,0,3,D,2,0,0,0,Not Applicable,Not Applicable,0,0,0,1,0,0,0,0,0,0,0,998,0,1,1,12,6,2,12,0,0,0,1,4,86505,6,1,0,0,3,3,66,185,0,0,0,0,0,0,0,0,0,9,99,99,99,99,1,2,98,8,8,2,1,0,0,1,62,1,1,1,51,,,,2,0,,,,,,,,,,,,,,,,,,,,,,,,,2015
2015040552,4,40552,1,2,5,15,8,18,45,12,2,1,0,4,1,20,481,20481,31,1991,2GCEC19K5M11,2,G,C,E,C,1,9,K,5,M,1,1,0,0,0,Not Applicable,Not Applicable,0,0,0,1,0,0,0,0,0,0,0,998,0,0,0,12,6,2,12,0,0,0,1,4,85901,6,1,0,0,3,0,73,160,0,0,0,0,1,9,2012,9,2012,4,0,0,0,0,1,2,0,2,1,5,1,0,0,14,54,3,1,1,52,,,,0,0,,,,,,,,,,,,,,,,,,,,,,,,,2015
2015040552,4,40552,2,2,2,15,8,18,45,12,2,1,0,98,0,98,998,98998,97,2016,3NSVFE990GF4,3,N,S,V,F,E,9,9,0,G,F,4,0,0,0,Not Applicable,Not Applicable,0,0,0,1,0,0,0,0,0,0,0,998,0,0,0,12,6,2,12,0,0,0,1,4,85901,6,1,0,0,3,0,73,180,0,0,0,0,0,0,0,0,0,4,51,0,0,0,1,2,0,3,1,5,1,0,0,14,54,99,9,1,52,,,,2,1,,,,,,,,,,,,,,,,,,,,,,,,,2015
2015040554,4,40554,1,2,1,18,8,20,17,12,6,1,1,92,0,53,706,53706,80,2006,JS1GT76A6621,J,S,1,G,T,7,6,A,6,6,2,1,0,0,0,Not Applicable,Not Applicable,0,0,0,1,0,0,0,0,0,0,0,25,0,0,0,12,6,2,12,0,0,0,1,4,85027,6,1,0,0,3,0,75,140,0,0,0,2,0,2,2011,5,2013,0,24,89,0,0,1,2,25,1,1,2,1,0,0,1,66,3,2,1,86,,,,1,0,,,,,,,,,,,,,,,,,,,,,,,,,2015
2015040554,4,40554,2,2,2,18,8,20,17,12,6,1,0,4,2,37,32,37032,4,1999,JHMCG6650XC0,J,H,M,C,G,6,6,5,0,X,C,0,0,0,0,Not Applicable,Not Applicable,0,0,0,1,0,0,0,0,0,0,0,15,0,0,0,3,2,5,12,0,0,0,1,4,85027,6,1,0,0,3,0,63,175,0,0,0,0,0,0,0,0,0,0,38,0,0,0,1,2,25,1,1,2,1,20,3,1,17,1,1,1,87,,,,0,0,,,,,,,,,,,,,,,,,,,,,,,,,2015
2015040555,4,40555,1,3,1,19,8,14,0,12,6,1,0,4,1,20,441,20441,20,1995,1GNDM19W2SB2,1,G,N,D,M,1,9,W,2,S,B,2,0,0,0,Not Applicable,Not Applicable,0,0,0,1,0,0,0,0,0,0,0,55,0,1,1,62,6,2,1,0,0,0,1,4,85326,6,1,0,0,3,0,70,250,0,0,0,0,0,0,0,0,0,4,39,0,0,0,2,5,55,1,1,2,1,3,3,1,17,3,1,1,89,,,,1,0,,,,,,,,,,,,,,,,,,,,,,,,,2015
2015040555,4,40555,2,3,2,19,8,14,0,12,6,1,0,4,1,18,404,18404,14,2013,KL4CJASB7DB1,K,L,4,C,J,A,S,B,7,D,B,1,0,0,0,Not Applicable,Not Applicable,0,0,0,1,0,0,0,0,0,0,0,20,0,0,0,12,6,2,12,0,0,0,1,4,85338,6,1,0,0,3,3,66,175,0,0,0,0,0,0,0,0,0,0,0,0,0,0,2,4,45,1,1,2,1,3,3,1,66,99,1,1,88,,,,0,0,,,,,,,,,,,,,,,,,,,,,,,,,2015
2015040555,4,40555,3,3,4,19,8,14,0,12,6,1,0,4,1,63,34,63034,4,2014,5XXGM4A72EG2,5,X,X,G,M,4,A,7,2,E,G,2,0,0,0,Not Applicable,Not Applicable,0,0,0,1,0,0,0,0,0,0,0,0,0,0,0,12,4,5,12,0,0,0,1,4,85338,6,1,0,0,3,0,63,120,0,0,0,0,0,0,0,0,0,0,0,0,0,0,2,5,45,1,1,2,1,3,3,5,62,1,1,1,98,,,,0,0,,,,,,,,,,,,,,,,,,,,,,,,,2015
2015040556,4,40556,1,2,2,20,8,16,10,12,99,1,0,99,9,7,42,7042,2,9999,Unknown,9,9,9,9,9,9,9,9,9,9,9,9,0,0,0,Not Applicable,Not Applicable,0,0,0,1,0,0,0,0,0,0,0,999,0,1,9,99,9,9,1,0,0,0,1,4,86503,0,0,0,0,0,0,67,175,0,4,0,0,0,8,2013,11,2013,9,99,99,99,99,9,9,99,9,9,8,99,99,9,99,99,99,9,9,99,,,,1,0,,,,,,,,,,,,,,,,,,,,,,,,,2015
2015040556,4,40556,2,2,1,20,8,16,10,12,99,1,0,99,9,49,43,49043,4,9999,Unknown,9,9,9,9,9,9,9,9,9,9,9,9,0,0,0,Not Applicable,Not Applicable,0,0,0,1,0,0,0,0,0,0,0,999,0,0,0,99,9,9,12,0,0,0,1,99,99999,9,9,99,0,9,9,999,999,99,99,99,99,99,99,9999,99,9999,9,99,99,99,99,9,9,99,9,9,8,99,99,9,99,99,99,9,9,99,,,,0,0,,,,,,,,,,,,,,,,,,,,,,,,,2015
2015040557,4,40557,1,2,1,22,8,1,52,12,2,1,0,4,1,63,32,63032,4,2011,KNADH4A34B67,K,N,A,D,H,4,A,3,4,B,6,7,0,0,0,Not Applicable,Not Applicable,0,0,0,1,0,0,0,0,0,0,0,40,0,0,0,12,6,2,12,0,0,0,1,4,85353,6,1,0,0,3,0,65,150,0,0,0,0,0,0,0,0,0,0,99,99,99,99,5,5,45,1,1,2,1,0,0,1,54,99,9,3,53,,,,1,1,,,,,,,,,,,,,,,,,,,,,,,,,2015
2015040557,4,40557,2,2,1,22,8,1,52,12,2,1,0,4,1,20,481,20481,31,2013,1GCRCREA0DZ1,1,G,C,R,C,R,E,A,0,D,Z,1,0,0,0,Not Applicable,Not Applicable,0,0,0,1,0,0,0,0,0,0,0,34,0,0,0,12,6,2,12,0,0,0,1,4,85308,6,1,0,0,3,0,73,200,0,0,0,1,1,6,2013,9,2013,0,99,99,99,99,5,5,45,1,1,2,1,0,0,99,54,6,1,2,53,,,,0,0,,,,,,,,,,,,,,,,,,,,,,,,,2015
2015040558,4,40558,1,1,3,23,8,5,7,32,0,1,0,5,2,7,422,7422,15,2005,1D4HD38N45F5,1,D,4,H,D,3,8,N,4,5,F,5,0,0,0,Not Applicable,Not Applicable,0,0,0,1,0,0,0,0,0,0,0,998,0,1,6,12,6,2,1,0,0,0,1,4,85201,1,1,0,0,2,0,72,191,0,0,0,0,0,0,0,0,0,0,99,99,99,99,1,2,65,1,1,2,1,0,0,1,13,1,1,4,1,,,,1,1,,,,,,,,,,,,,,,,,,,,,,,,,2015
2015040559,4,40559,1,1,1,23,8,5,28,43,0,1,0,92,0,76,702,76702,83,2002,JYACB03YX2A0,J,Y,A,C,B,0,3,Y,X,2,A,0,0,0,0,Not Applicable,Not Applicable,0,0,0,1,0,0,0,0,0,0,0,30,0,0,0,12,6,2,43,0,0,0,1,4,86323,1,1,0,0,2,0,66,165,0,1,0,3,2,2,2012,4,2015,4,0,0,0,0,1,2,25,3,1,2,1,0,0,14,13,99,1,4,1,,,,1,1,,,,,,,,,,,,,,,,,,,,,,,,,2015
2015040560,4,40560,1,1,1,24,8,5,0,38,0,1,0,4,1,52,46,52046,4,2010,JA32U2FU2AU0,J,A,3,2,U,2,F,U,2,A,U,0,0,0,0,Not Applicable,Not Applicable,0,0,0,1,0,0,0,0,0,0,0,35,0,0,0,12,2,5,38,0,0,0,1,4,85022,6,1,0,0,3,3,71,220,0,0,0,0,0,0,0,0,0,0,0,0,0,0,1,2,55,1,1,2,1,0,0,1,12,99,1,4,9,,,,1,0,,,,,,,,,,,,,,,,,,,,,,,,,2015
2015040561,4,40561,1,1,3,27,8,13,1,5,0,1,0,4,1,7,482,7482,31,1994,1B7KC26Z9RS5,1,B,7,K,C,2,6,Z,9,R,S,5,0,0,0,Not Applicable,Not Applicable,0,0,0,1,0,0,0,0,0,0,0,998,0,0,0,0,0,5,5,0,0,0,1,4,85929,6,1,0,0,3,0,72,200,0,2,0,0,1,7,2011,12,2014,9,91,0,0,0,1,2,98,1,1,8,98,0,0,1,98,1,1,1,0,,,,1,0,,,,,,,,,,,,,,,,,,,,,,,,,2015
2015040562,4,40562,1,1,1,29,8,1,41,30,0,1,0,99,9,35,43,35043,4,2006,Unknown,9,9,9,9,9,9,9,9,9,9,9,9,0,0,0,Not Applicable,Not Applicable,0,0,0,1,0,0,0,0,0,0,0,999,0,0,0,12,9,9,30,0,0,0,1,99,99999,9,9,99,0,9,9,999,999,99,99,99,99,99,99,9999,99,9999,9,99,99,99,99,9,9,99,9,9,8,99,99,9,99,99,99,9,9,10,,,,1,1,,,,,,,,,,,,,,,,,,,,,,,,,2015
2015040563,4,40563,1,1,99,30,8,0,59,8,0,1,1,99,9,99,999,99999,99,9999,Unknown,9,9,9,9,9,9,9,9,9,9,9,9,0,0,0,Not Applicable,Not Applicable,0,0,0,1,0,0,0,0,0,0,0,998,0,0,0,99,9,5,8,99,99,0,1,99,99999,9,9,99,0,9,9,999,999,99,99,99,99,99,99,9999,99,9999,0,99,99,99,99,1,2,55,1,1,2,1,0,0,1,80,99,1,1,13,,,,0,0,,,,,,,,,,,,,,,,,,,,,,,,,2015
2015040564,4,40564,1,1,6,5,9,7,37,1,0,1,0,6,2,2,404,2404,14,2000,1J4G248S7YC4,1,J,4,G,2,4,8,S,7,Y,C,4,0,0,0,Not Applicable,Not Applicable,0,0,0,1,0,0,0,0,0,0,0,998,0,1,5,0,6,2,1,0,0,0,1,6,90038,6,1,0,0,3,0,59,136,0,0,0,0,0,0,0,0,0,4,0,0,0,0,1,2,65,1,5,2,1,0,0,1,13,99,9,4,2,,,,1,0,,,,,,,,,,,,,,,,,,,,,,,,,2015
2015040565,4,40565,1,2,1,5,9,10,48,12,6,1,0,4,2,20,37,20037,4,2012,1G1ZC5E05CF3,1,G,1,Z,C,5,E,0,5,C,F,3,0,0,0,Not Applicable,Not Applicable,0,0,0,1,0,0,0,0,0,0,0,15,0,0,0,82,2,5,12,0,0,0,1,4,85017,6,1,0,0,3,0,67,145,0,3,1,1,0,9,2011,10,2014,0,38,0,0,0,1,7,40,1,1,8,1,3,3,11,15,1,1,1,68,,,,0,0,,,,,,,,,,,,,,,,,,,,,,,,,2015
2015040565,4,40565,2,2,1,5,9,10,48,12,6,1,0,4,2,98,709,98709,80,2009,AZ311094,A,Z,3,1,1,0,9,4,,,,,0,0,0,Not Applicable,Not Applicable,0,0,0,1,0,0,0,0,0,0,0,40,0,0,0,12,6,2,12,0,0,0,1,4,86413,6,1,0,0,3,3,79,295,0,0,0,0,1,6,2011,6,2011,0,0,0,0,0,1,7,40,1,1,8,1,3,3,1,62,99,9,1,69,,,,1,0,,,,,,,,,,,,,,,,,,,,,,,,,2015
2015040566,4,40566,1,1,1,6,9,11,15,24,0,1,0,4,1,37,705,37705,80,2006,JH2PC35086M7,J,H,2,P,C,3,5,0,8,6,M,7,0,0,0,Not Applicable,Not Applicable,0,0,0,1,0,0,0,0,0,0,0,998,0,0,0,12,6,2,24,0,0,0,1,4,85301,6,1,6,0,3,3,70,220,0,0,0,0,2,12,2011,6,2012,4,0,0,0,0,1,2,45,3,6,2,1,40,3,14,13,99,1,4,1,,,,1,0,,,,,,,,,,,,,,,,,,,,,,,,,2015
2015040567,4,40567,1,1,2,6,9,21,31,20,0,1,0,6,1,12,481,12481,31,2010,1FTEW1C83AKB,1,F,T,E,W,1,C,8,3,A,K,B,0,0,0,Not Applicable,Not Applicable,0,0,0,1,0,0,0,0,0,0,0,998,0,0,0,12,6,2,20,0,0,0,1,6,95991,6,1,0,0,3,0,61,125,0,0,0,0,0,0,0,0,0,0,27,0,0,0,6,2,45,3,5,8,1,40,3,14,13,1,1,4,1,,,,1,0,,,,,,,,,,,,,,,,,,,,,,,,,2015
2015040569,4,40569,1,3,1,7,9,20,12,12,2,1,0,4,2,37,32,37032,4,1992,JHMCB7655NC0,J,H,M,C,B,7,6,5,5,N,C,0,0,0,0,Not Applicable,Not Applicable,0,0,0,1,0,0,0,0,0,0,0,40,0,0,0,12,6,2,12,0,0,0,1,4,85741,0,0,0,0,0,0,62,180,0,0,0,0,0,0,0,0,0,0,28,0,0,0,1,2,40,1,1,8,1,0,0,1,10,99,9,2,50,,,,1,0,,,,,,,,,,,,,,,,,,,,,,,,,2015
2015040569,4,40569,2,3,1,7,9,20,12,12,2,1,0,4,1,12,481,12481,31,2003,1FTNW21PX3EB,1,F,T,N,W,2,1,P,X,3,E,B,0,0,0,Not Applicable,Not Applicable,0,0,0,1,0,0,0,0,0,0,0,40,0,0,0,12,6,2,12,0,0,0,1,4,85629,6,1,0,0,3,0,66,145,0,0,0,0,0,0,0,0,0,0,0,0,0,0,1,2,40,1,1,8,1,0,0,1,62,99,1,1,51,,,,0,0,,,,,,,,,,,,,,,,,,,,,,,,,2015
2015040569,4,40569,3,3,2,7,9,20,12,12,2,1,0,4,1,2,407,2407,14,2012,1C4NJPBA7CD6,1,C,4,N,J,P,B,A,7,C,D,6,0,0,0,Not Applicable,Not Applicable,0,0,0,1,0,0,0,0,0,0,0,40,0,0,0,12,2,5,54,0,0,0,1,4,85653,6,1,0,0,3,0,64,140,0,2,0,0,1,5,2013,10,2013,0,0,0,0,0,1,2,40,1,1,8,1,0,0,1,98,98,9,3,98,,,,0,0,,,,,,,,,,,,,,,,,,,,,,,,,2015
2015040570,4,40570,1,1,1,8,9,6,1,15,0,1,0,4,1,37,31,37031,4,2007,2HGFA55587H7,2,H,G,F,A,5,5,5,8,7,H,7,0,0,0,Not Applicable,Not Applicable,0,0,0,1,0,0,0,0,0,0,0,10,0,0,0,12,2,5,15,0,0,0,1,4,85364,6,1,0,0,3,0,72,195,0,0,0,0,0,0,0,0,0,0,38,0,0,0,1,5,35,1,1,8,1,3,3,10,83,1,1,1,13,,,,0,0,,,,,,,,,,,,,,,,,,,,,,,,,2015
2015040571,4,40571,1,1,3,9,9,4,19,11,0,1,0,35,2,35,402,35402,14,2005,5N1AN08UX5C6,5,N,1,A,N,0,8,U,X,5,C,6,0,0,0,Not Applicable,Not Applicable,0,0,0,1,0,0,0,0,0,0,0,998,0,1,3,12,6,2,1,0,0,0,1,6,91101,6,1,0,0,3,0,72,135,0,0,0,0,0,0,0,0,0,0,83,0,0,0,2,2,75,1,1,2,1,0,0,1,87,99,1,1,13,,,,1,0,,,,,,,,,,,,,,,,,,,,,,,,,2015
2015040572,4,40572,1,1,2,10,9,9,56,1,0,1,0,4,2,12,471,12471,30,2008,1FTYR10D68PA,1,F,T,Y,R,1,0,D,6,8,P,A,0,0,0,Not Applicable,Not Applicable,0,0,0,1,0,0,0,0,0,0,0,998,0,1,5,0,6,2,1,0,0,0,1,4,86409,6,1,0,0,3,0,76,188,0,0,0,0,0,0,0,0,0,4,0,0,0,0,2,2,65,2,6,2,1,0,0,14,9,99,9,4,2,,,,1,0,,,,,,,,,,,,,,,,,,,,,,,,,2015
2015040573,4,40573,1,1,1,12,9,13,11,24,0,1,0,4,1,37,703,37703,80,2012,MLHMC4112C52,M,L,H,M,C,4,1,1,2,C,5,2,0,0,0,Not Applicable,Not Applicable,0,0,0,1,0,0,0,0,0,0,0,50,0,0,0,99,6,2,24,0,0,0,1,4,85210,6,1,0,0,3,0,60,120,0,0,0,0,0,0,0,0,0,4,0,0,0,0,1,2,55,3,5,2,1,0,0,14,13,1,1,4,1,,,,1,0,,,,,,,,,,,,,,,,,,,,,,,,,2015
2015040574,4,40574,1,2,1,12,9,18,25,12,7,1,0,4,2,18,402,18402,14,2005,5GADS13SX522,5,G,A,D,S,1,3,S,X,5,2,2,0,0,0,Not Applicable,Not Applicable,0,0,0,1,0,0,0,0,0,0,0,998,0,1,5,82,6,2,1,0,0,0,1,4,85713,1,1,0,0,2,0,67,130,0,8,1,1,3,8,2012,6,2015,9,99,99,99,99,4,4,45,1,1,2,1,3,3,1,9,99,9,3,49,,,,1,1,,,,,,,,,,,,,,,,,,,,,,,,,2015
2015040574,4,40574,2,2,2,12,9,18,25,12,7,1,0,4,1,49,40,49040,4,2007,4T1BK46K97U5,4,T,1,B,K,4,6,K,9,7,U,5,0,0,0,Not Applicable,Not Applicable,0,0,0,1,0,0,0,0,0,0,0,998,0,0,0,63,4,5,12,0,0,0,1,4,85741,6,1,0,0,3,0,70,175,0,0,0,0,0,0,0,0,0,0,0,0,0,0,4,4,45,1,1,2,1,3,3,1,62,99,1,1,49,,,,0,0,,,,,,,,,,,,,,,,,,,,,,,,,2015
2015040575,4,40575,1,1,1,12,9,23,7,8,0,1,0,4,1,7,21,7021,6,2006,2D4GV572X6H5,2,D,4,G,V,5,7,2,X,6,H,5,0,0,0,Not Applicable,Not Applicable,0,0,0,1,0,0,0,0,0,0,0,50,0,0,0,12,2,3,8,0,0,0,1,4,85131,6,1,2,0,3,0,65,210,0,4,0,0,0,12,2011,8,2012,0,91,0,0,0,1,2,55,1,1,2,1,0,0,1,80,99,1,1,13,,,,0,1,,,,,,,,,,,,,,,,,,,,,,,,,2015
2015040576,4,40576,1,1,1,12,9,23,40,8,0,1,1,4,2,21,20,21020,4,1992,1G3AL54N8N63,1,G,3,A,L,5,4,N,8,N,6,3,0,0,0,Not Applicable,Not Applicable,0,0,0,1,0,0,0,0,0,0,0,998,0,0,0,12,4,5,8,0,0,0,1,4,85713,6,1,0,0,3,0,72,180,0,1,0,1,0,7,2012,2,2013,0,28,91,0,0,5,5,45,1,1,2,1,0,0,1,80,1,1,2,13,,,,0,1,,,,,,,,,,,,,,,,,,,,,,,,,2015
2015040577,4,40577,1,1,1,15,9,14,51,8,0,1,0,4,1,41,50,41050,4,2004,1YVFP80C445N,1,Y,V,F,P,8,0,C,4,4,5,N,0,0,0,Not Applicable,Not Applicable,0,0,0,1,0,0,0,0,0,0,0,40,0,0,0,82,2,5,8,0,0,0,1,4,85019,6,1,0,0,3,0,69,145,0,0,0,0,0,0,0,0,0,0,0,0,0,0,5,6,40,1,1,8,1,0,0,1,80,6,1,1,13,,,,0,0,,,,,,,,,,,,,,,,,,,,,,,,,2015
2015040578,4,40578,1,2,1,15,9,20,30,57,0,1,0,4,1,67,35,67035,2,2013,JF1ZNAA18D17,J,F,1,Z,N,A,A,1,8,D,1,7,0,0,0,Not Applicable,Not Applicable,0,0,0,1,0,0,0,0,0,0,0,998,0,0,0,99,6,2,12,0,0,0,1,4,85379,6,1,0,0,3,0,70,195,0,0,0,0,0,0,0,0,0,3,0,0,0,0,3,7,65,1,1,2,1,0,0,1,9,99,5,4,7,,,,1,1,,,,,,,,,,,,,,,,,,,,,,,,,2015
2015040578,4,40578,2,2,1,15,9,20,30,57,0,1,0,4,1,20,481,20481,31,2006,1GCEC14X06Z2,1,G,C,E,C,1,4,X,0,6,Z,2,0,0,0,Not Applicable,Not Applicable,0,0,0,1,0,0,0,0,0,0,0,998,0,0,0,12,6,2,12,0,0,0,1,4,85204,6,1,0,0,3,0,66,170,0,0,0,0,0,0,0,0,0,0,0,0,0,0,3,7,65,1,1,2,1,0,0,1,62,99,1,1,98,,,,0,0,,,,,,,,,,,,,,,,,,,,,,,,,2015
2015040579,4,40579,1,1,1,16,9,8,30,9,0,1,0,4,1,7,403,7403,14,2007,1D8GT28K17W6,1,D,8,G,T,2,8,K,1,7,W,6,0,0,0,Not Applicable,Not Applicable,0,0,0,1,0,0,0,0,0,0,0,30,0,0,0,12,2,5,9,0,0,0,1,4,85245,6,1,0,0,3,0,63,115,0,0,0,0,0,0,0,0,0,0,0,0,0,0,2,3,40,1,1,2,1,3,3,1,83,1,1,1,13,,,,0,0,,,,,,,,,,,,,,,,,,,,,,,,,2015
2015040580,4,40580,1,1,1,16,9,21,12,8,0,1,0,4,1,35,47,35047,4,2005,1N4AL11D05C1,1,N,4,A,L,1,1,D,0,5,C,1,0,0,0,Not Applicable,Not Applicable,0,0,0,1,0,0,0,0,0,0,0,40,0,0,0,12,2,5,8,0,0,0,1,4,85713,6,1,0,0,3,0,65,168,0,0,0,0,0,0,0,0,0,0,0,0,0,0,4,2,40,1,1,2,1,0,0,1,80,8,1,1,13,,,,0,0,,,,,,,,,,,,,,,,,,,,,,,,,2015
2015040581,4,40581,1,2,3,21,9,17,31,12,6,1,0,4,1,20,481,20481,31,2002,1GCEK14V12Z1,1,G,C,E,K,1,4,V,1,2,Z,1,0,0,0,Not Applicable,Not Applicable,0,0,0,1,0,0,0,0,0,0,0,10,0,0,0,61,6,2,12,0,0,0,1,4,85225,6,1,0,0,3,3,65,150,0,0,0,0,0,0,0,0,0,0,38,0,0,0,1,3,25,1,1,2,2,20,3,1,17,99,1,1,89,,,,3,0,,,,,,,,,,,,,,,,,,,,,,,,,2015
2015040581,4,40581,2,2,1,21,9,17,31,12,6,1,0,4,1,23,481,23481,31,2006,1GTHK23D96F1,1,G,T,H,K,2,3,D,9,6,F,1,0,0,0,Not Applicable,Not Applicable,0,0,0,1,0,0,0,0,0,0,0,65,0,0,0,12,6,2,12,0,0,0,1,4,85225,6,1,0,0,3,3,73,175,0,2,0,3,0,4,2011,11,2014,0,0,0,0,0,2,4,65,1,1,2,2,0,0,1,66,6,1,3,88,,,,0,0,,,,,,,,,,,,,,,,,,,,,,,,,2015
2015040582,4,40582,1,2,1,21,9,23,32,12,6,1,0,4,2,35,32,35032,3,1991,JN1MS36P0MW0,J,N,1,M,S,3,6,P,0,M,W,0,0,0,0,Not Applicable,Not Applicable,0,0,0,1,0,0,0,0,0,0,0,130,0,1,5,12,6,2,1,0,0,0,1,4,85658,1,1,0,0,2,0,73,160,0,4,0,1,1,10,2012,9,2014,3,0,0,0,0,2,2,40,1,1,2,1,0,0,1,17,7,9,2,69,,,,1,0,,,,,,,,,,,,,,,,,,,,,,,,,2015
2015040582,4,40582,2,2,1,21,9,23,32,12,6,1,0,4,1,6,18,6018,4,2011,1C3BC2FG0BN5,1,C,3,B,C,2,F,G,0,B,N,5,0,0,0,Not Applicable,Not Applicable,0,0,0,1,0,0,0,0,0,0,0,10,0,0,0,82,6,2,12,0,0,0,1,4,85730,6,1,0,0,3,3,67,175,0,1,0,1,0,2,2014,2,2014,0,0,0,0,0,2,3,40,1,1,2,1,0,0,11,63,99,1,1,68,,,,0,0,,,,,,,,,,,,,,,,,,,,,,,,,2015
2015040583,4,40583,1,1,1,25,9,12,5,24,0,1,0,32,4,72,706,72706,80,2014,1HD1KRM14EB6,1,H,D,1,K,R,M,1,4,E,B,6,0,0,0,Not Applicable,Not Applicable,0,0,0,1,0,0,0,0,0,0,0,998,0,0,0,82,6,2,24,0,0,0,1,27,55319,6,1,0,0,3,0,67,180,0,0,0,0,0,0,0,0,0,0,99,99,99,99,3,2,55,3,6,2,1,0,0,14,13,99,9,4,5,,,,1,0,,,,,,,,,,,,,,,,,,,,,,,,,2015
2015040584,4,40584,1,1,1,26,9,9,7,33,0,1,0,4,2,37,32,37032,4,1997,1HGCD5535VA0,1,H,G,C,D,5,5,3,5,V,A,0,0,0,0,Not Applicable,Not Applicable,0,0,0,1,0,0,0,0,0,0,0,50,0,0,0,99,6,2,30,0,0,0,1,4,85749,6,1,0,0,3,0,67,108,1,0,0,1,1,5,2015,6,2015,4,27,0,0,0,2,2,45,1,1,8,1,0,0,15,13,99,9,4,5,,,,1,0,,,,,,,,,,,,,,,,,,,,,,,,,2015
2015040585,4,40585,1,1,1,26,9,18,59,8,0,1,1,4,2,12,3,12003,1,1997,1FALP45X1VF1,1,F,A,L,P,4,5,X,1,V,F,1,0,0,0,Not Applicable,Not Applicable,0,0,0,1,0,0,0,0,0,0,0,999,0,0,0,12,2,5,8,0,0,0,1,4,85120,1,1,0,0,2,0,71,200,0,8,3,5,3,1,2011,6,2015,0,91,0,0,0,1,2,35,1,1,2,1,0,0,1,80,99,9,3,13,,,,0,0,,,,,,,,,,,,,,,,,,,,,,,,,2015
2015040586,4,40586,1,1,1,29,9,5,28,9,0,1,0,4,1,37,32,37032,4,1999,1HGCG1653XA0,1,H,G,C,G,1,6,5,3,X,A,0,0,0,0,Not Applicable,Not Applicable,0,0,0,1,0,0,0,0,0,0,0,40,0,0,0,12,2,3,9,0,0,0,1,4,85756,6,1,0,0,3,0,71,150,0,1,0,0,0,2,2011,2,2011,0,99,99,99,99,2,3,45,1,5,2,1,0,0,15,83,99,1,2,13,,,,0,0,,,,,,,,,,,,,,,,,,,,,,,,,2015
2015040587,4,40587,1,2,1,30,9,12,7,12,6,1,0,30,1,49,40,49040,4,2005,4T1BE32K95U9,4,T,1,B,E,3,2,K,9,5,U,9,0,0,0,Not Applicable,Not Applicable,0,0,0,1,0,0,0,0,0,0,0,10,0,0,0,9,6,2,12,0,0,0,1,30,59011,6,1,0,0,3,0,65,150,98,0,0,0,0,0,0,0,0,0,38,0,0,0,0,0,0,0,0,0,0,20,3,11,15,99,1,1,82,,,,1,0,,,,,,,,,,,,,,,,,,,,,,,,,2015