accident_id,STATE,ST_CASE,VEH_NO,VE_FORMS,NUMOCCS,DAY,MONTH,HOUR,MINUTE,HARM_EV,MAN_COLL,UNITTYPE,HIT_RUN,REG_STAT,OWNER,MAKE,MODEL,MAK_MOD,BODY_TYP,MOD_YEAR,VIN,VIN_1,VIN_2,VIN_3,VIN_4,VIN_5,VIN_6,VIN_7,VIN_8,VIN_9,VIN_10,VIN_11,VIN_12,TOW_VEH,J_KNIFE,MCARR_I1,MCARR_I2,MCARR_ID,GVWR,V_CONFIG,CARGO_BT,HAZ_INV,HAZ_PLAC,HAZ_ID,HAZ_CNO,HAZ_REL,BUS_USE,SPEC_USE,EMER_USE,TRAV_SP,UNDERIDE,ROLLOVER,ROLINLOC,IMPACT1,DEFORMED,TOWED,M_HARM,VEH_SC1,VEH_SC2,FIRE_EXP,DR_PRES,L_STATE,DR_ZIP,L_STATUS,L_TYPE,CDL_STAT,L_ENDORS,L_COMPL,L_RESTRI,DR_HGT,DR_WGT,PREV_ACC,PREV_SUS,PREV_DWI,PREV_SPD,PREV_OTH,FIRST_MO,FIRST_YR,LAST_MO,LAST_YR,SPEEDREL,DR_SF1,DR_SF2,DR_SF3,DR_SF4,VTRAFWAY,VNUM_LAN,VSPD_LIM,VALIGN,VPROFILE,VPAVETYP,VSURCOND,VTRAFCON,VTCONT_F,P_CRASH1,P_CRASH2,P_CRASH3,PCRASH4,PCRASH5,ACC_TYPE,TRLR1VIN,TRLR2VIN,TRLR3VIN,DEATHS,DR_DRINK,VINTYPE,VINMAKE,VINA_MOD,VIN_BT,VINMODYR,VIN_LNGT,VIN_WGT,WGTCD_TR,WHLBS_LG,WHLBS_SH,SER_TR,FUELCODE,MCYCL_DS,CARBUR,CYLINDER,DISPLACE,MCYCL_CY,MCYCL_WT,TIRE_SZE,TON_RAT,TRK_WT,TRKWTVAR,VIN_REST,WHLDRWHL,Year
2015040587,4,40587,2,2,2,30,9,12,7,12,6,1,0,49,1,12,471,12471,30,1994,1FTCR14XXRPA,1,F,T,C,R,1,4,X,X,R,P,A,0,0,0,Not Applicable,Not Applicable,0,0,0,1,0,0,0,0,0,0,0,45,0,0,0,12,6,2,12,0,0,0,1,49,84123,6,1,0,0,3,0,67,120,98,0,0,0,0,0,0,0,0,0,99,99,99,99,5,5,45,1,1,2,1,0,0,1,72,99,1,1,83,,,,0,0,,,,,,,,,,,,,,,,,,,,,,,,,2015
2015040588,4,40588,1,3,1,30,8,20,47,12,6,1,0,4,1,20,9,20009,2,1995,2G1FP22S1S21,2,G,1,F,P,2,2,S,1,S,2,1,0,0,0,Not Applicable,Not Applicable,0,0,0,1,0,0,0,0,0,0,0,10,0,0,0,62,6,2,12,0,0,0,1,4,85741,6,1,0,0,3,0,61,107,0,0,0,0,1,8,2014,8,2014,0,91,39,0,0,1,2,45,1,1,8,1,20,3,11,15,1,1,1,82,,,,0,0,,,,,,,,,,,,,,,,,,,,,,,,,2015
2015040588,4,40588,2,3,1,30,8,20,47,12,6,1,0,4,1,37,705,37705,80,2005,JH2RC50335M1,J,H,2,R,C,5,0,3,3,5,M,1,0,0,0,Not Applicable,Not Applicable,0,0,0,1,0,0,0,0,0,0,0,45,0,0,0,12,6,2,12,0,0,0,1,4,85705,6,1,0,0,3,3,67,170,0,1,0,1,0,12,2012,12,2012,9,0,0,0,0,5,4,45,1,1,8,1,0,0,1,67,99,1,1,83,,,,1,0,,,,,,,,,,,,,,,,,,,,,,,,,2015
2015040588,4,40588,3,3,2,30,8,20,47,12,6,1,0,4,1,49,402,49402,14,2001,JTEGH20V9100,J,T,E,G,H,2,0,V,9,1,0,0,0,0,0,Not Applicable,Not Applicable,0,0,0,1,0,0,0,0,0,0,0,45,0,0,0,12,2,3,54,0,0,0,1,4,85704,6,1,0,0,3,0,64,110,0,0,0,0,0,0,0,0,0,0,0,0,0,0,5,3,45,1,1,8,1,0,0,1,65,8,1,2,98,,,,0,0,,,,,,,,,,,,,,,,,,,,,,,,,2015
2015040589,4,40589,1,2,2,4,9,14,2,12,6,1,0,4,1,37,31,37031,3,1989,2HGED7364KH5,2,H,G,E,D,7,3,6,4,K,H,5,0,0,0,Not Applicable,Not Applicable,0,0,0,1,0,0,0,0,0,0,0,70,0,0,0,12,6,2,12,0,0,0,1,4,86413,1,1,0,0,2,0,72,180,0,5,0,0,1,10,2010,7,2015,3,0,0,0,0,1,2,25,1,1,2,1,0,0,1,17,3,2,1,86,,,,1,0,,,,,,,,,,,,,,,,,,,,,,,,,2015
2015040589,4,40589,2,2,2,4,9,14,2,12,6,1,0,4,1,7,442,7442,20,2002,1B8GP45322B5,1,B,8,G,P,4,5,3,2,2,B,5,0,0,0,Not Applicable,Not Applicable,0,0,0,1,0,0,0,0,0,0,0,10,0,0,0,82,6,2,12,0,0,0,1,4,86409,6,1,0,0,3,0,62,260,0,0,0,0,0,0,0,0,0,0,0,0,0,0,1,2,25,1,1,2,1,20,3,1,66,1,1,1,87,,,,0,0,,,,,,,,,,,,,,,,,,,,,,,,,2015
2015040590,4,40590,1,1,1,5,9,21,33,34,0,1,0,4,1,73,706,73706,80,2002,JKAZGCA172B5,J,K,A,Z,G,C,A,1,7,2,B,5,0,0,0,Not Applicable,Not Applicable,0,0,0,1,0,0,0,0,0,0,0,80,0,0,0,12,6,2,1,0,0,0,1,4,85541,6,1,0,0,3,0,71,165,0,3,0,3,1,1,2013,1,2014,3,0,0,0,0,1,2,25,2,1,2,1,0,0,14,12,99,1,4,6,,,,1,1,,,,,,,,,,,,,,,,,,,,,,,,,2015
2015040591,4,40591,1,1,1,16,9,11,44,9,0,1,0,4,1,41,51,41051,4,2005,JM1BK12F2512,J,M,1,B,K,1,2,F,2,5,1,2,0,0,0,Not Applicable,Not Applicable,0,0,0,1,0,0,0,0,0,0,0,15,0,0,0,12,2,5,9,0,0,0,1,4,85015,6,1,0,0,3,3,70,160,0,0,0,0,0,0,0,0,0,0,0,0,0,0,2,3,40,1,1,8,1,0,0,1,83,1,1,1,13,,,,0,0,,,,,,,,,,,,,,,,,,,,,,,,,2015
2015040592,4,40592,1,1,99,19,9,18,25,8,0,1,1,99,9,99,499,99499,30,9999,Unknown,9,9,9,9,9,9,9,9,9,9,9,9,0,0,0,Not Applicable,Not Applicable,0,0,0,1,0,0,0,0,0,0,0,26,0,0,0,99,9,5,8,99,99,0,1,99,99999,9,9,99,0,9,9,999,999,99,99,99,99,99,99,9999,99,9999,0,0,0,0,0,1,6,35,1,1,2,1,0,0,1,80,99,1,1,13,,,,0,0,,,,,,,,,,,,,,,,,,,,,,,,,2015
2015040593,4,40593,1,2,2,22,9,18,6,12,6,1,0,4,1,24,1,24001,4,1998,1G8ZF5280WZ1,1,G,8,Z,F,5,2,8,0,W,Z,1,0,0,0,Not Applicable,Not Applicable,0,0,0,1,0,0,0,0,0,0,0,998,0,0,0,12,4,8,12,0,0,0,1,4,85757,6,1,0,0,3,0,71,205,0,0,0,0,0,0,0,0,0,0,38,0,0,0,1,5,35,1,1,2,1,3,3,11,15,1,1,1,68,,,,0,0,,,,,,,,,,,,,,,,,,,,,,,,,2015
2015040593,4,40593,2,2,1,22,9,18,6,12,6,1,0,4,2,73,703,73703,80,2006,JKAEXMF156DA,J,K,A,E,X,M,F,1,5,6,D,A,0,0,0,Not Applicable,Not Applicable,0,0,0,1,0,0,0,0,0,0,0,35,0,0,0,61,9,2,12,0,0,0,1,4,85757,6,1,0,0,3,3,70,200,0,1,0,1,0,11,2010,11,2010,0,0,0,0,0,1,5,35,1,1,2,1,3,3,1,62,99,1,3,69,,,,1,0,,,,,,,,,,,,,,,,,,,,,,,,,2015
2015040594,4,40594,1,1,1,22,9,22,24,8,0,1,0,4,2,37,31,37031,4,2008,1HGFA16588L0,1,H,G,F,A,1,6,5,8,8,L,0,0,0,0,Not Applicable,Not Applicable,0,0,0,1,0,0,0,0,0,0,0,35,0,0,0,12,2,5,8,0,0,0,1,4,85233,6,1,0,0,3,3,61,130,0,1,0,1,0,6,2013,9,2015,0,0,0,0,0,2,2,35,1,1,8,1,0,0,1,80,1,1,1,13,,,,0,0,,,,,,,,,,,,,,,,,,,,,,,,,2015
2015040595,4,40595,1,2,1,21,8,7,49,12,1,1,0,4,1,72,706,72706,80,2007,1HD1KB4137Y6,1,H,D,1,K,B,4,1,3,7,Y,6,0,0,0,Not Applicable,Not Applicable,0,0,0,1,0,0,0,0,0,0,0,998,0,0,0,12,6,2,12,0,0,0,1,4,85233,6,1,0,0,3,0,68,175,0,0,0,1,0,4,2014,4,2014,4,89,0,0,0,3,4,55,1,1,2,1,0,0,1,52,99,9,1,28,,,,1,0,,,,,,,,,,,,,,,,,,,,,,,,,2015
2015040595,4,40595,2,2,1,21,8,7,49,12,1,1,0,4,1,35,49,35049,6,2011,JN8AZ1FY4BW0,J,N,8,A,Z,1,F,Y,4,B,W,0,0,0,0,Not Applicable,Not Applicable,0,0,0,1,0,0,0,0,0,0,0,998,0,0,0,6,6,2,25,0,0,0,1,4,85048,6,1,0,0,3,3,61,118,0,0,0,0,0,0,0,0,0,0,0,0,0,0,3,4,55,1,1,2,1,0,0,2,53,99,1,1,29,,,,0,0,,,,,,,,,,,,,,,,,,,,,,,,,2015
2015040596,4,40596,1,2,1,6,9,22,20,1,0,1,0,4,2,72,706,72706,80,2005,1HD1CGP185K4,1,H,D,1,C,G,P,1,8,5,K,4,0,0,0,Not Applicable,Not Applicable,0,0,0,1,0,0,0,0,0,0,0,998,0,0,0,0,6,2,12,0,0,1,1,4,85122,6,1,0,0,2,0,71,180,0,2,1,1,0,3,2012,7,2012,9,99,99,99,99,5,5,45,1,1,2,1,0,0,1,9,98,9,3,98,,,,1,1,,,,,,,,,,,,,,,,,,,,,,,,,2015
2015040596,4,40596,2,2,1,6,9,22,20,1,0,1,0,20,3,85,884,85884,66,2012,1XKADP9X8CR3,1,X,K,A,D,P,9,X,8,C,R,3,1,1,57,230360,57230360,3,6,1,1,0,0,0,0,0,0,0,998,0,0,0,6,6,2,12,0,0,1,1,20,66615,6,1,6,0,3,0,72,180,0,0,0,0,0,0,0,0,0,9,99,99,99,99,5,5,45,1,1,2,1,0,0,1,53,1,1,1,98,,,,0,0,,,,,,,,,,,,,,,,,,,,,,,,,2015
2015040597,4,40597,1,1,1,24,9,19,9,8,0,1,0,4,1,7,26,7026,4,2008,1B3LC46K58N6,1,B,3,L,C,4,6,K,5,8,N,6,0,0,0,Not Applicable,Not Applicable,0,0,0,1,0,0,0,0,0,0,0,35,0,0,0,12,2,3,8,0,0,0,1,4,85364,6,1,0,0,3,0,62,160,0,0,0,1,1,12,2012,11,2013,0,0,0,0,0,5,5,35,1,1,8,1,0,0,1,80,1,1,1,13,,,,0,0,,,,,,,,,,,,,,,,,,,,,,,,,2015
2015040598,4,40598,1,1,2,2,9,15,8,1,0,1,9,99,9,99,999,99999,99,9999,Unknown,9,9,9,9,9,9,9,9,9,9,9,9,0,0,0,Not Applicable,Not Applicable,0,0,0,1,0,0,0,0,0,0,0,999,0,9,9,0,9,9,1,0,0,0,1,99,99999,9,9,99,0,9,9,999,999,99,99,99,99,99,99,9999,99,9999,9,99,99,99,99,9,9,99,9,9,8,99,99,9,99,99,99,9,9,99,,,,2,0,,,,,,,,,,,,,,,,,,,,,,,,,2015
2015040599,4,40599,1,1,1,4,9,20,20,8,0,1,0,4,1,7,482,7482,40,2012,3C63DRGL3CG2,3,C,6,3,D,R,G,L,3,C,G,2,0,0,88,None,None,2,2,96,1,0,0,0,0,0,0,0,998,0,0,0,12,4,8,8,0,0,0,1,4,86545,6,1,0,0,3,0,72,300,0,0,0,0,0,0,0,0,0,0,0,0,0,0,1,2,98,8,8,2,98,0,0,1,80,1,1,1,13,,,,0,0,,,,,,,,,,,,,,,,,,,,,,,,,2015
2015040600,4,40600,1,1,1,6,9,99,99,8,0,1,9,99,9,99,999,99999,99,9999,Unknown,9,9,9,9,9,9,9,9,9,9,9,9,0,0,0,Not Applicable,Not Applicable,0,0,0,1,0,0,0,0,0,0,0,999,0,0,0,99,9,9,8,0,0,0,1,99,99999,9,9,99,0,9,9,999,999,99,99,99,99,99,99,9999,99,9999,9,99,99,99,99,9,9,99,9,9,8,99,99,9,99,80,99,9,9,13,,,,0,0,,,,,,,,,,,,,,,,,,,,,,,,,2015
2015040601,4,40601,1,2,2,9,9,22,34,12,6,1,0,4,1,63,37,63037,6,2011,KNDJT2A20B72,K,N,D,J,T,2,A,2,0,B,7,2,0,0,0,Not Applicable,Not Applicable,0,0,0,1,0,0,0,0,0,0,0,35,0,0,0,12,6,2,12,0,0,0,1,4,85210,6,1,0,0,3,0,62,132,0,0,0,0,0,0,0,0,0,0,39,0,0,0,2,5,35,1,1,2,1,3,3,1,17,99,9,1,69,,,,1,0,,,,,,,,,,,,,,,,,,,,,,,,,2015
2015040601,4,40601,2,2,3,9,9,22,34,12,6,1,0,4,2,41,50,41050,4,2014,JM1GJ1V50E11,J,M,1,G,J,1,V,5,0,E,1,1,0,0,0,Not Applicable,Not Applicable,0,0,0,1,0,0,0,0,0,0,0,16,0,0,0,82,6,2,12,0,0,0,1,4,85204,6,1,0,0,3,0,65,145,0,0,0,0,1,12,2011,12,2011,0,0,0,0,0,2,5,35,1,1,2,1,3,3,11,63,1,1,1,68,,,,0,0,,,,,,,,,,,,,,,,,,,,,,,,,2015
2015040602,4,40602,1,2,1,18,9,6,22,12,6,1,0,4,1,20,2,20002,4,2010,2G1WA5EN3A12,2,G,1,W,A,5,E,N,3,A,1,2,0,0,0,Not Applicable,Not Applicable,0,0,0,1,0,0,0,0,0,0,0,5,0,0,0,82,6,2,12,32,0,0,1,4,85248,1,1,0,0,2,2,69,190,1,3,0,0,2,12,2011,9,2015,0,38,74,0,0,1,5,45,1,1,2,1,3,3,11,15,99,1,1,68,,,,1,0,,,,,,,,,,,,,,,,,,,,,,,,,2015
2015040602,4,40602,2,2,2,18,9,6,22,12,6,1,0,4,1,84,881,84881,62,1988,1HTLDTVM9JH5,1,H,T,L,D,T,V,M,9,J,H,5,0,0,88,None,None,2,1,3,1,0,0,0,0,0,0,0,30,0,0,0,12,6,2,12,0,0,0,1,4,85249,6,1,0,0,2,0,72,160,0,0,0,0,0,0,0,0,0,0,0,0,0,0,1,5,45,1,1,2,1,3,3,1,62,1,1,1,69,,,,0,0,,,,,,,,,,,,,,,,,,,,,,,,,2015
2015040603,4,40603,1,2,2,21,9,15,18,12,99,1,0,99,9,99,999,99999,99,9999,Unknown,9,9,9,9,9,9,9,9,9,9,9,9,0,0,0,Not Applicable,Not Applicable,0,0,0,1,0,0,0,0,0,0,0,999,0,0,0,99,9,9,12,0,0,0,1,4,85550,0,0,0,0,0,0,74,175,0,0,0,0,0,0,0,0,0,9,99,99,99,99,9,9,99,9,9,8,99,99,9,99,99,99,9,9,99,,,,2,0,,,,,,,,,,,,,,,,,,,,,,,,,2015
2015040603,4,40603,2,2,1,21,9,15,18,12,99,1,9,99,9,99,999,99999,99,9999,Unknown,9,9,9,9,9,9,9,9,9,9,9,9,0,0,0,Not Applicable,Not Applicable,0,0,0,1,0,0,0,0,0,0,0,999,0,0,0,99,9,9,12,0,0,0,1,99,99999,9,9,99,0,9,9,999,999,99,99,99,99,99,99,9999,99,9999,9,99,99,99,99,9,9,99,9,9,8,99,99,9,99,99,99,9,9,99,,,,0,0,,,,,,,,,,,,,,,,,,,,,,,,,2015
2015040604,4,40604,1,1,1,9,9,20,47,15,0,1,0,4,1,7,482,7482,31,2013,3C6JR6ATXDG5,3,C,6,J,R,6,A,T,X,D,G,5,0,0,0,Not Applicable,Not Applicable,0,0,0,1,0,0,0,0,0,0,0,30,0,0,0,12,2,5,15,0,0,0,1,4,85202,6,1,0,0,3,3,67,170,0,0,0,0,0,0,0,0,0,0,0,0,0,0,5,5,35,1,1,2,1,0,0,1,80,1,1,1,13,,,,0,0,,,,,,,,,,,,,,,,,,,,,,,,,2015
2015040605,4,40605,1,1,1,19,9,11,55,1,0,1,0,4,1,72,706,72706,80,2004,1HD1CGP194K4,1,H,D,1,C,G,P,1,9,4,K,4,0,0,0,Not Applicable,Not Applicable,0,0,0,1,0,0,0,0,0,0,0,35,0,0,0,0,6,2,1,0,0,0,1,4,85286,6,1,0,0,3,0,61,130,0,0,0,0,0,0,0,0,0,4,0,0,0,0,1,2,35,3,5,2,1,0,0,14,13,99,1,4,1,,,,1,0,,,,,,,,,,,,,,,,,,,,,,,,,2015
2015040606,4,40606,1,1,99,4,9,4,54,8,0,1,1,99,9,99,999,99999,99,9999,Unknown,9,9,9,9,9,9,9,9,9,9,9,9,0,0,0,Not Applicable,Not Applicable,0,0,0,1,0,0,0,0,0,0,0,999,0,0,0,99,9,5,8,99,99,0,1,99,99999,9,9,99,0,9,9,999,999,99,99,99,99,99,99,9999,99,9999,9,99,99,99,99,9,9,99,9,9,2,99,0,0,99,80,99,9,9,13,,,,0,0,,,,,,,,,,,,,,,,,,,,,,,,,2015
2015040607,4,40607,1,2,1,15,9,17,45,12,6,1,0,99,9,12,3,12003,1,2004,Unknown,9,9,9,9,9,9,9,9,9,9,9,9,0,0,0,Not Applicable,Not Applicable,0,0,0,1,0,0,0,0,0,0,0,999,0,0,0,82,9,9,12,0,0,0,1,4,85020,6,1,0,0,3,3,66,165,0,0,0,0,0,0,0,0,0,9,38,0,0,0,1,6,99,9,9,8,99,3,3,11,16,99,9,9,68,,,,1,0,,,,,,,,,,,,,,,,,,,,,,,,,2015
2015040607,4,40607,2,2,1,15,9,17,45,12,6,1,0,99,9,23,461,23461,21,2003,Unknown,9,9,9,9,9,9,9,9,9,9,9,9,0,0,0,Not Applicable,Not Applicable,0,0,0,1,0,0,0,0,0,0,0,999,0,0,0,12,9,9,12,0,0,0,1,4,85022,6,1,0,0,3,0,74,180,0,0,0,0,0,0,0,0,0,9,0,0,0,0,1,7,99,9,9,8,99,3,3,1,62,99,9,9,69,,,,0,0,,,,,,,,,,,,,,,,,,,,,,,,,2015
2015040608,4,40608,1,2,1,16,9,21,39,12,6,1,0,4,1,12,37,12037,4,2000,1FAHP3432YW2,1,F,A,H,P,3,4,3,2,Y,W,2,0,0,0,Not Applicable,Not Applicable,0,0,0,1,0,0,0,0,0,0,0,19,0,0,0,82,6,2,12,0,0,0,1,4,85033,0,0,0,0,0,0,67,170,0,0,0,0,0,0,0,0,0,9,38,0,0,0,1,7,40,1,1,2,1,3,3,11,15,99,9,9,68,,,,1,0,,,,,,,,,,,,,,,,,,,,,,,,,2015
2015040608,4,40608,2,2,1,16,9,21,39,12,6,1,0,4,1,7,482,7482,31,2000,1B7HC16X7YS5,1,B,7,H,C,1,6,X,7,Y,S,5,0,0,0,Not Applicable,Not Applicable,0,0,0,1,0,0,0,0,0,0,0,51,0,0,0,12,6,2,12,0,0,0,1,4,85301,6,1,0,0,3,0,75,200,0,0,0,0,0,0,0,0,0,0,0,0,0,0,1,7,40,1,1,2,1,3,3,1,62,99,9,3,69,,,,0,1,,,,,,,,,,,,,,,,,,,,,,,,,2015
2015040609,4,40609,1,1,1,18,9,20,7,8,0,1,0,99,9,37,32,37032,2,1992,Unknown,9,9,9,9,9,9,9,9,9,9,9,9,0,0,0,Not Applicable,Not Applicable,0,0,0,1,0,0,0,0,0,0,0,999,0,0,0,12,9,9,8,0,0,0,1,4,85033,0,0,0,0,0,0,63,140,0,0,0,0,0,0,0,0,0,9,99,99,99,99,9,9,99,9,9,8,99,0,0,99,80,99,9,9,13,,,,0,0,,,,,,,,,,,,,,,,,,,,,,,,,2015
2015040610,4,40610,1,4,1,20,9,14,55,12,1,1,0,99,9,42,43,42043,4,2013,Unknown,9,9,9,9,9,9,9,9,9,9,9,9,0,0,0,Not Applicable,Not Applicable,0,0,0,1,0,0,0,0,0,0,0,998,0,0,0,12,9,9,12,0,0,0,1,4,85253,6,1,0,0,3,0,76,220,0,0,0,0,0,0,0,0,0,9,99,99,99,99,2,2,99,9,9,8,99,3,3,1,50,99,9,9,20,,,,0,0,,,,,,,,,,,,,,,,,,,,,,,,,2015
2015040610,4,40610,2,4,1,20,9,14,55,12,1,1,0,99,9,63,33,63033,4,2007,Unknown,9,9,9,9,9,9,9,9,9,9,9,9,0,0,0,Not Applicable,Not Applicable,0,0,0,1,0,0,0,0,0,0,0,0,0,0,0,6,9,9,12,0,0,0,1,4,85050,6,1,0,0,3,3,70,200,0,0,0,0,0,0,0,0,0,0,0,0,0,0,2,2,99,9,9,8,99,3,3,5,53,99,9,9,21,,,,1,0,,,,,,,,,,,,,,,,,,,,,,,,,2015
2015040610,4,40610,3,4,2,20,9,14,55,12,1,1,0,99,9,20,16,20016,4,1997,Unknown,9,9,9,9,9,9,9,9,9,9,9,9,0,0,0,Not Applicable,Not Applicable,0,0,0,1,0,0,0,0,0,0,0,0,0,0,0,6,9,9,12,0,0,0,1,4,85032,6,1,0,0,3,0,62,118,0,0,0,0,0,0,0,0,0,0,99,99,99,99,2,2,99,9,9,8,99,3,3,5,53,99,9,9,98,,,,0,0,,,,,,,,,,,,,,,,,,,,,,,,,2015
2015040610,4,40610,4,4,3,20,9,14,55,12,1,1,0,99,9,37,441,37441,20,2005,Unknown,9,9,9,9,9,9,9,9,9,9,9,9,0,0,0,Not Applicable,Not Applicable,0,0,0,1,0,0,0,0,0,0,0,0,0,0,0,6,9,9,12,0,0,0,1,4,85050,6,1,0,0,3,3,66,125,0,0,0,0,0,0,0,0,0,0,99,99,99,99,2,2,99,9,9,8,99,3,3,5,53,99,9,9,98,,,,0,0,,,,,,,,,,,,,,,,,,,,,,,,,2015
2015040611,4,40611,1,3,1,26,9,16,58,12,99,1,0,4,1,35,47,35047,2,2008,1N4BL24EX8C1,1,N,4,B,L,2,4,E,X,8,C,1,0,0,0,Not Applicable,Not Applicable,0,0,0,1,0,0,0,0,0,0,0,998,0,0,0,98,6,2,12,0,0,0,1,4,85249,6,1,0,0,3,0,70,190,0,0,0,0,0,0,0,0,0,4,0,0,0,0,5,5,45,2,1,2,1,0,0,14,99,99,9,9,99,,,,1,1,,,,,,,,,,,,,,,,,,,,,,,,,2015
2015040611,4,40611,2,3,1,26,9,16,58,12,99,1,0,4,1,7,402,7402,14,2002,1B8HS78Z72F1,1,B,8,H,S,7,8,Z,7,2,F,1,0,0,0,Not Applicable,Not Applicable,0,0,0,1,0,0,0,0,0,0,0,45,0,0,0,98,6,2,12,0,0,0,1,4,85147,6,1,0,0,3,3,62,170,0,0,0,0,0,0,0,0,0,0,0,0,0,0,5,5,45,2,1,2,1,0,0,14,99,1,1,1,99,,,,0,0,,,,,,,,,,,,,,,,,,,,,,,,,2015
2015040611,4,40611,3,3,5,26,9,16,58,12,99,1,0,4,2,7,482,7482,31,1998,3B7HC12Y0WG1,3,B,7,H,C,1,2,Y,0,W,G,1,0,0,0,Not Applicable,Not Applicable,0,0,0,1,0,0,0,0,0,0,0,45,0,0,0,12,6,2,12,0,0,0,1,4,85248,0,0,0,0,0,0,62,180,0,3,0,0,1,10,2013,2,2015,0,0,0,0,0,5,5,45,3,1,2,1,0,0,14,62,99,9,3,98,,,,1,0,,,,,,,,,,,,,,,,,,,,,,,,,2015
2015040612,4,40612,1,1,3,26,9,21,34,8,0,1,0,4,2,35,47,35047,4,2012,1N4AL2AP4CN4,1,N,4,A,L,2,A,P,4,C,N,4,0,0,0,Not Applicable,Not Applicable,0,0,0,1,0,0,0,0,0,0,0,37,0,0,0,12,4,5,8,0,0,0,1,4,85392,6,1,0,0,3,0,66,180,0,0,0,1,0,12,2013,12,2013,0,0,0,0,0,1,7,35,1,1,2,1,0,0,1,80,7,9,3,13,,,,0,0,,,,,,,,,,,,,,,,,,,,,,,,,2015
2015040613,4,40613,1,1,2,27,9,1,23,31,0,1,0,4,1,37,31,37031,4,2008,1HGFA16558L0,1,H,G,F,A,1,6,5,5,8,L,0,0,0,0,Not Applicable,Not Applicable,0,0,0,1,0,0,0,0,0,0,0,71,0,0,0,98,6,2,46,0,0,0,1,4,85021,6,1,0,0,3,0,65,135,0,0,0,0,1,7,2014,7,2014,3,91,0,0,0,1,5,45,1,6,2,1,0,0,1,9,99,5,4,2,,,,1,1,,,,,,,,,,,,,,,,,,,,,,,,,2015
2015040614,4,40614,1,2,1,27,9,16,34,12,99,1,0,4,1,58,34,58034,4,1997,JNKAY21D3VM5,J,N,K,A,Y,2,1,D,3,V,M,5,0,0,0,Not Applicable,Not Applicable,0,0,0,1,0,0,0,0,0,0,0,16,0,0,0,98,6,2,12,0,0,0,1,4,85034,6,1,0,0,3,0,71,185,0,0,0,0,0,0,0,0,0,0,38,91,0,0,1,6,45,1,1,2,1,2,3,11,15,99,9,3,68,,,,0,0,,,,,,,,,,,,,,,,,,,,,,,,,2015
2015040614,4,40614,2,2,2,27,9,16,34,12,99,1,0,4,1,7,402,7402,14,2002,1B4HR38N52F1,1,B,4,H,R,3,8,N,5,2,F,1,0,0,0,Not Applicable,Not Applicable,0,0,0,1,0,0,0,0,0,0,0,50,0,0,0,98,6,2,8,0,0,0,1,4,85051,6,1,0,0,3,0,71,185,0,0,0,0,0,0,0,0,0,0,0,0,0,0,1,6,45,1,1,2,1,2,3,1,62,7,9,3,69,,,,0,0,,,,,,,,,,,,,,,,,,,,,,,,,2015
2015040615,4,40615,1,1,1,28,9,22,14,8,0,1,0,4,1,20,2,20002,4,2005,2G1WF52E9591,2,G,1,W,F,5,2,E,9,5,9,1,0,0,0,Not Applicable,Not Applicable,0,0,0,1,0,0,0,0,0,0,0,47,0,0,0,12,2,5,8,0,0,0,1,4,85027,6,1,0,0,3,0,74,235,0,0,0,0,0,0,0,0,0,0,0,0,0,0,5,6,45,1,1,2,1,0,0,1,80,1,1,3,13,,,,0,0,,,,,,,,,,,,,,,,,,,,,,,,,2015
2015040616,4,40616,1,2,2,22,4,99,99,12,99,1,9,99,9,99,999,99999,99,9999,Unknown,9,9,9,9,9,9,9,9,9,9,9,9,0,0,0,Not Applicable,Not Applicable,0,0,0,1,0,0,0,0,0,0,0,999,0,0,0,99,9,9,12,0,0,0,1,99,99999,9,9,99,0,9,9,999,999,99,99,99,99,99,99,9999,99,9999,9,99,99,99,99,9,9,99,9,9,8,99,99,9,99,99,99,9,9,99,,,,1,0,,,,,,,,,,,,,,,,,,,,,,,,,2015
2015040616,4,40616,2,2,1,22,4,99,99,12,99,1,9,99,9,99,999,99999,99,9999,Unknown,9,9,9,9,9,9,9,9,9,9,9,9,0,0,0,Not Applicable,Not Applicable,0,0,0,1,0,0,0,0,0,0,0,999,0,0,0,99,9,9,12,0,0,0,1,99,99999,9,9,99,0,9,9,999,999,99,99,99,99,99,99,9999,99,9999,9,99,99,99,99,9,9,99,9,9,8,99,99,9,99,99,99,9,9,99,,,,0,0,,,,,,,,,,,,,,,,,,,,,,,,,2015
2015040617,4,40617,1,1,2,14,5,23,31,8,0,1,0,4,2,7,43,7043,4,2005,1B3EL46X85N5,1,B,3,E,L,4,6,X,8,5,N,5,0,0,0,Not Applicable,Not Applicable,0,0,0,1,0,0,0,0,0,0,0,998,0,0,0,82,4,5,8,0,0,0,1,4,86503,9,9,99,0,9,9,999,999,99,99,99,99,99,99,9999,99,9999,0,0,0,0,0,1,2,45,1,1,2,1,0,0,1,80,99,1,1,13,,,,0,0,,,,,,,,,,,,,,,,,,,,,,,,,2015
2015040618,4,40618,1,1,1,6,9,10,4,30,0,1,0,4,2,51,43,51043,6,2005,YV1SZ5925512,Y,V,1,S,Z,5,9,2,5,5,1,2,0,0,0,Not Applicable,Not Applicable,0,0,0,1,0,0,0,0,0,0,0,33,0,0,0,12,6,2,30,0,0,0,1,4,85024,6,1,0,0,3,3,66,160,0,0,0,0,0,0,0,0,0,0,0,0,0,0,2,3,40,3,5,2,1,0,0,14,9,99,9,4,10,,,,1,1,,,,,,,,,,,,,,,,,,,,,,,,,2015
2015040619,4,40619,1,1,1,21,9,17,35,1,0,1,0,92,0,99,709,99709,81,9999,Unknown,9,9,9,9,9,9,9,9,9,9,9,9,0,0,0,Not Applicable,Not Applicable,0,0,0,1,0,0,0,0,0,0,0,20,0,0,0,0,9,9,1,0,0,0,1,4,85704,0,0,0,0,0,0,74,200,0,0,0,0,0,0,0,0,0,9,99,99,99,99,1,2,25,1,1,8,1,0,0,1,99,99,9,3,98,,,,1,1,,,,,,,,,,,,,,,,,,,,,,,,,2015