accident_id,STATE,ST_CASE,VEH_NO,VE_FORMS,NUMOCCS,DAY,MONTH,HOUR,MINUTE,HARM_EV,MAN_COLL,UNITTYPE,HIT_RUN,REG_STAT,OWNER,MAKE,MODEL,MAK_MOD,BODY_TYP,MOD_YEAR,VIN,VIN_1,VIN_2,VIN_3,VIN_4,VIN_5,VIN_6,VIN_7,VIN_8,VIN_9,VIN_10,VIN_11,VIN_12,TOW_VEH,J_KNIFE,MCARR_I1,MCARR_I2,MCARR_ID,GVWR,V_CONFIG,CARGO_BT,HAZ_INV,HAZ_PLAC,HAZ_ID,HAZ_CNO,HAZ_REL,BUS_USE,SPEC_USE,EMER_USE,TRAV_SP,UNDERIDE,ROLLOVER,ROLINLOC,IMPACT1,DEFORMED,TOWED,M_HARM,VEH_SC1,VEH_SC2,FIRE_EXP,DR_PRES,L_STATE,DR_ZIP,L_STATUS,L_TYPE,CDL_STAT,L_ENDORS,L_COMPL,L_RESTRI,DR_HGT,DR_WGT,PREV_ACC,PREV_SUS,PREV_DWI,PREV_SPD,PREV_OTH,FIRST_MO,FIRST_YR,LAST_MO,LAST_YR,SPEEDREL,DR_SF1,DR_SF2,DR_SF3,DR_SF4,VTRAFWAY,VNUM_LAN,VSPD_LIM,VALIGN,VPROFILE,VPAVETYP,VSURCOND,VTRAFCON,VTCONT_F,P_CRASH1,P_CRASH2,P_CRASH3,PCRASH4,PCRASH5,ACC_TYPE,TRLR1VIN,TRLR2VIN,TRLR3VIN,DEATHS,DR_DRINK,VINTYPE,VINMAKE,VINA_MOD,VIN_BT,VINMODYR,VIN_LNGT,VIN_WGT,WGTCD_TR,WHLBS_LG,WHLBS_SH,SER_TR,FUELCODE,MCYCL_DS,CARBUR,CYLINDER,DISPLACE,MCYCL_CY,MCYCL_WT,TIRE_SZE,TON_RAT,TRK_WT,TRKWTVAR,VIN_REST,WHLDRWHL,Year
2015040620,4,40620,1,1,99,4,7,21,35,8,0,1,1,99,9,99,399,99399,9,9999,Unknown,9,9,9,9,9,9,9,9,9,9,9,9,0,0,0,Not Applicable,Not Applicable,0,0,0,1,0,0,0,0,0,0,0,999,0,0,0,99,9,5,8,99,99,0,1,99,99999,9,9,99,0,9,9,999,999,99,99,99,99,99,99,9999,99,9999,9,99,99,99,99,6,2,65,1,6,2,1,0,0,1,80,99,1,1,13,,,,0,0,,,,,,,,,,,,,,,,,,,,,,,,,2015
2015040621,4,40621,1,2,1,9,9,16,5,12,2,1,0,4,1,2,422,2422,15,2014,1C4RJEBG9EC2,1,C,4,R,J,E,B,G,9,E,C,2,0,0,0,Not Applicable,Not Applicable,0,0,0,1,0,0,0,0,0,0,0,55,0,0,0,12,6,2,12,0,0,0,1,4,85742,6,1,0,0,3,3,66,170,0,0,0,0,0,0,0,0,0,0,28,0,0,0,1,2,55,2,1,2,1,0,0,14,10,99,1,2,50,,,,1,0,,,,,,,,,,,,,,,,,,,,,,,,,2015
2015040621,4,40621,2,2,1,9,9,16,5,12,2,1,0,4,3,12,880,12880,67,2000,1FTWW32F8YEE,1,F,T,W,W,3,2,F,8,Y,E,E,0,0,57,1810685,571810685,2,1,97,1,0,0,0,0,0,0,0,55,0,0,0,12,6,2,12,0,0,0,1,4,85635,6,1,0,0,3,3,68,165,0,0,0,0,0,0,0,0,0,0,0,0,0,0,1,2,55,3,1,2,1,0,0,14,62,9,2,1,51,,,,1,0,,,,,,,,,,,,,,,,,,,,,,,,,2015
2015040622,4,40622,1,2,1,21,9,5,1,12,6,1,0,4,2,12,473,12473,30,2003,1FMDU77E53UA,1,F,M,D,U,7,7,E,5,3,U,A,0,0,0,Not Applicable,Not Applicable,0,0,0,1,0,0,0,0,0,0,0,75,0,0,0,83,6,2,12,0,0,1,1,4,85353,6,1,0,0,3,0,64,149,0,0,0,0,0,0,0,0,0,4,0,0,0,0,2,2,75,1,1,2,1,0,0,1,9,99,9,4,98,,,,1,0,,,,,,,,,,,,,,,,,,,,,,,,,2015
2015040622,4,40622,2,2,1,21,9,5,1,12,6,1,0,28,3,87,881,87881,66,1998,1XP5DB9X5WN4,1,X,P,5,D,B,9,X,5,W,N,4,1,1,57,0534516,570534516,3,6,2,1,0,0,0,0,0,0,0,998,0,1,2,12,6,2,12,0,0,0,1,28,39466,6,1,6,0,3,3,62,180,98,0,0,0,0,0,0,0,0,0,0,0,0,0,2,2,75,1,1,2,1,0,0,1,62,99,1,1,98,,,,1,0,,,,,,,,,,,,,,,,,,,,,,,,,2015
2015040623,4,40623,1,2,1,3,10,18,43,12,6,1,0,4,2,53,706,53706,80,2007,JS1VT53A0721,J,S,1,V,T,5,3,A,0,7,2,1,0,0,0,Not Applicable,Not Applicable,0,0,0,1,0,0,0,0,0,0,0,65,0,0,0,12,6,2,12,0,0,0,1,4,86323,6,1,0,0,3,0,70,230,0,0,0,0,0,0,0,0,0,0,28,0,0,0,1,2,65,1,1,2,1,0,0,1,90,99,1,2,64,,,,1,0,,,,,,,,,,,,,,,,,,,,,,,,,2015
2015040623,4,40623,2,2,2,3,10,18,43,12,6,1,0,4,1,6,441,6441,20,2010,2A4RR5D16AR2,2,A,4,R,R,5,D,1,6,A,R,2,0,0,0,Not Applicable,Not Applicable,0,0,0,1,0,0,0,0,0,0,0,65,0,0,0,62,6,2,12,0,0,0,1,4,86442,6,1,0,0,3,3,70,190,0,0,0,0,1,1,2012,1,2012,0,0,0,0,0,1,2,65,1,1,2,1,0,0,1,62,1,1,1,65,,,,0,0,,,,,,,,,,,,,,,,,,,,,,,,,2015
2015040624,4,40624,1,1,7,4,10,2,38,1,0,1,0,4,2,12,481,12481,31,2002,1FTRX18W72NB,1,F,T,R,X,1,8,W,7,2,N,B,0,0,0,Not Applicable,Not Applicable,0,0,0,1,0,0,0,0,0,0,0,75,0,1,1,0,6,2,1,0,0,0,1,4,86435,6,1,0,0,3,0,67,189,0,0,0,0,0,0,0,0,0,4,58,0,0,0,2,2,75,2,5,2,1,0,0,14,12,6,4,6,98,,,,3,0,,,,,,,,,,,,,,,,,,,,,,,,,2015
2015040625,4,40625,1,1,2,4,10,6,48,42,0,1,0,6,2,49,471,49471,30,1990,JT4RN93P8L00,J,T,4,R,N,9,3,P,8,L,0,0,0,0,0,Not Applicable,Not Applicable,0,0,0,1,0,0,0,0,0,0,0,65,0,1,5,99,6,2,1,0,0,0,1,6,95620,6,1,0,0,3,0,67,170,1,0,0,0,0,4,2013,4,2013,4,0,0,0,0,1,2,65,1,1,2,1,0,0,1,12,1,1,4,6,,,,1,0,,,,,,,,,,,,,,,,,,,,,,,,,2015
2015040626,4,40626,1,1,1,6,10,6,19,41,0,1,0,4,2,72,706,72706,80,2000,1HD1BJY31YY0,1,H,D,1,B,J,Y,3,1,Y,Y,0,0,0,0,Not Applicable,Not Applicable,0,0,0,1,0,0,0,0,0,0,0,70,0,0,0,12,6,2,1,0,0,0,1,4,85308,6,1,0,0,3,0,72,198,0,0,0,1,0,8,2014,8,2014,3,0,0,0,0,4,1,45,3,1,2,99,0,0,14,13,99,1,4,5,,,,1,0,,,,,,,,,,,,,,,,,,,,,,,,,2015
2015040627,4,40627,1,2,2,7,10,15,38,12,6,1,0,4,1,37,402,37402,14,2001,JHLRD28401C0,J,H,L,R,D,2,8,4,0,1,C,0,0,0,0,Not Applicable,Not Applicable,0,0,0,1,0,0,0,0,0,0,0,998,0,0,0,61,6,2,12,0,0,0,1,4,86326,6,1,0,0,3,3,66,95,0,0,0,0,0,0,0,0,0,0,38,0,0,0,1,3,98,1,1,8,1,20,3,11,15,99,1,1,82,,,,1,0,,,,,,,,,,,,,,,,,,,,,,,,,2015
2015040627,4,40627,2,2,2,7,10,15,38,12,6,1,0,4,2,12,481,12481,31,2006,1FTSW21P36ED,1,F,T,S,W,2,1,P,3,6,E,D,0,0,0,Not Applicable,Not Applicable,0,0,0,1,0,0,0,0,0,0,0,45,0,0,0,12,4,5,12,0,0,0,1,4,86326,6,1,0,0,3,0,64,124,0,0,0,0,0,0,0,0,0,0,0,0,0,0,5,5,45,1,1,2,1,0,0,1,67,1,1,1,83,,,,0,0,,,,,,,,,,,,,,,,,,,,,,,,,2015
2015040628,4,40628,1,1,1,8,10,9,48,1,0,1,0,4,1,49,472,49472,30,2013,5TFTU4GN7DX0,5,T,F,T,U,4,G,N,7,D,X,0,0,0,0,Not Applicable,Not Applicable,0,0,0,1,0,0,0,0,0,0,0,998,0,1,5,0,6,2,1,0,0,0,1,4,85345,6,1,0,0,3,3,76,250,0,0,0,0,0,0,0,0,0,0,0,0,0,0,3,4,65,1,1,2,1,0,0,1,13,99,9,4,5,,,,1,0,,,,,,,,,,,,,,,,,,,,,,,,,2015
2015040629,4,40629,1,1,1,10,10,5,44,41,0,1,0,4,1,37,31,37031,4,2002,1HGES26852L0,1,H,G,E,S,2,6,8,5,2,L,0,0,0,0,Not Applicable,Not Applicable,0,0,0,1,0,0,0,0,0,0,0,60,0,1,5,99,6,2,1,0,0,0,1,4,86323,6,1,0,0,3,0,72,235,0,0,0,0,0,0,0,0,0,0,0,0,0,0,1,2,50,3,6,2,1,0,0,14,13,99,9,4,7,,,,1,1,,,,,,,,,,,,,,,,,,,,,,,,,2015
2015040630,4,40630,1,1,1,10,10,16,52,1,0,1,0,35,1,6,441,6441,20,2003,2C8GP54L13R1,2,C,8,G,P,5,4,L,1,3,R,1,0,0,0,Not Applicable,Not Applicable,0,0,0,1,0,0,0,0,0,0,0,75,0,1,1,0,6,2,1,0,0,0,1,6,90712,6,1,0,0,3,3,61,175,0,0,0,0,1,3,2014,3,2014,0,58,0,0,0,2,2,75,1,1,2,1,0,0,1,12,99,9,6,98,,,,1,0,,,,,,,,,,,,,,,,,,,,,,,,,2015
2015040631,4,40631,1,1,1,12,10,13,44,33,0,1,1,4,2,49,49,49049,6,2006,JTLKT3241640,J,T,L,K,T,3,2,4,1,6,4,0,0,0,0,Not Applicable,Not Applicable,0,0,0,1,0,0,0,0,0,0,0,30,0,0,0,12,6,2,8,0,0,0,1,4,85712,6,1,0,0,3,0,77,185,0,2,0,1,0,7,2011,8,2011,0,91,0,0,0,2,3,35,1,1,2,1,0,0,1,12,99,9,4,10,,,,0,1,,,,,,,,,,,,,,,,,,,,,,,,,2015
2015040632,4,40632,1,1,1,12,10,16,15,24,0,1,0,4,4,73,705,73705,80,2007,JKAZX4P157A0,J,K,A,Z,X,4,P,1,5,7,A,0,0,0,0,Not Applicable,Not Applicable,0,0,0,1,0,0,0,0,0,0,0,998,0,0,0,82,6,2,24,0,0,0,1,4,85044,6,1,0,0,3,3,66,150,0,0,0,2,0,12,2012,11,2013,0,0,0,0,0,1,2,35,3,5,2,1,40,3,14,13,99,1,4,1,,,,1,0,,,,,,,,,,,,,,,,,,,,,,,,,2015
2015040633,4,40633,1,2,1,12,10,16,47,12,1,1,0,4,1,72,706,72706,80,2010,1HD1KH432AB6,1,H,D,1,K,H,4,3,2,A,B,6,0,0,0,Not Applicable,Not Applicable,0,0,0,1,0,0,0,0,0,0,0,20,0,0,0,12,6,2,12,0,0,0,1,4,85345,6,1,0,0,3,3,70,195,0,0,0,0,0,0,0,0,0,4,26,0,0,0,1,2,55,1,1,2,1,0,0,1,50,99,9,1,20,,,,1,0,,,,,,,,,,,,,,,,,,,,,,,,,2015
2015040633,4,40633,2,2,1,12,10,16,47,12,1,1,0,33,1,49,472,49472,30,2013,3TMLU4EN9DM1,3,T,M,L,U,4,E,N,9,D,M,1,0,0,0,Not Applicable,Not Applicable,0,0,0,1,0,0,0,0,0,0,0,0,0,0,0,6,6,2,12,0,0,0,1,33,3229,6,1,0,0,3,0,71,180,1,0,0,0,0,7,2013,7,2013,0,0,0,0,0,1,2,55,1,1,2,1,0,0,5,53,1,1,1,21,,,,0,0,,,,,,,,,,,,,,,,,,,,,,,,,2015
2015040634,4,40634,1,1,1,13,10,15,8,41,0,1,0,4,1,98,998,98998,97,2008,4XAVH76A18D3,4,X,A,V,H,7,6,A,1,8,D,3,0,0,0,Not Applicable,Not Applicable,0,0,0,1,0,0,0,0,0,0,0,999,0,1,5,12,6,2,1,0,0,0,1,41,97457,6,1,0,0,3,0,73,222,0,0,0,0,0,0,0,0,0,4,99,99,99,99,1,2,25,1,1,5,1,0,0,6,12,99,9,4,10,,,,1,0,,,,,,,,,,,,,,,,,,,,,,,,,2015
2015040635,4,40635,1,1,1,15,10,6,30,8,0,1,0,4,1,20,481,20481,31,1992,1GCHK34N9NE1,1,G,C,H,K,3,4,N,9,N,E,1,0,0,0,Not Applicable,Not Applicable,0,0,0,1,0,0,0,0,0,0,0,50,0,0,0,12,6,2,8,0,0,0,1,4,86001,6,1,0,0,3,0,64,220,0,0,0,0,1,12,2013,12,2013,0,0,0,0,0,2,3,40,1,1,8,1,3,3,1,80,4,1,1,13,,,,0,0,,,,,,,,,,,,,,,,,,,,,,,,,2015
2015040636,4,40636,1,2,1,15,10,19,1,12,2,1,0,4,1,12,481,12481,31,1987,1FTEX15Y4HKA,1,F,T,E,X,1,5,Y,4,H,K,A,0,0,0,Not Applicable,Not Applicable,0,0,0,1,0,0,0,0,0,0,0,998,0,0,0,12,6,2,12,32,0,0,1,4,85364,6,1,3,0,3,0,66,200,0,0,0,0,0,0,0,0,0,0,28,91,0,0,1,2,50,1,1,2,1,0,0,1,10,1,1,2,50,,,,0,0,,,,,,,,,,,,,,,,,,,,,,,,,2015
2015040636,4,40636,2,2,1,15,10,19,1,12,2,1,0,4,1,20,471,20471,30,1998,1GCCS1446WK2,1,G,C,C,S,1,4,4,6,W,K,2,0,0,0,Not Applicable,Not Applicable,0,0,0,1,0,0,0,0,0,0,0,998,0,1,1,12,6,2,12,0,0,0,1,4,85349,6,1,6,0,3,3,66,120,0,0,0,0,2,1,2013,2,2015,0,0,0,0,0,1,2,50,1,1,2,1,0,0,1,62,99,1,1,51,,,,1,0,,,,,,,,,,,,,,,,,,,,,,,,,2015
2015040637,4,40637,1,1,2,16,10,2,57,32,0,1,0,18,3,85,884,85884,66,2015,1XKYD49X5FJ4,1,X,K,Y,D,4,9,X,5,F,J,4,2,1,57,265752,57265752,3,7,1,1,0,0,0,0,0,0,0,998,0,0,0,12,6,2,32,0,0,0,1,42,17777,6,1,6,1,3,0,60,999,0,0,0,0,0,0,0,0,0,4,0,0,0,0,2,2,75,1,1,2,1,0,0,1,12,1,1,4,6,,,,1,0,,,,,,,,,,,,,,,,,,,,,,,,,2015
2015040638,4,40638,1,1,2,18,10,8,19,32,0,1,0,4,1,49,46,49046,5,2007,JTDKB20U7776,J,T,D,K,B,2,0,U,7,7,7,6,0,0,0,Not Applicable,Not Applicable,0,0,0,1,0,0,0,0,0,0,0,998,0,1,5,99,6,2,1,0,0,0,1,4,86438,6,1,0,0,3,0,70,290,0,0,0,0,0,0,0,0,0,4,87,0,0,0,2,2,75,1,1,2,2,0,0,1,6,99,3,4,2,,,,1,0,,,,,,,,,,,,,,,,,,,,,,,,,2015
2015040639,4,40639,1,1,2,17,10,15,31,1,0,1,0,4,2,12,481,12481,31,2001,1FTRW07W51KA,1,F,T,R,W,0,7,W,5,1,K,A,0,0,0,Not Applicable,Not Applicable,0,0,0,1,0,0,0,0,0,0,0,998,0,1,1,0,6,2,1,0,0,0,1,4,85301,6,1,0,0,3,0,72,247,0,0,0,0,0,0,0,0,0,0,58,0,0,0,2,2,75,1,1,2,1,0,0,1,9,6,4,6,98,,,,1,0,,,,,,,,,,,,,,,,,,,,,,,,,2015
2015040640,4,40640,1,1,1,18,10,2,26,33,0,1,0,4,1,35,47,35047,4,2009,1N4AL21E99N4,1,N,4,A,L,2,1,E,9,9,N,4,0,0,0,Not Applicable,Not Applicable,0,0,0,1,0,0,0,0,0,0,0,40,0,0,0,12,6,2,30,0,0,0,1,4,85713,6,1,0,0,3,0,66,150,0,0,0,1,0,10,2013,10,2013,9,99,99,99,99,5,5,40,1,1,2,2,0,0,1,13,99,9,4,5,,,,1,1,,,,,,,,,,,,,,,,,,,,,,,,,2015
2015040641,4,40641,1,2,17,19,10,15,58,12,6,1,0,4,3,94,983,94983,50,2007,1T7Y34C26712,1,T,7,Y,3,4,C,2,6,7,1,2,0,0,88,None,None,3,21,22,1,0,0,0,0,1,2,0,50,0,0,0,12,6,2,12,0,0,0,1,4,86409,6,1,6,1,3,0,72,255,0,0,0,1,0,9,2013,9,2013,0,39,0,0,0,2,3,50,1,5,2,1,3,3,1,17,1,1,1,83,,,,0,0,,,,,,,,,,,,,,,,,,,,,,,,,2015
2015040641,4,40641,2,2,1,19,10,15,58,12,6,1,0,4,1,7,20,7020,4,2002,1B3ES46C32D5,1,B,3,E,S,4,6,C,3,2,D,5,0,0,0,Not Applicable,Not Applicable,0,0,0,1,0,0,0,0,0,0,0,10,0,0,0,9,6,2,12,0,0,0,1,4,86429,6,1,0,0,3,3,67,175,0,0,0,0,0,0,0,0,0,0,0,0,0,0,1,3,45,1,5,2,1,3,3,11,66,99,1,1,82,,,,1,0,,,,,,,,,,,,,,,,,,,,,,,,,2015
2015040642,4,40642,1,3,1,19,10,18,52,12,99,1,0,4,1,55,33,55033,4,2004,KMHWF25H04A9,K,M,H,W,F,2,5,H,0,4,A,9,0,0,0,Not Applicable,Not Applicable,0,0,0,1,0,0,0,0,0,0,0,55,0,0,0,99,6,2,12,0,0,0,1,4,85233,6,1,0,0,3,0,66,165,0,0,0,0,0,0,0,0,0,4,58,0,0,0,3,7,65,1,1,2,1,0,0,2,6,7,9,2,99,,,,0,0,,,,,,,,,,,,,,,,,,,,,,,,,2015
2015040642,4,40642,2,3,1,19,10,18,52,12,99,1,0,4,1,72,706,72706,80,1999,1HD1FFW17XY6,1,H,D,1,F,F,W,1,7,X,Y,6,0,0,0,Not Applicable,Not Applicable,0,0,0,1,0,0,0,0,0,0,0,65,0,0,0,99,6,2,12,0,0,0,1,4,85234,6,1,6,0,3,3,76,200,0,0,0,1,1,11,2010,2,2011,0,0,0,0,0,3,7,65,1,1,2,1,0,0,1,61,99,1,1,99,,,,1,0,,,,,,,,,,,,,,,,,,,,,,,,,2015
2015040642,4,40642,3,3,1,19,10,18,52,12,99,1,0,4,1,49,44,49044,2,2006,4T1CA30P16U0,4,T,1,C,A,3,0,P,1,6,U,0,0,0,0,Not Applicable,Not Applicable,0,0,0,1,0,0,0,0,0,0,0,65,0,0,0,99,6,2,12,0,0,0,1,4,85209,6,1,0,0,3,0,72,190,0,0,0,0,0,0,0,0,0,0,0,0,0,0,3,7,65,1,1,2,1,0,0,1,61,4,1,1,98,,,,0,0,,,,,,,,,,,,,,,,,,,,,,,,,2015
2015040643,4,40643,1,1,1,20,10,0,25,8,0,1,0,4,1,7,472,7472,31,1989,1B7GL26X7KS0,1,B,7,G,L,2,6,X,7,K,S,0,0,0,0,Not Applicable,Not Applicable,0,0,0,1,0,0,0,0,0,0,0,35,0,0,0,12,6,2,8,0,0,0,1,4,86004,6,1,0,0,3,3,76,235,0,0,0,0,0,0,0,0,0,0,99,99,99,99,1,5,30,1,1,2,1,3,3,1,80,1,1,1,13,,,,0,0,,,,,,,,,,,,,,,,,,,,,,,,,2015
2015040644,4,40644,1,2,1,20,10,11,3,12,6,1,0,4,3,84,884,84884,64,1996,1HTMJABK4TA0,1,H,T,M,J,A,B,K,4,T,A,0,0,0,57,0002180,570002180,2,1,1,1,0,0,0,0,0,0,0,1,0,0,0,83,6,2,12,0,0,0,1,4,85208,6,1,0,0,3,0,67,170,0,0,0,0,0,0,0,0,0,0,48,0,0,0,2,4,40,1,1,8,1,3,3,11,15,99,1,1,68,,,,0,0,,,,,,,,,,,,,,,,,,,,,,,,,2015
2015040644,4,40644,2,2,2,20,10,11,3,12,6,1,0,4,1,73,703,73703,80,2009,JKAEXMJ1X9DA,J,K,A,E,X,M,J,1,X,9,D,A,0,0,0,Not Applicable,Not Applicable,0,0,0,1,0,0,0,0,0,0,0,998,0,0,0,12,6,2,12,0,0,0,1,4,85282,6,1,0,0,2,0,70,145,0,0,0,1,1,5,2015,5,2015,0,0,0,0,0,2,4,40,1,1,8,1,3,3,1,62,99,9,1,69,,,,1,0,,,,,,,,,,,,,,,,,,,,,,,,,2015
2015040645,4,40645,1,1,1,22,10,9,13,1,0,1,0,4,1,98,850,98850,65,2007,4VZBT1D927C0,4,V,Z,B,T,1,D,9,2,7,C,0,0,0,0,Not Applicable,Not Applicable,0,0,0,1,0,0,0,0,0,0,0,998,0,1,5,0,6,2,1,0,0,0,1,4,85379,6,1,0,0,3,0,69,200,1,0,0,1,0,9,2012,2,2013,4,0,0,0,0,3,4,65,1,6,2,1,0,0,1,13,99,1,4,5,,,,1,0,,,,,,,,,,,,,,,,,,,,,,,,,2015
2015040646,4,40646,1,2,1,22,10,12,25,12,6,1,0,4,1,35,50,35050,4,2010,3N1CC1AP9AL3,3,N,1,C,C,1,A,P,9,A,L,3,0,0,0,Not Applicable,Not Applicable,0,0,0,1,0,0,0,0,0,0,0,15,0,0,0,12,6,2,12,0,0,0,1,4,85750,0,0,0,0,0,0,63,170,0,0,0,0,0,0,0,0,0,0,38,0,0,0,2,5,40,1,1,2,1,3,3,11,15,1,1,1,68,,,,0,0,,,,,,,,,,,,,,,,,,,,,,,,,2015
2015040646,4,40646,2,2,4,22,10,12,25,12,6,1,0,4,2,12,17,12017,4,2004,1FAFP55294G1,1,F,A,F,P,5,5,2,9,4,G,1,0,0,0,Not Applicable,Not Applicable,0,0,0,1,0,0,0,0,0,0,0,45,0,0,0,62,6,2,46,0,0,0,1,4,85706,6,1,0,0,3,0,67,170,0,0,0,0,0,0,0,0,0,0,0,0,0,0,2,4,40,1,1,2,1,3,3,1,62,99,1,1,69,,,,1,0,,,,,,,,,,,,,,,,,,,,,,,,,2015
2015040647,4,40647,1,2,2,22,10,18,34,12,6,1,0,4,2,49,472,49472,30,2006,5TELU42N36Z2,5,T,E,L,U,4,2,N,3,6,Z,2,0,0,0,Not Applicable,Not Applicable,0,0,0,1,0,0,0,0,0,0,0,14,0,0,0,12,6,2,12,0,0,0,1,4,85392,6,1,0,0,3,0,71,170,0,0,0,0,0,0,0,0,0,0,38,89,0,0,1,5,40,1,3,2,1,3,3,11,15,99,1,1,68,,,,0,1,,,,,,,,,,,,,,,,,,,,,,,,,2015
2015040647,4,40647,2,2,4,22,10,18,34,12,6,1,0,56,1,24,1,24001,4,2000,1G8ZG528XYZ1,1,G,8,Z,G,5,2,8,X,Y,Z,1,0,0,0,Not Applicable,Not Applicable,0,0,0,1,0,0,0,0,0,0,0,43,0,0,0,62,6,2,12,0,0,0,1,56,82935,6,1,0,0,3,0,69,128,0,0,0,0,0,0,0,0,0,0,0,0,0,0,1,5,40,1,1,2,1,3,3,1,62,99,9,3,69,,,,1,0,,,,,,,,,,,,,,,,,,,,,,,,,2015
2015040648,4,40648,1,1,2,22,10,19,34,8,0,1,0,4,1,12,37,12037,4,2012,1FAHP3J25CL3,1,F,A,H,P,3,J,2,5,C,L,3,0,0,0,Not Applicable,Not Applicable,0,0,0,1,0,0,0,0,0,0,0,40,0,0,0,12,2,5,8,0,0,0,1,4,85706,6,1,0,0,3,0,76,248,0,1,0,2,0,1,2014,11,2014,0,99,99,99,99,2,4,40,1,1,2,1,3,3,1,80,1,1,1,13,,,,0,0,,,,,,,,,,,,,,,,,,,,,,,,,2015
2015040649,4,40649,1,2,1,23,10,15,17,12,6,1,0,4,1,63,38,63038,4,2010,KNAFU4A21A50,K,N,A,F,U,4,A,2,1,A,5,0,0,0,0,Not Applicable,Not Applicable,0,0,0,1,0,0,0,0,0,0,0,5,0,0,0,9,6,2,12,0,0,0,1,4,86406,6,1,0,0,3,3,67,130,0,0,0,1,0,12,2010,12,2010,0,38,0,0,0,1,2,35,1,1,2,1,20,3,11,15,99,1,1,82,,,,1,0,,,,,,,,,,,,,,,,,,,,,,,,,2015
2015040649,4,40649,2,2,1,23,10,15,17,12,6,1,0,4,1,23,481,23481,31,2006,1GDHC29U36E1,1,G,D,H,C,2,9,U,3,6,E,1,0,0,0,Not Applicable,Not Applicable,0,0,0,1,0,0,0,0,0,0,0,40,0,0,0,12,6,2,12,0,0,0,1,4,86406,6,1,0,0,3,0,69,189,0,0,0,0,0,0,0,0,0,0,0,0,0,0,5,3,35,1,6,2,1,0,0,1,67,1,1,1,83,,,,0,0,,,,,,,,,,,,,,,,,,,,,,,,,2015
2015040650,4,40650,1,1,2,24,10,10,49,1,0,1,0,4,1,35,481,35481,31,2009,1N6AA07C09N3,1,N,6,A,A,0,7,C,0,9,N,3,1,1,0,Not Applicable,Not Applicable,0,0,0,1,0,0,0,0,0,0,0,998,0,1,3,0,6,2,1,0,0,0,1,4,85710,6,1,0,0,3,0,66,154,0,0,0,0,0,0,0,0,0,0,88,0,0,0,2,2,75,1,1,2,1,0,0,1,9,99,4,4,7,,,,1,0,,,,,,,,,,,,,,,,,,,,,,,,,2015
2015040651,4,40651,1,1,1,24,10,17,23,1,0,1,0,4,1,20,403,20403,14,2003,1GNDS13S4322,1,G,N,D,S,1,3,S,4,3,2,2,0,0,0,Not Applicable,Not Applicable,0,0,0,1,0,0,0,0,0,0,0,75,0,1,3,0,6,2,1,0,0,0,1,4,85653,6,1,0,0,3,0,61,110,0,0,0,0,0,0,0,0,0,4,0,0,0,0,2,2,75,1,1,2,1,0,0,15,12,99,9,4,10,,,,1,1,,,,,,,,,,,,,,,,,,,,,,,,,2015
2015040652,4,40652,1,1,2,24,10,18,28,8,0,1,0,4,1,24,401,24401,14,2008,3GSCL33P08S7,3,G,S,C,L,3,3,P,0,8,S,7,0,0,0,Not Applicable,Not Applicable,0,0,0,1,0,0,0,0,0,0,0,35,0,0,0,12,2,5,8,0,0,0,1,4,86047,6,1,0,0,3,3,62,162,0,0,0,0,0,0,0,0,0,0,0,0,0,0,1,2,35,1,1,2,1,0,0,1,80,1,1,1,13,,,,0,0,,,,,,,,,,,,,,,,,,,,,,,,,2015
2015040653,4,40653,1,1,3,25,10,4,33,1,0,1,0,4,1,20,461,20461,21,1996,1GBFG15M1T10,1,G,B,F,G,1,5,M,1,T,1,0,0,0,0,Not Applicable,Not Applicable,0,0,0,1,0,0,0,0,0,0,0,998,0,1,1,0,6,2,1,0,0,0,1,4,85032,6,1,0,0,3,0,66,250,0,5,0,2,2,3,2012,9,2013,0,0,0,0,0,2,2,75,1,1,2,1,0,0,1,12,6,9,6,98,,,,2,1,,,,,,,,,,,,,,,,,,,,,,,,,2015
2015040654,4,40654,1,1,2,26,10,18,4,1,0,1,0,4,2,34,39,34039,1,1998,4USCJ3329WLB,4,U,S,C,J,3,3,2,9,W,L,B,0,0,0,Not Applicable,Not Applicable,0,0,0,1,0,0,0,0,0,0,0,998,0,1,5,0,6,2,1,0,0,0,1,6,93033,6,2,0,0,3,3,64,115,0,0,0,0,0,0,0,0,0,0,24,80,0,0,2,2,75,1,1,2,1,0,0,1,1,99,3,4,2,,,,1,0,,,,,,,,,,,,,,,,,,,,,,,,,2015
2015040655,4,40655,1,1,1,28,10,19,3,25,0,1,0,4,2,49,50,49050,3,2005,JTKDE177X500,J,T,K,D,E,1,7,7,X,5,0,0,0,0,0,Not Applicable,Not Applicable,0,0,0,1,0,0,0,0,0,0,0,998,0,0,0,12,6,2,25,0,0,0,1,4,85209,6,1,0,0,3,0,62,115,0,0,0,0,0,0,0,0,0,0,99,99,99,99,3,5,65,1,5,2,1,0,0,99,9,99,9,4,10,,,,1,0,,,,,,,,,,,,,,,,,,,,,,,,,2015
2015040656,4,40656,1,1,2,29,10,18,19,33,0,1,0,4,2,20,481,20481,31,1972,CCE142S16885,C,C,E,1,4,2,S,1,6,8,8,5,0,0,0,Not Applicable,Not Applicable,0,0,0,1,0,0,0,0,0,0,0,45,0,1,3,99,6,2,1,0,0,0,1,4,85746,6,1,0,0,3,0,71,210,0,1,0,2,0,12,2014,9,2015,0,0,0,0,0,2,2,45,1,1,8,2,0,0,1,6,99,5,4,7,,,,1,0,,,,,,,,,,,,,,,,,,,,,,,,,2015
2015040657,4,40657,1,1,2,30,10,3,39,1,0,1,0,4,2,20,471,20471,30,2003,1GCCS14H1382,1,G,C,C,S,1,4,H,1,3,8,2,0,0,0,Not Applicable,Not Applicable,0,0,0,1,0,0,0,0,0,0,0,998,0,1,5,0,6,2,1,0,0,0,1,4,85051,6,1,0,0,3,0,67,155,0,0,0,0,0,0,0,0,0,0,0,0,0,0,2,2,75,1,1,2,2,0,0,1,12,7,5,4,2,,,,1,0,,,,,,,,,,,,,,,,,,,,,,,,,2015