accident_id,STATE,ST_CASE,VEH_NO,VE_FORMS,NUMOCCS,DAY,MONTH,HOUR,MINUTE,HARM_EV,MAN_COLL,UNITTYPE,HIT_RUN,REG_STAT,OWNER,MAKE,MODEL,MAK_MOD,BODY_TYP,MOD_YEAR,VIN,VIN_1,VIN_2,VIN_3,VIN_4,VIN_5,VIN_6,VIN_7,VIN_8,VIN_9,VIN_10,VIN_11,VIN_12,TOW_VEH,J_KNIFE,MCARR_I1,MCARR_I2,MCARR_ID,GVWR,V_CONFIG,CARGO_BT,HAZ_INV,HAZ_PLAC,HAZ_ID,HAZ_CNO,HAZ_REL,BUS_USE,SPEC_USE,EMER_USE,TRAV_SP,UNDERIDE,ROLLOVER,ROLINLOC,IMPACT1,DEFORMED,TOWED,M_HARM,VEH_SC1,VEH_SC2,FIRE_EXP,DR_PRES,L_STATE,DR_ZIP,L_STATUS,L_TYPE,CDL_STAT,L_ENDORS,L_COMPL,L_RESTRI,DR_HGT,DR_WGT,PREV_ACC,PREV_SUS,PREV_DWI,PREV_SPD,PREV_OTH,FIRST_MO,FIRST_YR,LAST_MO,LAST_YR,SPEEDREL,DR_SF1,DR_SF2,DR_SF3,DR_SF4,VTRAFWAY,VNUM_LAN,VSPD_LIM,VALIGN,VPROFILE,VPAVETYP,VSURCOND,VTRAFCON,VTCONT_F,P_CRASH1,P_CRASH2,P_CRASH3,PCRASH4,PCRASH5,ACC_TYPE,TRLR1VIN,TRLR2VIN,TRLR3VIN,DEATHS,DR_DRINK,VINTYPE,VINMAKE,VINA_MOD,VIN_BT,VINMODYR,VIN_LNGT,VIN_WGT,WGTCD_TR,WHLBS_LG,WHLBS_SH,SER_TR,FUELCODE,MCYCL_DS,CARBUR,CYLINDER,DISPLACE,MCYCL_CY,MCYCL_WT,TIRE_SZE,TON_RAT,TRK_WT,TRKWTVAR,VIN_REST,WHLDRWHL,Year
2015040658,4,40658,1,2,1,30,10,6,38,12,2,1,0,4,1,52,46,52046,4,2002,JA3AJ26E62U0,J,A,3,A,J,2,6,E,6,2,U,0,0,0,0,Not Applicable,Not Applicable,0,0,0,1,0,0,0,0,0,0,0,998,0,0,0,12,6,2,12,0,0,0,1,4,85335,6,1,0,0,3,3,74,160,1,5,0,3,2,3,2012,4,2015,0,28,0,0,0,1,2,45,1,1,1,1,40,3,6,10,99,1,2,50,,,,1,1,,,,,,,,,,,,,,,,,,,,,,,,,2015
2015040658,4,40658,2,2,2,30,10,6,38,12,2,1,0,4,1,12,481,12481,31,1997,1FTHX25H2VEA,1,F,T,H,X,2,5,H,2,V,E,A,0,0,0,Not Applicable,Not Applicable,0,0,0,1,0,0,0,0,0,0,0,40,0,1,1,12,6,2,12,0,0,0,1,4,85353,0,0,0,0,0,0,999,999,0,0,0,0,0,0,0,0,0,0,91,0,0,0,1,2,45,1,1,1,1,40,3,1,62,7,1,3,51,,,,0,0,,,,,,,,,,,,,,,,,,,,,,,,,2015
2015040659,4,40659,1,1,1,30,10,7,46,8,0,1,0,49,2,2,404,2404,14,2001,1J4GW48S51C5,1,J,4,G,W,4,8,S,5,1,C,5,0,0,0,Not Applicable,Not Applicable,0,0,0,1,0,0,0,0,0,0,0,50,0,0,0,12,6,2,8,0,0,0,1,4,86503,6,1,0,0,3,0,66,175,0,0,0,0,0,0,0,0,0,4,0,0,0,0,1,2,65,1,1,2,2,0,0,1,81,99,1,4,13,,,,0,0,,,,,,,,,,,,,,,,,,,,,,,,,2015
2015040660,4,40660,1,2,1,30,10,22,12,12,6,1,0,6,2,49,401,49401,14,2003,JTEBT14R5300,J,T,E,B,T,1,4,R,5,3,0,0,0,0,0,Not Applicable,Not Applicable,0,0,0,1,0,0,0,0,0,0,0,60,0,1,5,12,6,2,1,0,0,0,1,4,86442,6,1,0,0,3,0,72,180,0,0,0,0,0,0,0,0,0,4,39,0,0,0,1,5,45,1,1,2,1,3,3,1,17,99,1,1,86,,,,0,1,,,,,,,,,,,,,,,,,,,,,,,,,2015
2015040660,4,40660,2,2,3,30,10,22,12,12,6,1,0,4,2,24,2,24002,2,1998,1G8ZH1279WZ2,1,G,8,Z,H,1,2,7,9,W,Z,2,0,0,0,Not Applicable,Not Applicable,0,0,0,1,0,0,0,0,0,0,0,20,0,0,0,2,6,2,12,0,0,0,1,4,86442,6,1,0,0,3,0,76,205,0,0,0,2,0,1,2014,8,2015,0,0,0,0,0,1,4,45,1,1,2,1,3,3,1,66,99,1,1,87,,,,1,0,,,,,,,,,,,,,,,,,,,,,,,,,2015
2015040661,4,40661,1,2,2,31,10,3,8,12,1,1,0,4,2,49,40,49040,4,1997,4T1BF22K7VU0,4,T,1,B,F,2,2,K,7,V,U,0,0,0,0,Not Applicable,Not Applicable,0,0,0,1,0,0,0,0,0,0,0,0,0,0,0,6,6,2,2,0,0,1,1,4,85338,1,1,0,0,2,0,69,225,1,8,2,0,1,10,2011,9,2015,0,99,99,99,99,3,4,55,1,1,2,1,0,0,5,53,1,1,1,21,,,,1,1,,,,,,,,,,,,,,,,,,,,,,,,,2015
2015040661,4,40661,2,2,1,31,10,3,8,12,1,1,0,4,3,87,884,87884,66,2015,Unknown,9,9,9,9,9,9,9,9,9,9,9,9,1,1,57,0085733,570085733,3,6,2,2,2,1203,3,1,0,0,0,60,0,0,0,12,4,5,12,0,0,0,1,4,85338,6,1,6,1,3,3,68,250,0,0,0,0,0,0,0,0,0,0,0,0,0,0,3,4,55,1,1,2,1,0,0,1,50,3,2,1,20,,,,0,0,,,,,,,,,,,,,,,,,,,,,,,,,2015
2015040662,4,40662,1,2,4,31,10,9,24,12,6,1,0,4,1,49,47,49047,6,2004,2T1KR32E24C3,2,T,1,K,R,3,2,E,2,4,C,3,0,0,0,Not Applicable,Not Applicable,0,0,0,1,0,0,0,0,0,0,0,998,0,0,0,82,6,2,12,0,0,0,1,4,85032,6,1,0,0,3,0,69,130,0,0,0,0,0,0,0,0,0,0,38,0,0,0,2,5,40,1,1,8,1,3,3,11,15,99,1,1,68,,,,0,0,,,,,,,,,,,,,,,,,,,,,,,,,2015
2015040662,4,40662,2,2,1,31,10,9,24,12,6,1,0,4,1,37,705,37705,80,2009,JH2PC40059K2,J,H,2,P,C,4,0,0,5,9,K,2,0,0,0,Not Applicable,Not Applicable,0,0,0,1,0,0,0,0,0,0,0,998,0,0,0,12,6,2,12,0,0,0,1,4,85309,6,1,0,0,3,0,73,185,0,0,0,2,0,8,2014,8,2014,3,89,0,0,0,2,3,40,1,1,8,1,3,3,1,62,3,2,1,69,,,,1,1,,,,,,,,,,,,,,,,,,,,,,,,,2015
2015040663,4,40663,1,2,1,31,10,11,9,12,2,1,0,4,2,12,23,12023,4,2012,3FAHP0HA5CR3,3,F,A,H,P,0,H,A,5,C,R,3,0,0,0,Not Applicable,Not Applicable,0,0,0,1,0,0,0,0,0,0,0,60,0,0,0,12,6,2,12,0,0,0,1,4,85283,6,1,0,0,3,0,68,190,0,0,0,0,0,0,0,0,0,0,51,0,0,0,1,2,65,2,6,2,1,0,0,14,54,7,1,3,52,,,,1,1,,,,,,,,,,,,,,,,,,,,,,,,,2015
2015040663,4,40663,2,2,2,31,10,11,9,12,2,1,0,49,3,82,898,82898,66,2015,3AKJGLD58FSG,3,A,K,J,G,L,D,5,8,F,S,G,1,3,57,167651,57167651,3,6,1,1,0,0,0,0,0,0,0,50,0,0,0,12,6,2,12,0,0,0,1,4,85132,6,1,6,0,3,0,71,160,0,0,0,0,0,0,0,0,0,0,0,0,0,0,1,2,65,3,5,2,1,0,0,14,54,8,1,3,52,,,,0,0,,,,,,,,,,,,,,,,,,,,,,,,,2015
2015040664,4,40664,1,1,1,31,10,16,58,38,0,1,0,4,3,20,880,20880,67,2002,1GCCS14W9282,1,G,C,C,S,1,4,W,9,2,8,2,0,0,88,None,None,2,1,97,1,0,0,0,0,0,0,0,998,0,0,0,12,6,2,38,0,0,0,1,4,85204,6,1,0,0,3,3,75,215,0,0,0,0,0,0,0,0,0,0,99,99,99,99,2,2,65,1,1,2,1,0,0,99,9,99,1,4,10,,,,1,0,,,,,,,,,,,,,,,,,,,,,,,,,2015
2015040665,4,40665,1,2,2,31,10,19,9,12,6,1,0,1,1,37,31,37031,4,1994,1HGEG8556RL0,1,H,G,E,G,8,5,5,6,R,L,0,0,0,0,Not Applicable,Not Applicable,0,0,0,1,0,0,0,0,0,0,0,998,3,0,0,62,6,2,12,0,0,0,1,1,36250,6,1,0,0,3,0,73,165,4,0,0,5,2,5,2011,9,2015,0,23,0,0,0,2,2,75,1,1,2,1,0,0,8,6,99,9,7,48,,,,2,1,,,,,,,,,,,,,,,,,,,,,,,,,2015
2015040665,4,40665,2,2,2,31,10,19,9,12,6,1,0,12,3,82,881,82881,66,2015,3AKJGLD57FSG,3,A,K,J,G,L,D,5,7,F,S,G,1,1,57,0129270,570129270,3,6,1,1,0,0,0,0,0,0,0,70,0,0,0,12,6,2,12,0,0,0,1,12,32127,6,1,6,0,3,0,70,999,0,0,0,0,1,7,2014,7,2014,0,0,0,0,0,2,2,75,1,1,2,1,0,0,1,64,6,1,2,48,,,,0,0,,,,,,,,,,,,,,,,,,,,,,,,,2015
2015040666,4,40666,1,2,1,26,9,21,15,12,6,1,0,4,1,12,481,12481,31,2001,1FTRW08L31KB,1,F,T,R,W,0,8,L,3,1,K,B,0,0,0,Not Applicable,Not Applicable,0,0,0,1,0,0,0,0,0,0,0,998,0,1,1,12,6,2,12,0,0,0,1,4,85201,6,1,0,0,3,3,68,170,0,0,0,1,1,8,2011,10,2011,5,39,0,0,0,2,4,65,1,1,2,1,3,3,1,17,2,1,1,69,,,,0,0,,,,,,,,,,,,,,,,,,,,,,,,,2015
2015040666,4,40666,2,2,1,26,9,21,15,12,6,1,0,4,1,98,706,98706,82,2014,2BXNABC13EV0,2,B,X,N,A,B,C,1,3,E,V,0,0,0,0,Not Applicable,Not Applicable,0,0,0,1,0,0,0,0,0,0,0,998,0,0,0,81,6,2,12,0,0,1,1,4,85142,6,1,0,0,3,0,72,195,0,0,0,1,0,6,2013,6,2013,0,0,0,0,0,2,5,65,1,1,2,1,3,3,11,63,99,9,3,68,,,,1,0,,,,,,,,,,,,,,,,,,,,,,,,,2015
2015040667,4,40667,1,1,2,4,10,2,51,1,0,1,0,4,2,55,401,55401,14,2002,KM8SC13D42U1,K,M,8,S,C,1,3,D,4,2,U,1,0,0,0,Not Applicable,Not Applicable,0,0,0,1,0,0,0,0,0,0,0,998,0,1,1,0,6,2,1,0,0,0,1,6,85339,3,1,0,0,2,3,68,198,0,0,0,0,0,0,0,0,0,4,99,99,99,99,1,2,98,1,1,5,1,0,0,1,6,99,9,6,98,,,,1,1,,,,,,,,,,,,,,,,,,,,,,,,,2015
2015040668,4,40668,1,1,1,9,10,2,57,8,0,1,0,4,4,49,46,49046,9,2014,JTDKN3DU1E17,J,T,D,K,N,3,D,U,1,E,1,7,0,0,0,Not Applicable,Not Applicable,0,0,0,1,0,0,0,0,0,0,0,35,0,0,0,12,2,3,8,0,0,0,1,12,33609,6,1,0,0,3,3,71,999,0,0,0,0,0,0,0,0,0,0,0,0,0,0,1,6,35,1,1,8,1,0,0,1,80,1,1,1,13,,,,0,0,,,,,,,,,,,,,,,,,,,,,,,,,2015
2015040669,4,40669,1,3,1,12,10,14,55,12,6,1,0,48,1,7,25,7025,5,2007,1B3HB48C57D1,1,B,3,H,B,4,8,C,5,7,D,1,0,0,0,Not Applicable,Not Applicable,0,0,0,1,0,0,0,0,0,0,0,62,0,0,0,61,6,2,12,0,0,0,1,4,85248,1,1,0,0,2,0,72,185,1,3,1,0,0,5,2012,8,2015,4,39,0,0,0,2,4,45,1,1,2,1,3,3,1,17,99,1,1,69,,,,1,1,,,,,,,,,,,,,,,,,,,,,,,,,2015
2015040669,4,40669,2,3,1,12,10,14,55,12,6,1,0,39,3,51,881,51881,66,2013,4V4NC9TH5DN1,4,V,4,N,C,9,T,H,5,D,N,1,1,1,57,00332295,5700332295,3,6,1,1,0,0,0,0,0,0,0,5,0,0,0,12,6,2,12,0,0,0,1,4,85043,6,1,6,0,3,0,69,187,0,2,0,0,0,12,2010,1,2011,0,0,0,0,0,2,3,45,1,1,2,1,3,3,11,63,1,1,1,68,,,,0,0,,,,,,,,,,,,,,,,,,,,,,,,,2015
2015040669,4,40669,3,3,1,12,10,14,55,12,6,1,0,4,1,41,51,41051,4,2012,JM1BL1UG1C15,J,M,1,B,L,1,U,G,1,C,1,5,0,0,0,Not Applicable,Not Applicable,0,0,0,1,0,0,0,0,0,0,0,0,0,0,0,62,6,2,12,0,0,0,1,4,85225,6,1,0,0,3,0,71,176,0,0,0,0,0,0,0,0,0,0,0,0,0,0,1,3,25,1,1,2,1,3,3,5,66,1,1,1,98,,,,0,0,,,,,,,,,,,,,,,,,,,,,,,,,2015
2015040670,4,40670,1,2,1,19,10,16,27,12,6,1,0,4,2,63,32,63032,4,2007,KNADE1236762,K,N,A,D,E,1,2,3,6,7,6,2,0,0,0,Not Applicable,Not Applicable,0,0,0,1,0,0,0,0,0,0,0,50,0,0,0,12,6,2,12,0,0,0,1,4,85009,0,0,0,0,0,0,74,200,0,0,0,0,0,0,0,0,0,0,39,91,37,0,1,2,25,1,1,8,1,20,3,1,17,99,1,3,88,,,,0,0,,,,,,,,,,,,,,,,,,,,,,,,,2015
2015040670,4,40670,2,2,1,19,10,16,27,12,6,1,0,4,1,20,2,20002,4,2002,2G1WF52E0292,2,G,1,W,F,5,2,E,0,2,9,2,0,0,0,Not Applicable,Not Applicable,0,0,0,1,0,0,0,0,0,0,0,36,0,0,0,9,6,2,12,0,0,0,1,4,85303,6,1,6,0,3,0,68,202,0,1,0,1,0,11,2010,9,2015,0,0,0,0,0,1,2,30,1,1,8,1,0,0,1,66,99,9,3,89,,,,1,0,,,,,,,,,,,,,,,,,,,,,,,,,2015
2015040671,4,40671,1,2,1,30,10,9,18,12,6,1,0,4,1,20,471,20471,30,1998,1GCCS19X9W81,1,G,C,C,S,1,9,X,9,W,8,1,0,0,0,Not Applicable,Not Applicable,0,0,0,1,0,0,0,0,0,0,0,998,0,0,0,9,6,2,12,0,0,0,1,4,85602,6,1,0,0,3,3,73,195,0,0,0,1,0,4,2012,4,2012,0,38,0,0,0,1,2,50,1,1,2,2,20,3,11,15,99,1,1,82,,,,1,0,,,,,,,,,,,,,,,,,,,,,,,,,2015
2015040671,4,40671,2,2,1,30,10,9,18,12,6,1,0,4,3,12,481,12481,31,2010,1FTEX1EV3AFD,1,F,T,E,X,1,E,V,3,A,F,D,0,0,0,Not Applicable,Not Applicable,0,0,0,1,0,0,0,0,0,0,0,50,0,0,0,12,6,2,12,0,0,0,1,4,85641,6,1,0,0,3,0,73,240,0,0,0,0,0,0,0,0,0,0,16,0,0,0,2,2,50,1,1,2,2,0,0,1,67,1,1,1,83,,,,0,0,,,,,,,,,,,,,,,,,,,,,,,,,2015
2015040672,4,40672,1,1,1,2,11,11,57,1,0,1,0,4,1,24,7,24007,4,2006,1G8AJ55F66Z1,1,G,8,A,J,5,5,F,6,6,Z,1,0,0,0,Not Applicable,Not Applicable,0,0,0,1,0,0,0,0,0,0,0,75,0,1,5,0,6,2,1,0,0,0,1,4,85208,6,1,0,0,3,3,63,110,0,0,0,0,0,0,0,0,0,3,0,0,0,0,2,2,65,3,6,2,1,0,0,14,13,99,4,4,1,,,,1,0,,,,,,,,,,,,,,,,,,,,,,,,,2015
2015040673,4,40673,1,1,6,3,11,10,50,33,0,1,0,4,2,20,37,20037,4,2013,1G11H5SA6DF2,1,G,1,1,H,5,S,A,6,D,F,2,0,0,0,Not Applicable,Not Applicable,0,0,0,1,0,0,0,0,0,0,0,60,0,0,0,81,6,2,42,0,0,0,1,4,86001,0,0,0,0,0,0,66,130,0,0,0,0,0,0,0,0,0,4,0,0,0,0,5,3,30,3,1,8,2,0,0,14,6,99,5,4,2,,,,1,1,,,,,,,,,,,,,,,,,,,,,,,,,2015
2015040674,4,40674,1,2,1,4,11,9,26,12,8,1,0,4,1,72,706,72706,80,2014,1HD1JRV1XEB0,1,H,D,1,J,R,V,1,X,E,B,0,0,0,0,Not Applicable,Not Applicable,0,0,0,1,0,0,0,0,0,0,0,70,0,0,0,61,6,2,12,0,0,0,1,4,85606,6,1,0,0,3,0,67,195,0,2,0,3,1,2,2014,8,2015,4,28,0,0,0,1,2,55,2,1,8,1,0,0,14,10,99,1,2,64,,,,1,0,,,,,,,,,,,,,,,,,,,,,,,,,2015
2015040674,4,40674,2,2,1,4,11,9,26,12,8,1,0,4,1,62,499,62499,19,1992,SALHV1244NA6,S,A,L,H,V,1,2,4,4,N,A,6,0,0,0,Not Applicable,Not Applicable,0,0,0,1,0,0,0,0,0,0,0,55,0,0,0,61,6,2,12,0,0,0,1,4,85617,6,1,0,0,3,0,73,210,0,0,0,0,0,0,0,0,0,0,0,0,0,0,1,2,55,3,1,8,1,0,0,14,62,99,1,1,65,,,,0,0,,,,,,,,,,,,,,,,,,,,,,,,,2015
2015040675,4,40675,1,3,1,4,11,15,21,51,0,1,0,17,3,85,884,85884,66,2014,1XKYDP9X9EJ4,1,X,K,Y,D,P,9,X,9,E,J,4,1,2,57,1973469,571973469,3,6,4,1,0,0,0,0,0,0,0,45,7,0,0,0,6,2,12,0,0,0,1,4,85326,6,1,6,0,3,3,68,130,0,0,0,0,1,5,2015,5,2015,4,28,87,0,0,5,5,55,3,5,2,3,0,0,14,5,99,5,2,0,,,,0,0,,,,,,,,,,,,,,,,,,,,,,,,,2015
2015040675,4,40675,2,3,1,4,11,15,21,51,0,1,0,40,4,23,870,23870,62,2007,1GDJ7C1387F9,1,G,D,J,7,C,1,3,8,7,F,9,0,0,88,None,None,2,2,1,1,0,0,0,0,0,0,0,45,0,0,0,6,2,5,12,0,0,0,1,4,85383,6,1,0,0,3,0,64,130,0,0,0,0,0,0,0,0,0,0,0,0,0,0,5,5,55,2,1,2,3,0,0,14,62,1,1,1,98,,,,0,0,,,,,,,,,,,,,,,,,,,,,,,,,2015
2015040675,4,40675,3,3,2,4,11,15,21,51,0,1,0,35,1,53,481,53481,31,2011,5Z61D0FV7BC4,5,Z,6,1,D,0,F,V,7,B,C,4,0,0,0,Not Applicable,Not Applicable,0,0,0,1,0,0,0,0,0,0,0,45,0,0,0,62,6,2,12,0,0,0,1,35,87401,6,1,0,0,3,0,70,190,98,0,0,1,0,5,2014,5,2014,0,0,0,0,0,5,5,55,2,1,2,3,0,0,14,62,99,1,1,98,,,,1,0,,,,,,,,,,,,,,,,,,,,,,,,,2015
2015040676,4,40676,1,3,1,6,11,16,5,12,1,1,0,4,1,12,37,12037,4,2012,1FAHP3F27CL1,1,F,A,H,P,3,F,2,7,C,L,1,0,0,0,Not Applicable,Not Applicable,0,0,0,1,0,0,0,0,0,0,0,75,0,0,0,12,6,2,12,0,0,0,1,4,86033,6,1,0,0,3,3,70,140,0,0,0,0,0,0,0,0,0,4,0,0,0,0,1,2,65,1,1,2,1,0,0,1,52,99,9,1,28,,,,1,0,,,,,,,,,,,,,,,,,,,,,,,,,2015
2015040676,4,40676,2,3,4,6,11,16,5,12,1,1,0,4,2,7,482,7482,31,1999,1B7KF2360XJ5,1,B,7,K,F,2,3,6,0,X,J,5,0,0,0,Not Applicable,Not Applicable,0,0,0,1,0,0,0,0,0,0,0,60,0,0,0,6,4,5,12,0,0,0,1,4,86044,6,1,0,0,3,3,63,225,0,0,0,0,0,0,0,0,0,0,0,0,0,0,1,2,65,1,1,2,1,0,0,2,53,9,1,1,31,,,,0,0,,,,,,,,,,,,,,,,,,,,,,,,,2015
2015040676,4,40676,3,3,2,6,11,16,5,12,1,1,0,30,1,2,404,2404,14,2014,1C4PJMDSXEW1,1,C,4,P,J,M,D,S,X,E,W,1,0,0,0,Not Applicable,Not Applicable,0,0,0,1,0,0,0,0,0,0,0,50,0,0,0,62,6,2,12,0,0,0,1,30,59106,6,1,0,0,3,0,999,999,98,0,0,0,1,6,2013,6,2013,0,0,0,0,0,1,2,65,1,1,2,1,0,0,1,62,2,1,1,98,,,,0,0,,,,,,,,,,,,,,,,,,,,,,,,,2015
2015040677,4,40677,1,2,2,7,11,16,45,1,0,1,0,4,1,49,40,49040,4,2015,4T1BF1FK4FU8,4,T,1,B,F,1,F,K,4,F,U,8,0,0,0,Not Applicable,Not Applicable,0,0,0,1,0,0,0,0,0,0,0,998,0,0,0,62,9,5,54,0,0,0,1,4,85375,6,1,0,0,3,3,68,176,0,0,0,1,0,6,2012,6,2012,0,38,0,0,0,1,2,45,1,1,2,1,20,3,11,15,1,1,1,98,,,,0,0,,,,,,,,,,,,,,,,,,,,,,,,,2015
2015040677,4,40677,2,2,1,7,11,16,45,1,0,1,0,4,2,76,706,76706,80,2015,JYAVN05E4FA0,J,Y,A,V,N,0,5,E,4,F,A,0,0,0,0,Not Applicable,Not Applicable,0,0,0,1,0,0,0,0,0,0,0,998,0,0,0,0,6,2,12,0,0,0,1,4,85194,6,1,0,0,2,0,73,182,0,0,0,0,0,0,0,0,0,9,99,99,99,99,2,3,45,1,1,2,1,0,0,1,67,3,2,1,98,,,,1,0,,,,,,,,,,,,,,,,,,,,,,,,,2015
2015040678,4,40678,1,1,2,7,11,19,10,38,0,1,0,4,1,76,739,76739,90,2005,JY43GG0315C0,J,Y,4,3,G,G,0,3,1,5,C,0,0,0,0,Not Applicable,Not Applicable,0,0,0,1,0,0,0,0,0,0,0,998,0,0,0,12,9,5,38,0,0,0,1,4,86326,6,1,0,0,3,0,67,185,0,0,0,0,0,0,0,0,0,4,0,0,0,0,1,2,98,3,1,5,1,0,0,14,13,99,1,4,1,,,,1,0,,,,,,,,,,,,,,,,,,,,,,,,,2015
2015040679,4,40679,1,3,2,8,11,5,14,12,1,1,0,4,2,49,482,49482,31,2015,5TFEY5F16FX1,5,T,F,E,Y,5,F,1,6,F,X,1,0,0,0,Not Applicable,Not Applicable,0,0,0,1,0,0,0,0,0,0,0,86,7,0,0,12,6,2,12,0,0,0,1,4,85353,6,1,0,0,3,0,71,254,0,0,0,1,1,10,2011,7,2013,3,91,0,0,0,1,5,50,1,1,2,1,3,3,1,50,1,1,1,20,,,,0,1,,,,,,,,,,,,,,,,,,,,,,,,,2015
2015040679,4,40679,2,3,2,8,11,5,14,12,1,1,0,4,1,37,31,37031,2,2005,1HGEM22545L0,1,H,G,E,M,2,2,5,4,5,L,0,0,0,0,Not Applicable,Not Applicable,0,0,0,1,0,0,0,0,0,0,0,0,0,0,0,6,6,2,12,0,0,0,1,4,85353,6,1,0,0,3,0,67,150,0,0,0,0,0,0,0,0,0,0,0,0,0,0,1,5,50,1,1,2,1,3,3,5,53,1,1,1,21,,,,2,1,,,,,,,,,,,,,,,,,,,,,,,,,2015
2015040679,4,40679,3,3,1,8,11,5,14,12,1,1,0,48,2,12,481,12481,31,2011,1FTFW1CFXBFD,1,F,T,F,W,1,C,F,X,B,F,D,0,0,0,Not Applicable,Not Applicable,0,0,0,1,0,0,0,0,0,0,0,0,0,0,0,12,4,5,12,0,0,0,1,48,76106,6,1,0,0,3,3,999,999,0,0,0,0,0,0,0,0,0,0,0,0,0,0,1,5,45,1,1,2,1,3,3,5,62,1,1,1,98,,,,0,0,,,,,,,,,,,,,,,,,,,,,,,,,2015
2015040680,4,40680,1,1,5,8,11,8,54,38,0,1,0,4,1,20,481,20481,31,2004,1GCHC29UX4E3,1,G,C,H,C,2,9,U,X,4,E,3,0,0,0,Not Applicable,Not Applicable,0,0,0,1,0,0,0,0,0,0,0,75,0,1,5,98,6,2,1,0,0,0,1,4,86033,6,1,0,0,3,3,69,220,0,0,0,0,0,0,0,0,0,0,58,0,0,0,1,2,65,2,1,2,1,0,0,14,13,8,9,4,7,,,,2,1,,,,,,,,,,,,,,,,,,,,,,,,,2015
2015040681,4,40681,1,4,1,8,11,22,12,12,99,1,0,4,1,76,706,76706,80,2006,JYARN17E26A0,J,Y,A,R,N,1,7,E,2,6,A,0,0,0,0,Not Applicable,Not Applicable,0,0,0,1,0,0,0,0,0,0,0,998,0,0,0,98,6,2,12,0,0,0,1,4,85363,6,1,0,0,3,0,66,130,0,0,0,1,0,6,2012,6,2012,4,27,0,0,0,3,7,65,1,1,2,1,0,0,15,51,99,9,1,99,,,,1,1,,,,,,,,,,,,,,,,,,,,,,,,,2015
2015040681,4,40681,2,4,2,8,11,22,12,12,99,1,0,4,1,7,402,7402,14,2003,1D4HR38N13F5,1,D,4,H,R,3,8,N,1,3,F,5,0,0,0,Not Applicable,Not Applicable,0,0,0,1,0,0,0,0,0,0,0,998,0,0,0,98,0,5,12,0,0,0,1,4,85345,6,1,0,0,3,0,60,115,0,0,0,0,0,0,0,0,0,0,0,0,0,0,3,7,65,1,1,2,1,0,0,1,53,99,1,1,99,,,,0,0,,,,,,,,,,,,,,,,,,,,,,,,,2015
2015040681,4,40681,3,4,4,8,11,22,12,12,99,1,0,4,1,2,422,2422,15,2014,1C4RJEAG3EC1,1,C,4,R,J,E,A,G,3,E,C,1,0,0,0,Not Applicable,Not Applicable,0,0,0,1,0,0,0,0,0,0,0,998,0,0,0,6,6,2,12,0,0,0,1,4,85019,6,1,0,0,3,0,67,175,0,0,0,0,0,0,0,0,0,0,0,0,0,0,3,7,65,1,1,2,1,0,0,1,53,1,1,1,98,,,,0,0,,,,,,,,,,,,,,,,,,,,,,,,,2015
2015040681,4,40681,4,4,4,8,11,22,12,12,99,1,0,4,2,37,31,37031,4,2004,1HGES16374L0,1,H,G,E,S,1,6,3,7,4,L,0,0,0,0,Not Applicable,Not Applicable,0,0,0,1,0,0,0,0,0,0,0,65,0,0,0,63,4,5,25,0,0,0,1,4,85539,0,0,0,0,0,0,999,999,0,0,0,0,0,0,0,0,0,0,0,0,0,0,3,7,65,1,1,2,1,0,0,1,78,8,5,4,98,,,,0,0,,,,,,,,,,,,,,,,,,,,,,,,,2015
2015040682,4,40682,1,1,2,10,11,1,32,33,0,1,0,4,1,37,31,37031,4,2014,19XFB2E51EE0,1,9,X,F,B,2,E,5,1,E,E,0,0,0,0,Not Applicable,Not Applicable,0,0,0,1,0,0,0,0,0,0,0,998,0,1,5,98,6,2,1,0,0,0,1,4,85306,6,1,0,0,3,0,71,200,0,1,0,2,0,2,2011,10,2015,3,0,0,0,0,5,5,40,1,1,2,1,0,0,1,13,99,9,4,5,,,,1,1,,,,,,,,,,,,,,,,,,,,,,,,,2015
2015040683,4,40683,1,2,1,10,11,6,22,8,0,1,0,4,1,12,401,12401,14,2006,1FMEU64886UA,1,F,M,E,U,6,4,8,8,6,U,A,0,0,0,Not Applicable,Not Applicable,0,0,0,1,0,0,0,0,0,0,0,5,0,0,0,12,2,5,8,0,0,0,1,4,85226,6,1,0,0,3,0,71,175,0,1,0,2,0,3,2012,10,2013,9,99,99,99,99,1,3,25,1,1,2,1,3,3,10,80,1,1,1,13,,,,0,0,,,,,,,,,,,,,,,,,,,,,,,,,2015
2015040683,4,40683,2,2,1,10,11,6,22,8,0,1,0,6,4,20,29,20029,5,2015,KL8CD6S97FC7,K,L,8,C,D,6,S,9,7,F,C,7,0,0,0,Not Applicable,Not Applicable,0,0,0,1,0,0,0,0,0,0,0,35,0,0,0,12,2,5,8,0,0,0,1,97,0,9,9,99,0,9,9,999,999,99,99,99,99,99,99,9999,99,9999,9,99,99,99,99,2,5,45,1,1,2,1,3,3,1,80,4,1,1,98,,,,0,0,,,,,,,,,,,,,,,,,,,,,,,,,2015
2015040684,4,40684,1,2,3,10,11,19,7,12,6,1,0,4,1,22,20,22020,4,2007,2G2WP5523712,2,G,2,W,P,5,5,2,3,7,1,2,0,0,0,Not Applicable,Not Applicable,0,0,0,1,0,0,0,0,0,0,0,999,0,0,0,61,6,2,12,0,0,0,1,4,85147,6,1,0,0,3,3,71,296,0,0,0,0,0,0,0,0,0,0,38,0,0,0,1,2,55,1,1,2,1,20,3,11,15,99,9,1,82,,,,1,0,,,,,,,,,,,,,,,,,,,,,,,,,2015
2015040684,4,40684,2,2,2,10,11,19,7,12,6,1,0,4,1,2,404,2404,14,2014,1C4PJLAB9EW2,1,C,4,P,J,L,A,B,9,E,W,2,0,0,0,Not Applicable,Not Applicable,0,0,0,1,0,0,0,0,0,0,0,999,0,0,0,12,4,3,12,0,0,0,1,4,85128,6,1,0,0,3,0,67,178,0,0,0,0,0,0,0,0,0,0,0,0,0,0,1,5,65,1,1,2,1,0,0,1,67,1,1,1,83,,,,0,0,,,,,,,,,,,,,,,,,,,,,,,,,2015