accident_id,STATE,ST_CASE,VEH_NO,VE_FORMS,NUMOCCS,DAY,MONTH,HOUR,MINUTE,HARM_EV,MAN_COLL,UNITTYPE,HIT_RUN,REG_STAT,OWNER,MAKE,MODEL,MAK_MOD,BODY_TYP,MOD_YEAR,VIN,VIN_1,VIN_2,VIN_3,VIN_4,VIN_5,VIN_6,VIN_7,VIN_8,VIN_9,VIN_10,VIN_11,VIN_12,TOW_VEH,J_KNIFE,MCARR_I1,MCARR_I2,MCARR_ID,GVWR,V_CONFIG,CARGO_BT,HAZ_INV,HAZ_PLAC,HAZ_ID,HAZ_CNO,HAZ_REL,BUS_USE,SPEC_USE,EMER_USE,TRAV_SP,UNDERIDE,ROLLOVER,ROLINLOC,IMPACT1,DEFORMED,TOWED,M_HARM,VEH_SC1,VEH_SC2,FIRE_EXP,DR_PRES,L_STATE,DR_ZIP,L_STATUS,L_TYPE,CDL_STAT,L_ENDORS,L_COMPL,L_RESTRI,DR_HGT,DR_WGT,PREV_ACC,PREV_SUS,PREV_DWI,PREV_SPD,PREV_OTH,FIRST_MO,FIRST_YR,LAST_MO,LAST_YR,SPEEDREL,DR_SF1,DR_SF2,DR_SF3,DR_SF4,VTRAFWAY,VNUM_LAN,VSPD_LIM,VALIGN,VPROFILE,VPAVETYP,VSURCOND,VTRAFCON,VTCONT_F,P_CRASH1,P_CRASH2,P_CRASH3,PCRASH4,PCRASH5,ACC_TYPE,TRLR1VIN,TRLR2VIN,TRLR3VIN,DEATHS,DR_DRINK,VINTYPE,VINMAKE,VINA_MOD,VIN_BT,VINMODYR,VIN_LNGT,VIN_WGT,WGTCD_TR,WHLBS_LG,WHLBS_SH,SER_TR,FUELCODE,MCYCL_DS,CARBUR,CYLINDER,DISPLACE,MCYCL_CY,MCYCL_WT,TIRE_SZE,TON_RAT,TRK_WT,TRKWTVAR,VIN_REST,WHLDRWHL,Year
2015040685,4,40685,1,1,1,11,11,13,47,8,0,1,0,4,1,20,481,20481,31,2009,3GCEK23379G2,3,G,C,E,K,2,3,3,7,9,G,2,0,0,0,Not Applicable,Not Applicable,0,0,0,1,0,0,0,0,0,0,0,5,0,0,0,12,2,5,8,0,0,0,1,4,85375,6,1,0,0,3,0,68,180,0,0,0,0,0,0,0,0,0,0,38,0,0,0,1,3,35,1,1,2,1,20,3,11,80,1,1,1,13,,,,0,0,,,,,,,,,,,,,,,,,,,,,,,,,2015
2015040686,4,40686,1,2,1,14,11,12,53,12,2,1,0,4,1,12,481,12481,31,2002,1FTRW08672KD,1,F,T,R,W,0,8,6,7,2,K,D,0,0,0,Not Applicable,Not Applicable,0,0,0,1,0,0,0,0,0,0,0,998,0,0,0,12,6,2,12,0,0,0,1,4,86326,1,1,0,0,2,3,70,210,0,3,0,0,0,3,2013,3,2013,0,28,0,0,0,1,2,65,1,1,2,1,0,0,6,10,99,1,2,50,,,,1,0,,,,,,,,,,,,,,,,,,,,,,,,,2015
2015040686,4,40686,2,2,1,14,11,12,53,12,2,1,0,4,1,58,421,58421,15,2011,JN8AZ2NE4B90,J,N,8,A,Z,2,N,E,4,B,9,0,0,0,0,Not Applicable,Not Applicable,0,0,0,1,0,0,0,0,0,0,0,998,0,0,0,12,6,2,12,0,0,0,1,4,85083,6,1,0,0,3,3,77,265,0,0,0,0,0,0,0,0,0,0,0,0,0,0,1,2,65,1,1,2,1,0,0,1,62,9,1,2,51,,,,1,0,,,,,,,,,,,,,,,,,,,,,,,,,2015
2015040687,4,40687,1,1,1,14,11,16,44,1,0,1,0,4,1,37,706,37706,80,1997,1HFSC1808VA1,1,H,F,S,C,1,8,0,8,V,A,1,0,0,0,Not Applicable,Not Applicable,0,0,0,1,0,0,0,0,0,0,0,998,0,0,0,0,6,2,1,0,0,0,1,4,86314,6,1,0,0,3,0,69,150,0,0,0,0,0,0,0,0,0,0,0,0,0,0,1,3,45,3,1,2,1,0,0,14,13,1,1,4,1,,,,1,1,,,,,,,,,,,,,,,,,,,,,,,,,2015
2015040688,4,40688,1,6,1,14,11,23,34,12,1,1,0,26,2,76,706,76706,80,2001,JYAVP11EX1A0,J,Y,A,V,P,1,1,E,X,1,A,0,0,0,0,Not Applicable,Not Applicable,0,0,0,1,0,0,0,0,0,0,0,998,0,0,0,12,6,2,12,0,0,0,1,26,49349,1,1,0,0,2,0,74,240,0,2,0,0,0,6,2015,6,2015,4,0,0,0,0,3,5,65,1,1,2,1,0,0,1,51,99,9,3,24,,,,1,1,,,,,,,,,,,,,,,,,,,,,,,,,2015
2015040688,4,40688,2,6,99,14,11,23,34,12,1,1,1,99,9,99,399,99399,9,9999,Unknown,9,9,9,9,9,9,9,9,9,9,9,9,0,0,0,Not Applicable,Not Applicable,0,0,0,1,0,0,0,0,0,0,0,998,0,0,0,6,9,5,12,99,99,0,1,99,99999,9,9,99,0,9,9,999,999,99,99,99,99,99,99,9999,99,9999,9,99,99,99,99,3,5,65,1,1,2,1,0,0,99,53,99,9,9,25,,,,0,0,,,,,,,,,,,,,,,,,,,,,,,,,2015
2015040688,4,40688,3,6,1,14,11,23,34,12,1,1,0,4,1,12,3,12003,1,2016,1FATP8EM7G52,1,F,A,T,P,8,E,M,7,G,5,2,0,0,0,Not Applicable,Not Applicable,0,0,0,1,0,0,0,0,0,0,0,65,0,0,0,12,6,2,54,0,0,0,1,4,85027,6,1,0,0,3,0,75,198,0,0,0,0,0,0,0,0,0,0,0,0,0,0,3,5,65,1,1,2,1,0,0,1,98,1,1,1,98,,,,0,0,,,,,,,,,,,,,,,,,,,,,,,,,2015
2015040688,4,40688,4,6,1,14,11,23,34,12,1,1,0,4,2,7,482,7482,31,2001,1B7HC16Y11S7,1,B,7,H,C,1,6,Y,1,1,S,7,0,0,0,Not Applicable,Not Applicable,0,0,0,1,0,0,0,0,0,0,0,998,0,0,0,6,4,5,12,0,0,0,1,4,85016,6,1,0,0,3,0,70,230,0,0,0,0,0,0,0,0,0,0,0,0,0,0,3,5,65,1,1,2,1,0,0,15,90,9,1,2,98,,,,0,0,,,,,,,,,,,,,,,,,,,,,,,,,2015
2015040688,4,40688,5,6,1,14,11,23,34,12,1,1,0,4,1,37,32,37032,4,2011,5KBCP3F85BB0,5,K,B,C,P,3,F,8,5,B,B,0,0,0,0,Not Applicable,Not Applicable,0,0,0,1,0,0,0,0,0,0,0,60,0,0,0,12,6,2,12,0,0,0,1,4,85023,6,1,0,0,3,3,75,225,0,0,0,0,0,0,0,0,0,0,0,0,0,0,3,5,65,1,1,2,1,0,0,15,90,7,1,2,98,,,,0,0,,,,,,,,,,,,,,,,,,,,,,,,,2015
2015040688,4,40688,6,6,1,14,11,23,34,12,1,1,0,4,1,55,35,55035,4,2013,5NPDH4AE1DH4,5,N,P,D,H,4,A,E,1,D,H,4,0,0,0,Not Applicable,Not Applicable,0,0,0,1,0,0,0,0,0,0,0,65,0,0,0,12,4,5,12,0,0,0,1,4,85023,6,1,0,0,3,0,67,130,1,0,0,2,0,7,2011,12,2012,0,89,0,0,0,3,5,65,1,1,2,1,0,0,1,90,9,9,2,98,,,,0,0,,,,,,,,,,,,,,,,,,,,,,,,,2015
2015040689,4,40689,1,1,1,15,11,6,4,8,0,1,0,4,1,6,52,6052,6,2001,3C4FY4BB21T6,3,C,4,F,Y,4,B,B,2,1,T,6,0,0,0,Not Applicable,Not Applicable,0,0,0,1,0,0,0,0,0,0,0,30,0,0,0,12,6,2,8,0,0,0,1,4,85710,6,1,0,0,3,3,64,110,0,0,0,0,0,0,0,0,0,0,0,0,0,0,1,5,35,1,2,2,2,3,3,1,80,1,1,1,13,,,,0,0,,,,,,,,,,,,,,,,,,,,,,,,,2015
2015040690,4,40690,1,1,1,15,11,17,25,8,0,1,0,4,1,49,32,49032,4,1999,1NXBR12E2XZ2,1,N,X,B,R,1,2,E,2,X,Z,2,0,0,0,Not Applicable,Not Applicable,0,0,0,1,0,0,0,0,0,0,0,43,0,0,0,12,2,3,8,0,0,0,1,4,85253,1,1,0,0,2,0,67,100,0,5,1,0,0,5,2014,10,2015,4,0,0,0,0,2,1,35,1,1,8,2,0,0,1,80,1,1,1,13,,,,0,0,,,,,,,,,,,,,,,,,,,,,,,,,2015
2015040691,4,40691,1,1,1,15,11,17,49,33,0,1,0,4,1,35,48,35048,2,2003,JN1AZ34E93T0,J,N,1,A,Z,3,4,E,9,3,T,0,0,0,0,Not Applicable,Not Applicable,0,0,0,1,0,0,0,0,0,0,0,55,0,1,5,11,6,2,1,0,0,0,1,4,85719,1,1,0,0,2,0,70,185,0,9,0,2,1,7,2012,7,2015,4,0,0,0,0,2,3,40,1,1,2,1,0,0,1,6,99,9,4,2,,,,1,1,,,,,,,,,,,,,,,,,,,,,,,,,2015
2015040692,4,40692,1,1,1,16,11,17,18,1,0,1,0,6,1,37,32,37032,4,2005,JHMCN36495C0,J,H,M,C,N,3,6,4,9,5,C,0,0,0,0,Not Applicable,Not Applicable,0,0,0,1,0,0,0,0,0,0,0,998,0,1,5,0,6,2,1,0,0,0,1,40,73118,6,1,0,0,3,0,66,165,0,0,0,0,0,0,0,0,0,9,58,0,0,0,2,2,75,1,1,2,1,0,0,1,9,7,4,4,2,,,,1,1,,,,,,,,,,,,,,,,,,,,,,,,,2015
2015040693,4,40693,1,3,1,17,11,17,30,12,2,1,0,4,2,12,17,12017,4,2000,1FAFP5229YA1,1,F,A,F,P,5,2,2,9,Y,A,1,0,0,0,Not Applicable,Not Applicable,0,0,0,1,0,0,0,0,0,0,0,65,0,0,0,12,6,2,12,0,0,0,1,4,86327,6,1,0,0,3,0,68,145,0,1,0,0,0,4,2011,4,2011,0,35,51,0,0,1,2,65,1,1,2,1,0,0,6,54,99,9,1,52,,,,1,0,,,,,,,,,,,,,,,,,,,,,,,,,2015
2015040693,4,40693,2,3,1,17,11,17,30,12,2,1,0,4,1,12,401,12401,14,2003,1FMZU73W63ZA,1,F,M,Z,U,7,3,W,6,3,Z,A,0,0,0,Not Applicable,Not Applicable,0,0,0,1,0,0,0,0,0,0,0,65,0,1,1,12,6,2,1,0,0,0,1,4,86303,6,1,0,0,3,0,70,200,0,0,0,0,0,0,0,0,0,0,0,0,0,0,1,2,65,1,1,2,1,0,0,1,54,99,9,1,52,,,,0,0,,,,,,,,,,,,,,,,,,,,,,,,,2015
2015040693,4,40693,3,3,1,17,11,17,30,12,2,1,0,4,1,12,471,12471,30,2003,1FTYR10D13PA,1,F,T,Y,R,1,0,D,1,3,P,A,0,0,0,Not Applicable,Not Applicable,0,0,0,1,0,0,0,0,0,0,0,65,0,0,0,6,2,5,12,0,0,0,1,4,85322,6,1,0,0,3,3,74,195,0,0,0,0,1,8,2012,8,2012,0,0,0,0,0,1,2,65,1,1,2,1,0,0,1,60,1,1,1,98,,,,0,0,,,,,,,,,,,,,,,,,,,,,,,,,2015
2015040694,4,40694,1,2,1,18,11,1,14,12,2,1,0,4,1,37,31,37031,4,2001,1HGES165X1L0,1,H,G,E,S,1,6,5,X,1,L,0,0,0,0,Not Applicable,Not Applicable,0,0,0,1,0,0,0,0,0,0,0,65,0,0,0,12,6,2,12,0,0,0,1,4,85701,6,1,0,0,3,0,66,140,0,1,0,1,1,9,2011,11,2014,0,51,0,0,0,3,4,65,1,1,2,1,0,0,1,54,99,9,1,52,,,,1,1,,,,,,,,,,,,,,,,,,,,,,,,,2015
2015040694,4,40694,2,2,1,18,11,1,14,12,2,1,0,6,3,85,881,85881,66,2010,1XKAD49X8AJ2,1,X,K,A,D,4,9,X,8,A,J,2,1,1,57,0008061,570008061,3,6,1,1,0,0,0,0,0,0,0,66,0,0,0,12,6,2,12,0,0,0,1,4,85303,6,1,6,0,3,3,76,245,0,0,0,0,1,3,2011,3,2011,0,0,0,0,0,3,4,65,1,1,2,1,0,0,1,54,1,1,1,52,,,,0,0,,,,,,,,,,,,,,,,,,,,,,,,,2015
2015040695,4,40695,1,1,1,18,11,13,53,25,0,1,0,4,1,23,402,23402,14,2013,2GKALMEK6D61,2,G,K,A,L,M,E,K,6,D,6,1,0,0,0,Not Applicable,Not Applicable,0,0,0,1,0,0,0,0,0,0,0,998,0,0,0,98,6,2,25,0,0,0,1,4,85140,6,1,0,0,3,0,71,170,0,0,0,0,0,0,0,0,0,9,99,99,99,99,3,4,65,1,1,2,1,0,0,1,13,99,1,4,1,,,,1,1,,,,,,,,,,,,,,,,,,,,,,,,,2015
2015040696,4,40696,1,6,1,20,11,13,1,12,6,1,0,4,1,42,45,42045,1,2000,WDBKK47F7YF1,W,D,B,K,K,4,7,F,7,Y,F,1,0,0,0,Not Applicable,Not Applicable,0,0,0,1,0,0,0,0,0,0,0,50,0,0,0,98,6,2,12,0,0,0,1,4,85713,6,1,0,0,3,3,72,210,0,0,0,0,1,12,2014,12,2014,0,39,0,0,0,1,4,25,1,1,2,1,3,3,1,17,99,9,1,91,,,,1,0,,,,,,,,,,,,,,,,,,,,,,,,,2015
2015040696,4,40696,2,6,1,20,11,13,1,12,6,1,0,4,3,12,461,12461,21,2005,1FTRE14W55HA,1,F,T,R,E,1,4,W,5,5,H,A,0,0,0,Not Applicable,Not Applicable,0,0,0,1,0,0,0,0,0,0,0,45,0,1,1,98,6,2,1,0,0,0,1,4,85629,6,1,0,0,3,0,65,135,0,0,0,0,0,0,0,0,0,0,0,0,0,0,2,4,40,1,1,2,1,3,3,1,66,1,1,1,91,,,,0,0,,,,,,,,,,,,,,,,,,,,,,,,,2015
2015040696,4,40696,3,6,1,20,11,13,1,12,6,1,0,4,2,30,40,30040,4,2010,3VWAZ7AJ2AM1,3,V,W,A,Z,7,A,J,2,A,M,1,0,0,0,Not Applicable,Not Applicable,0,0,0,1,0,0,0,0,0,0,0,998,0,0,0,98,4,5,12,0,0,0,1,4,85745,0,0,0,0,0,0,63,96,0,0,0,0,0,0,0,0,0,0,0,0,0,0,2,4,40,1,1,2,1,3,3,11,62,1,1,1,98,,,,0,0,,,,,,,,,,,,,,,,,,,,,,,,,2015
2015040696,4,40696,4,6,1,20,11,13,1,12,6,1,0,4,1,12,16,12016,4,2002,2FAFP71W82X1,2,F,A,F,P,7,1,W,8,2,X,1,0,0,0,Not Applicable,Not Applicable,0,0,0,1,0,0,0,0,0,0,0,40,0,0,0,98,6,2,12,0,0,0,1,4,85719,6,1,0,0,3,0,68,170,0,0,0,0,0,0,0,0,0,0,0,0,0,0,2,4,40,1,1,2,1,3,3,1,66,99,1,1,98,,,,0,0,,,,,,,,,,,,,,,,,,,,,,,,,2015
2015040696,4,40696,5,6,1,20,11,13,1,12,6,1,0,4,1,49,40,49040,4,2010,4T4BF3EK4AR0,4,T,4,B,F,3,E,K,4,A,R,0,0,0,0,Not Applicable,Not Applicable,0,0,0,1,0,0,0,0,0,0,0,40,0,0,0,98,6,2,12,0,0,0,1,4,85745,6,1,0,0,3,0,62,125,0,0,0,0,2,1,2013,1,2013,0,0,0,0,0,2,4,40,1,1,2,1,3,3,1,66,99,1,1,98,,,,0,0,,,,,,,,,,,,,,,,,,,,,,,,,2015
2015040696,4,40696,6,6,1,20,11,13,1,12,6,1,0,4,1,23,481,23481,31,1977,TCS247Z50396,T,C,S,2,4,7,Z,5,0,3,9,6,0,0,0,Not Applicable,Not Applicable,0,0,0,1,0,0,0,0,0,0,0,40,0,0,0,98,4,5,12,0,0,0,1,4,85730,6,1,0,0,3,3,73,245,0,0,0,0,0,0,0,0,0,0,0,0,0,0,2,4,40,1,1,2,1,3,3,1,60,99,1,1,98,,,,0,0,,,,,,,,,,,,,,,,,,,,,,,,,2015
2015040697,4,40697,1,2,1,21,11,0,37,12,6,1,0,4,2,7,20,7020,4,2004,1B3ES26C34D5,1,B,3,E,S,2,6,C,3,4,D,5,0,0,0,Not Applicable,Not Applicable,0,0,0,1,0,0,0,0,0,0,0,998,0,0,0,61,6,2,12,0,0,0,1,4,86025,6,1,0,0,3,3,65,265,0,1,0,0,0,8,2015,8,2015,0,48,0,0,0,2,2,75,1,1,2,1,0,0,1,12,99,9,4,98,,,,1,1,,,,,,,,,,,,,,,,,,,,,,,,,2015
2015040697,4,40697,2,2,1,21,11,0,37,12,6,1,0,6,3,82,884,82884,66,2006,1FUJBBCK46LU,1,F,U,J,B,B,C,K,4,6,L,U,1,1,57,1465551,571465551,3,6,1,1,0,0,0,0,0,0,0,70,0,1,3,12,6,2,12,0,0,0,1,6,90063,6,1,6,0,3,0,69,170,0,0,0,1,0,3,2015,3,2015,0,0,0,0,0,2,2,75,1,1,2,1,0,0,1,64,99,1,1,98,,,,0,0,,,,,,,,,,,,,,,,,,,,,,,,,2015
2015040698,4,40698,1,1,1,21,11,19,56,59,0,1,0,4,1,98,734,98734,90,2012,4XAVH76A3CF6,4,X,A,V,H,7,6,A,3,C,F,6,0,0,0,Not Applicable,Not Applicable,0,0,0,1,0,0,0,0,0,0,0,50,0,0,0,12,6,8,38,0,0,0,1,4,85325,6,1,0,0,3,0,67,120,0,0,0,0,0,0,0,0,0,4,0,0,0,0,1,2,25,2,1,2,1,0,0,14,13,99,9,4,5,,,,1,1,,,,,,,,,,,,,,,,,,,,,,,,,2015
2015040699,4,40699,1,2,1,23,11,16,31,1,0,1,0,4,1,98,709,98709,80,1995,AZ208837,A,Z,2,0,8,8,3,7,,,,,0,0,0,Not Applicable,Not Applicable,0,0,0,1,0,0,0,0,0,0,0,998,0,0,0,0,6,2,1,0,0,0,1,4,85338,6,1,0,0,2,3,69,189,0,0,0,0,0,0,0,0,0,4,89,0,0,0,5,3,25,2,1,8,1,0,0,14,6,99,9,2,98,,,,1,1,,,,,,,,,,,,,,,,,,,,,,,,,2015
2015040699,4,40699,2,2,2,23,11,16,31,1,0,1,0,4,2,63,32,63032,4,2014,KNADM4A38E64,K,N,A,D,M,4,A,3,8,E,6,4,0,0,0,Not Applicable,Not Applicable,0,0,0,1,0,0,0,0,0,0,0,25,0,0,0,12,4,8,54,0,0,0,1,4,85338,6,1,0,0,3,3,64,180,0,0,0,0,0,0,0,0,0,0,0,0,0,0,5,3,25,3,1,8,1,0,0,14,98,1,1,1,98,,,,0,0,,,,,,,,,,,,,,,,,,,,,,,,,2015
2015040700,4,40700,1,1,6,24,11,1,4,24,0,1,0,48,2,19,421,19421,15,2009,1GYFK23269R1,1,G,Y,F,K,2,3,2,6,9,R,1,0,0,0,Not Applicable,Not Applicable,0,0,0,1,0,0,0,0,0,0,0,998,0,1,1,98,6,2,1,0,0,0,1,48,79927,6,1,0,0,3,0,74,205,0,0,0,0,1,5,2015,5,2015,4,0,0,0,0,2,2,75,1,1,2,1,0,0,1,13,99,1,4,1,,,,2,0,,,,,,,,,,,,,,,,,,,,,,,,,2015
2015040701,4,40701,1,1,1,24,11,18,35,9,0,1,0,4,1,20,25,20025,4,2014,1G1PC5SBXE72,1,G,1,P,C,5,S,B,X,E,7,2,0,0,0,Not Applicable,Not Applicable,0,0,0,1,0,0,0,0,0,0,0,40,0,0,0,12,4,5,9,0,0,0,1,4,85326,6,1,0,0,3,3,63,200,2,0,0,0,0,11,2010,10,2012,0,89,0,0,0,1,2,45,1,1,2,1,0,0,1,83,1,1,1,13,,,,0,0,,,,,,,,,,,,,,,,,,,,,,,,,2015
2015040702,4,40702,1,2,1,29,11,12,49,12,6,1,0,39,3,82,881,82881,66,2015,1FUJGLD53FLG,1,F,U,J,G,L,D,5,3,F,L,G,1,1,57,0185062,570185062,3,6,1,1,0,0,0,0,0,0,0,998,0,1,1,81,6,2,12,0,0,0,1,39,45459,6,1,6,0,3,0,65,160,0,0,0,0,0,0,0,0,0,0,80,0,0,0,2,2,75,1,1,2,1,0,0,1,1,99,1,4,98,,,,0,0,,,,,,,,,,,,,,,,,,,,,,,,,2015
2015040702,4,40702,2,2,2,29,11,12,49,12,6,1,0,31,1,41,54,41054,6,2012,JM3TB3CA2C03,J,M,3,T,B,3,C,A,2,C,0,3,0,0,0,Not Applicable,Not Applicable,0,0,0,1,0,0,0,0,0,0,0,998,0,0,0,12,6,2,12,0,0,0,1,31,68116,6,1,0,0,3,3,70,155,0,0,0,0,0,0,0,0,0,0,0,0,0,0,2,2,75,1,1,2,1,0,0,1,62,99,9,3,98,,,,2,0,,,,,,,,,,,,,,,,,,,,,,,,,2015
2015040703,4,40703,1,1,1,30,11,22,30,1,0,1,0,4,1,37,32,37032,4,2006,1HGCM563X6A0,1,H,G,C,M,5,6,3,X,6,A,0,0,0,0,Not Applicable,Not Applicable,0,0,0,1,0,0,0,0,0,0,0,998,0,1,1,0,6,2,1,0,0,0,1,4,86326,6,1,0,0,3,0,69,320,0,0,0,2,0,12,2013,9,2014,4,89,0,0,0,2,2,65,2,6,2,1,0,0,14,12,99,1,6,98,,,,1,1,,,,,,,,,,,,,,,,,,,,,,,,,2015
2015040704,4,40704,1,2,1,10,10,17,38,12,7,1,0,4,1,72,709,72709,80,2011,1HD1FRM15BB6,1,H,D,1,F,R,M,1,5,B,B,6,0,0,0,Not Applicable,Not Applicable,0,0,0,1,0,0,0,0,0,0,0,998,0,0,0,82,6,2,12,0,0,0,1,4,86401,6,1,0,0,3,3,69,175,0,0,0,0,0,0,0,0,0,3,27,0,0,0,5,5,35,3,5,2,1,0,0,15,11,99,1,2,46,,,,1,1,,,,,,,,,,,,,,,,,,,,,,,,,2015
2015040704,4,40704,2,2,1,10,10,17,38,12,7,1,0,32,3,12,401,12401,14,2010,1FMEU7DE0AUA,1,F,M,E,U,7,D,E,0,A,U,A,0,0,0,Not Applicable,Not Applicable,0,0,0,1,0,0,0,0,0,0,0,35,0,0,0,63,4,3,12,0,0,0,1,32,89415,6,1,6,0,3,0,70,240,0,0,0,0,0,0,0,0,0,0,0,0,0,0,5,5,35,3,5,2,1,0,0,14,60,1,1,1,45,,,,0,0,,,,,,,,,,,,,,,,,,,,,,,,,2015
2015040705,4,40705,1,1,1,17,10,19,58,33,0,1,0,4,1,12,16,12016,4,1994,2FALP73W2RX1,2,F,A,L,P,7,3,W,2,R,X,1,0,0,0,Not Applicable,Not Applicable,0,0,0,1,0,0,0,0,0,0,0,40,0,0,0,62,6,2,24,32,0,0,1,4,85622,6,1,0,0,3,2,66,200,0,0,0,0,1,5,2012,5,2012,4,74,58,0,0,2,3,40,1,1,8,2,0,0,1,12,6,1,4,8,,,,1,0,,,,,,,,,,,,,,,,,,,,,,,,,2015
2015040706,4,40706,1,1,1,18,10,13,28,33,0,1,0,4,1,76,709,76709,80,2000,VG54UYA03YA1,V,G,5,4,U,Y,A,0,3,Y,A,1,0,0,0,Not Applicable,Not Applicable,0,0,0,1,0,0,0,0,0,0,0,20,0,0,0,62,6,2,53,0,0,0,1,4,85022,6,1,0,0,2,0,70,185,0,0,0,0,0,0,0,0,0,0,99,99,99,99,1,2,25,1,1,8,99,0,0,1,12,99,9,4,10,,,,1,0,,,,,,,,,,,,,,,,,,,,,,,,,2015
2015040707,4,40707,1,2,1,11,11,11,25,12,6,1,0,4,1,35,34,35034,3,1991,JN1CZ24H4MX5,J,N,1,C,Z,2,4,H,4,M,X,5,0,0,0,Not Applicable,Not Applicable,0,0,0,1,0,0,0,0,0,0,0,83,0,0,0,12,6,2,12,0,0,0,1,4,85302,6,1,0,0,3,0,72,155,0,2,0,1,0,3,2014,4,2014,3,0,0,0,0,5,6,45,1,1,8,1,0,0,1,17,99,9,3,69,,,,1,0,,,,,,,,,,,,,,,,,,,,,,,,,2015
2015040707,4,40707,2,2,1,11,11,11,25,12,6,1,0,4,1,20,481,20481,31,2004,2GCEK19T4413,2,G,C,E,K,1,9,T,4,4,1,3,0,0,0,Not Applicable,Not Applicable,0,0,0,1,0,0,0,0,0,0,0,13,0,0,0,3,6,2,12,0,0,0,1,4,85383,6,1,0,0,3,3,69,145,0,0,0,0,0,0,0,0,0,0,91,0,0,0,5,6,45,1,1,8,1,0,0,11,63,99,9,3,68,,,,0,1,,,,,,,,,,,,,,,,,,,,,,,,,2015
2015040708,4,40708,1,4,1,26,10,18,27,12,1,1,0,4,2,35,39,35039,4,2003,JN1DA31D83T5,J,N,1,D,A,3,1,D,8,3,T,5,0,0,0,Not Applicable,Not Applicable,0,0,0,1,0,0,0,0,0,0,0,28,0,0,0,12,6,2,12,0,0,0,1,4,85225,6,1,0,0,3,0,69,155,1,0,0,4,1,3,2014,9,2015,4,91,0,0,0,5,6,40,1,1,2,1,3,3,1,50,99,1,1,20,,,,0,0,,,,,,,,,,,,,,,,,,,,,,,,,2015
2015040708,4,40708,2,4,1,26,10,18,27,12,1,1,0,4,1,72,706,72706,80,2000,1HD1FHW19YY6,1,H,D,1,F,H,W,1,9,Y,Y,6,0,0,0,Not Applicable,Not Applicable,0,0,0,1,0,0,0,0,0,0,0,0,0,0,0,6,6,2,12,0,0,0,1,4,85304,6,1,0,0,3,0,70,225,0,1,0,0,0,12,2011,12,2011,0,0,0,0,0,5,6,40,1,1,2,1,3,3,5,53,1,1,1,21,,,,1,0,,,,,,,,,,,,,,,,,,,,,,,,,2015
2015040708,4,40708,3,4,1,26,10,18,27,12,1,1,0,4,2,37,402,37402,14,2010,5J6RE3H32AL0,5,J,6,R,E,3,H,3,2,A,L,0,0,0,0,Not Applicable,Not Applicable,0,0,0,1,0,0,0,0,0,0,0,0,0,0,0,6,6,2,12,0,0,0,1,4,85304,6,1,0,0,3,0,67,185,0,0,0,0,0,0,0,0,0,0,0,0,0,0,5,6,40,1,1,2,1,3,3,5,53,1,1,1,98,,,,0,0,,,,,,,,,,,,,,,,,,,,,,,,,2015
2015040708,4,40708,4,4,1,26,10,18,27,12,1,1,0,4,1,37,32,37032,4,2012,1HGCP3F82CA0,1,H,G,C,P,3,F,8,2,C,A,0,0,0,0,Not Applicable,Not Applicable,0,0,0,1,0,0,0,0,0,0,0,0,0,0,0,6,2,5,12,0,0,0,1,4,85310,6,1,0,0,3,0,71,165,0,0,0,0,0,0,0,0,0,0,0,0,0,0,5,6,40,1,1,2,1,3,3,5,53,1,1,1,98,,,,0,0,,,,,,,,,,,,,,,,,,,,,,,,,2015
2015040709,4,40709,1,2,1,30,10,19,3,12,6,1,0,4,1,73,705,73705,80,2013,JKAKLEE19DDA,J,K,A,K,L,E,E,1,9,D,D,A,0,0,0,Not Applicable,Not Applicable,0,0,0,1,0,0,0,0,0,0,0,40,0,0,0,12,6,2,12,0,0,0,1,4,85022,6,1,0,0,3,0,70,240,0,0,0,1,1,4,2011,8,2013,0,39,0,0,0,1,5,40,1,1,8,1,3,3,1,17,99,1,1,86,,,,1,0,,,,,,,,,,,,,,,,,,,,,,,,,2015
2015040709,4,40709,2,2,1,30,10,19,3,12,6,1,0,4,1,51,47,51047,4,2002,YV1RS58D7220,Y,V,1,R,S,5,8,D,7,2,2,0,0,0,0,Not Applicable,Not Applicable,0,0,0,1,0,0,0,0,0,0,0,40,0,0,0,82,6,2,12,0,0,0,1,4,85022,6,1,0,0,3,3,66,140,0,0,0,0,0,0,0,0,0,0,99,99,99,99,1,7,40,1,1,8,1,3,3,1,66,99,1,1,87,,,,0,0,,,,,,,,,,,,,,,,,,,,,,,,,2015
2015040710,4,40710,1,2,1,1,10,14,1,12,6,1,0,4,2,12,481,12481,31,1998,1FTZX18W9WKB,1,F,T,Z,X,1,8,W,9,W,K,B,0,0,0,Not Applicable,Not Applicable,0,0,0,1,0,0,0,0,0,0,0,7,0,0,0,82,6,2,12,0,0,0,1,4,85015,0,0,0,0,0,0,999,999,0,0,0,0,0,0,0,0,0,0,38,0,0,0,2,5,40,1,1,2,1,3,3,11,15,99,1,1,68,,,,0,0,,,,,,,,,,,,,,,,,,,,,,,,,2015
2015040710,4,40710,2,2,1,1,10,14,1,12,6,1,0,4,1,76,706,76706,80,2001,JYARN05E11A0,J,Y,A,R,N,0,5,E,1,1,A,0,0,0,0,Not Applicable,Not Applicable,0,0,0,1,0,0,0,0,0,0,0,50,0,0,0,12,6,2,12,0,0,0,1,4,85015,6,1,0,0,3,0,73,140,0,0,0,0,0,0,0,0,0,0,0,0,0,0,2,5,40,1,1,2,1,3,3,1,62,99,9,9,69,,,,1,1,,,,,,,,,,,,,,,,,,,,,,,,,2015
2015040711,4,40711,1,1,5,2,10,1,21,5,0,1,0,4,1,7,482,7482,31,1997,3B7HC13Y5VM5,3,B,7,H,C,1,3,Y,5,V,M,5,0,0,0,Not Applicable,Not Applicable,0,0,0,1,0,0,0,0,0,0,0,40,0,0,0,0,0,5,5,0,0,0,1,4,85310,6,1,0,0,3,0,67,115,1,0,0,1,0,10,2014,11,2014,0,0,0,0,0,2,3,40,1,1,2,1,0,0,1,98,1,1,1,0,,,,1,0,,,,,,,,,,,,,,,,,,,,,,,,,2015