accident_id,STATE,ST_CASE,VEH_NO,VE_FORMS,NUMOCCS,DAY,MONTH,HOUR,MINUTE,HARM_EV,MAN_COLL,UNITTYPE,HIT_RUN,REG_STAT,OWNER,MAKE,MODEL,MAK_MOD,BODY_TYP,MOD_YEAR,VIN,VIN_1,VIN_2,VIN_3,VIN_4,VIN_5,VIN_6,VIN_7,VIN_8,VIN_9,VIN_10,VIN_11,VIN_12,TOW_VEH,J_KNIFE,MCARR_I1,MCARR_I2,MCARR_ID,GVWR,V_CONFIG,CARGO_BT,HAZ_INV,HAZ_PLAC,HAZ_ID,HAZ_CNO,HAZ_REL,BUS_USE,SPEC_USE,EMER_USE,TRAV_SP,UNDERIDE,ROLLOVER,ROLINLOC,IMPACT1,DEFORMED,TOWED,M_HARM,VEH_SC1,VEH_SC2,FIRE_EXP,DR_PRES,L_STATE,DR_ZIP,L_STATUS,L_TYPE,CDL_STAT,L_ENDORS,L_COMPL,L_RESTRI,DR_HGT,DR_WGT,PREV_ACC,PREV_SUS,PREV_DWI,PREV_SPD,PREV_OTH,FIRST_MO,FIRST_YR,LAST_MO,LAST_YR,SPEEDREL,DR_SF1,DR_SF2,DR_SF3,DR_SF4,VTRAFWAY,VNUM_LAN,VSPD_LIM,VALIGN,VPROFILE,VPAVETYP,VSURCOND,VTRAFCON,VTCONT_F,P_CRASH1,P_CRASH2,P_CRASH3,PCRASH4,PCRASH5,ACC_TYPE,TRLR1VIN,TRLR2VIN,TRLR3VIN,DEATHS,DR_DRINK,VINTYPE,VINMAKE,VINA_MOD,VIN_BT,VINMODYR,VIN_LNGT,VIN_WGT,WGTCD_TR,WHLBS_LG,WHLBS_SH,SER_TR,FUELCODE,MCYCL_DS,CARBUR,CYLINDER,DISPLACE,MCYCL_CY,MCYCL_WT,TIRE_SZE,TON_RAT,TRK_WT,TRKWTVAR,VIN_REST,WHLDRWHL,Year
2015040712,4,40712,1,1,1,4,10,7,57,33,0,1,0,4,1,22,22,22022,4,2006,1G2ZH5584641,1,G,2,Z,H,5,5,8,4,6,4,1,0,0,0,Not Applicable,Not Applicable,0,0,0,1,0,0,0,0,0,0,0,80,0,0,0,82,6,2,30,0,0,0,1,4,85040,1,1,0,0,2,3,64,175,0,6,1,1,0,11,2013,8,2015,4,24,0,0,0,5,6,40,1,1,2,1,0,0,1,6,99,4,4,7,,,,1,1,,,,,,,,,,,,,,,,,,,,,,,,,2015
2015040713,4,40713,1,1,1,5,10,8,9,1,0,1,0,4,1,30,40,30040,4,2002,3VWSB69M82M1,3,V,W,S,B,6,9,M,8,2,M,1,0,0,0,Not Applicable,Not Applicable,0,0,0,1,0,0,0,0,0,0,0,998,0,1,5,0,6,2,1,0,0,0,1,4,85941,6,1,0,0,3,3,64,130,0,0,0,0,1,3,2011,3,2011,9,99,99,99,99,1,2,98,8,8,2,1,0,0,1,9,99,9,4,2,,,,1,1,,,,,,,,,,,,,,,,,,,,,,,,,2015
2015040714,4,40714,1,1,1,6,10,19,0,8,0,1,0,4,1,7,472,7472,30,2005,1D7HE22K35S3,1,D,7,H,E,2,2,K,3,5,S,3,0,0,0,Not Applicable,Not Applicable,0,0,0,1,0,0,0,0,0,0,0,41,0,0,0,12,2,5,8,0,0,0,1,4,85035,0,0,0,0,0,0,999,999,0,0,0,0,1,4,2011,4,2011,0,0,0,0,0,5,6,40,1,1,8,1,0,0,1,80,99,9,1,13,,,,0,0,,,,,,,,,,,,,,,,,,,,,,,,,2015
2015040715,4,40715,1,1,1,7,10,5,4,8,0,1,0,99,9,12,481,12481,31,2001,Unknown,9,9,9,9,9,9,9,9,9,9,9,9,0,0,0,Not Applicable,Not Applicable,0,0,0,1,0,0,0,0,0,0,0,999,0,0,0,12,9,9,8,0,0,0,1,99,99999,9,9,99,0,9,9,999,999,99,99,99,99,99,99,9999,99,9999,9,99,99,99,99,9,9,99,9,9,2,99,2,3,10,80,99,9,9,13,,,,0,0,,,,,,,,,,,,,,,,,,,,,,,,,2015
2015040716,4,40716,1,1,1,12,10,16,58,1,0,1,0,49,2,12,422,12422,15,2005,1FMPU16565LA,1,F,M,P,U,1,6,5,6,5,L,A,0,0,0,Not Applicable,Not Applicable,0,0,0,1,0,0,0,0,0,0,0,50,0,1,5,0,6,2,1,0,0,0,1,49,84780,6,1,0,0,3,0,74,220,98,0,0,0,0,0,0,0,0,0,0,0,0,0,1,2,65,1,1,5,1,0,0,1,9,99,9,4,2,,,,1,1,,,,,,,,,,,,,,,,,,,,,,,,,2015
2015040717,4,40717,1,1,3,14,10,2,6,38,0,1,1,99,9,7,422,7422,15,2004,Unknown,9,9,9,9,9,9,9,9,9,9,9,9,0,0,0,Not Applicable,Not Applicable,0,0,0,1,0,0,0,0,0,0,0,999,0,0,0,12,9,9,38,0,0,0,1,98,99999,0,0,0,0,0,0,999,999,99,99,99,99,99,99,9999,99,9999,9,37,0,0,0,9,9,99,9,9,8,99,99,9,99,99,99,9,9,99,,,,1,0,,,,,,,,,,,,,,,,,,,,,,,,,2015
2015040718,4,40718,1,1,3,14,10,17,0,1,0,1,9,99,9,99,999,99999,99,9999,Unknown,9,9,9,9,9,9,9,9,9,9,9,9,0,0,0,Not Applicable,Not Applicable,0,0,0,1,0,0,0,0,0,0,0,999,0,9,9,0,9,9,1,0,0,0,1,99,99999,9,9,99,0,9,9,999,999,99,99,99,99,99,99,9999,99,9999,9,99,99,99,99,9,9,99,9,9,8,99,99,9,99,99,99,9,9,99,,,,2,0,,,,,,,,,,,,,,,,,,,,,,,,,2015
2015040720,4,40720,1,1,1,18,10,18,20,8,0,1,0,4,2,20,481,20481,31,2003,2GCEK19T4311,2,G,C,E,K,1,9,T,4,3,1,1,0,0,0,Not Applicable,Not Applicable,0,0,0,1,0,0,0,0,0,0,0,43,0,0,0,12,4,5,8,0,0,0,1,4,85043,6,1,6,0,3,3,71,200,0,0,0,0,0,0,0,0,0,0,0,0,0,0,5,6,40,1,1,2,2,0,0,1,80,99,1,1,13,,,,0,0,,,,,,,,,,,,,,,,,,,,,,,,,2015
2015040721,4,40721,1,1,99,20,10,2,0,8,0,1,1,99,9,99,999,99999,99,9999,Unknown,9,9,9,9,9,9,9,9,9,9,9,9,0,0,0,Not Applicable,Not Applicable,0,0,0,1,0,0,0,0,0,0,0,999,0,0,0,12,9,5,8,0,0,0,1,99,99999,9,9,99,0,9,9,999,999,99,99,99,99,99,99,9999,99,9999,9,99,99,99,99,5,5,99,9,9,8,99,0,0,99,82,99,9,9,13,,,,0,0,,,,,,,,,,,,,,,,,,,,,,,,,2015
2015040722,4,40722,1,1,99,20,10,23,19,8,0,1,1,99,9,21,1,21001,2,1985,Unknown,9,9,9,9,9,9,9,9,9,9,9,9,0,0,0,Not Applicable,Not Applicable,0,0,0,1,0,0,0,0,0,0,0,999,0,0,0,12,6,2,8,99,99,0,1,99,99999,9,9,99,0,9,9,999,999,99,99,99,99,99,99,9999,99,9999,9,99,99,99,99,5,6,99,1,9,2,99,0,0,1,9,99,9,9,7,,,,0,0,,,,,,,,,,,,,,,,,,,,,,,,,2015
2015040723,4,40723,1,2,3,22,10,22,17,12,99,1,9,99,9,99,999,99999,99,9999,Unknown,9,9,9,9,9,9,9,9,9,9,9,9,0,0,0,Not Applicable,Not Applicable,0,0,0,1,0,0,0,0,0,0,0,999,0,0,0,99,9,9,12,0,0,0,1,99,99999,9,9,99,0,9,9,999,999,99,99,99,99,99,99,9999,99,9999,9,99,99,99,99,1,2,99,1,9,2,99,0,0,99,99,99,9,9,99,,,,2,0,,,,,,,,,,,,,,,,,,,,,,,,,2015
2015040723,4,40723,2,2,1,22,10,22,17,12,99,1,9,99,9,99,999,99999,99,9999,Unknown,9,9,9,9,9,9,9,9,9,9,9,9,0,0,0,Not Applicable,Not Applicable,0,0,0,1,0,0,0,0,0,0,0,999,0,0,0,99,9,9,12,0,0,0,1,99,99999,9,9,99,0,9,9,999,999,99,99,99,99,99,99,9999,99,9999,9,99,99,99,99,1,2,99,1,9,2,99,0,0,99,99,99,9,9,99,,,,0,0,,,,,,,,,,,,,,,,,,,,,,,,,2015
2015040724,4,40724,1,2,1,23,10,16,4,12,6,1,0,4,1,37,705,37705,80,1997,JH2PC213XVM4,J,H,2,P,C,2,1,3,X,V,M,4,0,0,0,Not Applicable,Not Applicable,0,0,0,1,0,0,0,0,0,0,0,21,0,0,0,12,6,2,12,0,0,0,1,4,85015,6,1,0,0,2,0,72,180,1,0,0,0,1,3,2012,4,2012,0,39,0,0,0,1,7,40,1,1,2,1,3,3,1,17,3,2,1,88,,,,1,0,,,,,,,,,,,,,,,,,,,,,,,,,2015
2015040724,4,40724,2,2,1,23,10,16,4,12,6,1,0,4,1,24,401,24401,14,2008,3GSCL33P48S5,3,G,S,C,L,3,3,P,4,8,S,5,0,0,0,Not Applicable,Not Applicable,0,0,0,1,0,0,0,0,0,0,0,16,0,0,0,9,4,5,12,0,0,0,1,4,85351,6,1,0,0,3,0,68,205,0,0,0,1,0,9,2015,9,2015,0,0,0,0,0,1,3,30,1,1,2,1,3,3,1,66,99,9,3,89,,,,0,0,,,,,,,,,,,,,,,,,,,,,,,,,2015
2015040725,4,40725,1,1,2,26,10,14,15,5,0,1,0,92,0,98,998,98998,95,1988,489055,4,8,9,0,5,5,,,,,,,0,0,0,Not Applicable,Not Applicable,0,0,0,1,0,0,0,0,0,0,0,998,0,0,0,0,0,3,5,0,0,0,1,4,86333,0,0,0,0,0,0,999,999,0,0,0,0,0,0,0,0,0,0,91,0,0,0,1,2,98,1,1,2,1,0,0,11,15,1,1,1,0,,,,1,1,,,,,,,,,,,,,,,,,,,,,,,,,2015
2015040726,4,40726,1,1,1,29,10,23,53,9,0,1,0,99,9,7,498,7498,30,1985,Unknown,9,9,9,9,9,9,9,9,9,9,9,9,0,0,0,Not Applicable,Not Applicable,0,0,0,1,0,0,0,0,0,0,0,999,0,0,0,12,9,9,9,0,0,0,1,4,85051,6,1,0,0,3,0,69,165,0,1,0,0,2,12,2010,8,2012,0,99,99,99,99,9,9,99,9,9,8,99,0,0,99,84,99,9,4,5,,,,0,0,,,,,,,,,,,,,,,,,,,,,,,,,2015
2015040727,4,40727,1,3,2,30,10,4,35,12,6,1,0,99,9,24,399,24399,6,1997,Unknown,9,9,9,9,9,9,9,9,9,9,9,9,0,0,0,Not Applicable,Not Applicable,0,0,0,1,0,0,0,0,0,0,0,999,0,0,0,61,9,9,12,0,0,0,1,4,85031,6,1,0,0,3,3,68,190,1,1,0,2,3,5,2013,7,2014,0,38,0,0,0,1,2,99,1,9,2,99,99,9,11,15,99,9,9,82,,,,1,0,,,,,,,,,,,,,,,,,,,,,,,,,2015
2015040727,4,40727,2,3,2,30,10,4,35,12,6,1,0,99,9,49,482,49482,31,2000,Unknown,9,9,9,9,9,9,9,9,9,9,9,9,0,0,0,Not Applicable,Not Applicable,0,0,0,1,0,0,0,0,0,0,0,999,0,0,0,12,9,9,12,0,0,0,1,4,85035,6,1,0,0,3,0,68,210,0,1,2,0,0,9,2013,4,2014,0,0,0,0,0,5,6,99,1,9,2,99,0,0,1,67,99,9,9,83,,,,0,0,,,,,,,,,,,,,,,,,,,,,,,,,2015
2015040727,4,40727,3,3,2,30,10,4,35,12,6,1,1,99,9,12,17,12017,4,2002,Unknown,9,9,9,9,9,9,9,9,9,9,9,9,0,0,0,Not Applicable,Not Applicable,0,0,0,1,0,0,0,0,0,0,0,999,0,0,0,99,6,2,12,99,99,0,1,4,85031,6,1,0,0,3,0,62,180,0,0,0,0,1,3,2015,3,2015,0,0,0,0,0,5,6,99,1,9,2,99,0,0,1,78,99,9,9,98,,,,0,0,,,,,,,,,,,,,,,,,,,,,,,,,2015
2015040728,4,40728,1,1,3,30,10,22,22,8,0,1,0,4,2,23,481,23481,31,2000,1GTEC19V7YZ2,1,G,T,E,C,1,9,V,7,Y,Z,2,0,0,0,Not Applicable,Not Applicable,0,0,0,1,0,0,0,0,0,0,0,30,0,0,0,12,4,5,8,0,0,0,1,4,85303,6,1,0,0,3,3,73,195,0,0,0,0,0,0,0,0,0,0,0,0,0,0,2,4,40,1,1,2,1,0,0,1,80,99,9,3,13,,,,0,1,,,,,,,,,,,,,,,,,,,,,,,,,2015
2015040729,4,40729,1,2,3,15,11,22,48,12,6,1,0,12,4,35,50,35050,4,2016,3N1CN7AP9GL8,3,N,1,C,N,7,A,P,9,G,L,8,0,0,0,Not Applicable,Not Applicable,0,0,0,1,0,0,0,0,0,0,0,998,0,0,0,12,6,2,12,0,0,0,1,4,85120,0,0,0,0,0,0,67,200,0,0,0,0,0,0,0,0,0,0,28,0,0,0,1,2,65,1,1,2,2,0,0,1,10,99,9,2,64,,,,1,0,,,,,,,,,,,,,,,,,,,,,,,,,2015
2015040729,4,40729,2,2,1,15,11,22,48,12,6,1,0,6,3,82,881,82881,66,2011,1FUJGLDR6BLA,1,F,U,J,G,L,D,R,6,B,L,A,1,1,57,1879019,571879019,3,6,1,1,0,0,0,0,0,0,0,60,0,0,0,8,4,5,12,0,0,0,1,6,94509,6,1,6,0,3,0,73,235,0,0,0,0,0,0,0,0,0,0,0,0,0,0,1,2,65,1,1,2,1,0,0,1,62,7,1,1,65,,,,0,0,,,,,,,,,,,,,,,,,,,,,,,,,2015
2015040730,4,40730,1,1,1,24,9,4,39,20,0,1,0,4,2,2,403,2403,14,1995,1J4FY19P6SP2,1,J,4,F,Y,1,9,P,6,S,P,2,0,0,0,Not Applicable,Not Applicable,0,0,0,1,0,0,0,0,0,0,0,998,0,1,4,12,6,2,1,0,0,0,1,4,85143,6,1,0,0,3,0,74,220,0,0,0,0,0,0,0,0,0,0,99,99,99,99,3,4,55,1,1,2,1,0,0,1,13,99,9,4,1,,,,1,0,,,,,,,,,,,,,,,,,,,,,,,,,2015
2015040731,4,40731,1,2,1,19,11,15,34,12,6,1,0,4,2,12,23,12023,4,2015,3FA6P0H79FR1,3,F,A,6,P,0,H,7,9,F,R,1,0,0,0,Not Applicable,Not Applicable,0,0,0,1,0,0,0,0,0,0,0,3,0,0,0,9,4,3,12,0,0,0,1,4,85286,6,1,0,0,3,0,66,130,0,0,0,0,0,0,0,0,0,0,38,0,0,0,0,0,0,0,0,0,0,20,3,11,15,1,1,1,82,,,,0,0,,,,,,,,,,,,,,,,,,,,,,,,,2015
2015040731,4,40731,2,2,1,19,11,15,34,12,6,1,0,4,1,37,706,37706,80,2014,JH2RC7914EK0,J,H,2,R,C,7,9,1,4,E,K,0,0,0,0,Not Applicable,Not Applicable,0,0,0,1,0,0,0,0,0,0,0,44,0,0,0,12,6,2,12,0,0,0,1,4,85225,6,1,6,0,3,0,71,200,0,0,0,3,1,4,2011,7,2014,0,0,0,0,0,2,4,45,1,1,2,1,0,0,1,72,3,2,1,83,,,,1,0,,,,,,,,,,,,,,,,,,,,,,,,,2015
2015040732,4,40732,1,2,1,23,11,5,12,12,6,1,0,4,1,49,40,49040,4,1992,JT2SK11E8N00,J,T,2,S,K,1,1,E,8,N,0,0,0,0,0,Not Applicable,Not Applicable,0,0,0,1,0,0,0,0,0,0,0,50,0,0,0,82,6,2,12,0,0,0,1,4,85607,6,1,0,0,3,0,65,138,0,1,0,0,0,3,2011,3,2011,0,39,0,0,0,1,2,55,1,1,2,1,20,3,1,17,99,1,1,87,,,,1,0,,,,,,,,,,,,,,,,,,,,,,,,,2015
2015040732,4,40732,2,2,1,23,11,5,12,12,6,1,0,4,2,24,401,24401,14,2007,5GZCZ53407S8,5,G,Z,C,Z,5,3,4,0,7,S,8,0,0,0,Not Applicable,Not Applicable,0,0,0,1,0,0,0,0,0,0,0,50,0,0,0,12,6,2,12,0,0,0,1,4,85625,6,1,0,0,3,0,72,225,1,0,0,1,1,11,2011,2,2015,0,0,0,0,0,1,3,65,1,1,2,1,0,0,1,66,4,1,1,86,,,,0,0,,,,,,,,,,,,,,,,,,,,,,,,,2015
2015040733,4,40733,1,1,1,29,11,3,10,35,0,1,0,4,2,72,706,72706,80,2003,1HD4CAM133K4,1,H,D,4,C,A,M,1,3,3,K,4,0,0,0,Not Applicable,Not Applicable,0,0,0,1,0,0,0,0,0,0,0,60,0,0,0,12,6,2,3,0,0,0,1,4,85365,6,1,0,0,2,0,76,170,0,4,0,0,0,4,2012,6,2014,4,0,0,0,0,1,2,0,1,1,5,1,0,0,1,14,99,9,4,14,,,,1,1,,,,,,,,,,,,,,,,,,,,,,,,,2015
2015040734,4,40734,1,2,1,16,11,6,56,12,1,1,0,4,1,30,42,30042,5,2012,WVWDM7AJ5CW2,W,V,W,D,M,7,A,J,5,C,W,2,0,0,0,Not Applicable,Not Applicable,0,0,0,1,0,0,0,0,0,0,0,50,0,1,1,12,6,2,12,0,0,0,1,4,85616,6,1,0,0,3,0,61,145,0,0,0,0,0,0,0,0,0,4,0,0,0,0,1,6,55,1,1,2,1,3,3,1,51,99,1,1,24,,,,1,0,,,,,,,,,,,,,,,,,,,,,,,,,2015
2015040734,4,40734,2,2,1,16,11,6,56,12,1,1,0,4,1,19,3,19003,4,1998,1G6KD54Y7WU7,1,G,6,K,D,5,4,Y,7,W,U,7,0,0,0,Not Applicable,Not Applicable,0,0,0,1,0,0,0,0,0,0,0,7,0,0,0,6,6,2,12,0,0,0,1,4,85616,6,1,0,0,3,0,78,215,0,0,0,0,0,0,0,0,0,0,0,0,0,0,1,6,55,1,1,2,1,3,3,3,53,1,1,1,25,,,,0,0,,,,,,,,,,,,,,,,,,,,,,,,,2015
2015040735,4,40735,1,2,1,28,11,9,16,52,0,1,0,4,1,72,706,72706,80,2009,1HD1BXV1X9Y0,1,H,D,1,B,X,V,1,X,9,Y,0,0,0,0,Not Applicable,Not Applicable,0,0,0,1,0,0,0,0,0,0,0,998,0,0,0,98,6,2,12,0,0,0,1,4,85201,6,1,0,0,3,0,69,235,0,0,0,0,0,0,0,0,0,9,99,99,99,99,2,2,65,1,6,2,1,0,0,1,12,99,1,4,6,,,,1,0,,,,,,,,,,,,,,,,,,,,,,,,,2015
2015040735,4,40735,2,2,1,28,11,9,16,52,0,1,0,4,1,77,706,77706,80,2014,5VPZW36NXE30,5,V,P,Z,W,3,6,N,X,E,3,0,0,0,0,Not Applicable,Not Applicable,0,0,0,1,0,0,0,0,0,0,0,998,0,0,0,63,4,5,12,0,0,0,1,4,85120,6,1,6,0,3,0,70,325,0,2,0,0,1,6,2011,3,2013,0,0,0,0,0,2,2,65,1,6,2,1,0,0,1,60,99,1,1,98,,,,0,0,,,,,,,,,,,,,,,,,,,,,,,,,2015
2015040736,4,40736,1,2,1,2,11,18,45,12,6,1,0,4,1,73,706,73706,80,2013,JKBZXNE12DA0,J,K,B,Z,X,N,E,1,2,D,A,0,0,0,0,Not Applicable,Not Applicable,0,0,0,1,0,0,0,0,0,0,0,998,0,0,0,12,6,2,12,0,0,0,1,4,85303,6,1,0,0,3,0,68,220,0,0,0,1,0,10,2013,10,2013,4,0,0,0,0,2,4,45,1,1,2,1,0,0,1,17,3,2,1,69,,,,1,0,,,,,,,,,,,,,,,,,,,,,,,,,2015
2015040736,4,40736,2,2,1,2,11,18,45,12,6,1,0,4,2,35,47,35047,4,2006,1N4AL11D76N3,1,N,4,A,L,1,1,D,7,6,N,3,0,0,0,Not Applicable,Not Applicable,0,0,0,1,0,0,0,0,0,0,0,998,0,0,0,83,6,2,12,0,0,0,1,4,85017,0,0,0,0,0,0,65,215,0,2,0,0,0,1,2011,5,2013,0,91,0,0,0,2,4,45,1,1,2,1,0,0,11,63,1,1,1,68,,,,0,0,,,,,,,,,,,,,,,,,,,,,,,,,2015
2015040737,4,40737,1,3,1,29,11,12,21,12,6,1,0,92,0,23,481,23481,31,2014,1GTR1UEH1EZ1,1,G,T,R,1,U,E,H,1,E,Z,1,0,0,0,Not Applicable,Not Applicable,0,0,0,1,0,0,0,0,0,0,0,998,0,0,0,12,6,2,12,0,0,0,1,4,85286,2,1,0,0,2,0,70,180,0,4,1,1,0,2,2013,2,2015,4,39,91,0,0,2,5,45,1,1,2,1,3,3,1,17,99,1,1,88,,,,0,0,,,,,,,,,,,,,,,,,,,,,,,,,2015
2015040737,4,40737,2,3,2,29,11,12,21,12,6,1,0,4,2,69,54,69054,3,2015,WMWXM5C58F3B,W,M,W,X,M,5,C,5,8,F,3,B,0,0,0,Not Applicable,Not Applicable,0,0,0,1,0,0,0,0,0,0,0,12,0,0,0,63,6,2,12,0,0,0,1,4,85248,6,1,0,0,3,3,60,110,0,0,0,0,0,0,0,0,0,0,0,0,0,0,2,5,45,1,1,2,1,3,3,1,66,1,1,1,89,,,,1,0,,,,,,,,,,,,,,,,,,,,,,,,,2015
2015040737,4,40737,3,3,2,29,11,12,21,12,6,1,0,4,2,12,481,12481,31,2006,1FTRF12W96NB,1,F,T,R,F,1,2,W,9,6,N,B,0,0,0,Not Applicable,Not Applicable,0,0,0,1,0,0,0,0,0,0,0,0,0,0,0,12,2,5,12,0,0,0,1,4,85238,6,1,0,0,3,0,65,175,0,0,0,0,0,0,0,0,0,0,0,0,0,0,2,5,45,1,1,2,1,3,3,5,66,1,1,1,98,,,,0,0,,,,,,,,,,,,,,,,,,,,,,,,,2015
2015040738,4,40738,1,1,3,25,9,21,7,42,0,1,0,29,3,82,898,82898,66,2014,3AKJGLDR6ESB,3,A,K,J,G,L,D,R,6,E,S,B,1,1,57,1675597,571675597,3,6,1,1,0,0,0,0,0,0,0,998,0,0,0,98,6,2,2,0,0,1,1,29,65706,6,1,6,0,3,3,69,198,0,0,0,0,0,0,0,0,0,0,0,0,0,0,2,2,75,1,5,2,1,0,0,1,12,99,1,4,6,,,,1,0,,,,,,,,,,,,,,,,,,,,,,,,,2015
2015040739,4,40739,1,1,1,4,11,14,6,34,0,1,0,4,1,20,421,20421,15,2005,1GNEC13T25J1,1,G,N,E,C,1,3,T,2,5,J,1,0,0,0,Not Applicable,Not Applicable,0,0,0,1,0,0,0,0,0,0,0,998,0,1,5,12,6,2,1,0,0,0,1,4,85926,6,1,0,0,3,0,67,215,0,0,0,0,0,0,0,0,0,9,99,99,99,99,1,2,98,8,8,2,1,0,0,99,9,99,9,4,5,,,,1,0,,,,,,,,,,,,,,,,,,,,,,,,,2015
2015040740,4,40740,1,2,1,6,11,18,26,8,0,1,0,4,2,7,482,7482,31,2003,1D7HA18N23S2,1,D,7,H,A,1,8,N,2,3,S,2,0,0,0,Not Applicable,Not Applicable,0,0,0,1,0,0,0,0,0,0,0,42,0,0,0,12,4,5,8,0,0,0,1,4,85023,0,0,0,0,0,0,999,999,0,0,0,0,0,0,0,0,0,0,0,0,0,0,5,5,45,1,1,2,1,0,0,1,80,99,9,3,13,,,,0,0,,,,,,,,,,,,,,,,,,,,,,,,,2015
2015040740,4,40740,2,2,1,6,11,18,26,8,0,1,0,4,1,54,402,54402,14,2012,5J8TB2H55CA0,5,J,8,T,B,2,H,5,5,C,A,0,0,0,0,Not Applicable,Not Applicable,0,0,0,1,0,0,0,0,0,0,0,40,0,0,0,62,4,5,54,0,0,0,1,4,85023,6,1,0,0,3,0,69,178,0,0,0,0,0,0,0,0,0,0,89,0,0,0,5,5,45,1,1,2,1,0,0,1,90,99,9,3,98,,,,0,0,,,,,,,,,,,,,,,,,,,,,,,,,2015
2015040741,4,40741,1,1,2,21,11,15,6,24,0,1,0,4,1,49,401,49401,14,2000,JT3GN87R7Y01,J,T,3,G,N,8,7,R,7,Y,0,1,0,0,0,Not Applicable,Not Applicable,0,0,0,1,0,0,0,0,0,0,0,998,0,1,5,82,6,2,1,0,0,1,1,4,85541,6,1,0,0,3,0,62,100,1,0,0,0,1,8,2014,8,2015,9,89,0,0,0,2,2,65,3,6,2,1,0,0,14,13,99,1,4,5,,,,2,1,,,,,,,,,,,,,,,,,,,,,,,,,2015
2015040742,4,40742,1,1,5,30,6,0,58,8,0,1,0,4,1,6,441,6441,20,2012,2C4RC1BG9CR1,2,C,4,R,C,1,B,G,9,C,R,1,0,0,0,Not Applicable,Not Applicable,0,0,0,1,0,0,0,0,0,0,0,998,0,0,0,12,6,2,8,0,0,0,1,4,86033,6,1,0,0,3,3,67,187,0,0,0,0,0,0,0,0,0,0,0,0,0,0,1,2,65,1,1,2,1,0,0,1,80,99,1,1,13,,,,0,0,,,,,,,,,,,,,,,,,,,,,,,,,2015
2015040743,4,40743,1,1,1,26,9,2,30,1,0,1,0,99,9,99,999,99999,99,9999,Unknown,9,9,9,9,9,9,9,9,9,9,9,9,0,0,0,Not Applicable,Not Applicable,0,0,0,1,0,0,0,0,0,0,0,999,0,1,9,0,9,9,1,0,0,0,1,4,86047,6,1,0,0,3,0,60,176,0,0,0,0,0,0,0,0,0,9,99,99,99,99,1,2,99,1,9,8,99,0,0,99,99,99,9,9,99,,,,1,1,,,,,,,,,,,,,,,,,,,,,,,,,2015
2015040744,4,40744,1,1,1,1,11,7,51,23,0,1,0,4,2,35,47,35047,4,1997,1N4BU31D2VC2,1,N,4,B,U,3,1,D,2,V,C,2,0,0,0,Not Applicable,Not Applicable,0,0,0,1,0,0,0,0,0,0,0,50,0,0,0,12,6,2,23,0,0,0,1,4,85337,0,0,0,0,0,0,68,220,0,0,0,0,0,0,0,0,0,0,0,0,0,0,1,2,50,1,1,2,1,0,0,1,13,99,9,4,5,,,,1,1,,,,,,,,,,,,,,,,,,,,,,,,,2015
2015040745,4,40745,1,2,2,2,11,99,99,12,99,1,9,99,9,99,999,99999,99,9999,Unknown,9,9,9,9,9,9,9,9,9,9,9,9,0,0,0,Not Applicable,Not Applicable,0,0,0,1,0,0,0,0,0,0,0,999,0,0,0,98,9,9,12,0,0,0,1,99,99999,9,9,99,0,9,9,999,999,99,99,99,99,99,99,9999,99,9999,9,99,99,99,99,1,2,99,1,9,2,99,0,0,99,99,99,9,9,99,,,,1,0,,,,,,,,,,,,,,,,,,,,,,,,,2015
2015040745,4,40745,2,2,1,2,11,99,99,12,99,1,9,99,9,99,999,99999,99,9999,Unknown,9,9,9,9,9,9,9,9,9,9,9,9,0,0,0,Not Applicable,Not Applicable,0,0,0,1,0,0,0,0,0,0,0,999,0,0,0,98,9,9,12,0,0,0,1,99,99999,9,9,99,0,9,9,999,999,99,99,99,99,99,99,9999,99,9999,9,99,99,99,99,1,2,99,1,9,2,99,0,0,99,99,99,9,9,99,,,,0,0,,,,,,,,,,,,,,,,,,,,,,,,,2015
2015040746,4,40746,1,2,1,3,11,9,47,12,6,1,0,6,1,49,45,49045,4,2000,JTDBT1230Y00,J,T,D,B,T,1,2,3,0,Y,0,0,0,0,0,Not Applicable,Not Applicable,0,0,0,1,0,0,0,0,0,0,0,15,0,0,0,9,6,2,12,0,0,0,1,6,85390,3,1,0,0,2,3,72,260,0,0,0,0,0,0,0,0,0,0,39,0,0,0,1,2,40,1,1,2,1,20,3,1,17,99,1,1,89,,,,1,1,,,,,,,,,,,,,,,,,,,,,,,,,2015
2015040746,4,40746,2,2,1,3,11,9,47,12,6,1,0,4,1,6,52,6052,6,2004,3C8FY68844T3,3,C,8,F,Y,6,8,8,4,4,T,3,0,0,0,Not Applicable,Not Applicable,0,0,0,1,0,0,0,0,0,0,0,40,0,0,0,12,6,2,12,0,0,0,1,4,85345,6,1,0,0,3,3,61,140,0,0,0,0,0,0,0,0,0,0,0,0,0,0,3,2,40,1,1,2,1,0,0,1,66,99,1,1,88,,,,0,0,,,,,,,,,,,,,,,,,,,,,,,,,2015
2015040747,4,40747,1,1,1,3,11,20,42,9,0,1,0,4,1,7,43,7043,4,2004,1B3EL36X94N2,1,B,3,E,L,3,6,X,9,4,N,2,0,0,0,Not Applicable,Not Applicable,0,0,0,1,0,0,0,0,0,0,0,46,0,0,0,12,6,2,9,0,0,0,1,4,85353,6,1,0,0,3,0,67,180,0,1,0,2,0,4,2011,1,2012,0,0,0,0,0,1,2,40,1,1,2,1,0,0,1,83,99,1,1,13,,,,0,0,,,,,,,,,,,,,,,,,,,,,,,,,2015