accident_id,STATE,ST_CASE,VEH_NO,VE_FORMS,NUMOCCS,DAY,MONTH,HOUR,MINUTE,HARM_EV,MAN_COLL,UNITTYPE,HIT_RUN,REG_STAT,OWNER,MAKE,MODEL,MAK_MOD,BODY_TYP,MOD_YEAR,VIN,VIN_1,VIN_2,VIN_3,VIN_4,VIN_5,VIN_6,VIN_7,VIN_8,VIN_9,VIN_10,VIN_11,VIN_12,TOW_VEH,J_KNIFE,MCARR_I1,MCARR_I2,MCARR_ID,GVWR,V_CONFIG,CARGO_BT,HAZ_INV,HAZ_PLAC,HAZ_ID,HAZ_CNO,HAZ_REL,BUS_USE,SPEC_USE,EMER_USE,TRAV_SP,UNDERIDE,ROLLOVER,ROLINLOC,IMPACT1,DEFORMED,TOWED,M_HARM,VEH_SC1,VEH_SC2,FIRE_EXP,DR_PRES,L_STATE,DR_ZIP,L_STATUS,L_TYPE,CDL_STAT,L_ENDORS,L_COMPL,L_RESTRI,DR_HGT,DR_WGT,PREV_ACC,PREV_SUS,PREV_DWI,PREV_SPD,PREV_OTH,FIRST_MO,FIRST_YR,LAST_MO,LAST_YR,SPEEDREL,DR_SF1,DR_SF2,DR_SF3,DR_SF4,VTRAFWAY,VNUM_LAN,VSPD_LIM,VALIGN,VPROFILE,VPAVETYP,VSURCOND,VTRAFCON,VTCONT_F,P_CRASH1,P_CRASH2,P_CRASH3,PCRASH4,PCRASH5,ACC_TYPE,TRLR1VIN,TRLR2VIN,TRLR3VIN,DEATHS,DR_DRINK,VINTYPE,VINMAKE,VINA_MOD,VIN_BT,VINMODYR,VIN_LNGT,VIN_WGT,WGTCD_TR,WHLBS_LG,WHLBS_SH,SER_TR,FUELCODE,MCYCL_DS,CARBUR,CYLINDER,DISPLACE,MCYCL_CY,MCYCL_WT,TIRE_SZE,TON_RAT,TRK_WT,TRKWTVAR,VIN_REST,WHLDRWHL,Year
2015040748,4,40748,1,2,1,6,11,16,36,12,6,1,0,4,1,49,40,49040,4,1992,4T1SK11E3NU0,4,T,1,S,K,1,1,E,3,N,U,0,0,0,0,Not Applicable,Not Applicable,0,0,0,1,0,0,0,0,0,0,0,998,0,0,0,9,4,3,12,0,0,0,1,4,85301,6,1,0,0,3,0,64,149,0,0,0,0,0,0,0,0,0,0,38,0,0,0,1,5,40,1,1,8,1,3,3,11,15,99,9,3,68,,,,0,1,,,,,,,,,,,,,,,,,,,,,,,,,2015
2015040748,4,40748,2,2,1,6,11,16,36,12,6,1,0,4,2,72,706,72706,80,2015,1HD1GYM17FC3,1,H,D,1,G,Y,M,1,7,F,C,3,0,0,0,Not Applicable,Not Applicable,0,0,0,1,0,0,0,0,0,0,0,998,0,0,0,12,6,2,12,0,0,0,1,4,85305,6,1,0,0,3,0,70,145,0,1,0,2,3,12,2010,7,2013,0,89,0,0,0,1,5,40,1,1,8,1,3,3,1,62,99,9,3,69,,,,1,0,,,,,,,,,,,,,,,,,,,,,,,,,2015
2015040749,4,40749,1,1,2,7,11,99,99,99,99,1,9,99,9,99,739,99739,90,9999,Unknown,9,9,9,9,9,9,9,9,9,9,9,9,0,0,0,Not Applicable,Not Applicable,0,0,0,1,0,0,0,0,0,0,0,999,0,0,0,99,9,9,99,0,0,0,1,99,99999,9,9,99,0,9,9,999,999,99,99,99,99,99,99,9999,99,9999,9,99,99,99,99,9,9,99,9,9,9,99,99,9,99,99,99,9,9,99,,,,1,0,,,,,,,,,,,,,,,,,,,,,,,,,2015
2015040751,4,40751,1,1,3,13,11,2,48,5,0,1,0,4,1,23,481,23481,31,2001,1GTHK29G71E2,1,G,T,H,K,2,9,G,7,1,E,2,0,0,0,Not Applicable,Not Applicable,0,0,0,1,0,0,0,0,0,0,0,998,0,0,0,0,6,2,5,0,0,0,1,4,85925,6,1,0,0,3,0,73,180,0,2,1,0,0,9,2014,8,2015,0,24,0,0,0,1,2,0,3,6,5,1,0,0,14,6,99,9,4,0,,,,1,1,,,,,,,,,,,,,,,,,,,,,,,,,2015
2015040752,4,40752,1,1,99,19,11,18,15,9,0,1,1,99,9,99,999,99999,99,9999,Unknown,9,9,9,9,9,9,9,9,9,9,9,9,0,0,0,Not Applicable,Not Applicable,0,0,0,1,0,0,0,0,0,0,0,999,0,0,0,12,9,5,9,99,99,0,1,99,99999,9,9,99,0,9,9,999,999,99,99,99,99,99,99,9999,99,9999,9,99,99,99,99,1,6,99,1,9,8,99,3,3,10,83,99,9,9,13,,,,0,0,,,,,,,,,,,,,,,,,,,,,,,,,2015
2015040753,4,40753,1,1,2,12,11,99,99,2,0,1,0,99,9,99,999,99999,99,9999,Unknown,9,9,9,9,9,9,9,9,9,9,9,9,0,0,0,Not Applicable,Not Applicable,0,0,0,1,0,0,0,0,0,0,0,999,0,0,0,0,9,9,2,0,0,1,1,99,99999,9,9,99,0,9,9,999,999,99,99,99,99,99,99,9999,99,9999,9,99,99,99,99,1,2,99,1,9,2,99,0,0,99,98,99,9,9,0,,,,1,0,,,,,,,,,,,,,,,,,,,,,,,,,2015
2015040754,4,40754,1,1,1,25,11,15,31,33,0,1,0,4,2,49,403,49403,14,2005,JTEDP21A6500,J,T,E,D,P,2,1,A,6,5,0,0,0,0,0,Not Applicable,Not Applicable,0,0,0,1,0,0,0,0,0,0,0,45,0,0,0,12,6,2,42,0,0,0,1,4,85083,6,1,0,0,3,0,64,154,0,0,0,0,0,0,0,0,0,0,0,0,0,0,5,5,45,1,1,8,1,0,0,1,12,99,9,4,6,,,,1,0,,,,,,,,,,,,,,,,,,,,,,,,,2015
2015040755,4,40755,1,1,2,27,11,99,99,99,99,1,9,99,9,99,999,99999,99,9999,Unknown,9,9,9,9,9,9,9,9,9,9,9,9,0,0,0,Not Applicable,Not Applicable,0,0,0,1,0,0,0,0,0,0,0,999,0,0,0,99,9,9,99,0,0,0,1,99,99999,9,9,99,0,9,9,999,999,99,99,99,99,99,99,9999,99,9999,9,99,99,99,99,9,9,99,9,9,9,99,99,9,99,99,99,9,9,99,,,,1,0,,,,,,,,,,,,,,,,,,,,,,,,,2015
2015040756,4,40756,1,1,2,27,11,3,1,33,0,1,0,4,1,12,3,12003,2,2003,1FAFP42R43F4,1,F,A,F,P,4,2,R,4,3,F,4,0,0,0,Not Applicable,Not Applicable,0,0,0,1,0,0,0,0,0,0,0,92,0,0,0,62,6,2,30,0,0,0,1,4,85281,6,1,0,0,3,0,64,200,0,0,0,1,0,7,2015,7,2015,4,0,0,0,0,2,2,35,2,1,2,1,0,0,14,9,99,3,4,2,,,,1,0,,,,,,,,,,,,,,,,,,,,,,,,,2015
2015040757,4,40757,1,2,1,29,11,20,16,12,2,1,0,4,2,37,32,37032,4,1998,1HGCG5648WA1,1,H,G,C,G,5,6,4,8,W,A,1,0,0,0,Not Applicable,Not Applicable,0,0,0,1,0,0,0,0,0,0,0,999,0,0,0,12,6,2,12,0,0,0,1,4,85009,0,0,0,0,0,0,70,220,0,8,1,0,1,12,2010,2,2015,0,28,0,0,0,1,2,50,1,1,2,1,0,0,1,10,99,9,2,50,,,,1,1,,,,,,,,,,,,,,,,,,,,,,,,,2015
2015040757,4,40757,2,2,4,29,11,20,16,12,2,1,0,4,1,20,39,20039,4,2007,KL1TD56657B1,K,L,1,T,D,5,6,6,5,7,B,1,0,0,0,Not Applicable,Not Applicable,0,0,0,1,0,0,0,0,0,0,0,999,0,1,1,12,6,2,12,0,0,0,1,4,85248,6,1,0,0,3,3,68,185,0,0,0,0,0,0,0,0,0,0,0,0,0,0,1,2,50,1,1,2,1,0,0,1,62,99,9,1,51,,,,4,1,,,,,,,,,,,,,,,,,,,,,,,,,2015
2015040758,4,40758,1,2,1,2,12,7,29,12,6,1,0,4,1,49,472,49472,30,1998,4TANL42N6WZ0,4,T,A,N,L,4,2,N,6,W,Z,0,0,0,0,Not Applicable,Not Applicable,0,0,0,1,0,0,0,0,0,0,0,998,0,0,0,62,6,2,12,0,0,0,1,4,85296,6,1,0,0,3,3,60,145,0,0,0,0,0,0,0,0,0,0,38,0,0,0,1,3,45,1,1,2,1,20,3,11,15,99,1,1,82,,,,1,0,,,,,,,,,,,,,,,,,,,,,,,,,2015
2015040758,4,40758,2,2,1,2,12,7,29,12,6,1,0,4,1,35,43,35043,4,2005,3N1CB51D95L5,3,N,1,C,B,5,1,D,9,5,L,5,0,0,0,Not Applicable,Not Applicable,0,0,0,1,0,0,0,0,0,0,0,45,0,0,0,12,6,2,12,0,0,0,1,4,85249,6,1,0,0,3,0,61,100,0,0,0,0,0,0,0,0,0,0,0,0,0,0,2,3,45,1,1,2,1,0,0,1,67,99,1,1,83,,,,0,0,,,,,,,,,,,,,,,,,,,,,,,,,2015
2015040759,4,40759,1,3,1,6,12,12,30,12,1,1,0,49,1,12,880,12880,67,2011,1FT8W3BT7BEC,1,F,T,8,W,3,B,T,7,B,E,C,1,1,88,None,None,2,4,1,1,0,0,0,0,0,0,0,45,0,0,0,12,4,5,12,0,0,0,1,49,84078,6,1,0,0,3,3,76,230,98,0,0,0,0,0,0,0,0,4,0,0,0,0,1,2,55,1,1,2,1,0,0,1,52,6,1,1,28,,,,0,0,,,,,,,,,,,,,,,,,,,,,,,,,2015
2015040759,4,40759,2,3,1,6,12,12,30,12,1,1,0,4,1,19,481,19481,31,2008,1GYEC63858R1,1,G,Y,E,C,6,3,8,5,8,R,1,0,0,0,Not Applicable,Not Applicable,0,0,0,1,0,0,0,0,0,0,0,998,0,0,0,6,4,5,12,0,0,0,1,4,85258,6,1,0,0,3,0,72,200,0,0,0,0,0,0,0,0,0,0,0,0,0,0,1,2,55,1,1,2,1,0,0,2,53,1,1,1,30,,,,0,0,,,,,,,,,,,,,,,,,,,,,,,,,2015
2015040759,4,40759,3,3,1,6,12,12,30,12,1,1,0,4,1,73,709,73709,80,1995,JKAZG9B15SB5,J,K,A,Z,G,9,B,1,5,S,B,5,0,0,0,Not Applicable,Not Applicable,0,0,0,1,0,0,0,0,0,0,0,55,0,0,0,12,6,2,12,0,0,0,1,4,85344,6,1,0,0,3,0,72,275,0,0,0,0,0,0,0,0,0,0,0,0,0,0,1,2,55,1,1,2,1,0,0,1,62,99,9,1,98,,,,1,0,,,,,,,,,,,,,,,,,,,,,,,,,2015
2015040760,4,40760,1,1,2,6,12,16,57,1,0,1,0,4,1,72,709,72709,80,2008,1HD1KB4148Y6,1,H,D,1,K,B,4,1,4,8,Y,6,0,0,0,Not Applicable,Not Applicable,0,0,0,1,0,0,0,0,0,0,0,40,0,0,0,0,6,2,1,0,0,0,1,4,85650,6,1,0,0,3,0,69,185,0,0,0,1,0,4,2013,4,2013,9,99,99,99,99,1,2,40,3,1,8,1,0,0,14,13,99,9,4,1,,,,2,1,,,,,,,,,,,,,,,,,,,,,,,,,2015
2015040761,4,40761,1,6,1,6,12,18,0,8,0,1,0,4,3,82,881,82881,66,2011,1FUJGLDR9BSA,1,F,U,J,G,L,D,R,9,B,S,A,1,1,57,1800704,571800704,3,6,1,1,0,0,0,0,0,0,0,68,0,0,0,12,4,3,8,0,0,0,1,4,85202,1,1,1,0,2,3,69,200,0,4,0,3,1,9,2012,11,2015,0,0,0,0,0,2,5,65,1,6,2,1,0,0,1,80,1,1,1,13,,,,0,0,,,,,,,,,,,,,,,,,,,,,,,,,2015
2015040761,4,40761,2,6,2,6,12,18,0,8,0,1,0,12,3,85,884,85884,66,2016,1XKYD49X3GJ4,1,X,K,Y,D,4,9,X,3,G,J,4,1,1,57,770266,57770266,3,6,1,1,0,0,0,0,0,0,0,60,0,0,0,14,0,5,8,0,0,0,1,12,32233,6,1,6,0,3,0,71,999,0,0,0,2,1,9,2012,10,2014,0,0,0,0,0,2,5,65,1,6,2,1,0,0,1,80,7,1,3,98,,,,0,0,,,,,,,,,,,,,,,,,,,,,,,,,2015
2015040761,4,40761,3,6,2,6,12,18,0,8,0,1,0,4,2,37,402,37402,14,2013,2HKRM3H35DH5,2,H,K,R,M,3,H,3,5,D,H,5,0,0,0,Not Applicable,Not Applicable,0,0,0,1,0,0,0,0,0,0,0,65,0,0,0,14,4,5,18,0,0,0,1,4,85303,6,1,0,0,3,0,67,200,0,1,0,1,0,10,2012,11,2012,0,0,0,0,0,2,5,65,1,6,2,1,0,0,1,90,1,1,1,98,,,,0,0,,,,,,,,,,,,,,,,,,,,,,,,,2015
2015040761,4,40761,4,6,2,6,12,18,0,8,0,1,0,4,1,12,37,12037,5,2012,1FAHP3K23CL2,1,F,A,H,P,3,K,2,3,C,L,2,0,0,0,Not Applicable,Not Applicable,0,0,0,1,0,0,0,0,0,0,0,65,0,0,0,14,0,5,18,0,0,0,1,4,85338,6,1,0,0,3,0,65,120,0,0,0,0,0,0,0,0,0,0,0,0,0,0,2,5,65,1,6,2,1,0,0,1,90,6,1,3,98,,,,0,0,,,,,,,,,,,,,,,,,,,,,,,,,2015
2015040761,4,40761,5,6,2,6,12,18,0,8,0,1,0,4,1,49,46,49046,5,2015,JTDKN3DU6F19,J,T,D,K,N,3,D,U,6,F,1,9,0,0,0,Not Applicable,Not Applicable,0,0,0,1,0,0,0,0,0,0,0,65,0,0,0,14,0,5,18,0,0,0,1,4,85344,6,1,0,0,3,0,70,140,0,0,0,0,0,0,0,0,0,0,0,0,0,0,2,5,65,1,6,2,1,0,0,1,90,1,1,1,98,,,,0,0,,,,,,,,,,,,,,,,,,,,,,,,,2015
2015040761,4,40761,6,6,4,6,12,18,0,8,0,1,0,4,1,34,35,34035,4,2007,WBANF73597CU,W,B,A,N,F,7,3,5,9,7,C,U,0,0,0,Not Applicable,Not Applicable,0,0,0,1,0,0,0,0,0,0,0,60,0,0,0,14,2,5,18,0,0,0,1,4,85338,6,1,0,0,3,0,74,270,0,0,0,0,0,0,0,0,0,0,0,0,0,0,2,5,65,1,6,2,1,0,0,1,90,99,1,1,98,,,,0,0,,,,,,,,,,,,,,,,,,,,,,,,,2015
2015040762,4,40762,1,1,1,8,12,18,59,35,0,1,0,4,1,20,481,20481,31,1996,2GCEK19R6T11,2,G,C,E,K,1,9,R,6,T,1,1,0,0,0,Not Applicable,Not Applicable,0,0,0,1,0,0,0,0,0,0,0,998,0,1,5,98,6,2,1,0,0,0,1,4,86040,6,1,0,0,3,3,70,220,0,0,0,0,0,0,0,0,0,9,99,99,99,99,1,2,65,1,1,2,1,0,0,1,13,6,9,4,10,,,,1,0,,,,,,,,,,,,,,,,,,,,,,,,,2015
2015040763,4,40763,1,1,2,8,12,19,9,8,0,1,0,4,2,23,441,23441,20,1995,1GKDM19W2SB5,1,G,K,D,M,1,9,W,2,S,B,5,0,0,0,Not Applicable,Not Applicable,0,0,0,1,0,0,0,0,0,0,0,998,0,0,0,12,2,5,8,0,0,0,1,4,86044,0,0,0,0,0,0,61,120,0,0,0,0,0,0,0,0,0,0,0,0,0,0,1,2,55,1,1,2,1,0,0,1,80,2,1,1,13,,,,0,0,,,,,,,,,,,,,,,,,,,,,,,,,2015
2015040764,4,40764,1,1,1,9,12,17,19,38,0,1,0,4,1,7,4,7004,1,2004,1B3JZ65Z94V1,1,B,3,J,Z,6,5,Z,9,4,V,1,0,0,0,Not Applicable,Not Applicable,0,0,0,1,0,0,0,0,0,0,0,60,0,0,0,12,6,2,43,0,0,0,1,4,85338,6,1,0,0,3,0,72,240,0,0,0,0,0,0,0,0,0,4,0,0,0,0,6,2,45,1,1,8,1,0,0,3,9,99,9,4,7,,,,1,0,,,,,,,,,,,,,,,,,,,,,,,,,2015
2015040765,4,40765,1,1,1,9,12,17,21,8,0,1,0,4,2,7,41,7041,4,2000,2B3HD56J6YH4,2,B,3,H,D,5,6,J,6,Y,H,4,0,0,0,Not Applicable,Not Applicable,0,0,0,1,0,0,0,0,0,0,0,40,0,0,0,82,2,5,8,0,0,0,1,4,85204,6,1,0,0,3,0,76,300,0,0,0,0,0,0,0,0,0,0,91,0,0,0,5,7,40,1,1,2,1,0,0,15,80,99,9,3,13,,,,0,0,,,,,,,,,,,,,,,,,,,,,,,,,2015
2015040766,4,40766,1,1,2,10,12,10,46,8,0,1,0,4,1,55,401,55401,14,2003,KM8SC13D63U4,K,M,8,S,C,1,3,D,6,3,U,4,0,0,0,Not Applicable,Not Applicable,0,0,0,1,0,0,0,0,0,0,0,40,0,0,0,12,4,8,8,0,0,0,1,4,85202,6,1,0,0,3,0,68,135,0,0,0,0,0,0,0,0,0,0,0,0,0,0,5,7,40,1,1,8,1,0,0,1,80,99,9,1,13,,,,0,0,,,,,,,,,,,,,,,,,,,,,,,,,2015
2015040767,4,40767,1,2,3,12,12,10,33,12,6,1,0,4,1,20,38,20038,10,2006,1GCCS1483681,1,G,C,C,S,1,4,8,3,6,8,1,0,0,0,Not Applicable,Not Applicable,0,0,0,1,0,0,0,0,0,0,0,10,0,0,0,61,6,2,12,32,0,0,1,4,85203,6,1,0,0,3,3,59,190,0,0,0,0,0,0,0,0,0,0,48,38,0,0,1,2,45,1,1,8,1,0,0,11,15,99,1,1,68,,,,0,0,,,,,,,,,,,,,,,,,,,,,,,,,2015
2015040767,4,40767,2,2,1,12,12,10,33,12,6,1,0,4,2,76,706,76706,80,2005,JYAVP11E35A0,J,Y,A,V,P,1,1,E,3,5,A,0,0,0,0,Not Applicable,Not Applicable,0,0,0,1,0,0,0,0,0,0,0,45,0,0,0,12,6,2,12,0,0,0,1,4,85220,6,1,0,0,2,0,75,250,0,0,0,0,0,0,0,0,0,0,0,0,0,0,5,5,45,1,1,8,1,0,0,1,67,99,9,3,69,,,,1,0,,,,,,,,,,,,,,,,,,,,,,,,,2015
2015040768,4,40768,1,2,3,13,12,9,41,12,7,1,0,4,2,20,24,20024,6,2012,1GNKRGED8CJ3,1,G,N,K,R,G,E,D,8,C,J,3,0,0,0,Not Applicable,Not Applicable,0,0,0,1,0,0,0,0,0,0,0,65,0,0,0,82,6,2,12,0,0,0,1,4,85363,6,1,0,0,3,0,69,150,0,0,0,0,0,0,0,0,0,0,99,99,99,99,3,6,65,1,1,2,1,0,0,1,11,99,1,2,48,,,,0,0,,,,,,,,,,,,,,,,,,,,,,,,,2015
2015040768,4,40768,2,2,4,13,12,9,41,12,7,1,0,4,1,20,22,20022,4,2006,1G1AK55F5676,1,G,1,A,K,5,5,F,5,6,7,6,0,0,0,Not Applicable,Not Applicable,0,0,0,1,0,0,0,0,0,0,0,65,0,0,0,63,6,2,12,0,0,0,1,4,85035,6,1,0,0,3,3,62,148,0,0,0,0,0,0,0,0,0,0,0,0,0,0,3,6,65,1,1,2,1,0,0,1,60,99,1,1,48,,,,1,0,,,,,,,,,,,,,,,,,,,,,,,,,2015
2015040769,4,40769,1,2,1,13,12,11,16,12,6,1,0,95,1,20,16,20016,2,2003,1G1JH12FX373,1,G,1,J,H,1,2,F,X,3,7,3,0,0,0,Not Applicable,Not Applicable,0,0,0,1,0,0,0,0,0,0,0,5,0,0,0,9,6,2,12,0,0,0,1,95,0,9,9,99,0,9,9,67,170,99,99,99,99,99,99,9999,99,9999,0,48,27,0,0,2,2,75,1,1,2,1,0,0,15,10,99,1,2,48,,,,1,0,,,,,,,,,,,,,,,,,,,,,,,,,2015
2015040769,4,40769,2,2,1,13,12,11,16,12,6,1,0,29,3,82,884,82884,66,2011,1FUJGLDR0BLA,1,F,U,J,G,L,D,R,0,B,L,A,1,1,57,0007028,570007028,3,6,1,1,0,0,0,0,0,0,0,63,0,0,0,12,6,2,12,0,0,0,1,6,91746,6,1,6,0,3,0,67,165,0,0,0,0,0,0,0,0,0,0,0,0,0,0,2,2,75,1,1,2,1,0,0,1,61,6,1,3,48,,,,0,0,,,,,,,,,,,,,,,,,,,,,,,,,2015
2015040770,4,40770,1,1,2,14,12,19,1,8,0,1,0,4,1,20,481,20481,31,2000,1GCEK19T1YE1,1,G,C,E,K,1,9,T,1,Y,E,1,0,0,0,Not Applicable,Not Applicable,0,0,0,1,0,0,0,0,0,0,0,40,0,0,0,12,2,5,8,0,0,0,1,4,85193,6,1,0,0,3,3,69,185,0,0,0,0,0,0,0,0,0,0,0,0,0,0,5,6,45,1,1,2,1,0,0,1,80,1,1,1,13,,,,0,0,,,,,,,,,,,,,,,,,,,,,,,,,2015
2015040771,4,40771,1,3,3,15,12,12,35,12,6,1,0,4,2,38,402,38402,14,1997,4S2CK58V5V43,4,S,2,C,K,5,8,V,5,V,4,3,0,0,0,Not Applicable,Not Applicable,0,0,0,1,0,0,0,0,0,0,0,65,0,1,3,12,6,2,1,0,0,0,1,4,85041,6,1,0,0,3,0,61,127,0,0,0,0,0,0,0,0,0,4,0,0,0,0,3,6,65,1,1,2,1,0,0,15,13,6,4,6,48,,,,1,0,,,,,,,,,,,,,,,,,,,,,,,,,2015
2015040771,4,40771,2,3,1,15,12,12,35,12,6,1,0,4,2,20,481,20481,31,2004,1GCHC23U04F1,1,G,C,H,C,2,3,U,0,4,F,1,0,0,0,Not Applicable,Not Applicable,0,0,0,1,0,0,0,0,0,0,0,65,0,0,0,83,6,2,12,0,0,0,1,4,85021,1,1,0,0,2,3,68,240,0,1,0,0,0,8,2013,8,2013,0,0,0,0,0,3,6,65,1,1,2,1,0,0,1,61,10,1,1,48,,,,0,0,,,,,,,,,,,,,,,,,,,,,,,,,2015
2015040771,4,40771,3,3,1,15,12,12,35,12,6,1,0,4,1,30,52,30052,4,2013,1VWAP7A33DC0,1,V,W,A,P,7,A,3,3,D,C,0,0,0,0,Not Applicable,Not Applicable,0,0,0,1,0,0,0,0,0,0,0,65,0,0,0,8,2,5,54,0,0,0,1,4,85086,6,1,0,0,3,0,69,150,0,0,0,0,0,0,0,0,0,0,0,0,0,0,3,6,65,1,1,2,1,0,0,1,98,99,1,3,98,,,,0,0,,,,,,,,,,,,,,,,,,,,,,,,,2015
2015040772,4,40772,1,1,1,18,12,11,32,25,0,1,0,4,1,12,16,12016,4,2000,2FAFP71W6YX1,2,F,A,F,P,7,1,W,6,Y,X,1,0,0,0,Not Applicable,Not Applicable,0,0,0,1,0,0,0,0,0,0,0,998,0,1,3,98,6,2,1,0,0,0,1,4,85027,6,1,2,0,3,3,72,350,0,2,0,0,1,3,2013,12,2014,4,27,0,0,0,3,4,65,1,1,2,1,0,0,3,12,99,9,4,7,,,,1,1,,,,,,,,,,,,,,,,,,,,,,,,,2015
2015040773,4,40773,1,2,1,21,12,17,2,12,6,1,0,4,1,20,499,20499,15,2002,1GCHK23U52F2,1,G,C,H,K,2,3,U,5,2,F,2,0,0,0,Not Applicable,Not Applicable,0,0,0,1,0,0,0,0,0,0,0,27,0,0,0,82,6,2,12,0,0,0,1,4,86040,6,1,6,0,3,3,71,225,0,0,0,0,0,0,0,0,0,0,38,0,0,0,1,4,45,1,1,2,1,0,0,11,15,1,1,1,68,,,,0,0,,,,,,,,,,,,,,,,,,,,,,,,,2015
2015040773,4,40773,2,2,1,21,12,17,2,12,6,1,0,4,1,49,401,49401,14,1991,JT4VN93D2M50,J,T,4,V,N,9,3,D,2,M,5,0,0,0,0,Not Applicable,Not Applicable,0,0,0,1,0,0,0,0,0,0,0,45,0,0,0,12,6,2,12,0,0,0,1,4,86040,6,1,0,0,3,0,70,195,0,0,0,1,0,12,2011,12,2011,0,0,0,0,0,1,4,45,1,1,2,1,0,0,1,62,99,1,1,69,,,,1,0,,,,,,,,,,,,,,,,,,,,,,,,,2015
2015040775,4,40775,1,2,2,22,12,19,23,12,6,1,0,4,1,20,471,20471,30,1984,1GCCS14BXE81,1,G,C,C,S,1,4,B,X,E,8,1,0,0,0,Not Applicable,Not Applicable,0,0,0,1,0,0,0,0,0,0,0,998,0,0,0,82,6,2,12,0,0,0,1,4,85351,6,1,0,0,3,0,63,120,0,0,0,0,0,0,0,0,0,0,89,38,0,0,2,4,45,1,1,2,1,0,0,11,15,1,1,1,68,,,,0,0,,,,,,,,,,,,,,,,,,,,,,,,,2015
2015040775,4,40775,2,2,1,22,12,19,23,12,6,1,0,4,1,53,706,53706,80,2008,JS1GX72A5821,J,S,1,G,X,7,2,A,5,8,2,1,0,0,0,Not Applicable,Not Applicable,0,0,0,1,0,0,0,0,0,0,0,998,0,0,0,12,6,2,12,0,0,1,1,17,62225,6,1,0,0,3,0,77,263,0,1,0,1,0,6,2015,7,2015,0,0,0,0,0,2,3,45,1,1,2,1,0,0,1,62,99,9,3,69,,,,1,0,,,,,,,,,,,,,,,,,,,,,,,,,2015
2015040776,4,40776,1,1,1,23,12,17,16,1,0,1,0,4,1,72,709,72709,80,2013,1HD1GV412DC3,1,H,D,1,G,V,4,1,2,D,C,3,0,0,0,Not Applicable,Not Applicable,0,0,0,1,0,0,0,0,0,0,0,998,0,0,0,0,6,2,1,0,0,0,1,4,85396,6,1,0,0,3,3,71,265,0,0,0,0,0,0,0,0,0,0,0,0,0,0,3,3,65,1,1,2,1,0,0,1,13,99,9,4,5,,,,1,0,,,,,,,,,,,,,,,,,,,,,,,,,2015
2015040777,4,40777,1,1,1,24,12,23,37,8,0,1,0,4,1,37,402,37402,14,2004,JHLRD78854C0,J,H,L,R,D,7,8,8,5,4,C,0,0,0,0,Not Applicable,Not Applicable,0,0,0,1,0,0,0,0,0,0,0,40,0,0,0,12,6,2,8,0,0,0,1,4,85748,6,1,0,0,3,0,71,340,0,0,0,0,0,0,0,0,0,0,0,0,0,0,2,6,40,1,1,2,1,3,3,1,80,1,1,1,13,,,,0,1,,,,,,,,,,,,,,,,,,,,,,,,,2015
2015040778,4,40778,1,2,2,28,12,12,38,12,6,1,0,4,1,20,402,20402,14,1999,2CNBJ18CXX69,2,C,N,B,J,1,8,C,X,X,6,9,0,0,0,Not Applicable,Not Applicable,0,0,0,1,0,0,0,0,0,0,0,10,0,0,0,3,6,2,12,0,0,0,1,4,85541,6,1,0,0,3,3,71,165,0,0,0,0,0,0,0,0,0,0,38,89,0,0,5,5,35,1,1,2,1,0,0,11,15,99,1,1,68,,,,1,0,,,,,,,,,,,,,,,,,,,,,,,,,2015
2015040778,4,40778,2,2,3,28,12,12,38,12,6,1,0,4,1,20,421,20421,15,2013,1GNSKBE08DR2,1,G,N,S,K,B,E,0,8,D,R,2,0,0,0,Not Applicable,Not Applicable,0,0,0,1,0,0,0,0,0,0,0,35,0,0,0,12,6,2,12,0,0,0,1,4,85048,6,1,0,0,3,0,71,210,0,0,0,0,0,0,0,0,0,0,0,0,0,0,5,5,35,1,1,2,1,0,0,1,62,99,9,1,69,,,,0,0,,,,,,,,,,,,,,,,,,,,,,,,,2015
2015040779,4,40779,1,2,1,30,12,0,0,12,1,1,0,4,1,34,35,34035,4,2002,WBADN63432GN,W,B,A,D,N,6,3,4,3,2,G,N,0,0,0,Not Applicable,Not Applicable,0,0,0,1,0,0,0,0,0,0,0,998,3,0,0,12,6,2,12,0,0,0,1,4,85253,6,1,0,0,3,0,74,182,0,2,0,4,0,8,2011,4,2015,5,91,0,0,0,2,2,75,1,6,2,1,0,0,1,51,1,1,1,24,,,,0,0,,,,,,,,,,,,,,,,,,,,,,,,,2015
2015040779,4,40779,2,2,5,30,12,0,0,12,1,1,0,4,3,7,442,7442,20,2005,1D4GP24R65B2,1,D,4,G,P,2,4,R,6,5,B,2,0,0,0,Not Applicable,Not Applicable,0,0,0,1,0,0,0,0,0,0,0,65,0,1,5,6,6,2,1,0,0,0,1,4,86505,6,1,0,0,3,3,62,130,0,0,0,0,0,0,0,0,0,0,0,0,0,0,2,2,75,1,6,2,1,0,0,1,53,1,1,1,25,,,,2,0,,,,,,,,,,,,,,,,,,,,,,,,,2015
2015040780,4,40780,1,1,1,30,12,21,10,9,0,1,0,4,1,23,481,23481,31,1996,2GTEC19RXT15,2,G,T,E,C,1,9,R,X,T,1,5,0,0,0,Not Applicable,Not Applicable,0,0,0,1,0,0,0,0,0,0,0,45,0,0,0,62,2,5,9,0,0,0,1,4,85704,6,1,0,0,3,0,72,190,0,0,0,1,0,5,2015,5,2015,0,27,0,0,0,5,5,45,1,1,8,1,0,0,15,83,99,1,1,13,,,,0,0,,,,,,,,,,,,,,,,,,,,,,,,,2015
2015040781,4,40781,1,1,1,31,12,0,31,1,0,1,0,4,1,12,422,12422,15,1999,1FMRU176XXLC,1,F,M,R,U,1,7,6,X,X,L,C,0,0,0,Not Applicable,Not Applicable,0,0,0,1,0,0,0,0,0,0,0,998,0,1,3,0,6,2,1,0,0,0,1,4,85041,9,9,99,0,9,9,66,190,99,99,99,99,99,99,9999,99,9999,4,0,0,0,0,2,2,65,1,1,2,1,0,0,1,12,99,9,4,6,,,,1,1,,,,,,,,,,,,,,,,,,,,,,,,,2015