accident_id,STATE,ST_CASE,VEH_NO,VE_FORMS,NUMOCCS,DAY,MONTH,HOUR,MINUTE,HARM_EV,MAN_COLL,UNITTYPE,HIT_RUN,REG_STAT,OWNER,MAKE,MODEL,MAK_MOD,BODY_TYP,MOD_YEAR,VIN,VIN_1,VIN_2,VIN_3,VIN_4,VIN_5,VIN_6,VIN_7,VIN_8,VIN_9,VIN_10,VIN_11,VIN_12,TOW_VEH,J_KNIFE,MCARR_I1,MCARR_I2,MCARR_ID,GVWR,V_CONFIG,CARGO_BT,HAZ_INV,HAZ_PLAC,HAZ_ID,HAZ_CNO,HAZ_REL,BUS_USE,SPEC_USE,EMER_USE,TRAV_SP,UNDERIDE,ROLLOVER,ROLINLOC,IMPACT1,DEFORMED,TOWED,M_HARM,VEH_SC1,VEH_SC2,FIRE_EXP,DR_PRES,L_STATE,DR_ZIP,L_STATUS,L_TYPE,CDL_STAT,L_ENDORS,L_COMPL,L_RESTRI,DR_HGT,DR_WGT,PREV_ACC,PREV_SUS,PREV_DWI,PREV_SPD,PREV_OTH,FIRST_MO,FIRST_YR,LAST_MO,LAST_YR,SPEEDREL,DR_SF1,DR_SF2,DR_SF3,DR_SF4,VTRAFWAY,VNUM_LAN,VSPD_LIM,VALIGN,VPROFILE,VPAVETYP,VSURCOND,VTRAFCON,VTCONT_F,P_CRASH1,P_CRASH2,P_CRASH3,PCRASH4,PCRASH5,ACC_TYPE,TRLR1VIN,TRLR2VIN,TRLR3VIN,DEATHS,DR_DRINK,VINTYPE,VINMAKE,VINA_MOD,VIN_BT,VINMODYR,VIN_LNGT,VIN_WGT,WGTCD_TR,WHLBS_LG,WHLBS_SH,SER_TR,FUELCODE,MCYCL_DS,CARBUR,CYLINDER,DISPLACE,MCYCL_CY,MCYCL_WT,TIRE_SZE,TON_RAT,TRK_WT,TRKWTVAR,VIN_REST,WHLDRWHL,Year
2015040782,4,40782,1,1,1,19,12,19,50,8,0,1,0,4,3,7,881,7881,61,2008,3D6WT76A98G1,3,D,6,W,T,7,6,A,9,8,G,1,0,0,57,2200993,572200993,2,1,3,1,0,0,0,0,0,0,0,998,0,0,0,12,2,5,8,0,0,0,1,4,85223,6,1,0,0,3,0,68,150,2,0,0,1,2,4,2015,12,2015,0,0,0,0,0,1,7,40,1,1,2,1,0,0,1,80,2,1,1,13,,,,0,0,,,,,,,,,,,,,,,,,,,,,,,,,2015
2015040783,4,40783,1,1,2,22,12,15,20,1,0,1,0,6,2,20,401,20401,14,2002,1GNDS13S1222,1,G,N,D,S,1,3,S,1,2,2,2,0,0,0,Not Applicable,Not Applicable,0,0,0,1,0,0,0,0,0,0,0,998,0,1,3,0,6,2,1,0,0,0,1,6,92113,6,1,0,0,3,3,71,180,0,0,0,2,0,4,2014,9,2015,4,80,0,0,0,2,2,75,1,1,2,2,0,0,1,1,99,4,4,7,,,,1,0,,,,,,,,,,,,,,,,,,,,,,,,,2015
2015040785,4,40785,1,2,1,8,11,3,55,12,2,1,0,4,1,22,22,22022,4,2007,1G2ZG58B0741,1,G,2,Z,G,5,8,B,0,7,4,1,0,0,0,Not Applicable,Not Applicable,0,0,0,1,0,0,0,0,0,0,0,63,0,0,0,12,6,2,12,0,0,0,1,4,85031,0,0,0,0,0,0,999,999,0,0,0,2,0,1,2015,8,2015,0,28,91,0,0,5,6,45,1,1,8,1,0,0,1,10,99,9,2,50,,,,0,1,,,,,,,,,,,,,,,,,,,,,,,,,2015
2015040785,4,40785,2,2,1,8,11,3,55,12,2,1,0,4,1,37,32,37032,4,1990,1HGCB7553LA1,1,H,G,C,B,7,5,5,3,L,A,1,0,0,0,Not Applicable,Not Applicable,0,0,0,1,0,0,0,0,0,0,0,45,0,0,0,12,6,2,12,0,0,0,1,4,85033,6,1,0,0,3,0,67,130,0,0,0,0,0,0,0,0,0,0,89,0,0,0,5,6,45,1,1,8,1,0,0,1,62,99,9,3,51,,,,1,1,,,,,,,,,,,,,,,,,,,,,,,,,2015
2015040786,4,40786,1,1,2,9,11,21,2,8,0,1,0,4,1,20,37,20037,4,2012,1G1ZE5E08CF1,1,G,1,Z,E,5,E,0,8,C,F,1,0,0,0,Not Applicable,Not Applicable,0,0,0,1,0,0,0,0,0,0,0,38,0,0,0,12,6,2,8,0,0,0,1,4,85035,6,1,0,0,3,3,76,230,0,0,0,0,0,0,0,0,0,0,0,0,0,0,5,6,40,1,1,2,1,0,0,1,80,99,9,3,13,,,,0,0,,,,,,,,,,,,,,,,,,,,,,,,,2015
2015040787,4,40787,1,1,1,12,11,17,41,8,0,1,0,99,9,20,404,20404,14,2006,Unknown,9,9,9,9,9,9,9,9,9,9,9,9,0,0,0,Not Applicable,Not Applicable,0,0,0,1,0,0,0,0,0,0,0,998,0,0,0,12,9,9,8,0,0,0,1,4,85017,6,1,0,0,3,3,65,150,0,0,0,0,0,0,0,0,0,0,0,0,0,0,9,9,99,1,9,8,99,0,0,1,80,99,9,9,13,,,,0,0,,,,,,,,,,,,,,,,,,,,,,,,,2015
2015040788,4,40788,1,1,3,20,11,5,22,8,0,1,0,4,2,35,472,35472,30,2004,1N6DD26T54C4,1,N,6,D,D,2,6,T,5,4,C,4,0,0,0,Not Applicable,Not Applicable,0,0,0,1,0,0,0,0,0,0,0,14,0,0,0,12,2,5,8,0,0,0,1,4,85033,6,1,0,0,3,0,66,140,0,0,0,0,0,0,0,0,0,0,38,0,0,0,2,4,45,1,1,2,1,3,3,11,80,99,9,3,13,,,,0,0,,,,,,,,,,,,,,,,,,,,,,,,,2015
2015040789,4,40789,1,2,2,20,11,20,5,12,99,1,0,99,9,12,481,12481,31,2003,Unknown,9,9,9,9,9,9,9,9,9,9,9,9,0,0,0,Not Applicable,Not Applicable,0,0,0,1,0,0,0,0,0,0,0,999,0,0,0,99,9,9,12,0,0,0,1,4,85392,6,1,0,0,3,0,73,220,0,6,0,1,2,12,2011,9,2015,0,38,0,0,0,1,6,99,1,9,8,99,99,9,11,15,99,9,9,68,,,,0,0,,,,,,,,,,,,,,,,,,,,,,,,,2015
2015040789,4,40789,2,2,1,20,11,20,5,12,99,1,0,99,9,37,709,37709,80,1999,Unknown,9,9,9,9,9,9,9,9,9,9,9,9,0,0,0,Not Applicable,Not Applicable,0,0,0,1,0,0,0,0,0,0,0,999,0,0,0,99,9,9,12,0,0,0,1,4,85016,6,1,0,0,3,0,67,220,2,14,0,5,4,10,2011,9,2012,9,99,99,99,99,1,6,99,1,9,8,99,99,9,1,62,99,9,9,69,,,,1,0,,,,,,,,,,,,,,,,,,,,,,,,,2015
2015040790,4,40790,1,2,1,22,11,12,12,12,6,1,0,4,9,18,22,18022,4,2008,2G4WE5877811,2,G,4,W,E,5,8,7,7,8,1,1,0,0,0,Not Applicable,Not Applicable,0,0,0,1,0,0,0,0,0,0,0,109,0,0,0,61,6,2,12,0,0,1,1,4,85339,0,0,0,0,0,0,71,200,0,0,0,0,0,0,0,0,0,3,0,0,0,0,5,5,45,1,1,2,1,0,0,1,6,99,3,6,66,,,,1,0,,,,,,,,,,,,,,,,,,,,,,,,,2015
2015040790,4,40790,2,2,1,22,11,12,12,12,6,1,0,4,1,2,405,2405,14,2007,1J4GK48K37W7,1,J,4,G,K,4,8,K,3,7,W,7,0,0,0,Not Applicable,Not Applicable,0,0,0,1,0,0,0,0,0,0,0,50,0,0,0,12,6,2,12,0,0,1,1,4,85339,6,1,0,0,3,3,66,115,1,0,0,0,1,12,2012,1,2013,0,0,0,0,0,5,5,40,1,1,2,1,0,0,1,54,99,9,3,66,,,,0,0,,,,,,,,,,,,,,,,,,,,,,,,,2015
2015040791,4,40791,1,1,1,24,11,5,46,9,0,1,0,4,3,85,884,85884,66,1997,1XKWDB9X4VJ7,1,X,K,W,D,B,9,X,4,V,J,7,1,1,57,1707721,571707721,3,6,8,1,0,0,0,0,0,0,0,8,0,0,0,81,0,5,9,0,0,0,1,4,85053,6,1,6,0,3,3,73,200,0,4,0,0,0,9,2012,9,2015,0,0,0,0,0,2,3,40,1,1,2,1,3,3,10,83,1,1,1,13,,,,0,0,,,,,,,,,,,,,,,,,,,,,,,,,2015
2015040792,4,40792,1,1,4,28,11,20,28,8,0,1,0,32,1,21,441,21441,20,2002,1GHDX03E62D1,1,G,H,D,X,0,3,E,6,2,D,1,0,0,0,Not Applicable,Not Applicable,0,0,0,1,0,0,0,0,0,0,0,16,0,0,0,12,2,5,8,0,0,0,1,32,89048,4,1,0,0,2,3,73,200,0,0,0,0,0,0,0,0,0,0,0,0,0,0,1,7,40,1,1,2,1,3,3,11,80,4,1,1,13,,,,0,1,,,,,,,,,,,,,,,,,,,,,,,,,2015
2015040793,4,40793,1,3,1,28,11,21,22,12,11,1,0,4,1,37,37,37037,5,2010,JHMZE2H75AS0,J,H,M,Z,E,2,H,7,5,A,S,0,0,0,0,Not Applicable,Not Applicable,0,0,0,1,0,0,0,0,0,0,0,5,0,0,0,12,6,2,12,0,0,0,1,4,85050,6,1,0,0,3,0,68,195,0,0,0,0,1,3,2013,3,2013,0,38,89,0,0,5,8,40,1,1,2,1,0,0,12,10,99,9,2,98,,,,0,0,,,,,,,,,,,,,,,,,,,,,,,,,2015
2015040793,4,40793,2,3,1,28,11,21,22,12,11,1,0,4,2,98,709,98709,80,2001,5CDMTB5141G0,5,C,D,M,T,B,5,1,4,1,G,0,0,0,0,Not Applicable,Not Applicable,0,0,0,1,0,0,0,0,0,0,0,40,0,0,0,61,6,2,12,0,0,0,1,4,85017,0,0,0,0,0,0,70,160,0,6,0,1,0,9,2013,10,2014,0,0,0,0,0,5,8,40,1,1,2,1,0,0,1,62,99,9,3,98,,,,1,0,,,,,,,,,,,,,,,,,,,,,,,,,2015
2015040793,4,40793,3,3,1,28,11,21,22,12,11,1,0,4,1,72,706,72706,80,2004,1HD1JAB134Y0,1,H,D,1,J,A,B,1,3,4,Y,0,0,0,0,Not Applicable,Not Applicable,0,0,0,1,0,0,0,0,0,0,0,40,0,0,0,98,6,2,12,0,0,0,1,4,86333,6,1,0,0,3,0,67,200,0,0,0,1,0,10,2013,10,2013,0,0,0,0,0,5,8,40,1,1,2,1,0,0,1,60,99,9,3,98,,,,1,0,,,,,,,,,,,,,,,,,,,,,,,,,2015
2015040794,4,40794,1,1,2,26,11,2,24,1,0,1,0,35,1,49,401,49401,14,2003,JTEZU14RX380,J,T,E,Z,U,1,4,R,X,3,8,0,0,0,0,Not Applicable,Not Applicable,0,0,0,1,0,0,0,0,0,0,0,998,0,1,3,0,6,2,1,0,0,1,1,35,87416,6,1,0,0,3,3,70,220,98,0,0,0,0,0,0,0,0,0,27,0,0,0,2,2,75,2,1,2,1,0,0,15,9,99,5,4,7,,,,1,0,,,,,,,,,,,,,,,,,,,,,,,,,2015
2015040795,4,40795,1,1,1,8,12,15,29,35,0,1,0,4,2,18,402,18402,14,2004,5GADS13S3422,5,G,A,D,S,1,3,S,3,4,2,2,0,0,0,Not Applicable,Not Applicable,0,0,0,1,0,0,0,0,0,0,0,40,0,1,5,98,6,2,1,0,0,0,1,4,85390,6,1,0,0,3,0,72,130,0,0,0,0,0,0,0,0,0,4,0,0,0,0,8,8,65,2,1,5,1,0,0,14,6,99,4,4,7,,,,1,0,,,,,,,,,,,,,,,,,,,,,,,,,2015
2015040796,4,40796,1,1,1,14,12,17,9,1,0,1,0,99,9,23,499,23499,39,9999,Unknown,9,9,9,9,9,9,9,9,9,9,9,9,0,0,0,Not Applicable,Not Applicable,0,0,0,1,0,0,0,0,0,0,0,998,0,1,6,0,6,2,1,0,0,0,1,4,85501,6,1,0,0,3,0,71,180,0,0,0,0,0,0,0,0,0,9,99,99,99,99,8,8,98,8,8,8,98,0,0,99,99,99,9,9,99,,,,1,1,,,,,,,,,,,,,,,,,,,,,,,,,2015
2015040797,4,40797,1,2,5,3,12,18,7,12,6,1,1,4,2,20,37,20037,4,1998,1G1ND52T5W61,1,G,1,N,D,5,2,T,5,W,6,1,0,0,0,Not Applicable,Not Applicable,0,0,0,1,0,0,0,0,0,0,0,35,0,0,0,83,4,5,12,32,0,0,1,4,86042,1,1,0,0,2,0,68,185,0,3,1,0,0,3,2012,3,2013,0,38,48,0,0,2,3,50,1,1,2,1,3,3,11,15,1,1,1,68,,,,1,0,,,,,,,,,,,,,,,,,,,,,,,,,2015
2015040797,4,40797,2,2,1,3,12,18,7,12,6,1,0,4,1,12,481,12481,31,1999,1FTZF172XXKA,1,F,T,Z,F,1,7,2,X,X,K,A,1,1,0,Not Applicable,Not Applicable,0,0,0,1,0,0,0,0,0,0,0,45,0,0,0,12,6,2,12,0,0,0,1,4,85756,6,1,0,0,3,0,70,180,0,0,0,0,1,12,2014,12,2014,0,0,0,0,0,2,3,50,1,1,2,1,3,3,1,62,99,1,1,69,,,,0,0,,,,,,,,,,,,,,,,,,,,,,,,,2015
2015040798,4,40798,1,2,1,3,11,7,2,12,7,1,0,4,1,20,23,20023,6,2007,3GCDA25P97S6,3,G,C,D,A,2,5,P,9,7,S,6,0,0,0,Not Applicable,Not Applicable,0,0,0,1,0,0,0,0,0,0,0,50,0,0,0,82,6,2,12,0,0,0,1,4,85027,6,1,0,0,3,0,69,190,0,0,0,0,0,0,0,0,0,4,27,0,0,0,3,2,65,3,5,2,1,0,0,14,11,99,1,2,48,,,,1,0,,,,,,,,,,,,,,,,,,,,,,,,,2015
2015040798,4,40798,2,2,1,3,11,7,2,12,7,1,0,4,2,12,442,12442,20,2000,2FMZA5349YBB,2,F,M,Z,A,5,3,4,9,Y,B,B,0,0,0,Not Applicable,Not Applicable,0,0,0,1,0,0,0,0,0,0,0,55,0,0,0,63,4,5,12,0,0,0,1,96,0,9,9,99,0,9,9,999,999,99,99,99,99,99,99,9999,99,9999,0,91,0,0,0,3,2,65,3,5,2,1,0,0,14,60,99,1,1,48,,,,0,0,,,,,,,,,,,,,,,,,,,,,,,,,2015
2015040799,4,40799,1,1,2,5,12,18,19,8,0,1,0,4,1,20,481,20481,31,2007,1GCEC19X17Z6,1,G,C,E,C,1,9,X,1,7,Z,6,0,0,0,Not Applicable,Not Applicable,0,0,0,1,0,0,0,0,0,0,0,5,0,0,0,12,0,5,8,0,0,0,1,4,85284,6,1,0,0,3,0,71,200,0,0,0,0,0,0,0,0,0,0,38,0,0,0,1,2,25,1,1,2,1,20,3,11,80,1,1,1,13,,,,0,0,,,,,,,,,,,,,,,,,,,,,,,,,2015
2015040800,4,40800,1,2,2,26,12,2,6,12,6,1,0,4,1,20,421,20421,15,2007,1GNFC13077R3,1,G,N,F,C,1,3,0,7,7,R,3,0,0,0,Not Applicable,Not Applicable,0,0,0,1,0,0,0,0,0,0,0,56,0,0,0,12,6,2,12,0,0,0,1,4,85006,1,1,0,0,2,0,71,170,1,10,0,3,1,4,2011,9,2015,0,39,0,0,0,1,7,40,1,1,2,1,3,3,1,17,99,1,1,86,,,,0,1,,,,,,,,,,,,,,,,,,,,,,,,,2015
2015040800,4,40800,2,2,3,26,12,2,6,12,6,1,0,4,2,59,31,59031,4,1997,JT8BF22G5V50,J,T,8,B,F,2,2,G,5,V,5,0,0,0,0,Not Applicable,Not Applicable,0,0,0,1,0,0,0,0,0,0,0,46,0,0,0,83,6,2,12,0,0,0,1,4,85035,6,1,0,0,3,0,70,300,0,12,1,0,0,4,2012,4,2013,0,0,0,0,0,1,7,40,1,1,2,1,3,3,1,66,99,1,1,87,,,,3,0,,,,,,,,,,,,,,,,,,,,,,,,,2015
2015040801,4,40801,1,1,1,4,12,18,37,8,0,1,9,99,9,99,999,99999,99,9999,Unknown,9,9,9,9,9,9,9,9,9,9,9,9,0,0,0,Not Applicable,Not Applicable,0,0,0,1,0,0,0,0,0,0,0,999,0,0,0,99,9,9,8,0,0,0,1,99,99999,9,9,99,0,9,9,999,999,99,99,99,99,99,99,9999,99,9999,9,99,99,99,99,1,2,99,1,9,2,99,0,0,99,82,99,9,9,13,,,,0,0,,,,,,,,,,,,,,,,,,,,,,,,,2015
2015040802,4,40802,1,1,1,5,12,4,8,30,0,1,0,4,1,58,37,58037,2,2011,JN1CV6EK8BM2,J,N,1,C,V,6,E,K,8,B,M,2,0,0,0,Not Applicable,Not Applicable,0,0,0,1,0,0,0,0,0,0,0,78,0,1,5,62,6,2,1,0,0,0,1,4,85009,6,1,0,0,3,3,73,208,0,0,0,0,1,6,2013,6,2013,3,0,0,0,0,1,4,55,1,1,2,1,0,0,1,13,99,9,4,1,,,,1,1,,,,,,,,,,,,,,,,,,,,,,,,,2015
2015040803,4,40803,1,2,1,5,12,18,46,12,2,1,0,99,9,20,481,20481,31,1999,Unknown,9,9,9,9,9,9,9,9,9,9,9,9,0,0,0,Not Applicable,Not Applicable,0,0,0,1,0,0,0,0,0,0,0,998,0,0,0,12,9,9,12,0,0,0,1,4,85017,6,1,0,0,3,0,65,171,0,0,0,0,0,0,0,0,0,9,91,28,0,0,9,9,99,1,9,2,99,0,0,1,10,99,9,9,50,,,,0,1,,,,,,,,,,,,,,,,,,,,,,,,,2015
2015040803,4,40803,2,2,1,5,12,18,46,12,2,1,0,99,9,49,47,49047,6,2006,Unknown,9,9,9,9,9,9,9,9,9,9,9,9,0,0,0,Not Applicable,Not Applicable,0,0,0,1,0,0,0,0,0,0,0,998,0,0,0,12,9,9,12,0,0,0,1,4,85301,6,1,0,0,3,0,66,235,0,0,0,0,0,0,0,0,0,9,99,99,99,99,9,9,99,1,9,2,99,0,0,1,62,99,9,9,51,,,,1,0,,,,,,,,,,,,,,,,,,,,,,,,,2015
2015040804,4,40804,1,1,1,6,12,3,35,8,0,1,0,4,1,7,482,7482,31,2004,1D7HA18N44S6,1,D,7,H,A,1,8,N,4,4,S,6,0,0,0,Not Applicable,Not Applicable,0,0,0,1,0,0,0,0,0,0,0,31,0,0,0,12,4,5,8,0,0,0,1,4,85331,6,1,0,0,3,0,70,220,0,0,0,0,0,0,0,0,0,0,91,0,0,0,2,3,30,3,1,2,1,0,0,14,80,6,1,3,13,,,,0,0,,,,,,,,,,,,,,,,,,,,,,,,,2015
2015040806,4,40806,1,4,1,9,12,17,38,12,2,1,0,4,1,49,40,49040,4,1998,4T1BF28K6WU0,4,T,1,B,F,2,8,K,6,W,U,0,0,0,0,Not Applicable,Not Applicable,0,0,0,1,0,0,0,0,0,0,0,35,0,0,0,12,6,2,12,0,0,0,1,4,85374,6,1,0,0,3,0,65,160,0,0,0,0,0,0,0,0,0,0,28,0,0,0,5,5,45,1,1,8,1,0,0,1,10,99,9,2,50,,,,1,1,,,,,,,,,,,,,,,,,,,,,,,,,2015
2015040806,4,40806,2,4,1,9,12,17,38,12,2,1,0,4,1,59,32,59032,4,2003,JTHBN30F7301,J,T,H,B,N,3,0,F,7,3,0,1,0,0,0,Not Applicable,Not Applicable,0,0,0,1,0,0,0,0,0,0,0,40,0,0,0,12,6,2,12,0,0,0,1,4,85388,6,1,0,0,3,0,64,185,0,0,0,0,0,0,0,0,0,0,0,0,0,0,5,5,45,1,1,8,1,0,0,1,62,99,9,3,51,,,,0,0,,,,,,,,,,,,,,,,,,,,,,,,,2015
2015040806,4,40806,3,4,1,9,12,17,38,12,2,1,0,4,1,49,442,49442,20,2005,5TDZA23C25S3,5,T,D,Z,A,2,3,C,2,5,S,3,0,0,0,Not Applicable,Not Applicable,0,0,0,1,0,0,0,0,0,0,0,0,0,0,0,98,6,2,12,0,0,0,1,4,85345,6,1,0,0,3,0,67,160,0,0,0,0,0,0,0,0,0,0,0,0,0,0,5,5,45,1,1,8,1,0,0,5,78,1,1,1,98,,,,0,0,,,,,,,,,,,,,,,,,,,,,,,,,2015
2015040806,4,40806,4,4,1,9,12,17,38,12,2,1,0,4,1,35,43,35043,4,2012,3N1AB6AP8CL6,3,N,1,A,B,6,A,P,8,C,L,6,0,0,0,Not Applicable,Not Applicable,0,0,0,1,0,0,0,0,0,0,0,999,0,0,0,12,6,2,33,0,0,0,1,4,85345,6,1,0,0,3,0,61,175,0,0,0,0,0,0,0,0,0,0,0,0,0,0,5,5,45,1,1,8,1,0,0,1,50,7,9,4,98,,,,0,0,,,,,,,,,,,,,,,,,,,,,,,,,2015
2015040807,4,40807,1,1,1,11,12,22,31,8,0,1,0,4,3,49,46,49046,5,2011,JTDKN3DU9B02,J,T,D,K,N,3,D,U,9,B,0,2,0,0,0,Not Applicable,Not Applicable,0,0,0,1,0,0,0,0,0,1,0,30,0,0,0,12,4,5,8,0,0,0,1,4,85353,6,1,0,0,3,0,71,330,0,0,0,0,1,12,2013,12,2013,0,0,0,0,0,5,5,40,1,1,2,1,0,0,1,80,1,1,1,13,,,,0,0,,,,,,,,,,,,,,,,,,,,,,,,,2015
2015040808,4,40808,1,2,1,4,12,16,16,12,2,1,0,4,1,49,40,49040,4,2009,4T1BE46K29U8,4,T,1,B,E,4,6,K,2,9,U,8,0,0,0,Not Applicable,Not Applicable,0,0,0,1,0,0,0,0,0,0,0,65,0,0,0,12,6,2,12,0,0,0,1,55,53130,6,1,0,0,3,3,61,179,0,0,0,0,0,0,0,0,0,0,28,0,0,0,1,2,65,3,1,2,1,0,0,14,10,99,1,2,50,,,,1,0,,,,,,,,,,,,,,,,,,,,,,,,,2015
2015040808,4,40808,2,2,1,4,12,16,16,12,2,1,0,95,1,12,16,12016,4,2004,2FAFP71W94X1,2,F,A,F,P,7,1,W,9,4,X,1,0,0,0,Not Applicable,Not Applicable,0,0,0,1,0,0,0,0,0,0,0,65,0,0,0,12,6,2,12,0,0,0,1,95,0,9,9,99,0,9,9,73,280,99,99,99,99,99,99,9999,99,9999,0,0,0,0,0,1,2,65,2,1,2,1,0,0,14,62,99,1,1,51,,,,1,0,,,,,,,,,,,,,,,,,,,,,,,,,2015
2015040809,4,40809,1,2,1,5,12,22,5,12,1,1,0,6,3,85,881,85881,66,2012,1XKAD49X7CR3,1,X,K,A,D,4,9,X,7,C,R,3,1,1,57,0228223,570228223,3,6,1,1,0,0,0,0,0,0,0,65,0,0,0,12,6,2,12,0,0,0,1,6,93552,6,1,6,0,3,0,74,198,0,0,0,0,0,0,0,0,0,4,0,0,0,0,1,2,75,1,1,2,1,0,0,1,51,99,9,1,24,,,,0,0,,,,,,,,,,,,,,,,,,,,,,,,,2015
2015040809,4,40809,2,2,1,5,12,22,5,12,1,1,0,6,2,49,471,49471,30,1991,JT4RN13P0M60,J,T,4,R,N,1,3,P,0,M,6,0,0,0,0,Not Applicable,Not Applicable,0,0,0,1,0,0,0,0,0,0,0,65,0,0,0,6,6,2,12,0,0,0,1,6,90201,6,1,0,0,3,3,66,250,0,0,0,0,0,0,0,0,0,0,0,0,0,0,2,2,75,1,1,2,1,0,0,1,53,99,9,1,25,,,,1,0,,,,,,,,,,,,,,,,,,,,,,,,,2015
2015040810,4,40810,1,2,3,13,12,15,52,24,0,1,0,32,1,49,40,49040,4,1992,4T1SK12E3NU0,4,T,1,S,K,1,2,E,3,N,U,0,0,0,0,Not Applicable,Not Applicable,0,0,0,1,0,0,0,0,0,0,0,75,0,1,3,98,6,2,1,0,0,0,1,32,89030,6,1,0,0,3,0,61,170,0,0,0,0,0,0,0,0,0,0,27,0,0,0,2,2,75,2,6,2,1,0,0,6,99,99,9,3,98,,,,2,0,,,,,,,,,,,,,,,,,,,,,,,,,2015
2015040810,4,40810,2,2,1,13,12,15,52,24,0,1,0,5,3,82,884,82884,66,2007,1FUJAPCK27DW,1,F,U,J,A,P,C,K,2,7,D,W,1,1,57,2431585,572431585,3,6,1,1,0,0,0,0,0,0,0,65,0,1,3,98,6,2,1,0,0,0,1,5,72764,6,1,6,0,3,0,67,251,1,0,0,0,2,9,2011,11,2014,0,0,0,0,0,2,2,75,2,6,2,1,0,0,99,99,99,9,4,98,,,,0,0,,,,,,,,,,,,,,,,,,,,,,,,,2015
2015040811,4,40811,1,2,1,17,12,16,22,12,1,1,0,2,1,49,43,49043,4,2002,4T1BF28B02U2,4,T,1,B,F,2,8,B,0,2,U,2,0,0,0,Not Applicable,Not Applicable,0,0,0,1,0,0,0,0,0,0,0,65,0,0,0,12,6,2,12,0,0,0,1,2,99603,6,1,0,0,3,0,66,137,0,0,0,0,0,0,0,0,0,4,0,0,0,0,2,2,65,1,1,2,1,0,0,1,50,99,9,1,20,,,,0,0,,,,,,,,,,,,,,,,,,,,,,,,,2015
2015040811,4,40811,2,2,1,17,12,16,22,12,1,1,0,4,1,12,481,12481,31,2001,1FTRW07L41KD,1,F,T,R,W,0,7,L,4,1,K,D,0,0,0,Not Applicable,Not Applicable,0,0,0,1,0,0,0,0,0,0,0,0,0,1,3,6,6,2,1,0,0,0,1,4,85745,6,1,2,0,3,0,68,260,0,4,0,1,1,7,2011,2,2014,0,0,0,0,0,2,2,65,1,1,2,1,0,0,5,53,1,1,1,21,,,,1,0,,,,,,,,,,,,,,,,,,,,,,,,,2015
2015040812,4,40812,1,1,1,17,12,22,6,1,0,1,0,35,2,12,481,12481,31,1997,1FTHW26F6VEA,1,F,T,H,W,2,6,F,6,V,E,A,0,0,0,Not Applicable,Not Applicable,0,0,0,1,0,0,0,0,0,0,0,998,0,1,9,0,6,2,1,0,0,0,1,35,88030,6,1,6,0,3,0,74,290,98,0,0,0,0,0,0,0,0,4,0,0,0,0,2,2,75,2,1,2,1,0,0,14,99,99,9,4,10,,,,1,1,,,,,,,,,,,,,,,,,,,,,,,,,2015
2015040813,4,40813,1,1,4,20,12,12,30,35,0,1,0,4,2,52,34,52034,4,2004,4A3AB36S84E1,4,A,3,A,B,3,6,S,8,4,E,1,0,0,0,Not Applicable,Not Applicable,0,0,0,1,0,0,0,0,0,0,0,998,0,1,5,98,6,2,1,0,0,0,1,4,85924,1,1,0,0,2,0,74,165,0,5,0,0,0,3,2013,8,2015,4,91,0,0,0,1,2,65,3,6,2,2,0,0,14,6,99,9,4,7,,,,1,1,,,,,,,,,,,,,,,,,,,,,,,,,2015
2015040814,4,40814,1,2,2,23,12,22,22,12,6,1,0,4,1,49,482,49482,31,2006,5TBBT44116S4,5,T,B,B,T,4,4,1,1,6,S,4,0,0,0,Not Applicable,Not Applicable,0,0,0,1,0,0,0,0,0,0,0,998,0,1,1,81,6,2,1,32,0,0,1,4,86413,6,1,0,0,3,0,72,310,0,0,0,0,0,0,0,0,0,0,28,80,0,0,1,2,65,1,5,2,1,0,0,1,1,99,9,2,66,,,,1,0,,,,,,,,,,,,,,,,,,,,,,,,,2015
2015040814,4,40814,2,2,1,23,12,22,22,12,6,1,0,4,4,82,898,82898,66,2015,1FUJGLD54FLG,1,F,U,J,G,L,D,5,4,F,L,G,1,1,57,2492649,572492649,3,6,1,1,0,0,0,0,0,0,0,998,0,1,9,12,6,2,1,0,0,0,1,4,85712,6,1,6,0,3,3,70,220,0,2,0,0,0,12,2015,12,2015,0,0,0,0,0,1,2,65,1,6,2,1,0,0,1,62,99,9,3,66,,,,0,0,,,,,,,,,,,,,,,,,,,,,,,,,2015
2015040815,4,40815,1,1,1,28,12,16,43,24,0,1,0,32,2,37,32,37032,4,2005,1HGCM56765A1,1,H,G,C,M,5,6,7,6,5,A,1,0,0,0,Not Applicable,Not Applicable,0,0,0,1,0,0,0,0,0,0,0,998,0,1,9,98,6,2,1,0,0,0,1,32,89102,6,1,0,0,3,3,62,125,0,0,0,0,0,0,0,0,0,4,0,0,0,0,2,2,65,2,6,2,1,0,0,14,99,99,9,4,10,,,,1,0,,,,,,,,,,,,,,,,,,,,,,,,,2015
2015040816,4,40816,1,1,1,13,7,15,2,8,0,1,1,99,9,12,499,12499,31,2000,Unknown,9,9,9,9,9,9,9,9,9,9,9,9,0,0,0,Not Applicable,Not Applicable,0,0,0,1,0,0,0,0,0,0,0,998,0,0,0,98,4,5,8,0,0,0,1,4,86440,6,1,6,0,3,0,73,200,0,0,0,0,0,0,0,0,0,9,99,99,99,99,2,2,99,1,9,2,99,0,0,99,82,99,9,9,13,,,,0,0,,,,,,,,,,,,,,,,,,,,,,,,,2015