accident_id,STATE,ST_CASE,VEH_NO,VE_FORMS,NUMOCCS,DAY,MONTH,HOUR,MINUTE,HARM_EV,MAN_COLL,UNITTYPE,HIT_RUN,REG_STAT,OWNER,MAKE,MODEL,MAK_MOD,BODY_TYP,MOD_YEAR,VIN,VIN_1,VIN_2,VIN_3,VIN_4,VIN_5,VIN_6,VIN_7,VIN_8,VIN_9,VIN_10,VIN_11,VIN_12,TOW_VEH,J_KNIFE,MCARR_I1,MCARR_I2,MCARR_ID,GVWR,V_CONFIG,CARGO_BT,HAZ_INV,HAZ_PLAC,HAZ_ID,HAZ_CNO,HAZ_REL,BUS_USE,SPEC_USE,EMER_USE,TRAV_SP,UNDERIDE,ROLLOVER,ROLINLOC,IMPACT1,DEFORMED,TOWED,M_HARM,VEH_SC1,VEH_SC2,FIRE_EXP,DR_PRES,L_STATE,DR_ZIP,L_STATUS,L_TYPE,CDL_STAT,L_ENDORS,L_COMPL,L_RESTRI,DR_HGT,DR_WGT,PREV_ACC,PREV_SUS,PREV_DWI,PREV_SPD,PREV_OTH,FIRST_MO,FIRST_YR,LAST_MO,LAST_YR,SPEEDREL,DR_SF1,DR_SF2,DR_SF3,DR_SF4,VTRAFWAY,VNUM_LAN,VSPD_LIM,VALIGN,VPROFILE,VPAVETYP,VSURCOND,VTRAFCON,VTCONT_F,P_CRASH1,P_CRASH2,P_CRASH3,PCRASH4,PCRASH5,ACC_TYPE,TRLR1VIN,TRLR2VIN,TRLR3VIN,DEATHS,DR_DRINK,VINTYPE,VINMAKE,VINA_MOD,VIN_BT,VINMODYR,VIN_LNGT,VIN_WGT,WGTCD_TR,WHLBS_LG,WHLBS_SH,SER_TR,FUELCODE,MCYCL_DS,CARBUR,CYLINDER,DISPLACE,MCYCL_CY,MCYCL_WT,TIRE_SZE,TON_RAT,TRK_WT,TRKWTVAR,VIN_REST,WHLDRWHL,Year
2014040007,4,40007,2,2,1,13,1,7,38,12,6,1,0,4,1,98,709,98709,88,2005,LJ4TCKPA1590,L,J,4,T,C,K,P,A,1,5,9,0,0,0,0,Not Applicable,Not Applicable,0,0,0,1,0,0,0,0,0,0,0,45,0,0,0,12,6,2,12,0,0,0,1,4,85008,6,1,0,0,3,3,71,265,0,0,0,0,0,0,0,0,0,0,0,0,0,0,2,3,40,1,1,2,1,2,3,1,62,3,1,1,69,,,,1,0,,,,,,,,,,,,,,,,,,,,,,,,,2014
2014040008,4,40008,1,1,4,16,1,22,7,1,0,1,0,4,1,34,34,34034,4,1998,WBACD4328WAV,W,B,A,C,D,4,3,2,8,W,A,V,0,0,0,Not Applicable,Not Applicable,0,0,0,1,0,0,0,0,0,0,0,65,0,1,3,0,6,2,1,0,0,0,1,4,85031,6,1,0,0,3,0,74,220,0,0,0,0,0,0,0,0,0,9,99,99,99,99,2,2,65,1,1,2,1,0,0,99,9,99,9,4,7,,,,1,0,,,,,,,,,,,,,,,,,,,,,,,,,2014
2014040009,4,40009,1,1,1,18,1,11,39,24,0,1,0,4,1,72,706,72706,80,2005,1HD4CJM135K4,1,H,D,4,C,J,M,1,3,5,K,4,0,0,0,Not Applicable,Not Applicable,0,0,0,1,0,0,0,0,0,0,0,60,0,0,0,62,6,2,24,0,0,0,1,4,85345,6,1,0,0,3,0,63,150,0,0,0,0,0,0,0,0,0,5,99,99,99,99,3,4,65,2,1,2,1,0,0,14,12,99,1,4,6,,,,1,0,,,,,,,,,,,,,,,,,,,,,,,,,2014
2014040010,4,40010,1,3,1,18,1,17,51,12,2,1,0,30,2,20,22,20022,2,2007,1G1AM15B5772,1,G,1,A,M,1,5,B,5,7,7,2,0,0,0,Not Applicable,Not Applicable,0,0,0,1,0,0,0,0,0,0,0,65,1,0,0,12,6,2,12,0,0,0,1,4,85207,6,1,0,0,3,0,72,195,0,0,0,1,0,8,2012,8,2012,4,28,33,0,0,1,2,50,1,1,2,1,40,3,6,10,99,1,2,50,,,,1,1,,,,,,,,,,,,,,,,,,,,,,,,,2014
2014040010,4,40010,2,3,1,18,1,17,51,12,2,1,0,4,2,12,481,12481,31,1995,1FTEX14H6SKB,1,F,T,E,X,1,4,H,6,S,K,B,0,0,0,Not Applicable,Not Applicable,0,0,0,1,0,0,0,0,0,0,0,50,0,0,0,12,6,2,12,0,0,1,1,4,85210,6,1,0,0,3,0,68,180,0,1,0,1,0,7,2011,8,2011,0,0,0,0,0,1,2,50,1,1,2,1,40,3,1,62,1,1,1,51,,,,0,0,,,,,,,,,,,,,,,,,,,,,,,,,2014
2014040010,4,40010,3,3,1,18,1,17,51,12,2,1,0,4,1,37,441,37441,20,2009,5FNRL386X9B0,5,F,N,R,L,3,8,6,X,9,B,0,0,0,0,Not Applicable,Not Applicable,0,0,0,1,0,0,0,0,0,0,0,50,0,0,0,63,2,5,54,0,0,0,1,4,85381,6,1,0,0,3,0,62,190,0,0,0,0,0,0,0,0,0,0,0,0,0,0,1,2,50,1,1,2,1,0,0,1,98,1,1,1,98,,,,0,0,,,,,,,,,,,,,,,,,,,,,,,,,2014
2014040011,4,40011,1,1,1,19,1,20,42,8,0,1,1,4,1,20,421,20421,15,2005,1GNEK13T65R1,1,G,N,E,K,1,3,T,6,5,R,1,0,0,0,Not Applicable,Not Applicable,0,0,0,1,0,0,0,0,0,0,0,50,0,0,0,12,2,5,8,0,0,0,1,4,85349,6,1,0,0,3,0,65,165,0,0,0,0,0,0,0,0,0,0,91,0,0,0,5,5,50,1,1,2,1,0,0,1,80,1,1,1,13,,,,0,0,,,,,,,,,,,,,,,,,,,,,,,,,2014
2014040012,4,40012,1,1,1,20,1,10,40,73,0,1,0,4,1,2,403,2403,14,1999,1J4FY19S7XP4,1,J,4,F,Y,1,9,S,7,X,P,4,0,0,0,Not Applicable,Not Applicable,0,0,0,1,0,0,0,0,0,0,0,65,0,1,5,12,6,2,1,0,0,0,1,4,86047,6,1,0,0,3,0,67,230,0,0,0,0,0,0,0,0,0,0,58,0,0,0,1,2,65,1,1,2,1,0,0,1,90,99,1,1,12,,,,1,0,,,,,,,,,,,,,,,,,,,,,,,,,2014
2014040013,4,40013,1,1,1,22,1,13,48,30,0,1,0,4,1,34,706,34706,80,2013,WB10B1300DZF,W,B,1,0,B,1,3,0,0,D,Z,F,0,0,0,Not Applicable,Not Applicable,0,0,0,1,0,0,0,0,0,0,0,100,0,0,0,99,6,2,30,0,0,0,1,4,86004,6,1,0,0,3,3,68,168,0,0,0,0,0,0,0,0,0,4,99,99,99,99,1,2,50,2,1,2,1,0,0,14,12,99,9,4,10,,,,1,1,,,,,,,,,,,,,,,,,,,,,,,,,2014
2014040014,4,40014,1,2,2,22,1,19,11,8,0,1,0,4,1,24,401,24401,14,2009,3GSCL33P79S5,3,G,S,C,L,3,3,P,7,9,S,5,0,0,0,Not Applicable,Not Applicable,0,0,0,1,0,0,0,0,0,0,0,60,0,0,0,12,6,2,8,0,0,0,1,4,85614,6,1,0,0,3,0,72,275,0,0,0,0,0,0,0,0,0,0,89,0,0,0,2,2,65,1,1,2,1,0,0,1,80,1,1,1,13,,,,0,0,,,,,,,,,,,,,,,,,,,,,,,,,2014
2014040014,4,40014,2,2,1,22,1,19,11,8,0,1,0,4,1,20,471,20471,30,1997,1GCCS1947VK1,1,G,C,C,S,1,9,4,7,V,K,1,0,0,0,Not Applicable,Not Applicable,0,0,0,1,0,0,0,0,0,0,0,60,0,0,0,14,0,5,8,0,0,0,1,4,85621,6,1,0,0,3,0,67,180,0,0,0,0,0,0,0,0,0,0,0,0,0,0,2,2,65,1,1,2,1,0,0,1,80,6,1,1,98,,,,0,0,,,,,,,,,,,,,,,,,,,,,,,,,2014
2014040015,4,40015,1,1,1,23,1,17,32,38,0,1,0,4,1,23,481,23481,31,1989,1GTDK14K1KZ5,1,G,T,D,K,1,4,K,1,K,Z,5,0,0,0,Not Applicable,Not Applicable,0,0,0,1,0,0,0,0,0,0,0,35,0,0,0,12,6,2,42,0,0,0,1,8,80234,2,1,0,0,2,0,65,155,0,2,1,0,0,5,2011,7,2012,5,91,0,0,0,1,2,35,3,1,8,1,0,0,14,6,1,9,4,2,,,,1,0,,,,,,,,,,,,,,,,,,,,,,,,,2014
2014040016,4,40016,1,3,1,25,1,0,5,12,2,1,0,4,1,24,5,24005,4,2002,1G8JW54R52Y5,1,G,8,J,W,5,4,R,5,2,Y,5,0,0,0,Not Applicable,Not Applicable,0,0,0,1,0,0,0,0,0,0,0,998,0,0,0,12,6,2,12,0,0,0,1,4,85745,6,1,0,0,3,0,77,195,0,0,0,0,0,0,0,0,0,3,28,0,0,0,1,2,50,2,1,8,1,0,0,14,10,99,1,1,50,,,,1,1,,,,,,,,,,,,,,,,,,,,,,,,,2014
2014040016,4,40016,2,3,1,25,1,0,5,12,2,1,0,4,1,20,481,20481,31,2006,1GCEC19XX6Z2,1,G,C,E,C,1,9,X,X,6,Z,2,0,0,0,Not Applicable,Not Applicable,0,0,0,1,0,0,0,0,0,0,0,998,0,0,0,12,6,2,12,0,0,0,1,4,85747,6,1,0,0,3,0,70,190,0,1,0,0,1,1,2012,7,2012,0,0,0,0,0,1,2,50,2,1,8,1,0,0,14,62,99,1,1,51,,,,0,0,,,,,,,,,,,,,,,,,,,,,,,,,2014
2014040016,4,40016,3,3,1,25,1,0,5,12,2,1,0,4,1,20,441,20441,20,1997,1GNDM19W8VB1,1,G,N,D,M,1,9,W,8,V,B,1,0,0,0,Not Applicable,Not Applicable,0,0,0,1,0,0,0,0,0,0,0,50,0,0,0,12,4,5,12,0,0,0,1,4,85747,6,1,0,0,3,3,62,180,0,0,0,0,0,0,0,0,0,0,0,0,0,0,1,2,50,2,1,8,1,0,0,14,50,99,9,3,98,,,,0,0,,,,,,,,,,,,,,,,,,,,,,,,,2014
2014040017,4,40017,1,1,3,30,1,7,44,1,0,1,0,4,1,49,403,49403,14,2002,JTEGF21A7200,J,T,E,G,F,2,1,A,7,2,0,0,0,0,0,Not Applicable,Not Applicable,0,0,0,1,0,0,0,0,0,0,0,75,0,1,5,0,6,2,1,0,0,0,1,4,85308,6,1,0,0,3,0,67,130,0,0,0,0,0,0,0,0,0,0,0,0,0,0,2,2,75,2,5,2,1,0,0,14,12,99,9,4,2,,,,1,0,,,,,,,,,,,,,,,,,,,,,,,,,2014
2014040018,4,40018,1,1,1,31,1,4,37,8,0,1,0,4,1,18,7,18007,4,2005,2G4WS52J0511,2,G,4,W,S,5,2,J,0,5,1,1,0,0,0,Not Applicable,Not Applicable,0,0,0,1,0,0,0,0,0,0,0,38,0,0,0,12,4,5,8,32,0,0,1,4,85710,6,1,0,0,3,1,74,240,0,0,0,0,0,0,0,0,0,0,0,0,0,0,5,5,40,1,1,2,1,2,3,1,80,2,1,1,13,,,,0,0,,,,,,,,,,,,,,,,,,,,,,,,,2014
2014040019,4,40019,1,1,2,1,1,21,8,8,0,1,1,4,1,7,422,7422,15,2007,1D8HD38P67F5,1,D,8,H,D,3,8,P,6,7,F,5,0,0,0,Not Applicable,Not Applicable,0,0,0,1,0,0,0,0,0,0,0,33,0,0,0,12,4,5,8,0,0,0,1,4,85016,6,1,0,0,3,0,70,210,0,0,0,0,0,0,0,0,0,0,0,0,0,0,1,5,35,1,1,2,1,2,3,1,80,99,1,1,13,,,,0,0,,,,,,,,,,,,,,,,,,,,,,,,,2014
2014040020,4,40020,1,1,2,19,1,13,5,33,0,1,0,4,1,55,33,55033,4,2013,5NPEB4AC3DH6,5,N,P,E,B,4,A,C,3,D,H,6,0,0,0,Not Applicable,Not Applicable,0,0,0,1,0,0,0,0,0,0,0,45,0,0,0,12,6,2,38,0,0,0,1,4,85142,6,1,0,0,3,0,66,160,0,2,0,0,0,4,2012,6,2012,5,99,99,99,99,5,5,45,1,1,2,1,0,0,1,9,1,9,4,7,,,,1,0,,,,,,,,,,,,,,,,,,,,,,,,,2014
2014040021,4,40021,1,1,1,25,1,2,0,33,0,1,1,4,1,35,43,35043,4,2010,3N1AB6AP7AL6,3,N,1,A,B,6,A,P,7,A,L,6,0,0,0,Not Applicable,Not Applicable,0,0,0,1,0,0,0,0,0,0,0,67,0,0,0,2,4,5,8,0,0,0,1,4,85085,6,1,0,0,3,0,64,115,0,0,0,0,0,0,0,0,0,4,91,0,0,0,2,2,35,2,6,2,1,0,0,14,13,1,1,4,1,,,,0,0,,,,,,,,,,,,,,,,,,,,,,,,,2014
2014040022,4,40022,1,2,1,25,1,15,43,12,6,1,0,30,1,2,403,2403,14,2012,1C4BJWEG3CL2,1,C,4,B,J,W,E,G,3,C,L,2,0,0,0,Not Applicable,Not Applicable,0,0,0,1,0,0,0,0,0,0,0,998,0,0,0,8,4,3,12,0,0,0,1,55,53144,6,1,0,0,3,0,71,175,0,0,0,0,0,0,0,0,0,0,38,0,0,0,1,2,40,1,1,2,1,20,3,4,17,10,1,1,89,,,,0,0,,,,,,,,,,,,,,,,,,,,,,,,,2014
2014040022,4,40022,2,2,1,25,1,15,43,12,6,1,0,4,1,37,706,37706,80,1995,JH2RC430XSM1,J,H,2,R,C,4,3,0,X,S,M,1,0,0,0,Not Applicable,Not Applicable,0,0,0,1,0,0,0,0,0,0,0,50,0,0,0,12,6,2,12,0,0,0,1,4,85120,6,1,0,0,3,3,69,150,0,0,0,0,0,0,0,0,0,0,89,0,0,0,1,3,50,1,1,2,1,0,0,1,66,6,1,3,88,,,,1,1,,,,,,,,,,,,,,,,,,,,,,,,,2014
2014040023,4,40023,1,2,2,28,1,19,57,12,6,1,0,4,2,55,35,55035,4,1998,KMHJF24M4WU6,K,M,H,J,F,2,4,M,4,W,U,6,0,0,0,Not Applicable,Not Applicable,0,0,0,1,0,0,0,0,0,0,0,20,0,0,0,1,6,2,12,0,0,0,1,4,85051,0,0,0,0,0,0,67,115,0,0,0,0,0,0,0,0,0,0,38,0,0,0,2,4,40,1,1,2,1,2,3,11,15,99,1,1,68,,,,1,0,,,,,,,,,,,,,,,,,,,,,,,,,2014
2014040023,4,40023,2,2,1,28,1,19,57,12,6,1,0,4,1,52,34,52034,4,2003,4A3AA46G23E1,4,A,3,A,A,4,6,G,2,3,E,1,0,0,0,Not Applicable,Not Applicable,0,0,0,1,0,0,0,0,0,0,0,40,0,0,0,12,6,2,12,0,0,0,1,4,85051,6,1,0,0,3,0,65,140,0,0,0,0,0,0,0,0,0,0,0,0,0,0,2,3,40,1,1,2,1,2,3,1,62,99,1,1,69,,,,0,0,,,,,,,,,,,,,,,,,,,,,,,,,2014
2014040024,4,40024,1,1,2,29,1,8,14,1,0,1,0,48,2,7,25,7025,5,2007,1B3HB48B37D5,1,B,3,H,B,4,8,B,3,7,D,5,0,0,0,Not Applicable,Not Applicable,0,0,0,1,0,0,0,0,0,0,0,998,0,1,3,0,6,2,1,0,0,0,1,6,93635,6,1,0,0,3,3,73,250,0,0,0,0,0,0,0,0,0,0,0,0,0,0,2,2,75,1,1,2,1,0,0,1,98,6,4,4,7,,,,1,0,,,,,,,,,,,,,,,,,,,,,,,,,2014
2014040025,4,40025,1,2,1,1,2,17,5,12,7,1,0,4,1,37,31,37031,4,1996,2HGEJ8542TH5,2,H,G,E,J,8,5,4,2,T,H,5,0,0,0,Not Applicable,Not Applicable,0,0,0,1,0,0,0,0,0,0,0,998,0,0,0,82,6,2,12,0,0,0,1,4,85602,6,1,1,0,3,0,74,268,0,2,0,0,0,5,2012,6,2012,0,27,0,0,0,2,2,75,1,1,2,1,0,0,99,11,99,1,2,49,,,,1,1,,,,,,,,,,,,,,,,,,,,,,,,,2014
2014040025,4,40025,2,2,2,1,2,17,5,12,7,1,0,18,2,84,884,84884,62,2013,1HTMMAAM6DH1,1,H,T,M,M,A,A,M,6,D,H,1,0,0,99,Unknown,Unknown,2,1,1,1,0,0,0,0,0,0,0,998,0,0,0,11,2,5,12,0,0,0,1,48,77089,6,1,0,0,2,0,999,999,0,0,0,0,0,0,0,0,0,0,0,0,0,0,2,2,75,1,1,2,1,0,0,1,60,1,1,1,49,,,,0,0,,,,,,,,,,,,,,,,,,,,,,,,,2014
2014040026,4,40026,1,1,5,2,2,19,16,41,0,1,0,4,2,12,402,12402,14,2005,1FMYU92ZX5KD,1,F,M,Y,U,9,2,Z,X,5,K,D,0,0,0,Not Applicable,Not Applicable,0,0,0,1,0,0,0,0,0,0,0,55,0,1,5,99,6,2,30,0,0,0,1,4,85941,0,0,0,0,0,0,72,387,0,0,0,0,0,0,0,0,0,3,0,0,0,0,1,2,55,3,1,2,1,40,3,14,13,99,1,4,1,,,,2,0,,,,,,,,,,,,,,,,,,,,,,,,,2014
2014040027,4,40027,1,1,1,3,2,16,42,33,0,1,1,92,0,76,709,76709,80,1977,1T8004863,1,T,8,0,0,4,8,6,3,,,,0,0,0,Not Applicable,Not Applicable,0,0,0,1,0,0,0,0,0,0,0,20,0,0,0,12,2,5,8,0,0,0,1,4,85364,6,7,0,0,2,0,64,140,0,0,0,0,0,0,0,0,0,4,91,0,0,0,1,2,25,1,1,8,1,0,0,11,13,3,2,4,2,,,,0,1,,,,,,,,,,,,,,,,,,,,,,,,,2014
2014040028,4,40028,1,2,3,4,2,0,36,12,1,1,0,96,1,19,421,19421,15,2000,1GYEK63R0YR1,1,G,Y,E,K,6,3,R,0,Y,R,1,0,0,0,Not Applicable,Not Applicable,0,0,0,1,0,0,0,0,0,0,0,0,0,0,0,6,6,2,12,0,0,0,1,96,0,9,9,99,0,9,9,69,200,99,99,99,99,99,99,9999,99,9999,0,0,0,0,0,3,3,75,1,1,2,1,0,0,5,53,99,1,1,21,,,,1,0,,,,,,,,,,,,,,,,,,,,,,,,,2014
2014040028,4,40028,2,2,1,4,2,0,36,12,1,1,0,40,3,51,884,51884,66,2006,4V4NC9TG46N4,4,V,4,N,C,9,T,G,4,6,N,4,1,1,57,0004522,570004522,3,6,1,1,0,0,0,0,0,0,0,55,0,0,0,12,6,2,12,0,0,0,1,4,85353,6,1,6,0,3,0,72,185,0,0,0,1,0,7,2012,7,2012,0,84,0,0,0,3,3,75,1,1,2,1,0,0,1,50,1,1,1,20,,,,0,0,,,,,,,,,,,,,,,,,,,,,,,,,2014
2014040029,4,40029,1,1,1,8,2,1,39,8,0,1,0,4,1,12,481,12481,31,2000,1FTRX18L7YKA,1,F,T,R,X,1,8,L,7,Y,K,A,0,0,0,Not Applicable,Not Applicable,0,0,0,1,0,0,0,0,0,0,0,998,0,0,0,12,0,5,8,0,0,0,1,4,85748,1,1,0,0,2,0,68,180,0,3,0,2,0,3,2011,11,2012,9,91,0,0,0,1,2,98,1,1,8,1,0,0,99,80,99,9,9,13,,,,0,1,,,,,,,,,,,,,,,,,,,,,,,,,2014
2014040030,4,40030,1,2,2,8,2,2,0,12,1,1,0,4,1,20,2,20002,4,2000,2G1WH55K7Y91,2,G,1,W,H,5,5,K,7,Y,9,1,0,0,0,Not Applicable,Not Applicable,0,0,0,1,0,0,0,0,0,0,0,998,0,0,0,12,6,2,12,0,0,0,1,4,85757,6,1,0,0,3,0,71,215,0,0,0,2,0,11,2013,1,2014,2,91,26,0,0,5,5,35,1,1,2,1,0,0,1,51,3,2,1,24,,,,0,1,,,,,,,,,,,,,,,,,,,,,,,,,2014
2014040030,4,40030,2,2,2,8,2,2,0,12,1,1,0,4,1,37,31,37031,4,1994,1HGEG8640RL0,1,H,G,E,G,8,6,4,0,R,L,0,0,0,0,Not Applicable,Not Applicable,0,0,0,1,0,0,0,0,0,0,0,998,0,0,0,6,6,2,2,0,0,1,1,4,85735,1,1,0,0,2,0,66,180,0,7,0,0,1,9,2013,10,2013,0,0,0,0,0,5,5,35,1,1,2,1,0,0,1,53,99,1,1,25,,,,1,0,,,,,,,,,,,,,,,,,,,,,,,,,2014
2014040032,4,40032,1,1,1,8,2,19,32,1,0,1,0,48,1,72,706,72706,80,2008,1HD1JA5108Y0,1,H,D,1,J,A,5,1,0,8,Y,0,0,0,0,Not Applicable,Not Applicable,0,0,0,1,0,0,0,0,0,0,0,55,0,0,0,0,6,2,1,0,0,0,1,48,75708,6,1,0,0,3,0,72,175,0,0,0,1,0,6,2012,6,2012,4,0,0,0,0,1,2,45,3,1,8,1,0,0,14,13,99,1,4,1,,,,1,1,,,,,,,,,,,,,,,,,,,,,,,,,2014
2014040033,4,40033,1,1,5,9,2,17,3,15,0,1,0,4,4,35,472,35472,30,2014,1N6AD0EV5EN7,1,N,6,A,D,0,E,V,5,E,N,7,0,0,0,Not Applicable,Not Applicable,0,0,0,1,0,0,0,0,0,0,0,20,0,0,0,12,2,5,15,0,0,0,1,4,85207,6,1,0,0,3,3,75,145,0,0,0,0,0,0,0,0,0,0,0,0,0,0,1,2,20,2,5,2,1,0,0,14,80,1,1,1,13,,,,0,0,,,,,,,,,,,,,,,,,,,,,,,,,2014
2014040034,4,40034,1,2,1,12,2,15,45,12,6,1,0,4,1,20,481,20481,31,1997,2GCEC19R9V12,2,G,C,E,C,1,9,R,9,V,1,2,0,0,0,Not Applicable,Not Applicable,0,0,0,1,0,0,0,0,0,0,0,998,0,0,0,82,2,5,12,0,0,0,1,4,85142,6,1,0,0,3,0,68,170,0,0,0,0,0,0,0,0,0,0,38,0,0,0,1,2,25,1,1,2,1,0,0,11,15,1,1,1,68,,,,0,0,,,,,,,,,,,,,,,,,,,,,,,,,2014
2014040034,4,40034,2,2,1,12,2,15,45,12,6,1,0,4,1,73,703,73703,80,2007,JKAEXMF127DA,J,K,A,E,X,M,F,1,2,7,D,A,0,0,0,Not Applicable,Not Applicable,0,0,0,1,0,0,0,0,0,0,0,998,0,0,0,12,6,2,12,0,0,1,1,4,85295,6,1,0,0,3,0,63,160,0,0,0,0,0,0,0,0,0,4,0,0,0,0,1,2,25,1,1,2,1,0,0,1,62,3,5,1,69,,,,1,1,,,,,,,,,,,,,,,,,,,,,,,,,2014
2014040035,4,40035,1,2,1,13,2,11,29,12,6,1,0,4,1,49,44,49044,2,2004,4T1CA30P04U0,4,T,1,C,A,3,0,P,0,4,U,0,0,0,0,Not Applicable,Not Applicable,0,0,0,1,0,0,0,0,0,0,0,10,0,0,0,9,6,2,12,0,0,0,1,4,85713,6,1,0,0,3,3,63,128,0,0,0,0,0,0,0,0,0,0,39,0,0,0,1,2,25,1,1,8,1,20,3,1,17,99,1,1,89,,,,1,0,,,,,,,,,,,,,,,,,,,,,,,,,2014
2014040035,4,40035,2,2,1,13,2,11,29,12,6,1,0,4,1,12,401,12401,14,2001,1FMZU73E21ZA,1,F,M,Z,U,7,3,E,2,1,Z,A,0,0,0,Not Applicable,Not Applicable,0,0,0,1,0,0,0,0,0,0,0,45,0,0,0,12,6,2,12,32,0,0,1,4,85735,6,1,0,0,3,0,65,230,0,0,0,0,0,0,0,0,0,0,0,0,0,0,1,2,45,1,1,8,1,0,0,1,66,99,1,1,88,,,,0,0,,,,,,,,,,,,,,,,,,,,,,,,,2014
2014040036,4,40036,1,1,1,15,2,20,6,9,0,1,1,6,3,12,880,12880,67,2005,1FDXF46P55EC,1,F,D,X,F,4,6,P,5,5,E,C,0,0,99,Unknown,Unknown,2,1,97,1,0,0,0,0,0,0,0,5,0,0,0,1,2,5,9,0,0,0,1,4,85364,6,1,0,0,3,3,68,195,0,0,0,0,0,0,0,0,0,0,0,0,0,0,1,3,35,1,1,8,1,2,3,10,83,99,1,1,13,,,,0,0,,,,,,,,,,,,,,,,,,,,,,,,,2014
2014040037,4,40037,1,1,1,16,2,14,55,42,0,1,0,4,1,76,706,76706,80,2012,JYARN23E1CA0,J,Y,A,R,N,2,3,E,1,C,A,0,0,0,0,Not Applicable,Not Applicable,0,0,0,1,0,0,0,0,0,0,0,59,0,0,0,99,6,2,35,0,0,0,1,4,85323,6,1,0,0,3,0,74,230,0,0,0,0,0,0,0,0,0,3,89,0,0,0,1,2,40,2,1,2,1,0,0,14,12,99,1,4,6,,,,1,0,,,,,,,,,,,,,,,,,,,,,,,,,2014
2014040038,4,40038,1,1,1,16,2,22,33,30,0,1,0,4,2,12,17,12017,4,1993,1FALP5243PG1,1,F,A,L,P,5,2,4,3,P,G,1,0,0,0,Not Applicable,Not Applicable,0,0,0,1,0,0,0,0,0,0,0,998,0,1,1,12,6,2,1,0,0,0,1,4,85295,6,1,0,0,3,0,74,180,1,3,0,1,1,4,2011,9,2012,0,99,99,99,99,2,3,45,1,1,2,1,0,0,1,12,1,1,4,6,,,,1,1,,,,,,,,,,,,,,,,,,,,,,,,,2014
2014040039,4,40039,1,1,3,17,2,20,37,1,0,1,0,4,2,20,401,20401,14,1993,1GNCS13W0P21,1,G,N,C,S,1,3,W,0,P,2,1,0,0,0,Not Applicable,Not Applicable,0,0,0,1,0,0,0,0,0,0,0,998,0,1,1,0,6,2,1,0,0,0,1,4,85635,6,1,0,0,3,0,72,140,0,0,0,0,0,0,0,0,0,4,0,0,0,0,1,2,25,1,1,8,1,0,0,1,99,99,9,9,98,,,,2,1,,,,,,,,,,,,,,,,,,,,,,,,,2014
2014040040,4,40040,1,2,1,18,2,12,0,12,1,1,0,4,1,20,441,20441,20,1988,1GNCM15Z0JB2,1,G,N,C,M,1,5,Z,0,J,B,2,0,0,0,Not Applicable,Not Applicable,0,0,0,1,0,0,0,0,0,0,0,15,0,0,0,12,6,2,12,0,0,0,1,4,85546,6,1,0,0,3,0,64,152,0,0,0,0,0,0,0,0,0,4,0,0,0,0,5,3,55,1,1,2,1,50,3,1,50,99,1,1,20,,,,1,1,,,,,,,,,,,,,,,,,,,,,,,,,2014
2014040040,4,40040,2,2,3,18,2,12,0,12,1,1,0,4,1,20,422,20422,15,2007,1GNFC16027R3,1,G,N,F,C,1,6,0,2,7,R,3,0,0,0,Not Applicable,Not Applicable,0,0,0,1,0,0,0,0,0,0,0,0,0,0,0,6,6,2,12,0,0,0,1,4,85534,6,1,0,0,3,0,68,165,0,0,0,0,0,0,0,0,0,0,0,0,0,0,5,3,55,1,1,2,1,50,3,5,53,1,1,1,21,,,,0,0,,,,,,,,,,,,,,,,,,,,,,,,,2014
2014040041,4,40041,1,1,1,19,2,11,31,41,0,1,0,4,3,82,884,82884,63,2000,1FVXJLCB6YHF,1,F,V,X,J,L,C,B,6,Y,H,F,0,0,57,0172286,570172286,3,2,3,1,0,0,0,0,0,0,0,65,0,1,5,12,6,2,1,0,0,0,1,4,85705,6,1,6,0,3,3,71,225,0,0,0,0,0,0,0,0,0,9,80,0,0,0,2,2,75,1,6,2,1,0,0,1,1,99,9,4,2,,,,1,0,,,,,,,,,,,,,,,,,,,,,,,,,2014
2014040042,4,40042,1,1,3,23,2,20,15,30,0,1,0,4,2,20,481,20481,31,2009,2GCEK2900911,2,G,C,E,K,2,9,0,0,9,1,1,0,0,0,Not Applicable,Not Applicable,0,0,0,1,0,0,0,0,0,0,0,50,0,1,5,9,6,2,1,0,0,0,1,4,85350,6,1,0,0,3,0,70,233,0,0,0,1,0,4,2013,4,2013,4,0,0,0,0,1,2,65,1,1,5,1,0,0,1,13,3,2,4,2,,,,1,1,,,,,,,,,,,,,,,,,,,,,,,,,2014
2014040043,4,40043,1,1,1,23,2,2,25,59,0,1,0,4,2,12,37,12037,4,2005,1FAFP34N45W2,1,F,A,F,P,3,4,N,4,5,W,2,0,0,0,Not Applicable,Not Applicable,0,0,0,1,0,0,0,0,0,0,0,55,0,0,0,12,6,2,2,0,0,1,1,4,85142,6,1,0,0,3,3,75,230,0,1,0,2,0,2,2012,5,2013,4,99,99,99,99,1,3,55,1,5,2,1,40,3,99,99,99,9,4,5,,,,1,0,,,,,,,,,,,,,,,,,,,,,,,,,2014
2014040044,4,40044,1,2,1,26,2,8,41,12,6,1,0,9,1,35,47,35047,4,2000,1N4DL01A4YC2,1,N,4,D,L,0,1,A,4,Y,C,2,0,0,0,Not Applicable,Not Applicable,0,0,0,1,0,0,0,0,0,0,0,10,0,0,0,12,6,2,12,0,0,0,1,9,6082,6,1,0,0,3,3,70,999,98,0,0,0,0,0,0,0,0,0,38,0,0,0,1,2,40,2,1,8,1,20,3,11,15,99,1,1,82,,,,0,0,,,,,,,,,,,,,,,,,,,,,,,,,2014
2014040044,4,40044,2,2,1,26,2,8,41,12,6,1,0,4,1,13,5,13005,4,1995,1LNLM82WXSY6,1,L,N,L,M,8,2,W,X,S,Y,6,0,0,0,Not Applicable,Not Applicable,0,0,0,1,0,0,0,0,0,0,0,40,0,0,0,81,6,2,12,0,0,0,1,4,85747,6,1,0,0,3,3,65,188,0,0,0,0,0,0,0,0,0,0,0,0,0,0,1,2,40,3,1,8,1,0,0,14,67,6,1,2,83,,,,1,0,,,,,,,,,,,,,,,,,,,,,,,,,2014