accident_id,STATE,ST_CASE,VEH_NO,VE_FORMS,NUMOCCS,DAY,MONTH,HOUR,MINUTE,HARM_EV,MAN_COLL,UNITTYPE,HIT_RUN,REG_STAT,OWNER,MAKE,MODEL,MAK_MOD,BODY_TYP,MOD_YEAR,VIN,VIN_1,VIN_2,VIN_3,VIN_4,VIN_5,VIN_6,VIN_7,VIN_8,VIN_9,VIN_10,VIN_11,VIN_12,TOW_VEH,J_KNIFE,MCARR_I1,MCARR_I2,MCARR_ID,GVWR,V_CONFIG,CARGO_BT,HAZ_INV,HAZ_PLAC,HAZ_ID,HAZ_CNO,HAZ_REL,BUS_USE,SPEC_USE,EMER_USE,TRAV_SP,UNDERIDE,ROLLOVER,ROLINLOC,IMPACT1,DEFORMED,TOWED,M_HARM,VEH_SC1,VEH_SC2,FIRE_EXP,DR_PRES,L_STATE,DR_ZIP,L_STATUS,L_TYPE,CDL_STAT,L_ENDORS,L_COMPL,L_RESTRI,DR_HGT,DR_WGT,PREV_ACC,PREV_SUS,PREV_DWI,PREV_SPD,PREV_OTH,FIRST_MO,FIRST_YR,LAST_MO,LAST_YR,SPEEDREL,DR_SF1,DR_SF2,DR_SF3,DR_SF4,VTRAFWAY,VNUM_LAN,VSPD_LIM,VALIGN,VPROFILE,VPAVETYP,VSURCOND,VTRAFCON,VTCONT_F,P_CRASH1,P_CRASH2,P_CRASH3,PCRASH4,PCRASH5,ACC_TYPE,TRLR1VIN,TRLR2VIN,TRLR3VIN,DEATHS,DR_DRINK,VINTYPE,VINMAKE,VINA_MOD,VIN_BT,VINMODYR,VIN_LNGT,VIN_WGT,WGTCD_TR,WHLBS_LG,WHLBS_SH,SER_TR,FUELCODE,MCYCL_DS,CARBUR,CYLINDER,DISPLACE,MCYCL_CY,MCYCL_WT,TIRE_SZE,TON_RAT,TRK_WT,TRKWTVAR,VIN_REST,WHLDRWHL,Year
2014040045,4,40045,1,1,1,26,2,16,29,1,0,1,0,4,1,73,706,73706,80,2005,JKBVNKD125A0,J,K,B,V,N,K,D,1,2,5,A,0,0,0,0,Not Applicable,Not Applicable,0,0,0,1,0,0,0,0,0,0,0,65,0,0,0,0,6,2,1,0,0,0,1,4,86046,6,1,0,0,3,3,69,260,0,0,0,0,0,0,0,0,0,4,0,0,0,0,1,2,65,3,1,2,1,0,0,14,13,1,1,4,1,,,,1,1,,,,,,,,,,,,,,,,,,,,,,,,,2014
2014040046,4,40046,1,2,1,8,1,6,50,12,6,1,0,4,1,12,37,12037,5,2012,1FAHP3K27CL1,1,F,A,H,P,3,K,2,7,C,L,1,0,0,0,Not Applicable,Not Applicable,0,0,0,1,0,0,0,0,0,0,0,998,0,0,0,1,6,2,12,0,0,0,1,4,86540,6,1,0,0,3,3,60,162,0,0,0,0,0,0,0,0,0,0,38,0,0,0,1,2,35,1,1,8,98,0,0,11,15,99,1,1,68,,,,1,0,,,,,,,,,,,,,,,,,,,,,,,,,2014
2014040046,4,40046,2,2,1,8,1,6,50,12,6,1,0,4,1,7,482,7482,31,2006,3D7MX48C76G2,3,D,7,M,X,4,8,C,7,6,G,2,0,0,88,None,None,2,1,97,1,0,0,0,0,0,0,0,50,0,0,0,12,6,2,12,0,0,0,1,4,86505,6,1,6,0,3,0,68,155,0,0,0,0,0,0,0,0,0,0,0,0,0,0,1,2,35,1,1,8,1,0,0,1,62,99,1,1,69,,,,0,0,,,,,,,,,,,,,,,,,,,,,,,,,2014
2014040047,4,40047,1,2,1,16,1,19,59,12,6,1,0,4,1,35,443,35443,20,1997,4N2DN111XVD8,4,N,2,D,N,1,1,1,X,V,D,8,0,0,0,Not Applicable,Not Applicable,0,0,0,1,0,0,0,0,0,0,0,15,0,0,0,81,6,2,12,0,0,0,1,4,85539,6,1,0,0,3,0,61,160,0,0,0,0,0,0,0,0,0,0,38,0,0,0,0,0,0,0,0,0,0,20,3,1,17,1,1,1,87,,,,1,0,,,,,,,,,,,,,,,,,,,,,,,,,2014
2014040047,4,40047,2,2,1,16,1,19,59,12,6,1,0,4,2,12,481,12481,31,2006,1FTSX21P46EB,1,F,T,S,X,2,1,P,4,6,E,B,0,0,0,Not Applicable,Not Applicable,0,0,0,1,0,0,0,0,0,0,0,45,0,0,0,12,6,2,12,0,0,0,1,4,86054,6,1,0,0,3,3,66,145,0,0,0,0,0,0,0,0,0,0,0,0,0,0,5,5,45,1,1,2,1,0,0,1,71,1,1,1,86,,,,0,1,,,,,,,,,,,,,,,,,,,,,,,,,2014
2014040048,4,40048,1,2,1,19,2,18,44,12,2,1,0,50,1,6,52,6052,6,2004,3C4FY48B74T3,3,C,4,F,Y,4,8,B,7,4,T,3,0,0,0,Not Applicable,Not Applicable,0,0,0,1,0,0,0,0,0,0,0,65,1,0,0,12,6,2,12,0,0,0,1,50,5649,6,1,0,0,3,0,66,160,0,0,0,1,0,7,2011,7,2011,0,28,0,0,0,1,2,65,1,1,2,1,0,0,1,10,99,1,2,50,,,,1,0,,,,,,,,,,,,,,,,,,,,,,,,,2014
2014040048,4,40048,2,2,1,19,2,18,44,12,2,1,0,4,1,12,880,12880,67,1996,1FDLF47G6TEA,1,F,D,L,F,4,7,G,6,T,E,A,0,0,88,None,None,2,1,97,1,0,0,0,0,0,0,0,55,0,0,0,12,6,2,12,0,0,0,1,4,85736,6,1,0,0,3,0,67,164,0,0,0,0,0,0,0,0,0,0,0,0,0,0,1,2,65,1,1,2,1,0,0,1,62,8,9,3,51,,,,0,0,,,,,,,,,,,,,,,,,,,,,,,,,2014
2014040049,4,40049,1,4,1,20,1,14,58,12,1,1,0,4,4,85,881,85881,66,2001,1XKDA08X81R8,1,X,K,D,A,0,8,X,8,1,R,8,1,1,99,Unknown,Unknown,3,6,4,1,0,0,0,0,0,0,0,60,7,0,0,12,6,2,2,0,0,1,1,4,86323,6,1,6,0,3,0,70,280,0,0,0,1,0,5,2012,5,2012,0,81,84,89,0,3,4,55,1,4,2,1,0,0,1,52,3,2,1,28,,,,0,0,,,,,,,,,,,,,,,,,,,,,,,,,2014
2014040049,4,40049,2,4,1,20,1,14,58,12,1,1,0,4,1,53,706,53706,80,2005,JS1GT76A8521,J,S,1,G,T,7,6,A,8,5,2,1,0,0,0,Not Applicable,Not Applicable,0,0,0,1,0,0,0,0,0,0,0,65,0,0,0,6,6,2,12,0,0,1,1,4,85351,6,1,0,0,3,0,72,230,0,3,0,0,2,4,2011,4,2013,0,81,84,0,0,3,4,55,1,4,2,1,0,0,2,53,3,2,1,29,,,,1,1,,,,,,,,,,,,,,,,,,,,,,,,,2014
2014040049,4,40049,3,4,6,20,1,14,58,12,1,1,0,4,1,20,431,20431,16,2003,3GNFK16Z63G2,3,G,N,F,K,1,6,Z,6,3,G,2,0,0,0,Not Applicable,Not Applicable,0,0,0,1,0,0,0,0,0,0,0,60,0,0,0,6,6,2,12,0,0,0,1,4,85009,6,1,0,0,3,0,64,175,0,0,0,0,1,6,2013,6,2013,0,81,0,0,0,3,4,55,1,4,2,1,0,0,2,90,2,1,1,98,,,,0,0,,,,,,,,,,,,,,,,,,,,,,,,,2014
2014040049,4,40049,4,4,4,20,1,14,58,12,1,1,0,4,1,49,472,49472,30,1999,4TASN92N5XZ4,4,T,A,S,N,9,2,N,5,X,Z,4,6,1,0,Not Applicable,Not Applicable,0,0,0,1,0,0,0,0,0,0,0,50,0,0,0,63,4,5,12,0,0,0,1,4,85027,0,0,0,0,0,0,999,999,0,2,0,0,0,10,2012,10,2012,0,0,0,0,0,3,4,55,1,4,2,1,0,0,1,60,1,1,1,98,,,,0,0,,,,,,,,,,,,,,,,,,,,,,,,,2014
2014040050,4,40050,1,2,2,1,1,2,3,12,6,1,0,4,2,22,16,22016,2,2005,3G2JB12F65S1,3,G,2,J,B,1,2,F,6,5,S,1,0,0,0,Not Applicable,Not Applicable,0,0,0,1,0,0,0,0,0,0,0,16,0,0,0,61,6,2,12,0,0,0,1,4,86510,1,1,0,0,2,0,71,195,0,0,0,0,0,0,0,0,0,0,28,0,0,0,2,2,45,1,1,2,1,0,0,12,11,99,1,2,98,,,,1,1,,,,,,,,,,,,,,,,,,,,,,,,,2014
2014040050,4,40050,2,2,1,1,1,2,3,12,6,1,0,4,1,63,37,63037,6,2011,KNDJT2A29B72,K,N,D,J,T,2,A,2,9,B,7,2,0,0,0,Not Applicable,Not Applicable,0,0,0,1,0,0,0,0,0,0,0,33,0,0,0,12,6,2,12,0,0,0,1,4,85041,6,1,0,0,3,0,63,160,0,0,0,0,0,0,0,0,0,0,0,0,0,0,2,2,45,1,1,2,1,0,0,1,61,6,1,1,98,,,,0,1,,,,,,,,,,,,,,,,,,,,,,,,,2014
2014040051,4,40051,1,1,5,2,1,20,1,8,0,1,0,4,1,52,401,52401,14,2003,JA4LS31R73J0,J,A,4,L,S,3,1,R,7,3,J,0,0,0,0,Not Applicable,Not Applicable,0,0,0,1,0,0,0,0,0,0,0,998,0,0,0,12,0,5,8,0,0,0,1,4,85301,6,1,0,0,3,0,67,165,0,0,0,0,0,0,0,0,0,0,0,0,0,0,2,3,40,1,1,2,1,0,0,1,80,98,1,1,13,,,,0,0,,,,,,,,,,,,,,,,,,,,,,,,,2014
2014040052,4,40052,1,2,1,4,1,12,18,12,6,1,0,4,2,6,52,6052,6,2005,3C4FY48B15T5,3,C,4,F,Y,4,8,B,1,5,T,5,0,0,0,Not Applicable,Not Applicable,0,0,0,1,0,0,0,0,0,0,0,25,0,0,0,12,6,2,12,0,0,0,1,4,85051,6,1,0,0,3,3,66,170,0,0,0,0,0,0,0,0,0,0,38,0,0,0,1,6,40,1,1,2,1,2,3,11,15,99,1,1,68,,,,1,0,,,,,,,,,,,,,,,,,,,,,,,,,2014
2014040052,4,40052,2,2,5,4,1,12,18,12,6,1,0,4,1,13,1,13001,4,1998,1LNFM97V1WY6,1,L,N,F,M,9,7,V,1,W,Y,6,0,0,0,Not Applicable,Not Applicable,0,0,0,1,0,0,0,0,0,0,0,40,0,0,0,11,6,2,12,0,0,0,1,4,85017,6,1,0,0,3,0,71,198,0,0,0,0,0,0,0,0,0,0,91,0,0,0,1,6,40,1,1,2,1,2,3,1,62,99,1,1,69,,,,0,0,,,,,,,,,,,,,,,,,,,,,,,,,2014
2014040054,4,40054,1,1,1,11,1,23,16,33,0,1,0,4,4,35,47,35047,4,2013,1N4AL3AP1DN5,1,N,4,A,L,3,A,P,1,D,N,5,0,0,0,Not Applicable,Not Applicable,0,0,0,1,0,0,0,0,0,0,0,85,0,0,0,12,6,2,59,0,0,0,1,4,85051,6,1,0,0,3,0,72,240,0,0,0,0,0,0,0,0,0,4,0,0,0,0,2,6,40,1,1,8,1,0,0,1,13,99,1,4,1,,,,1,0,,,,,,,,,,,,,,,,,,,,,,,,,2014
2014040055,4,40055,1,3,1,15,1,10,11,12,6,1,0,4,1,98,998,98998,95,2000,8E30000E0,8,E,3,0,0,0,0,E,0,,,,0,0,0,Not Applicable,Not Applicable,0,0,0,1,0,0,0,0,0,0,0,20,0,0,0,62,6,2,12,0,0,0,1,4,85351,6,1,0,0,3,0,63,120,0,0,0,0,0,0,0,0,0,0,39,0,0,0,1,2,25,1,1,2,1,20,3,1,17,1,1,1,89,,,,1,0,,,,,,,,,,,,,,,,,,,,,,,,,2014
2014040055,4,40055,2,3,1,15,1,10,11,12,6,1,0,4,2,6,421,6421,15,2008,1A8HW582X8F1,1,A,8,H,W,5,8,2,X,8,F,1,0,0,0,Not Applicable,Not Applicable,0,0,0,1,0,0,0,0,0,0,0,37,0,0,0,12,6,2,12,0,0,0,1,4,85373,6,1,0,0,3,0,65,215,0,0,0,0,0,0,0,0,0,0,0,0,0,0,3,2,40,1,1,2,1,0,0,1,66,7,1,1,88,,,,0,0,,,,,,,,,,,,,,,,,,,,,,,,,2014
2014040055,4,40055,3,3,1,15,1,10,11,12,6,1,0,4,1,49,40,49040,4,2004,4T1BE32K94U3,4,T,1,B,E,3,2,K,9,4,U,3,0,0,0,Not Applicable,Not Applicable,0,0,0,1,0,0,0,0,0,0,0,39,0,0,0,14,0,5,54,0,0,0,1,4,85382,6,1,0,0,3,3,63,135,0,0,0,0,0,0,0,0,0,0,89,0,0,0,3,2,40,1,1,2,1,0,0,1,90,4,1,1,98,,,,0,0,,,,,,,,,,,,,,,,,,,,,,,,,2014
2014040056,4,40056,1,1,1,16,1,22,49,1,0,1,0,4,1,2,404,2404,14,2004,1J4GW48SX4C4,1,J,4,G,W,4,8,S,X,4,C,4,0,0,0,Not Applicable,Not Applicable,0,0,0,1,0,0,0,0,0,0,0,58,0,1,5,0,6,2,1,0,0,0,1,4,85050,6,1,0,0,3,0,64,105,0,0,0,0,0,0,0,0,0,4,89,0,0,0,1,2,35,2,1,2,1,0,0,14,13,99,5,4,2,,,,1,1,,,,,,,,,,,,,,,,,,,,,,,,,2014
2014040057,4,40057,1,1,1,18,1,18,29,9,0,1,0,4,1,12,481,12481,31,2011,1FTFW1EF3BKE,1,F,T,F,W,1,E,F,3,B,K,E,0,0,0,Not Applicable,Not Applicable,0,0,0,1,0,0,0,0,0,0,0,41,0,0,0,12,2,5,9,0,0,0,1,4,85016,6,1,0,0,3,3,71,210,0,0,0,1,0,6,2012,6,2012,0,0,0,0,0,2,4,40,1,1,2,1,0,0,1,83,1,1,1,13,,,,0,0,,,,,,,,,,,,,,,,,,,,,,,,,2014
2014040058,4,40058,1,1,1,20,1,7,7,8,0,1,0,4,1,23,481,23481,31,1995,2GTEK19K0S15,2,G,T,E,K,1,9,K,0,S,1,5,0,0,0,Not Applicable,Not Applicable,0,0,0,1,0,0,0,0,0,0,0,998,0,0,0,12,2,5,8,32,0,0,1,4,85301,6,1,0,0,3,3,68,198,0,0,0,0,0,0,0,0,0,0,0,0,0,0,5,5,40,1,1,8,1,0,0,1,80,99,9,3,13,,,,0,0,,,,,,,,,,,,,,,,,,,,,,,,,2014
2014040059,4,40059,1,1,3,22,1,6,43,33,0,1,0,4,3,90,981,90981,50,2005,1BABGBKA65F2,1,B,A,B,G,B,K,A,6,5,F,2,0,0,88,None,None,3,21,22,1,0,0,0,0,1,2,0,10,0,0,0,12,6,2,38,0,0,0,1,4,85053,6,1,6,1,3,0,68,350,0,8,0,1,0,2,2011,8,2013,0,0,0,0,0,2,2,35,1,1,2,1,0,0,12,8,1,1,4,98,,,,1,0,,,,,,,,,,,,,,,,,,,,,,,,,2014
2014040060,4,40060,1,2,1,22,1,7,29,1,0,1,0,4,2,72,706,72706,80,2005,1HD1PLF115Y9,1,H,D,1,P,L,F,1,1,5,Y,9,0,0,0,Not Applicable,Not Applicable,0,0,0,1,0,0,0,0,0,0,0,52,0,0,0,0,2,3,1,0,0,0,1,4,85006,6,1,0,0,3,3,69,190,0,0,0,0,0,0,0,0,0,4,0,0,0,0,1,6,35,1,1,2,1,2,3,1,9,3,2,1,98,,,,1,0,,,,,,,,,,,,,,,,,,,,,,,,,2014
2014040060,4,40060,2,2,1,22,1,7,29,1,0,1,0,4,1,19,18,19018,4,2009,1G6DN57P8901,1,G,6,D,N,5,7,P,8,9,0,1,0,0,0,Not Applicable,Not Applicable,0,0,0,1,0,0,0,0,0,0,0,0,0,0,0,6,2,5,12,0,0,0,1,4,85018,6,1,0,0,3,0,71,170,0,0,0,0,0,0,0,0,0,0,0,0,0,0,1,6,35,1,1,2,1,2,3,5,53,1,1,1,98,,,,0,0,,,,,,,,,,,,,,,,,,,,,,,,,2014
2014040061,4,40061,1,2,2,25,1,21,48,12,6,1,0,4,2,35,47,35047,4,2003,1N4BL11DX3C3,1,N,4,B,L,1,1,D,X,3,C,3,0,0,0,Not Applicable,Not Applicable,0,0,0,1,0,0,0,0,0,0,0,19,0,0,0,3,6,2,12,32,0,0,1,4,85022,6,1,0,0,3,3,62,150,0,0,0,0,0,0,0,0,0,0,39,0,0,0,1,6,45,1,1,8,1,2,3,1,17,99,1,1,87,,,,1,0,,,,,,,,,,,,,,,,,,,,,,,,,2014
2014040061,4,40061,2,2,1,25,1,21,48,12,6,1,0,4,1,63,34,63034,4,2009,KNAGE2281952,K,N,A,G,E,2,2,8,1,9,5,2,0,0,0,Not Applicable,Not Applicable,0,0,0,1,0,0,0,0,0,0,0,46,0,0,0,12,6,2,12,0,0,0,1,4,85305,6,1,0,0,3,0,64,120,0,0,0,0,0,0,0,0,0,0,0,0,0,0,2,4,45,1,1,8,1,2,3,1,66,99,1,1,86,,,,0,0,,,,,,,,,,,,,,,,,,,,,,,,,2014
2014040062,4,40062,1,2,1,27,1,18,14,12,6,1,0,4,2,20,431,20431,16,1995,3GNEC16K1SG1,3,G,N,E,C,1,6,K,1,S,G,1,0,0,0,Not Applicable,Not Applicable,0,0,0,1,0,0,0,0,0,0,0,18,0,0,0,12,6,2,12,0,0,0,1,4,85037,6,1,0,0,3,0,64,180,0,0,0,0,0,0,0,0,0,0,38,91,0,0,1,5,45,1,1,2,1,2,3,11,15,99,1,1,68,,,,0,0,,,,,,,,,,,,,,,,,,,,,,,,,2014
2014040062,4,40062,2,2,2,27,1,18,14,12,6,1,0,4,2,35,43,35043,4,1997,3N1AB41DXVL0,3,N,1,A,B,4,1,D,X,V,L,0,0,0,0,Not Applicable,Not Applicable,0,0,0,1,0,0,0,0,0,0,0,44,0,0,0,61,6,2,46,0,0,0,1,4,85392,6,1,0,0,3,0,68,250,0,0,0,0,0,0,0,0,0,0,0,0,0,0,1,6,45,1,1,2,1,2,3,1,62,99,1,1,69,,,,1,0,,,,,,,,,,,,,,,,,,,,,,,,,2014
2014040063,4,40063,1,1,1,28,1,18,58,8,0,1,1,4,2,6,54,6054,6,2004,2C8GM68474R6,2,C,8,G,M,6,8,4,7,4,R,6,0,0,0,Not Applicable,Not Applicable,0,0,0,1,0,0,0,0,0,0,0,45,0,0,0,12,2,5,8,0,0,0,1,4,85043,6,1,0,0,3,0,66,125,0,0,0,0,0,0,0,0,0,0,38,0,0,0,1,2,35,1,1,8,1,0,0,1,80,1,1,1,13,,,,0,0,,,,,,,,,,,,,,,,,,,,,,,,,2014
2014040064,4,40064,1,1,2,28,1,99,99,2,0,1,0,99,9,99,999,99999,99,9999,Unknown,9,9,9,9,9,9,9,9,9,9,9,9,0,0,0,Not Applicable,Not Applicable,0,0,0,1,0,0,0,0,0,0,0,999,0,0,0,0,9,9,2,0,0,1,1,99,99999,9,9,99,0,9,9,999,999,99,99,99,99,99,99,9999,99,9999,9,99,99,99,99,9,9,99,9,9,8,99,0,0,99,98,99,9,9,0,,,,1,0,,,,,,,,,,,,,,,,,,,,,,,,,2014
2014040065,4,40065,1,3,1,31,1,17,54,1,0,1,1,4,1,14,6,14006,4,2006,2MEFM74V96X6,2,M,E,F,M,7,4,V,9,6,X,6,0,0,0,Not Applicable,Not Applicable,0,0,0,1,0,0,0,0,0,0,0,998,0,0,0,83,2,3,12,32,0,0,1,4,85351,6,1,0,0,3,2,72,163,2,0,0,2,2,6,2011,9,2013,0,74,13,0,0,1,6,40,1,1,2,1,3,3,11,15,1,1,1,98,,,,0,0,,,,,,,,,,,,,,,,,,,,,,,,,2014
2014040065,4,40065,2,3,1,31,1,17,54,1,0,1,0,4,2,72,706,72706,80,2009,1HD1CX3179K4,1,H,D,1,C,X,3,1,7,9,K,4,0,0,0,Not Applicable,Not Applicable,0,0,0,1,0,0,0,0,0,0,0,998,0,0,0,0,6,2,12,0,0,0,1,4,85037,6,1,0,0,3,0,69,215,0,0,0,0,0,0,0,0,0,3,0,0,0,0,1,6,40,1,1,2,1,3,3,1,62,98,2,1,98,,,,1,0,,,,,,,,,,,,,,,,,,,,,,,,,2014
2014040065,4,40065,3,3,2,31,1,17,54,1,0,1,0,4,1,7,482,7482,31,2008,3D7KR28A48G2,3,D,7,K,R,2,8,A,4,8,G,2,0,0,0,Not Applicable,Not Applicable,0,0,0,1,0,0,0,0,0,0,0,998,0,0,0,10,0,5,54,0,0,0,1,4,85304,6,1,6,0,3,0,67,195,0,2,0,0,0,8,2013,9,2013,0,0,0,0,0,1,6,40,1,1,2,1,3,3,1,98,1,1,1,98,,,,0,0,,,,,,,,,,,,,,,,,,,,,,,,,2014
2014040066,4,40066,1,2,3,31,1,14,12,12,99,1,0,99,9,99,999,99999,99,9999,Unknown,9,9,9,9,9,9,9,9,9,9,9,9,0,0,0,Not Applicable,Not Applicable,0,0,0,1,0,0,0,0,0,0,0,999,0,0,0,99,9,9,12,0,0,0,1,99,99999,9,9,99,0,9,9,999,999,99,99,99,99,99,99,9999,99,9999,9,99,99,99,99,9,9,99,9,9,2,99,99,9,99,99,99,9,9,99,,,,1,0,,,,,,,,,,,,,,,,,,,,,,,,,2014
2014040066,4,40066,2,2,2,31,1,14,12,12,99,1,0,99,9,99,999,99999,99,9999,Unknown,9,9,9,9,9,9,9,9,9,9,9,9,0,0,0,Not Applicable,Not Applicable,0,0,0,1,0,0,0,0,0,0,0,999,0,0,0,99,9,9,12,0,0,0,1,99,99999,9,9,99,0,9,9,999,999,99,99,99,99,99,99,9999,99,9999,9,99,99,99,99,9,9,99,9,9,2,99,0,0,99,99,99,9,9,99,,,,0,0,,,,,,,,,,,,,,,,,,,,,,,,,2014
2014040067,4,40067,1,1,2,19,2,19,11,8,0,1,0,4,2,20,481,20481,31,1997,1GCEC19R8VE2,1,G,C,E,C,1,9,R,8,V,E,2,0,0,0,Not Applicable,Not Applicable,0,0,0,1,0,0,0,0,0,0,0,35,0,0,0,12,0,5,8,0,0,0,1,4,85746,6,1,0,0,3,3,66,120,0,2,0,1,0,6,2011,11,2013,0,0,0,0,0,1,2,45,1,1,8,1,0,0,1,80,99,1,1,13,,,,0,0,,,,,,,,,,,,,,,,,,,,,,,,,2014
2014040068,4,40068,1,1,3,1,3,12,15,41,0,1,0,4,1,49,32,49032,4,2009,1NXBU40E79Z1,1,N,X,B,U,4,0,E,7,9,Z,1,0,0,0,Not Applicable,Not Applicable,0,0,0,1,0,0,0,0,0,0,0,75,0,0,0,61,6,2,42,0,0,0,1,4,85748,6,1,0,0,3,3,67,137,0,0,0,0,1,10,2011,10,2011,4,0,0,0,0,2,2,75,1,1,2,2,0,0,1,12,7,1,4,6,,,,1,0,,,,,,,,,,,,,,,,,,,,,,,,,2014
2014040069,4,40069,1,1,2,1,3,17,13,42,0,1,0,4,1,49,472,49472,30,2002,5TESN92N92Z0,5,T,E,S,N,9,2,N,9,2,Z,0,0,0,0,Not Applicable,Not Applicable,0,0,0,1,0,0,0,0,0,0,0,70,0,0,0,3,6,2,42,0,0,0,1,4,85641,6,1,0,0,3,3,73,215,0,0,0,0,0,0,0,0,0,4,87,0,0,0,2,2,75,1,1,2,2,99,9,99,9,6,9,4,7,,,,1,0,,,,,,,,,,,,,,,,,,,,,,,,,2014
2014040070,4,40070,1,2,1,1,3,22,18,12,6,1,1,4,1,18,2,18002,4,1988,1G4HR54C4JH4,1,G,4,H,R,5,4,C,4,J,H,4,0,0,0,Not Applicable,Not Applicable,0,0,0,1,0,0,0,0,0,0,0,998,0,0,0,12,4,3,12,0,0,0,1,4,85379,6,1,0,0,3,3,70,195,0,0,0,0,0,0,0,0,0,0,39,91,0,0,1,5,35,1,1,2,2,2,3,1,17,2,1,1,84,,,,0,1,,,,,,,,,,,,,,,,,,,,,,,,,2014
2014040070,4,40070,2,2,1,1,3,22,18,12,6,1,0,4,1,76,998,76998,95,2007,JU0401488,J,U,0,4,0,1,4,8,8,,,,0,0,0,Not Applicable,Not Applicable,0,0,0,1,0,0,0,0,0,0,0,0,0,0,0,9,6,2,12,0,0,0,1,4,85351,6,1,0,0,3,0,68,210,0,0,0,0,0,0,0,0,0,0,0,0,0,0,1,4,25,1,1,2,2,2,3,5,66,99,1,1,84,,,,1,0,,,,,,,,,,,,,,,,,,,,,,,,,2014
2014040071,4,40071,1,1,2,3,3,3,43,25,0,1,0,4,1,22,22,22022,4,2009,1G2ZH57N2941,1,G,2,Z,H,5,7,N,2,9,4,1,0,0,0,Not Applicable,Not Applicable,0,0,0,1,0,0,0,0,0,0,0,998,0,0,0,9,6,2,25,0,0,0,1,4,85714,6,1,0,0,3,3,63,157,0,0,0,1,0,11,2013,11,2013,9,99,99,99,99,2,3,45,1,1,2,1,0,0,1,9,99,9,4,2,,,,1,1,,,,,,,,,,,,,,,,,,,,,,,,,2014
2014040072,4,40072,1,2,2,6,3,14,7,12,6,1,0,4,3,49,482,49482,31,2000,5TBRT3419YS0,5,T,B,R,T,3,4,1,9,Y,S,0,0,0,0,Not Applicable,Not Applicable,0,0,0,1,0,0,0,0,0,0,0,998,0,0,0,12,6,2,12,0,0,0,1,4,85757,6,1,0,0,3,0,68,160,0,0,0,0,0,0,0,0,0,4,91,0,0,0,2,2,55,1,1,8,1,0,0,1,12,99,1,9,64,,,,0,1,,,,,,,,,,,,,,,,,,,,,,,,,2014
2014040072,4,40072,2,2,1,6,3,14,7,12,6,1,0,4,2,49,43,49043,4,2002,4T1BF28B52U2,4,T,1,B,F,2,8,B,5,2,U,2,0,0,0,Not Applicable,Not Applicable,0,0,0,1,0,0,0,0,0,0,0,998,0,0,0,9,6,2,12,0,0,0,1,4,85741,6,1,0,0,3,0,70,175,0,0,0,0,0,0,0,0,0,0,0,0,0,0,2,2,55,1,1,8,1,0,0,1,62,99,1,1,65,,,,1,0,,,,,,,,,,,,,,,,,,,,,,,,,2014
2014040073,4,40073,1,1,1,6,3,15,21,1,0,1,0,4,2,20,481,20481,31,2001,1GCEK19T61E2,1,G,C,E,K,1,9,T,6,1,E,2,0,0,0,Not Applicable,Not Applicable,0,0,0,1,0,0,0,0,0,0,0,75,0,1,5,0,6,2,1,0,0,0,1,4,85209,6,1,0,0,3,0,68,250,0,0,0,0,0,0,0,0,0,9,99,99,99,99,3,6,65,1,1,2,1,0,0,99,9,99,9,4,2,,,,1,0,,,,,,,,,,,,,,,,,,,,,,,,,2014
2014040074,4,40074,1,2,1,7,3,12,39,12,1,1,0,4,2,6,42,6042,4,1994,2C3ED56F8RH1,2,C,3,E,D,5,6,F,8,R,H,1,0,0,0,Not Applicable,Not Applicable,0,0,0,1,0,0,0,0,0,0,0,40,0,0,0,12,2,3,12,0,0,0,1,4,85364,0,0,0,0,0,0,63,129,0,0,0,0,0,0,0,0,0,4,91,26,0,0,5,5,35,1,1,2,1,0,0,1,52,1,1,1,28,,,,0,0,,,,,,,,,,,,,,,,,,,,,,,,,2014
2014040074,4,40074,2,2,1,7,3,12,39,12,1,1,0,53,1,72,706,72706,80,2013,1HD1FHM11DB6,1,H,D,1,F,H,M,1,1,D,B,6,0,0,0,Not Applicable,Not Applicable,0,0,0,1,0,0,0,0,0,0,0,15,0,0,0,6,6,2,12,0,0,0,1,53,98647,6,1,0,0,3,3,73,200,0,0,0,1,0,11,2012,11,2012,0,0,0,0,0,5,5,35,1,1,2,1,0,0,2,53,99,1,1,29,,,,1,0,,,,,,,,,,,,,,,,,,,,,,,,,2014
2014040075,4,40075,1,1,1,8,3,6,37,1,0,1,0,4,2,49,471,49471,30,1988,JT4RN50R1J03,J,T,4,R,N,5,0,R,1,J,0,3,0,0,0,Not Applicable,Not Applicable,0,0,0,1,0,0,0,0,0,0,0,998,0,1,3,0,6,2,1,0,0,0,1,4,85306,6,1,0,0,3,3,76,265,0,0,0,0,0,0,0,0,0,9,99,99,99,99,2,2,65,1,1,2,1,0,0,1,12,99,1,4,6,,,,1,0,,,,,,,,,,,,,,,,,,,,,,,,,2014
2014040076,4,40076,1,2,1,8,3,17,23,12,1,1,0,4,5,6,52,6052,6,2005,3C4FY48B65T5,3,C,4,F,Y,4,8,B,6,5,T,5,0,0,0,Not Applicable,Not Applicable,0,0,0,1,0,0,0,0,0,0,0,70,0,0,0,12,6,2,12,0,0,0,1,4,85743,1,1,0,0,2,0,65,160,0,0,0,0,0,0,0,0,0,3,0,0,0,0,2,3,40,1,6,8,1,0,0,1,51,99,1,1,24,,,,1,1,,,,,,,,,,,,,,,,,,,,,,,,,2014
2014040076,4,40076,2,2,1,8,3,17,23,12,1,1,0,26,1,20,403,20403,14,2008,1GNDT13S3822,1,G,N,D,T,1,3,S,3,8,2,2,0,0,0,Not Applicable,Not Applicable,0,0,0,1,0,0,0,0,0,0,0,30,0,0,0,6,6,2,12,0,0,0,1,4,85730,6,1,0,0,3,0,65,140,0,0,0,0,0,0,0,0,0,0,89,0,0,0,2,3,40,1,1,8,1,0,0,1,53,1,1,1,25,,,,0,0,,,,,,,,,,,,,,,,,,,,,,,,,2014