accident_id,STATE,ST_CASE,VEH_NO,VE_FORMS,NUMOCCS,DAY,MONTH,HOUR,MINUTE,HARM_EV,MAN_COLL,UNITTYPE,HIT_RUN,REG_STAT,OWNER,MAKE,MODEL,MAK_MOD,BODY_TYP,MOD_YEAR,VIN,VIN_1,VIN_2,VIN_3,VIN_4,VIN_5,VIN_6,VIN_7,VIN_8,VIN_9,VIN_10,VIN_11,VIN_12,TOW_VEH,J_KNIFE,MCARR_I1,MCARR_I2,MCARR_ID,GVWR,V_CONFIG,CARGO_BT,HAZ_INV,HAZ_PLAC,HAZ_ID,HAZ_CNO,HAZ_REL,BUS_USE,SPEC_USE,EMER_USE,TRAV_SP,UNDERIDE,ROLLOVER,ROLINLOC,IMPACT1,DEFORMED,TOWED,M_HARM,VEH_SC1,VEH_SC2,FIRE_EXP,DR_PRES,L_STATE,DR_ZIP,L_STATUS,L_TYPE,CDL_STAT,L_ENDORS,L_COMPL,L_RESTRI,DR_HGT,DR_WGT,PREV_ACC,PREV_SUS,PREV_DWI,PREV_SPD,PREV_OTH,FIRST_MO,FIRST_YR,LAST_MO,LAST_YR,SPEEDREL,DR_SF1,DR_SF2,DR_SF3,DR_SF4,VTRAFWAY,VNUM_LAN,VSPD_LIM,VALIGN,VPROFILE,VPAVETYP,VSURCOND,VTRAFCON,VTCONT_F,P_CRASH1,P_CRASH2,P_CRASH3,PCRASH4,PCRASH5,ACC_TYPE,TRLR1VIN,TRLR2VIN,TRLR3VIN,DEATHS,DR_DRINK,VINTYPE,VINMAKE,VINA_MOD,VIN_BT,VINMODYR,VIN_LNGT,VIN_WGT,WGTCD_TR,WHLBS_LG,WHLBS_SH,SER_TR,FUELCODE,MCYCL_DS,CARBUR,CYLINDER,DISPLACE,MCYCL_CY,MCYCL_WT,TIRE_SZE,TON_RAT,TRK_WT,TRKWTVAR,VIN_REST,WHLDRWHL,Year
2014040077,4,40077,1,1,1,12,3,22,34,1,0,1,0,55,1,37,706,37706,80,1982,1HFSC0212CA2,1,H,F,S,C,0,2,1,2,C,A,2,0,0,0,Not Applicable,Not Applicable,0,0,0,1,0,0,0,0,0,0,0,998,0,0,0,0,6,2,1,0,0,0,1,55,53010,6,1,8,0,3,3,70,230,1,0,0,1,1,8,2011,4,2012,4,99,99,99,99,1,2,45,3,6,2,1,0,0,99,99,99,9,4,5,,,,1,1,,,,,,,,,,,,,,,,,,,,,,,,,2014
2014040078,4,40078,1,1,1,15,3,0,26,33,0,1,0,4,1,72,706,72706,80,2014,1HD1KBM33EB6,1,H,D,1,K,B,M,3,3,E,B,6,0,0,0,Not Applicable,Not Applicable,0,0,0,1,0,0,0,0,0,0,0,35,0,0,0,12,6,2,33,0,0,0,1,4,85365,6,1,0,0,3,3,72,235,0,0,0,0,1,1,2014,1,2014,0,89,0,0,0,2,3,35,3,1,8,1,0,0,14,13,3,2,4,2,,,,1,1,,,,,,,,,,,,,,,,,,,,,,,,,2014
2014040079,4,40079,1,1,1,17,3,17,32,1,0,1,0,4,2,72,706,72706,80,1998,1HD1FMR10WY6,1,H,D,1,F,M,R,1,0,W,Y,6,0,0,0,Not Applicable,Not Applicable,0,0,0,1,0,0,0,0,0,0,0,998,0,0,0,0,6,2,1,0,0,0,1,4,85648,6,1,0,0,3,0,72,192,0,0,0,1,0,7,2011,7,2011,0,0,0,0,0,1,2,55,2,6,2,1,0,0,14,12,7,9,6,98,,,,1,1,,,,,,,,,,,,,,,,,,,,,,,,,2014
2014040080,4,40080,1,1,2,19,3,10,27,15,0,1,0,48,2,41,471,41471,30,1996,4F4CR12A0TTM,4,F,4,C,R,1,2,A,0,T,T,M,0,0,0,Not Applicable,Not Applicable,0,0,0,1,0,0,0,0,0,0,0,40,0,0,0,12,4,5,15,0,0,0,1,4,85712,6,1,0,0,3,0,62,155,0,0,0,0,0,0,0,0,0,9,99,99,99,99,2,2,40,1,1,8,1,0,0,1,80,3,2,1,13,,,,0,0,,,,,,,,,,,,,,,,,,,,,,,,,2014
2014040081,4,40081,1,4,1,20,3,12,38,12,1,1,0,4,1,35,421,35421,15,2011,5N1AA0NC5BN6,5,N,1,A,A,0,N,C,5,B,N,6,0,0,0,Not Applicable,Not Applicable,0,0,0,1,0,0,0,0,0,0,0,60,0,0,0,12,4,5,12,0,0,0,1,4,85119,6,1,0,0,3,0,76,290,0,0,0,0,0,0,0,0,0,0,0,0,0,0,3,6,65,1,1,2,1,0,0,2,51,1,1,1,24,,,,0,0,,,,,,,,,,,,,,,,,,,,,,,,,2014
2014040081,4,40081,2,4,1,20,3,12,38,12,1,1,0,4,1,37,33,37033,2,1993,JHMBB215XPC0,J,H,M,B,B,2,1,5,X,P,C,0,0,0,0,Not Applicable,Not Applicable,0,0,0,1,0,0,0,0,0,0,0,998,0,0,0,6,6,2,2,0,0,1,1,4,85225,6,1,0,0,3,0,70,135,0,0,0,0,0,0,0,0,0,0,99,99,99,99,3,6,65,1,1,2,1,0,0,99,53,99,9,9,27,,,,1,1,,,,,,,,,,,,,,,,,,,,,,,,,2014
2014040081,4,40081,3,4,1,20,3,12,38,12,1,1,0,4,3,87,884,87884,66,2007,1XPHDU9X67D7,1,X,P,H,D,U,9,X,6,7,D,7,1,1,57,0166859,570166859,3,6,4,1,0,0,0,0,0,0,0,65,0,0,0,12,6,2,2,0,0,1,1,4,85210,6,1,6,0,3,3,74,225,0,2,0,0,0,5,2012,6,2012,0,0,0,0,0,3,6,65,1,1,2,1,0,0,1,61,1,1,1,98,,,,0,0,,,,,,,,,,,,,,,,,,,,,,,,,2014
2014040081,4,40081,4,4,2,20,3,12,38,12,1,1,0,4,1,37,421,37421,15,2014,5FNYF3H59EB0,5,F,N,Y,F,3,H,5,9,E,B,0,0,0,0,Not Applicable,Not Applicable,0,0,0,1,0,0,0,0,0,0,0,65,0,0,0,12,2,5,54,0,0,0,1,4,85044,6,1,0,0,3,0,65,115,0,0,0,0,0,0,0,0,0,0,0,0,0,0,3,6,65,1,1,2,1,0,0,1,98,1,1,1,98,,,,0,0,,,,,,,,,,,,,,,,,,,,,,,,,2014
2014040082,4,40082,1,2,1,21,3,18,22,12,6,1,0,4,2,12,481,12481,31,2008,1FTSW21R38ED,1,F,T,S,W,2,1,R,3,8,E,D,0,0,0,Not Applicable,Not Applicable,0,0,0,1,0,0,0,0,0,0,0,50,0,0,0,12,6,2,12,0,0,0,1,4,85139,6,1,0,0,3,0,75,275,0,0,0,1,0,7,2011,7,2011,9,99,99,99,99,1,5,45,1,1,8,1,3,3,1,17,99,1,1,83,,,,0,0,,,,,,,,,,,,,,,,,,,,,,,,,2014
2014040082,4,40082,2,2,1,21,3,18,22,12,6,1,0,4,1,6,441,6441,20,2005,2C4GP44R45R3,2,C,4,G,P,4,4,R,4,5,R,3,0,0,0,Not Applicable,Not Applicable,0,0,0,1,0,0,0,0,0,0,0,7,0,0,0,61,6,2,12,0,0,0,1,4,85138,6,1,0,0,3,3,67,190,0,0,0,0,0,0,0,0,0,9,99,99,99,99,1,2,25,1,1,8,1,3,3,11,15,99,1,1,82,,,,1,0,,,,,,,,,,,,,,,,,,,,,,,,,2014
2014040083,4,40083,1,1,3,22,3,17,39,8,0,1,1,4,1,12,23,12023,4,2006,3FAHP08Z16R2,3,F,A,H,P,0,8,Z,1,6,R,2,0,0,0,Not Applicable,Not Applicable,0,0,0,1,0,0,0,0,0,0,0,40,0,0,0,12,2,5,8,0,0,0,1,4,85032,6,1,0,0,3,0,70,175,0,1,0,1,0,1,2012,6,2012,0,0,0,0,0,5,7,40,1,1,8,1,0,0,1,80,1,1,1,13,,,,0,0,,,,,,,,,,,,,,,,,,,,,,,,,2014
2014040084,4,40084,1,1,1,23,3,9,1,33,0,1,0,4,2,38,402,38402,14,1995,4S2CM58V3S43,4,S,2,C,M,5,8,V,3,S,4,3,0,0,0,Not Applicable,Not Applicable,0,0,0,1,0,0,0,0,0,0,0,60,0,0,0,12,6,2,30,32,0,0,1,4,85706,1,1,0,0,2,0,62,110,0,1,0,0,1,7,2011,8,2011,3,27,0,0,0,1,4,35,1,1,2,1,0,0,15,6,99,9,4,2,,,,1,1,,,,,,,,,,,,,,,,,,,,,,,,,2014
2014040085,4,40085,1,2,2,29,3,14,18,12,6,1,0,4,2,12,17,12017,4,1997,1FALP52U6VG1,1,F,A,L,P,5,2,U,6,V,G,1,0,0,0,Not Applicable,Not Applicable,0,0,0,1,0,0,0,0,0,0,0,5,0,0,0,9,6,2,12,0,0,0,1,4,85335,6,1,0,0,3,3,72,215,0,0,0,0,2,10,2013,3,2014,0,39,0,0,0,1,2,98,1,1,2,1,20,3,1,17,1,1,1,89,,,,2,0,,,,,,,,,,,,,,,,,,,,,,,,,2014
2014040085,4,40085,2,2,1,29,3,14,18,12,6,1,0,6,3,82,884,82884,66,2013,1FUJGEDVXDSB,1,F,U,J,G,E,D,V,X,D,S,B,1,1,57,171496,57171496,3,6,2,2,2,1791,8,1,0,0,0,50,0,0,0,12,6,2,12,0,0,0,1,4,85131,6,1,6,1,3,0,71,220,0,2,0,0,0,9,2011,10,2011,0,0,0,0,0,2,2,50,1,1,2,1,0,0,1,66,8,2,1,88,,,,0,0,,,,,,,,,,,,,,,,,,,,,,,,,2014
2014040086,4,40086,1,1,2,29,3,15,50,1,0,1,0,4,1,72,706,72706,80,2011,1HD1TA801BB9,1,H,D,1,T,A,8,0,1,B,B,9,0,0,0,Not Applicable,Not Applicable,0,0,0,1,0,0,0,0,0,0,0,45,0,0,0,0,6,2,1,0,0,0,1,4,86442,6,1,0,0,3,0,73,275,0,0,0,0,0,0,0,0,0,0,0,0,0,0,1,2,55,3,6,2,1,0,0,14,13,1,1,4,1,,,,2,0,,,,,,,,,,,,,,,,,,,,,,,,,2014
2014040087,4,40087,1,2,1,30,3,17,4,12,6,1,0,4,2,7,482,7482,31,2014,1C6RR7NT7ES1,1,C,6,R,R,7,N,T,7,E,S,1,0,0,0,Not Applicable,Not Applicable,0,0,0,1,0,0,0,0,0,0,0,10,0,0,0,1,6,2,12,0,0,0,1,4,85213,6,1,0,0,3,3,66,150,0,0,0,0,0,0,0,0,0,0,38,0,0,0,1,5,45,1,1,8,1,3,3,11,15,99,1,1,68,,,,0,0,,,,,,,,,,,,,,,,,,,,,,,,,2014
2014040087,4,40087,2,2,2,30,3,17,4,12,6,1,0,4,2,35,47,35047,4,2007,1N4BL21E97N4,1,N,4,B,L,2,1,E,9,7,N,4,0,0,0,Not Applicable,Not Applicable,0,0,0,1,0,0,0,0,0,0,0,30,0,0,0,12,6,2,12,0,0,0,1,4,85050,6,1,0,0,3,0,72,230,0,0,0,1,0,5,2012,5,2012,0,0,0,0,0,1,6,45,1,1,8,1,3,3,1,62,99,1,1,69,,,,1,0,,,,,,,,,,,,,,,,,,,,,,,,,2014
2014040088,4,40088,1,1,2,8,2,17,52,1,0,1,0,4,9,38,402,38402,14,2001,4S2CK58W6143,4,S,2,C,K,5,8,W,6,1,4,3,0,0,0,Not Applicable,Not Applicable,0,0,0,1,0,0,0,0,0,0,0,998,0,1,5,0,6,2,1,0,0,0,1,4,85054,9,9,99,0,9,9,999,999,99,99,99,99,99,99,9999,99,9999,9,99,99,99,99,1,2,98,1,6,5,1,0,0,1,9,99,9,4,7,,,,1,0,,,,,,,,,,,,,,,,,,,,,,,,,2014
2014040089,4,40089,1,1,1,27,2,14,45,34,0,1,0,4,1,12,471,12471,30,1988,1FTBR10A0JUA,1,F,T,B,R,1,0,A,0,J,U,A,0,0,0,Not Applicable,Not Applicable,0,0,0,1,0,0,0,0,0,0,0,998,0,1,5,12,6,2,1,0,0,0,1,4,86332,6,1,0,0,3,3,70,180,0,0,0,0,0,0,0,0,0,9,99,99,99,99,1,2,0,1,1,5,1,0,0,1,9,99,9,4,2,,,,1,0,,,,,,,,,,,,,,,,,,,,,,,,,2014
2014040090,4,40090,1,1,1,22,3,22,46,17,0,1,0,92,0,37,739,37739,90,9999,Unknown,9,9,9,9,9,9,9,9,9,9,9,9,0,0,0,Not Applicable,Not Applicable,0,0,0,1,0,0,0,0,0,0,0,998,0,1,5,99,4,5,1,0,0,0,1,4,86333,6,1,6,0,3,3,72,226,0,0,0,0,0,0,0,0,0,4,0,0,0,0,1,2,0,1,1,8,1,0,0,1,14,99,1,4,14,,,,1,1,,,,,,,,,,,,,,,,,,,,,,,,,2014
2014040091,4,40091,1,2,1,24,3,18,9,12,6,1,0,4,1,18,25,18025,4,2012,1G4PS5SKXC41,1,G,4,P,S,5,S,K,X,C,4,1,0,0,0,Not Applicable,Not Applicable,0,0,0,1,0,0,0,0,0,0,0,998,0,0,0,9,4,3,12,0,0,0,1,4,85383,6,1,0,0,3,0,67,220,0,0,0,0,0,0,0,0,0,0,38,91,0,0,1,3,98,1,1,2,1,20,3,11,15,99,1,1,82,,,,0,0,,,,,,,,,,,,,,,,,,,,,,,,,2014
2014040091,4,40091,2,2,1,24,3,18,9,12,6,1,0,4,2,12,471,12471,30,1995,1FTCR10UXSPA,1,F,T,C,R,1,0,U,X,S,P,A,0,0,0,Not Applicable,Not Applicable,0,0,0,1,0,0,0,0,0,0,0,55,0,0,0,12,6,2,12,0,0,0,1,4,85345,0,0,0,0,0,0,58,120,0,0,0,0,0,0,0,0,0,0,0,0,0,0,2,4,45,1,1,2,1,0,0,1,67,99,1,1,83,,,,1,0,,,,,,,,,,,,,,,,,,,,,,,,,2014
2014040092,4,40092,1,1,2,1,2,19,30,8,0,1,0,4,1,12,481,12481,31,1994,2FTJW36K7RCA,2,F,T,J,W,3,6,K,7,R,C,A,0,0,0,Not Applicable,Not Applicable,0,0,0,1,0,0,0,0,0,0,0,998,0,0,0,12,2,3,8,0,0,0,1,4,86004,6,1,0,0,3,2,69,170,0,0,0,0,0,0,0,0,0,0,74,0,0,0,2,3,40,1,1,2,1,0,0,1,80,6,1,3,13,,,,0,0,,,,,,,,,,,,,,,,,,,,,,,,,2014
2014040093,4,40093,1,2,1,4,2,13,47,12,2,1,0,4,1,37,32,37032,4,1992,JHMCB7674NC0,J,H,M,C,B,7,6,7,4,N,C,0,0,0,0,Not Applicable,Not Applicable,0,0,0,1,0,0,0,0,0,0,0,60,0,0,0,12,6,2,12,32,0,0,1,4,86004,6,1,0,0,3,3,66,185,1,0,0,0,1,2,2012,5,2012,0,28,0,0,0,1,2,50,1,1,8,1,0,0,1,10,1,1,2,50,,,,1,0,,,,,,,,,,,,,,,,,,,,,,,,,2014
2014040093,4,40093,2,2,1,4,2,13,47,12,2,1,0,4,1,7,482,7482,31,2003,1D7HA18D13J5,1,D,7,H,A,1,8,D,1,3,J,5,0,0,0,Not Applicable,Not Applicable,0,0,0,1,0,0,0,0,0,0,0,50,0,0,0,12,6,2,12,0,0,0,1,4,86047,6,1,6,0,3,0,68,215,0,4,0,0,0,10,2011,10,2012,0,0,0,0,0,1,2,50,1,1,8,1,0,0,1,62,9,9,1,51,,,,0,0,,,,,,,,,,,,,,,,,,,,,,,,,2014
2014040094,4,40094,1,2,3,14,2,20,48,12,6,1,0,35,1,20,482,20482,31,2007,3GNFK12337G1,3,G,N,F,K,1,2,3,3,7,G,1,0,0,0,Not Applicable,Not Applicable,0,0,0,1,0,0,0,0,0,0,0,0,0,0,0,83,6,2,8,0,0,0,1,35,87301,6,1,3,0,3,0,72,150,98,0,0,0,0,0,0,0,0,0,38,0,0,0,1,7,45,1,1,2,1,2,3,5,80,3,1,1,98,,,,0,0,,,,,,,,,,,,,,,,,,,,,,,,,2014
2014040094,4,40094,2,2,2,14,2,20,48,12,6,1,0,4,1,32,40,32040,4,2005,WAUGL68E15A5,W,A,U,G,L,6,8,E,1,5,A,5,0,0,0,Not Applicable,Not Applicable,0,0,0,1,0,0,0,0,0,0,0,998,0,0,0,12,6,2,12,0,0,0,1,4,85003,6,1,6,0,3,0,70,190,1,3,0,2,1,5,2011,10,2012,0,0,0,0,0,1,7,45,1,1,2,1,2,3,1,62,99,1,1,98,,,,0,0,,,,,,,,,,,,,,,,,,,,,,,,,2014
2014040095,4,40095,1,1,1,14,2,22,58,1,0,1,0,4,1,73,706,73706,80,2001,JKBVNAE111A1,J,K,B,V,N,A,E,1,1,1,A,1,0,0,0,Not Applicable,Not Applicable,0,0,0,1,0,0,0,0,0,0,0,52,0,0,0,0,6,2,1,0,0,0,1,4,85207,6,1,0,0,3,0,74,200,0,0,0,0,1,4,2011,4,2011,4,0,0,0,0,2,3,40,1,1,8,1,0,0,2,99,3,2,1,98,,,,1,1,,,,,,,,,,,,,,,,,,,,,,,,,2014
2014040096,4,40096,1,1,1,19,2,7,56,35,0,1,0,4,2,37,734,37734,90,2004,478TE2900440,4,7,8,T,E,2,9,0,0,4,4,0,0,0,0,Not Applicable,Not Applicable,0,0,0,1,0,0,0,0,0,0,0,998,0,1,5,62,6,2,1,0,0,0,1,4,85541,6,1,0,0,3,3,72,180,1,2,0,0,1,3,2011,12,2011,9,99,99,99,99,1,2,30,1,6,5,1,0,0,1,12,3,2,4,7,,,,1,0,,,,,,,,,,,,,,,,,,,,,,,,,2014
2014040097,4,40097,1,2,4,24,2,12,5,12,6,1,0,4,1,20,22,20022,4,2006,1G1AK55F0678,1,G,1,A,K,5,5,F,0,6,7,8,0,0,0,Not Applicable,Not Applicable,0,0,0,1,0,0,0,0,0,0,0,15,0,0,0,62,6,2,12,0,0,0,1,4,85705,6,1,0,0,3,0,65,200,0,0,0,0,0,0,0,0,0,0,38,0,0,0,1,3,45,1,1,2,1,20,3,11,15,99,1,1,82,,,,1,0,,,,,,,,,,,,,,,,,,,,,,,,,2014
2014040097,4,40097,2,2,1,24,2,12,5,12,6,1,0,4,2,23,401,23401,14,2004,1GKET12S5461,1,G,K,E,T,1,2,S,5,4,6,1,0,0,0,Not Applicable,Not Applicable,0,0,0,1,0,0,0,0,0,0,0,48,0,0,0,12,4,5,12,0,0,0,1,4,85713,6,1,0,0,3,0,66,142,0,0,0,0,1,3,2012,3,2012,0,0,0,0,0,2,4,45,1,1,2,1,0,0,1,67,6,1,3,83,,,,0,0,,,,,,,,,,,,,,,,,,,,,,,,,2014
2014040098,4,40098,1,2,1,12,2,8,7,12,9,1,0,4,1,98,709,98709,80,2001,AZ244779,A,Z,2,4,4,7,7,9,,,,,0,0,0,Not Applicable,Not Applicable,0,0,0,1,0,0,0,0,0,0,0,75,0,0,0,61,6,2,12,0,0,0,1,4,85122,6,1,0,0,3,0,69,160,0,0,0,0,0,0,0,0,0,4,84,57,0,0,2,2,65,1,1,2,1,0,0,1,52,3,2,1,98,,,,1,0,,,,,,,,,,,,,,,,,,,,,,,,,2014
2014040098,4,40098,2,2,1,12,2,8,7,12,9,1,0,4,1,35,403,35403,14,2013,JN8AF5MR9DT2,J,N,8,A,F,5,M,R,9,D,T,2,0,0,0,Not Applicable,Not Applicable,0,0,0,1,0,0,0,0,0,0,0,60,0,0,0,6,4,5,12,0,0,0,1,4,85249,6,1,0,0,3,0,65,150,0,0,0,0,0,0,0,0,0,0,0,0,0,0,2,2,65,1,1,2,1,0,0,2,53,2,1,1,98,,,,0,0,,,,,,,,,,,,,,,,,,,,,,,,,2014
2014040099,4,40099,1,2,1,13,2,18,52,12,1,1,0,4,1,72,706,72706,80,2009,1HD1CT3169K4,1,H,D,1,C,T,3,1,6,9,K,4,0,0,0,Not Applicable,Not Applicable,0,0,0,1,0,0,0,0,0,0,0,999,0,0,0,12,6,2,12,0,0,0,1,4,85283,6,1,0,0,3,0,69,187,0,0,0,2,0,6,2013,11,2013,9,27,0,0,0,3,6,65,1,1,2,1,0,0,15,51,1,1,1,32,,,,1,0,,,,,,,,,,,,,,,,,,,,,,,,,2014
2014040099,4,40099,2,2,1,13,2,18,52,12,1,1,0,4,3,12,461,12461,21,2005,1FTNE24L45HA,1,F,T,N,E,2,4,L,4,5,H,A,0,0,0,Not Applicable,Not Applicable,0,0,0,1,0,0,0,0,0,0,0,20,0,0,0,6,2,5,12,0,0,0,1,4,85338,6,1,0,0,3,3,67,240,0,0,0,0,0,0,0,0,0,0,0,0,0,0,3,6,65,1,1,2,1,0,0,1,53,1,1,1,32,,,,0,0,,,,,,,,,,,,,,,,,,,,,,,,,2014
2014040100,4,40100,1,1,1,24,2,19,39,59,0,1,0,4,2,12,4,12004,2,1995,1FALP62W9SH2,1,F,A,L,P,6,2,W,9,S,H,2,0,0,0,Not Applicable,Not Applicable,0,0,0,1,0,0,0,0,0,0,0,999,0,0,0,12,6,2,59,0,0,0,1,4,86004,0,0,0,0,0,0,75,230,0,0,0,0,0,0,0,0,0,4,99,99,99,99,2,2,65,1,1,2,1,0,0,1,12,99,1,4,6,,,,1,0,,,,,,,,,,,,,,,,,,,,,,,,,2014
2014040101,4,40101,1,1,2,26,2,15,1,38,0,1,0,4,1,73,706,73706,80,2011,JKBVNRB12BA0,J,K,B,V,N,R,B,1,2,B,A,0,0,0,0,Not Applicable,Not Applicable,0,0,0,1,0,0,0,0,0,0,0,70,0,0,0,12,6,2,1,0,0,0,1,4,85283,6,1,0,0,3,3,73,175,0,0,0,0,0,0,0,0,0,0,99,99,99,99,2,2,75,1,1,2,1,0,0,1,13,99,1,4,1,,,,1,0,,,,,,,,,,,,,,,,,,,,,,,,,2014
2014040102,4,40102,1,2,4,12,3,14,25,12,6,1,1,4,2,23,481,23481,31,1998,1GTEK19R3WR5,1,G,T,E,K,1,9,R,3,W,R,5,0,0,0,Not Applicable,Not Applicable,0,0,0,1,0,0,0,0,0,0,0,10,0,0,0,3,2,5,12,35,0,0,1,4,85202,6,7,0,0,3,2,71,156,0,0,0,0,0,0,0,0,0,0,48,73,0,0,1,7,40,1,1,8,1,0,0,11,15,99,1,1,68,,,,0,0,,,,,,,,,,,,,,,,,,,,,,,,,2014
2014040102,4,40102,2,2,1,12,3,14,25,12,6,1,0,4,2,98,709,98709,80,2011,L8YTCKPM7BM0,L,8,Y,T,C,K,P,M,7,B,M,0,0,0,0,Not Applicable,Not Applicable,0,0,0,1,0,0,0,0,0,0,0,35,0,0,0,12,6,2,12,0,0,0,1,4,85201,1,1,0,0,2,0,72,170,0,4,0,2,1,4,2011,12,2013,0,0,0,0,0,1,7,40,1,1,8,1,0,0,1,62,99,1,1,69,,,,1,0,,,,,,,,,,,,,,,,,,,,,,,,,2014
2014040103,4,40103,1,1,2,13,3,18,19,1,0,1,0,4,2,34,34,34034,4,1999,WBAAM3337XFP,W,B,A,A,M,3,3,3,7,X,F,P,0,0,0,Not Applicable,Not Applicable,0,0,0,1,0,0,0,0,0,0,0,65,0,1,3,0,6,2,1,0,0,0,1,4,85037,6,1,0,0,3,0,69,170,1,1,0,0,1,4,2012,9,2012,0,80,0,0,0,3,7,65,1,1,2,1,0,0,1,1,1,7,4,7,,,,1,0,,,,,,,,,,,,,,,,,,,,,,,,,2014
2014040104,4,40104,1,1,1,27,1,20,14,8,0,1,0,4,2,20,2,20002,4,2007,2G1WB58K9791,2,G,1,W,B,5,8,K,9,7,9,1,0,0,0,Not Applicable,Not Applicable,0,0,0,1,0,0,0,0,0,0,0,40,0,0,0,12,2,5,8,0,0,0,1,4,85017,1,1,0,0,2,0,75,194,0,2,0,0,1,4,2012,10,2012,0,91,0,0,0,2,5,40,1,1,8,1,0,0,1,80,2,1,1,13,,,,0,0,,,,,,,,,,,,,,,,,,,,,,,,,2014
2014040105,4,40105,1,1,1,7,1,13,47,99,0,1,0,99,9,99,999,99999,99,9999,Unknown,9,9,9,9,9,9,9,9,9,9,9,9,0,0,0,Not Applicable,Not Applicable,0,0,0,1,0,0,0,0,0,0,0,999,0,0,0,99,9,9,99,0,0,0,1,4,86035,6,1,0,0,3,3,63,180,0,0,0,0,0,0,0,0,0,9,99,99,99,99,9,9,99,9,9,8,99,99,9,99,99,99,9,9,99,,,,1,0,,,,,,,,,,,,,,,,,,,,,,,,,2014
2014040106,4,40106,1,1,1,9,1,18,35,8,0,1,0,4,2,20,16,20016,4,2004,1G1JC52F8473,1,G,1,J,C,5,2,F,8,4,7,3,0,0,0,Not Applicable,Not Applicable,0,0,0,1,0,0,0,0,0,0,0,50,0,0,0,12,6,2,8,0,0,0,1,4,86504,6,1,0,0,3,3,71,225,0,0,0,0,0,0,0,0,0,0,0,0,0,0,2,2,55,8,8,8,1,0,0,1,80,1,1,1,13,,,,0,0,,,,,,,,,,,,,,,,,,,,,,,,,2014
2014040107,4,40107,1,1,1,12,2,15,31,42,0,1,0,56,1,98,705,98705,80,2014,ZKH0H12AYEV0,Z,K,H,0,H,1,2,A,Y,E,V,0,0,0,0,Not Applicable,Not Applicable,0,0,0,1,0,0,0,0,0,0,0,999,0,0,0,12,6,2,42,0,0,0,1,56,82923,6,1,0,0,3,0,72,210,0,0,0,0,0,0,0,0,0,9,99,99,99,99,1,2,98,1,1,5,1,0,0,1,9,99,9,4,2,,,,1,0,,,,,,,,,,,,,,,,,,,,,,,,,2014
2014040108,4,40108,1,1,1,6,2,5,27,8,0,1,0,4,1,23,471,23471,30,1998,1GTCS1941W85,1,G,T,C,S,1,9,4,1,W,8,5,0,0,0,Not Applicable,Not Applicable,0,0,0,1,0,0,0,0,0,0,0,10,0,0,0,12,2,5,8,0,0,0,1,4,85041,1,1,0,0,2,0,65,212,0,2,0,0,0,1,2014,1,2014,0,0,0,0,0,1,2,25,1,1,8,1,0,0,1,80,1,1,1,13,,,,0,0,,,,,,,,,,,,,,,,,,,,,,,,,2014
2014040109,4,40109,1,1,2,6,2,21,42,1,0,1,0,99,9,99,999,99999,99,9999,Unknown,9,9,9,9,9,9,9,9,9,9,9,9,0,0,0,Not Applicable,Not Applicable,0,0,0,1,0,0,0,0,0,0,0,999,0,9,9,0,9,9,1,0,0,0,1,99,99999,9,9,99,0,9,9,999,999,99,99,99,99,99,99,9999,99,9999,9,99,99,99,99,9,9,99,9,9,2,99,99,9,99,99,99,9,9,99,,,,1,0,,,,,,,,,,,,,,,,,,,,,,,,,2014
2014040110,4,40110,1,2,1,7,2,99,99,12,99,1,0,99,9,99,999,99999,99,9999,Unknown,9,9,9,9,9,9,9,9,9,9,9,9,0,0,0,Not Applicable,Not Applicable,0,0,0,1,0,0,0,0,0,0,0,999,0,0,0,99,9,9,12,0,0,0,1,4,85256,6,1,0,0,3,3,67,245,0,0,0,0,1,1,2014,1,2014,9,99,99,99,99,9,9,99,9,9,8,99,99,9,99,99,99,9,9,99,,,,1,1,,,,,,,,,,,,,,,,,,,,,,,,,2014
2014040110,4,40110,2,2,1,7,2,99,99,12,99,1,9,99,9,99,999,99999,99,9999,Unknown,9,9,9,9,9,9,9,9,9,9,9,9,0,0,0,Not Applicable,Not Applicable,0,0,0,1,0,0,0,0,0,0,0,999,0,0,0,99,9,9,12,0,0,0,1,99,99999,9,9,99,0,9,9,999,999,99,99,99,99,99,99,9999,99,9999,9,99,99,99,99,9,9,99,9,9,8,99,99,9,99,99,99,9,9,99,,,,0,0,,,,,,,,,,,,,,,,,,,,,,,,,2014
2014040111,4,40111,1,1,1,8,2,20,0,8,0,1,0,4,2,37,32,37032,4,1993,1HGCB7654PA1,1,H,G,C,B,7,6,5,4,P,A,1,0,0,0,Not Applicable,Not Applicable,0,0,0,1,0,0,0,0,0,0,0,54,0,0,0,12,6,2,8,0,0,0,1,4,85040,6,1,0,0,3,0,64,130,0,0,0,0,2,7,2013,12,2013,0,0,0,0,0,1,2,40,1,1,2,1,0,0,1,80,1,1,1,13,,,,0,0,,,,,,,,,,,,,,,,,,,,,,,,,2014
2014040112,4,40112,1,1,1,9,2,17,26,8,0,1,0,4,1,35,473,35473,31,2005,1N6AA06B55N5,1,N,6,A,A,0,6,B,5,5,N,5,0,0,0,Not Applicable,Not Applicable,0,0,0,1,0,0,0,0,0,0,0,15,0,0,0,12,2,5,8,0,0,0,1,53,98296,6,1,0,0,3,0,70,190,0,0,0,0,0,0,0,0,0,0,38,0,0,0,1,2,35,1,1,2,1,2,3,11,80,99,1,1,13,,,,0,0,,,,,,,,,,,,,,,,,,,,,,,,,2014
2014040113,4,40113,1,1,1,14,2,21,51,8,0,1,0,4,2,7,482,7482,31,2004,1D7HA16K54J2,1,D,7,H,A,1,6,K,5,4,J,2,0,0,0,Not Applicable,Not Applicable,0,0,0,1,0,0,0,0,0,0,0,40,0,0,0,12,2,5,8,0,0,0,1,4,85031,6,1,0,0,3,0,67,170,0,0,0,0,0,0,0,0,0,0,0,0,0,0,5,6,45,1,1,8,1,0,0,1,80,99,1,1,13,,,,0,0,,,,,,,,,,,,,,,,,,,,,,,,,2014