accident_id,STATE,ST_CASE,VEH_NO,VE_FORMS,NUMOCCS,DAY,MONTH,HOUR,MINUTE,HARM_EV,MAN_COLL,UNITTYPE,HIT_RUN,REG_STAT,OWNER,MAKE,MODEL,MAK_MOD,BODY_TYP,MOD_YEAR,VIN,VIN_1,VIN_2,VIN_3,VIN_4,VIN_5,VIN_6,VIN_7,VIN_8,VIN_9,VIN_10,VIN_11,VIN_12,TOW_VEH,J_KNIFE,MCARR_I1,MCARR_I2,MCARR_ID,GVWR,V_CONFIG,CARGO_BT,HAZ_INV,HAZ_PLAC,HAZ_ID,HAZ_CNO,HAZ_REL,BUS_USE,SPEC_USE,EMER_USE,TRAV_SP,UNDERIDE,ROLLOVER,ROLINLOC,IMPACT1,DEFORMED,TOWED,M_HARM,VEH_SC1,VEH_SC2,FIRE_EXP,DR_PRES,L_STATE,DR_ZIP,L_STATUS,L_TYPE,CDL_STAT,L_ENDORS,L_COMPL,L_RESTRI,DR_HGT,DR_WGT,PREV_ACC,PREV_SUS,PREV_DWI,PREV_SPD,PREV_OTH,FIRST_MO,FIRST_YR,LAST_MO,LAST_YR,SPEEDREL,DR_SF1,DR_SF2,DR_SF3,DR_SF4,VTRAFWAY,VNUM_LAN,VSPD_LIM,VALIGN,VPROFILE,VPAVETYP,VSURCOND,VTRAFCON,VTCONT_F,P_CRASH1,P_CRASH2,P_CRASH3,PCRASH4,PCRASH5,ACC_TYPE,TRLR1VIN,TRLR2VIN,TRLR3VIN,DEATHS,DR_DRINK,VINTYPE,VINMAKE,VINA_MOD,VIN_BT,VINMODYR,VIN_LNGT,VIN_WGT,WGTCD_TR,WHLBS_LG,WHLBS_SH,SER_TR,FUELCODE,MCYCL_DS,CARBUR,CYLINDER,DISPLACE,MCYCL_CY,MCYCL_WT,TIRE_SZE,TON_RAT,TRK_WT,TRKWTVAR,VIN_REST,WHLDRWHL,Year
2014040114,4,40114,1,1,1,15,2,4,42,8,0,1,0,4,1,35,472,35472,30,2013,1N6AD0ER0DN7,1,N,6,A,D,0,E,R,0,D,N,7,0,0,0,Not Applicable,Not Applicable,0,0,0,1,0,0,0,0,0,0,0,55,0,0,0,12,6,2,8,0,0,0,1,4,85350,6,1,0,0,3,0,68,168,0,0,0,0,1,8,2012,8,2012,0,0,0,0,0,5,4,55,1,1,2,1,0,0,1,80,7,9,3,13,,,,0,0,,,,,,,,,,,,,,,,,,,,,,,,,2014
2014040115,4,40115,1,1,1,16,2,13,34,15,0,1,0,4,1,12,481,12481,31,1996,1FTHF25H0TLA,1,F,T,H,F,2,5,H,0,T,L,A,0,0,0,Not Applicable,Not Applicable,0,0,0,1,0,0,0,0,0,0,0,19,0,0,0,81,0,5,15,32,0,0,1,4,85040,6,1,0,0,3,3,67,150,0,0,0,0,0,0,0,0,0,0,0,0,0,0,1,2,25,1,1,2,1,0,0,1,83,99,1,1,13,,,,0,0,,,,,,,,,,,,,,,,,,,,,,,,,2014
2014040116,4,40116,1,2,1,16,2,14,0,12,6,1,1,4,1,20,37,20037,4,2001,1G1ND52J6162,1,G,1,N,D,5,2,J,6,1,6,2,0,0,0,Not Applicable,Not Applicable,0,0,0,1,0,0,0,0,0,0,0,7,0,0,0,83,4,5,12,0,0,0,1,4,85051,6,1,0,0,3,3,62,190,0,0,0,0,0,0,0,0,0,0,38,91,0,0,5,6,40,1,1,2,1,0,0,11,15,99,1,1,68,,,,0,0,,,,,,,,,,,,,,,,,,,,,,,,,2014
2014040116,4,40116,2,2,1,16,2,14,0,12,6,1,0,4,2,37,706,37706,80,1996,JH2SC3303TM0,J,H,2,S,C,3,3,0,3,T,M,0,0,0,0,Not Applicable,Not Applicable,0,0,0,1,0,0,0,0,0,0,0,45,0,0,0,12,6,2,12,0,0,0,1,4,85028,1,1,0,0,2,0,66,140,1,1,0,0,1,11,2013,12,2013,0,0,0,0,0,5,6,40,1,1,2,1,0,0,1,62,3,2,1,69,,,,1,0,,,,,,,,,,,,,,,,,,,,,,,,,2014
2014040117,4,40117,1,1,1,19,2,18,57,8,0,1,0,4,1,35,43,35043,4,2010,3N1AB6AP1AL7,3,N,1,A,B,6,A,P,1,A,L,7,0,0,0,Not Applicable,Not Applicable,0,0,0,1,0,0,0,0,0,0,0,35,0,0,0,12,4,3,8,0,0,0,1,4,85388,6,1,0,0,3,0,63,115,0,0,0,0,0,0,0,0,0,0,0,0,0,0,1,6,40,1,1,2,1,2,3,1,80,99,1,1,13,,,,0,0,,,,,,,,,,,,,,,,,,,,,,,,,2014
2014040118,4,40118,1,1,1,21,2,19,53,8,0,1,1,99,9,99,999,99999,99,9999,Unknown,9,9,9,9,9,9,9,9,9,9,9,9,0,0,0,Not Applicable,Not Applicable,0,0,0,1,0,0,0,0,0,0,0,41,0,0,0,12,4,5,8,0,0,0,1,99,99999,9,9,99,9,9,9,999,999,99,99,99,99,99,99,9999,99,9999,9,99,99,99,99,2,3,45,1,1,2,1,0,0,99,80,99,9,9,13,,,,0,0,,,,,,,,,,,,,,,,,,,,,,,,,2014
2014040119,4,40119,1,1,1,22,2,23,6,1,0,1,0,4,1,72,706,72706,80,2013,1HD1KHM12DB6,1,H,D,1,K,H,M,1,2,D,B,6,0,0,0,Not Applicable,Not Applicable,0,0,0,1,0,0,0,0,0,0,0,59,0,0,0,0,6,2,1,0,0,0,1,4,85354,6,1,0,0,3,0,72,225,0,0,0,0,0,0,0,0,0,4,39,0,0,0,1,2,50,1,1,2,1,20,3,1,14,99,1,4,14,,,,1,1,,,,,,,,,,,,,,,,,,,,,,,,,2014
2014040121,4,40121,1,3,1,28,2,19,12,12,8,1,0,4,2,12,401,12401,14,2002,1FMZU63K62UD,1,F,M,Z,U,6,3,K,6,2,U,D,0,0,0,Not Applicable,Not Applicable,0,0,0,1,0,0,0,0,0,0,0,50,0,0,0,62,6,2,12,0,0,0,1,4,85301,1,1,0,0,2,0,64,126,0,6,0,0,2,11,2011,12,2013,0,28,0,0,0,5,6,45,1,1,8,1,0,0,1,10,99,1,3,64,,,,0,0,,,,,,,,,,,,,,,,,,,,,,,,,2014
2014040121,4,40121,2,3,3,28,2,19,12,12,8,1,0,4,1,20,37,20037,4,2004,2G1WF52E8494,2,G,1,W,F,5,2,E,8,4,9,4,0,0,0,Not Applicable,Not Applicable,0,0,0,1,0,0,0,0,0,0,0,37,0,0,0,9,6,2,12,0,0,0,1,4,85037,6,1,0,0,3,0,61,125,0,0,0,0,1,9,2011,9,2011,0,0,0,0,0,5,6,45,1,1,8,1,0,0,1,62,1,1,1,65,,,,0,0,,,,,,,,,,,,,,,,,,,,,,,,,2014
2014040121,4,40121,3,3,4,28,2,19,12,12,8,1,0,4,2,35,472,35472,30,2007,1N6AD07U17C4,1,N,6,A,D,0,7,U,1,7,C,4,0,0,0,Not Applicable,Not Applicable,0,0,0,1,0,0,0,0,0,0,0,25,0,0,0,12,6,2,12,0,0,0,1,6,90805,6,1,0,0,3,0,66,170,0,0,0,0,0,0,0,0,0,0,0,0,0,0,5,6,45,1,1,8,1,0,0,1,62,1,1,1,98,,,,1,0,,,,,,,,,,,,,,,,,,,,,,,,,2014
2014040122,4,40122,1,2,1,10,2,0,12,12,2,1,0,4,2,2,403,2403,14,2010,1J4HA3H10AL1,1,J,4,H,A,3,H,1,0,A,L,1,0,0,0,Not Applicable,Not Applicable,0,0,0,1,0,0,0,0,0,0,0,998,0,0,0,12,6,2,12,0,0,0,1,4,85086,6,1,0,0,3,3,62,80,1,0,0,1,0,6,2012,7,2012,0,51,0,0,0,3,3,75,1,1,2,1,0,0,1,54,1,1,1,52,,,,1,1,,,,,,,,,,,,,,,,,,,,,,,,,2014
2014040122,4,40122,2,2,2,10,2,0,12,12,2,1,0,26,3,85,884,85884,66,2014,1XKADP9X5EJ3,1,X,K,A,D,P,9,X,5,E,J,3,1,1,57,0016999,570016999,3,6,1,1,0,0,0,0,0,0,0,75,0,0,0,12,6,2,2,0,0,1,1,26,49651,6,1,6,0,3,0,62,110,0,0,0,0,1,2,2013,2,2013,0,0,0,0,0,3,3,75,1,1,2,1,0,0,1,54,6,1,3,52,,,,0,0,,,,,,,,,,,,,,,,,,,,,,,,,2014
2014040123,4,40123,1,3,1,26,3,13,12,12,6,1,0,4,3,23,881,23881,62,1990,1GDJ7H1J7LJ6,1,G,D,J,7,H,1,J,7,L,J,6,0,0,88,None,None,2,1,3,1,0,0,0,0,0,0,0,45,0,0,0,12,4,3,12,0,0,0,1,4,85756,6,1,0,0,3,3,71,150,0,0,0,0,0,0,0,0,0,0,91,39,0,0,2,3,45,1,1,8,1,3,3,1,17,99,1,1,86,,,,0,0,,,,,,,,,,,,,,,,,,,,,,,,,2014
2014040123,4,40123,2,3,2,26,3,13,12,12,6,1,0,4,1,20,441,20441,20,1999,1GNDM19W9XB1,1,G,N,D,M,1,9,W,9,X,B,1,0,0,0,Not Applicable,Not Applicable,0,0,0,1,0,0,0,0,0,0,0,45,0,0,0,81,6,2,12,0,0,0,1,4,85634,6,1,0,0,3,0,63,200,0,0,0,0,1,4,2012,4,2012,0,0,0,0,0,2,3,45,1,1,8,1,3,3,1,66,99,1,1,87,,,,1,0,,,,,,,,,,,,,,,,,,,,,,,,,2014
2014040123,4,40123,3,3,1,26,3,13,12,12,6,1,0,4,3,2,407,2407,14,2012,1C4NJPBA2CD6,1,C,4,N,J,P,B,A,2,C,D,6,0,0,0,Not Applicable,Not Applicable,0,0,0,1,0,0,0,0,0,0,0,0,0,0,0,61,2,5,12,0,0,0,1,4,85713,6,1,0,0,3,0,66,190,0,0,0,0,0,0,0,0,0,0,0,0,0,0,2,3,45,1,1,8,1,3,3,5,62,1,1,1,98,,,,0,0,,,,,,,,,,,,,,,,,,,,,,,,,2014
2014040124,4,40124,1,2,2,28,3,21,3,12,2,1,0,4,2,12,481,12481,31,2002,1FTRW08L02KD,1,F,T,R,W,0,8,L,0,2,K,D,0,0,0,Not Applicable,Not Applicable,0,0,0,1,0,0,0,0,0,0,0,100,7,1,2,12,6,2,2,0,0,1,1,4,86044,6,1,0,0,3,0,64,185,0,0,0,0,0,0,0,0,0,3,28,37,0,0,1,2,65,1,1,2,1,0,0,1,10,99,1,2,50,,,,2,1,,,,,,,,,,,,,,,,,,,,,,,,,2014
2014040124,4,40124,2,2,4,28,3,21,3,12,2,1,0,37,4,6,441,6441,20,2014,2C4RC1BG9ER1,2,C,4,R,C,1,B,G,9,E,R,1,0,0,0,Not Applicable,Not Applicable,0,0,0,1,0,0,0,0,0,0,0,65,0,0,0,12,6,2,12,0,0,0,1,17,60061,6,1,0,0,3,0,68,141,0,0,0,0,0,0,0,0,0,0,0,0,0,0,1,2,65,1,1,2,1,0,0,1,62,99,1,1,51,,,,3,0,,,,,,,,,,,,,,,,,,,,,,,,,2014
2014040125,4,40125,1,1,4,2,3,11,52,33,0,1,0,4,1,12,401,12401,14,1995,1FMCU22XXSUB,1,F,M,C,U,2,2,X,X,S,U,B,0,0,0,Not Applicable,Not Applicable,0,0,0,1,0,0,0,0,0,0,0,67,0,1,1,12,6,2,1,0,0,0,1,4,85251,0,0,0,0,0,0,64,200,0,1,0,0,0,11,2012,11,2012,3,0,0,0,0,2,3,45,1,1,8,1,0,0,1,12,99,1,4,6,,,,2,1,,,,,,,,,,,,,,,,,,,,,,,,,2014
2014040126,4,40126,1,1,3,14,3,17,36,9,0,1,0,42,2,59,32,59032,4,2007,JTHGL46F9750,J,T,H,G,L,4,6,F,9,7,5,0,0,0,0,Not Applicable,Not Applicable,0,0,0,1,0,0,0,0,0,0,0,35,0,0,0,12,6,2,9,0,0,0,1,4,85377,6,1,0,0,3,0,67,138,0,0,0,0,0,0,0,0,0,0,0,0,0,0,1,2,50,1,1,8,1,0,0,1,83,6,1,2,13,,,,0,0,,,,,,,,,,,,,,,,,,,,,,,,,2014
2014040127,4,40127,1,1,3,15,3,8,39,5,0,1,0,4,1,98,998,98998,95,2008,2606219,2,6,0,6,2,1,9,,,,,,0,0,0,Not Applicable,Not Applicable,0,0,0,1,0,0,0,0,0,0,0,5,0,0,0,0,0,5,5,0,0,0,1,95,0,9,9,99,0,9,9,72,200,99,99,99,99,99,99,9999,99,9999,0,0,0,0,0,1,2,25,1,4,8,1,0,0,10,98,1,1,1,0,,,,1,0,,,,,,,,,,,,,,,,,,,,,,,,,2014
2014040128,4,40128,1,2,1,29,3,16,50,12,6,1,0,4,1,73,706,73706,80,2011,JKAZXCJ19BA0,J,K,A,Z,X,C,J,1,9,B,A,0,0,0,0,Not Applicable,Not Applicable,0,0,0,1,0,0,0,0,0,0,0,80,0,0,0,12,6,2,12,0,0,0,1,4,85250,2,1,0,0,2,0,75,205,0,3,2,0,0,5,2011,5,2012,3,0,0,0,0,2,2,35,1,1,8,1,0,0,1,17,99,1,1,69,,,,1,1,,,,,,,,,,,,,,,,,,,,,,,,,2014
2014040128,4,40128,2,2,1,29,3,16,50,12,6,1,0,4,2,59,31,59031,4,1997,JT8BF22G7V00,J,T,8,B,F,2,2,G,7,V,0,0,0,0,0,Not Applicable,Not Applicable,0,0,0,1,0,0,0,0,0,0,0,15,0,0,0,83,6,2,12,0,0,0,1,8,81301,6,7,0,0,3,3,68,170,0,0,0,0,0,0,0,0,0,0,0,0,0,0,2,3,35,1,1,8,1,0,0,11,63,99,1,1,68,,,,0,0,,,,,,,,,,,,,,,,,,,,,,,,,2014
2014040129,4,40129,1,1,1,9,3,1,24,8,0,1,0,4,3,12,16,12016,4,2006,2FAHP71WX6X1,2,F,A,H,P,7,1,W,X,6,X,1,0,0,0,Not Applicable,Not Applicable,0,0,0,1,0,0,0,0,0,1,0,40,0,0,0,12,2,5,8,0,0,0,1,4,85210,6,1,6,0,3,0,71,275,0,2,0,0,1,6,2011,4,2013,0,0,0,0,0,5,7,40,1,1,8,1,0,0,1,80,99,1,1,13,,,,0,0,,,,,,,,,,,,,,,,,,,,,,,,,2014
2014040130,4,40130,1,1,1,1,4,13,57,59,0,1,0,4,1,35,471,35471,30,1986,JN6HD12H7GW0,J,N,6,H,D,1,2,H,7,G,W,0,0,0,0,Not Applicable,Not Applicable,0,0,0,1,0,0,0,0,0,0,0,45,0,1,6,12,6,2,1,0,0,0,1,4,85638,6,1,0,0,3,3,70,165,0,1,0,1,0,4,2013,7,2013,3,0,0,0,0,8,8,45,3,1,2,1,0,0,14,6,1,9,4,2,,,,1,1,,,,,,,,,,,,,,,,,,,,,,,,,2014
2014040131,4,40131,1,1,1,2,4,1,56,52,0,1,0,4,3,20,870,20870,61,2000,1GBJG31R1Y11,1,G,B,J,G,3,1,R,1,Y,1,1,0,0,88,None,None,2,1,1,1,0,0,0,0,0,0,0,45,0,1,5,12,6,2,52,0,0,0,1,4,85390,6,1,0,0,3,0,72,200,0,0,0,0,0,0,0,0,0,0,0,0,0,0,2,1,45,1,1,2,1,0,0,1,13,1,1,4,1,,,,1,0,,,,,,,,,,,,,,,,,,,,,,,,,2014
2014040132,4,40132,1,3,1,2,4,19,40,12,8,1,0,4,1,35,402,35402,14,2006,5N1AN08W36C5,5,N,1,A,N,0,8,W,3,6,C,5,0,0,0,Not Applicable,Not Applicable,0,0,0,1,0,0,0,0,0,0,0,60,0,0,0,61,6,2,30,0,0,0,1,4,85710,6,1,0,0,3,3,70,180,1,1,0,1,0,5,2013,7,2013,4,28,0,0,0,1,2,45,1,1,8,1,0,0,1,9,99,9,2,64,,,,1,1,,,,,,,,,,,,,,,,,,,,,,,,,2014
2014040132,4,40132,2,3,2,2,4,19,40,12,8,1,0,27,1,12,401,12401,14,2004,1FMZU72K64UC,1,F,M,Z,U,7,2,K,6,4,U,C,0,0,0,Not Applicable,Not Applicable,0,0,0,1,0,0,0,0,0,0,0,40,0,0,0,61,6,2,12,0,0,0,1,27,55315,6,1,6,0,3,3,71,200,0,0,0,0,0,0,0,0,0,0,0,0,0,0,1,2,45,1,1,8,1,0,0,1,62,99,1,1,65,,,,0,0,,,,,,,,,,,,,,,,,,,,,,,,,2014
2014040132,4,40132,3,3,2,2,4,19,40,12,8,1,0,4,1,12,481,12481,31,2013,1FTFW1CT6DFA,1,F,T,F,W,1,C,T,6,D,F,A,0,0,0,Not Applicable,Not Applicable,0,0,0,1,0,0,0,0,0,0,0,45,0,0,0,61,6,2,12,0,0,0,1,4,85641,6,1,0,0,3,0,70,165,0,0,0,0,0,0,0,0,0,0,0,0,0,0,1,2,45,1,1,8,1,0,0,1,54,99,1,1,98,,,,0,0,,,,,,,,,,,,,,,,,,,,,,,,,2014
2014040133,4,40133,1,1,4,3,4,21,2,1,0,1,0,4,1,23,481,23481,31,1995,1GTEK14K1SZ5,1,G,T,E,K,1,4,K,1,S,Z,5,0,0,0,Not Applicable,Not Applicable,0,0,0,1,0,0,0,0,0,0,0,998,0,1,3,0,6,2,1,0,0,0,1,4,85015,6,1,0,0,3,0,69,187,0,0,0,0,0,0,0,0,0,0,80,0,0,0,2,2,75,1,1,2,1,0,0,1,1,6,4,4,7,,,,2,0,,,,,,,,,,,,,,,,,,,,,,,,,2014
2014040134,4,40134,1,1,2,4,4,5,17,1,0,1,0,35,1,20,401,20401,14,2000,1GNDT13W0Y22,1,G,N,D,T,1,3,W,0,Y,2,2,0,0,0,Not Applicable,Not Applicable,0,0,0,1,0,0,0,0,0,0,0,998,0,1,5,0,6,2,1,0,0,0,1,35,87311,6,1,0,0,3,3,71,200,98,0,0,1,1,6,2012,4,2013,4,0,0,0,0,1,2,65,1,6,2,1,0,0,1,13,6,4,4,1,,,,2,0,,,,,,,,,,,,,,,,,,,,,,,,,2014
2014040135,4,40135,1,2,2,4,4,9,10,12,8,1,0,4,2,63,401,63401,14,2001,KNDJA7232150,K,N,D,J,A,7,2,3,2,1,5,0,0,0,0,Not Applicable,Not Applicable,0,0,0,1,0,0,0,0,0,0,0,45,0,0,0,9,6,2,12,0,0,0,1,4,85658,6,1,0,0,3,0,61,145,0,0,0,0,0,0,0,0,0,4,28,82,0,0,1,2,45,2,1,5,1,0,0,14,10,99,1,2,64,,,,1,0,,,,,,,,,,,,,,,,,,,,,,,,,2014
2014040135,4,40135,2,2,1,4,4,9,10,12,8,1,0,4,3,7,881,7881,61,1995,1B6MC36C6SS2,1,B,6,M,C,3,6,C,6,S,S,2,0,0,88,None,None,2,1,3,1,0,0,0,0,0,0,0,10,0,0,0,9,6,2,12,0,0,0,1,4,85658,6,1,0,0,3,0,73,275,0,0,0,0,0,0,0,0,0,0,0,0,0,0,1,2,45,3,1,5,1,0,0,14,62,2,1,1,65,,,,0,0,,,,,,,,,,,,,,,,,,,,,,,,,2014
2014040136,4,40136,1,1,1,5,4,21,56,43,0,1,0,4,2,20,36,20036,2,1995,2G1WW12M4S93,2,G,1,W,W,1,2,M,4,S,9,3,0,0,0,Not Applicable,Not Applicable,0,0,0,1,0,0,0,0,0,0,0,41,0,1,5,99,6,2,1,0,0,0,1,4,85033,0,0,0,0,0,0,71,150,0,0,0,0,0,0,0,0,0,9,99,99,99,99,1,2,35,3,1,2,1,40,3,14,13,8,1,4,1,,,,1,1,,,,,,,,,,,,,,,,,,,,,,,,,2014
2014040137,4,40137,1,2,2,5,4,23,23,12,1,1,0,4,1,59,34,59034,4,1993,JT8JS47E4P00,J,T,8,J,S,4,7,E,4,P,0,0,0,0,0,Not Applicable,Not Applicable,0,0,0,1,0,0,0,0,0,0,0,998,0,1,3,12,6,2,1,0,0,0,1,4,85349,0,0,0,0,0,0,73,210,0,0,0,0,0,0,0,0,0,4,58,0,0,0,2,2,75,1,1,2,1,0,0,1,51,6,3,3,24,,,,1,0,,,,,,,,,,,,,,,,,,,,,,,,,2014
2014040137,4,40137,2,2,3,5,4,23,23,12,1,1,0,4,1,12,23,12023,4,2007,3FAHP07137R1,3,F,A,H,P,0,7,1,3,7,R,1,0,0,0,Not Applicable,Not Applicable,0,0,0,1,0,0,0,0,0,0,0,998,0,0,0,6,4,5,12,0,0,0,1,4,85365,6,1,0,0,3,3,62,200,0,0,0,0,0,0,0,0,0,0,0,0,0,0,2,2,75,1,1,2,1,0,0,1,53,6,1,3,25,,,,0,0,,,,,,,,,,,,,,,,,,,,,,,,,2014
2014040138,4,40138,1,2,1,7,4,12,49,12,6,1,0,4,1,18,7,18007,4,2004,2G4WS52J7412,2,G,4,W,S,5,2,J,7,4,1,2,0,0,0,Not Applicable,Not Applicable,0,0,0,1,0,0,0,0,0,0,0,45,0,0,0,62,6,2,12,0,0,0,1,4,85301,6,1,0,0,3,3,65,204,0,0,0,0,0,0,0,0,0,0,91,39,0,0,1,7,40,1,1,8,1,2,3,1,17,99,1,1,89,,,,1,0,,,,,,,,,,,,,,,,,,,,,,,,,2014
2014040138,4,40138,2,2,1,7,4,12,49,12,6,1,0,4,1,49,472,49472,30,2014,5TFLU4EN3EX0,5,T,F,L,U,4,E,N,3,E,X,0,0,0,0,Not Applicable,Not Applicable,0,0,0,1,0,0,0,0,0,0,0,30,0,0,0,12,6,2,12,0,0,0,1,4,85044,6,1,0,0,3,0,67,180,0,0,0,0,0,0,0,0,0,0,0,0,0,0,1,7,40,1,1,8,1,2,3,1,66,99,1,1,88,,,,0,0,,,,,,,,,,,,,,,,,,,,,,,,,2014
2014040139,4,40139,1,2,2,11,4,19,46,1,0,1,0,4,1,24,401,24401,14,2006,5GZCZ63406S8,5,G,Z,C,Z,6,3,4,0,6,S,8,0,0,0,Not Applicable,Not Applicable,0,0,0,1,0,0,0,0,0,0,0,10,0,0,0,82,6,2,12,0,0,0,1,4,86442,6,1,0,0,3,0,62,140,0,0,0,0,0,0,0,0,0,0,38,89,91,0,1,5,45,1,1,2,1,3,3,11,15,1,1,1,98,,,,0,1,,,,,,,,,,,,,,,,,,,,,,,,,2014
2014040139,4,40139,2,2,1,11,4,19,46,1,0,1,0,6,1,72,706,72706,80,2009,1HD1GV41X9K3,1,H,D,1,G,V,4,1,X,9,K,3,0,0,0,Not Applicable,Not Applicable,0,0,0,1,0,0,0,0,0,0,0,33,0,0,0,0,6,2,1,0,0,1,1,6,89015,6,1,0,0,3,0,66,225,0,0,0,0,0,0,0,0,0,0,0,0,0,0,1,5,45,1,1,2,1,3,3,1,62,3,7,3,98,,,,1,0,,,,,,,,,,,,,,,,,,,,,,,,,2014
2014040140,4,40140,1,1,1,12,4,4,43,35,0,1,0,4,1,49,482,49482,31,2002,5TBRT38152S3,5,T,B,R,T,3,8,1,5,2,S,3,0,0,0,Not Applicable,Not Applicable,0,0,0,1,0,0,0,0,0,0,0,75,0,1,3,12,6,2,1,0,0,0,1,4,85648,6,1,0,0,3,0,70,175,0,3,0,0,0,1,2012,4,2014,9,99,99,99,99,2,2,75,1,1,2,1,0,0,1,12,1,1,4,6,,,,1,1,,,,,,,,,,,,,,,,,,,,,,,,,2014
2014040141,4,40141,1,1,2,12,4,18,45,35,0,1,0,4,1,22,16,22016,2,2002,1G2JB12F9274,1,G,2,J,B,1,2,F,9,2,7,4,0,0,0,Not Applicable,Not Applicable,0,0,0,1,0,0,0,0,0,0,0,80,0,1,5,99,6,2,1,0,0,0,1,4,85641,6,1,0,0,3,0,65,125,0,0,0,0,0,0,0,0,0,3,0,0,0,0,1,2,35,1,1,2,1,0,0,1,6,99,3,4,2,,,,1,0,,,,,,,,,,,,,,,,,,,,,,,,,2014
2014040142,4,40142,1,1,1,15,4,16,11,38,0,1,0,4,1,20,481,20481,31,1998,1GCEC19R1WR1,1,G,C,E,C,1,9,R,1,W,R,1,0,0,0,Not Applicable,Not Applicable,0,0,0,1,0,0,0,0,0,0,0,998,0,1,6,12,6,2,1,0,0,0,1,4,86329,6,1,0,0,3,3,66,180,0,0,0,0,0,0,0,0,0,0,0,0,0,0,1,2,65,1,6,2,1,0,0,1,13,1,1,4,1,,,,1,0,,,,,,,,,,,,,,,,,,,,,,,,,2014
2014040143,4,40143,1,2,1,15,4,16,45,12,6,1,0,4,1,12,17,12017,4,2007,1FAFP56UX7A2,1,F,A,F,P,5,6,U,X,7,A,2,0,0,0,Not Applicable,Not Applicable,0,0,0,1,0,0,0,0,0,0,0,998,0,0,0,62,6,2,12,0,0,0,1,4,85924,6,1,0,0,3,3,65,160,0,0,0,0,0,0,0,0,0,0,38,0,0,0,8,8,98,1,1,8,1,20,3,11,15,1,1,1,82,,,,0,0,,,,,,,,,,,,,,,,,,,,,,,,,2014
2014040143,4,40143,2,2,1,15,4,16,45,12,6,1,0,94,3,73,705,73705,80,2000,JKAEJEA14YA0,J,K,A,E,J,E,A,1,4,Y,A,0,0,0,0,Not Applicable,Not Applicable,0,0,0,1,0,0,0,0,0,0,0,998,0,0,0,12,6,2,12,0,0,0,1,94,10022,9,9,99,0,9,9,68,180,99,99,99,99,99,99,9999,99,9999,0,0,0,0,0,1,4,65,1,1,2,1,0,0,1,67,1,1,1,83,,,,1,0,,,,,,,,,,,,,,,,,,,,,,,,,2014
2014040144,4,40144,1,2,2,15,4,21,21,12,6,1,1,4,2,9,38,9038,4,1998,1P3EJ46X0WN3,1,P,3,E,J,4,6,X,0,W,N,3,0,0,0,Not Applicable,Not Applicable,0,0,0,1,0,0,0,0,0,0,0,35,0,0,0,12,6,2,12,0,0,0,1,4,85706,6,1,0,0,3,0,68,150,0,0,0,0,0,0,0,0,0,0,39,91,0,0,2,4,35,1,1,8,1,2,3,1,17,99,1,1,88,,,,0,1,,,,,,,,,,,,,,,,,,,,,,,,,2014
2014040144,4,40144,2,2,1,15,4,21,21,12,6,1,0,4,2,49,40,49040,4,1997,JT2BG22K8V00,J,T,2,B,G,2,2,K,8,V,0,0,0,0,0,Not Applicable,Not Applicable,0,0,0,1,0,0,0,0,0,0,0,40,0,0,0,9,6,2,12,0,0,0,1,4,85711,6,1,0,0,3,0,69,175,0,0,0,0,0,0,0,0,0,0,0,0,0,0,2,4,40,1,1,8,1,2,3,1,66,99,1,1,89,,,,1,0,,,,,,,,,,,,,,,,,,,,,,,,,2014
2014040145,4,40145,1,1,2,20,4,99,99,1,0,1,0,4,1,2,499,2499,19,1969,8705F1756461,8,7,0,5,F,1,7,5,6,4,6,1,0,0,0,Not Applicable,Not Applicable,0,0,0,1,0,0,0,0,0,0,0,10,0,1,9,0,6,2,1,0,0,0,1,4,85335,6,1,0,0,3,0,70,220,0,1,1,0,0,10,2012,10,2012,9,99,99,99,99,1,2,0,2,6,8,1,0,0,14,12,99,9,4,10,,,,2,1,,,,,,,,,,,,,,,,,,,,,,,,,2014
2014040146,4,40146,1,2,1,20,4,15,30,12,2,1,0,6,2,72,706,72706,80,2003,1HD1BWB323Y0,1,H,D,1,B,W,B,3,2,3,Y,0,0,0,0,Not Applicable,Not Applicable,0,0,0,1,0,0,0,0,0,0,0,55,0,0,0,12,6,2,12,0,0,0,1,6,90254,6,1,0,0,3,0,72,134,0,0,0,0,0,0,0,0,0,4,28,0,0,0,1,2,65,1,6,2,1,0,0,1,10,1,1,2,50,,,,1,0,,,,,,,,,,,,,,,,,,,,,,,,,2014
2014040146,4,40146,2,2,2,20,4,15,30,12,2,1,0,6,1,20,431,20431,16,2002,3GNFK16T52G2,3,G,N,F,K,1,6,T,5,2,G,2,0,0,0,Not Applicable,Not Applicable,0,0,0,1,0,0,0,0,0,0,0,65,0,0,0,12,6,2,12,0,0,0,1,6,92880,6,1,0,0,3,0,65,210,0,0,0,0,0,0,0,0,0,0,0,0,0,0,1,2,65,1,5,2,1,0,0,1,62,7,1,3,51,,,,0,0,,,,,,,,,,,,,,,,,,,,,,,,,2014
2014040147,4,40147,1,1,5,21,4,16,26,8,0,1,0,49,2,20,25,20025,4,2013,1G1PC5SB3D71,1,G,1,P,C,5,S,B,3,D,7,1,0,0,0,Not Applicable,Not Applicable,0,0,0,1,0,0,0,0,0,0,0,5,0,0,0,12,2,3,8,0,0,0,1,49,84088,6,1,0,0,3,3,66,150,98,0,0,1,0,9,2013,9,2013,0,38,0,0,0,1,2,25,1,6,8,1,20,3,11,80,1,1,1,13,,,,0,0,,,,,,,,,,,,,,,,,,,,,,,,,2014
2014040148,4,40148,1,3,1,23,4,15,18,12,1,1,0,4,1,37,31,37031,4,2001,2HGES16521H5,2,H,G,E,S,1,6,5,2,1,H,5,0,0,0,Not Applicable,Not Applicable,0,0,0,1,0,0,0,0,0,0,0,998,2,0,0,12,6,2,12,0,0,0,1,4,85015,1,1,0,0,2,0,62,115,0,0,0,1,0,2,2014,2,2014,4,0,0,0,0,3,5,65,1,1,2,1,0,0,2,50,3,2,1,20,,,,1,1,,,,,,,,,,,,,,,,,,,,,,,,,2014