accident_id,STATE,ST_CASE,VEH_NO,VE_FORMS,NUMOCCS,DAY,MONTH,HOUR,MINUTE,HARM_EV,MAN_COLL,UNITTYPE,HIT_RUN,REG_STAT,OWNER,MAKE,MODEL,MAK_MOD,BODY_TYP,MOD_YEAR,VIN,VIN_1,VIN_2,VIN_3,VIN_4,VIN_5,VIN_6,VIN_7,VIN_8,VIN_9,VIN_10,VIN_11,VIN_12,TOW_VEH,J_KNIFE,MCARR_I1,MCARR_I2,MCARR_ID,GVWR,V_CONFIG,CARGO_BT,HAZ_INV,HAZ_PLAC,HAZ_ID,HAZ_CNO,HAZ_REL,BUS_USE,SPEC_USE,EMER_USE,TRAV_SP,UNDERIDE,ROLLOVER,ROLINLOC,IMPACT1,DEFORMED,TOWED,M_HARM,VEH_SC1,VEH_SC2,FIRE_EXP,DR_PRES,L_STATE,DR_ZIP,L_STATUS,L_TYPE,CDL_STAT,L_ENDORS,L_COMPL,L_RESTRI,DR_HGT,DR_WGT,PREV_ACC,PREV_SUS,PREV_DWI,PREV_SPD,PREV_OTH,FIRST_MO,FIRST_YR,LAST_MO,LAST_YR,SPEEDREL,DR_SF1,DR_SF2,DR_SF3,DR_SF4,VTRAFWAY,VNUM_LAN,VSPD_LIM,VALIGN,VPROFILE,VPAVETYP,VSURCOND,VTRAFCON,VTCONT_F,P_CRASH1,P_CRASH2,P_CRASH3,PCRASH4,PCRASH5,ACC_TYPE,TRLR1VIN,TRLR2VIN,TRLR3VIN,DEATHS,DR_DRINK,VINTYPE,VINMAKE,VINA_MOD,VIN_BT,VINMODYR,VIN_LNGT,VIN_WGT,WGTCD_TR,WHLBS_LG,WHLBS_SH,SER_TR,FUELCODE,MCYCL_DS,CARBUR,CYLINDER,DISPLACE,MCYCL_CY,MCYCL_WT,TIRE_SZE,TON_RAT,TRK_WT,TRKWTVAR,VIN_REST,WHLDRWHL,Year
2014040182,4,40182,1,2,2,22,3,10,18,12,6,1,0,4,1,37,31,37031,4,2002,1HGES16502L0,1,H,G,E,S,1,6,5,0,2,L,0,0,0,0,Not Applicable,Not Applicable,0,0,0,1,0,0,0,0,0,0,0,20,0,0,0,62,6,2,12,32,0,0,1,4,85704,6,1,0,0,3,3,68,170,0,0,0,0,0,0,0,0,0,0,48,0,0,0,1,2,45,1,1,8,1,0,0,11,15,99,1,1,82,,,,1,0,,,,,,,,,,,,,,,,,,,,,,,,,2014
2014040182,4,40182,2,2,2,22,3,10,18,12,6,1,0,4,1,55,36,55036,4,2011,KMHCN4AC2BU5,K,M,H,C,N,4,A,C,2,B,U,5,0,0,0,Not Applicable,Not Applicable,0,0,0,1,0,0,0,0,0,0,0,45,0,0,0,12,6,2,12,0,0,0,1,4,85756,6,1,0,0,3,0,68,170,0,0,0,0,0,0,0,0,0,0,0,0,0,0,2,3,45,1,1,8,1,0,0,1,67,6,1,3,83,,,,0,0,,,,,,,,,,,,,,,,,,,,,,,,,2014
2014040183,4,40183,1,3,3,22,2,18,8,12,6,1,0,4,1,20,481,20481,31,2000,2GCEC19T8Y12,2,G,C,E,C,1,9,T,8,Y,1,2,0,0,0,Not Applicable,Not Applicable,0,0,0,1,0,0,0,0,0,0,0,10,0,0,0,12,6,2,12,0,0,0,1,95,0,9,9,99,0,9,9,999,999,99,99,99,99,99,99,9999,99,9999,0,38,91,0,0,8,8,35,1,1,8,1,3,3,11,15,1,1,1,68,,,,0,0,,,,,,,,,,,,,,,,,,,,,,,,,2014
2014040183,4,40183,2,3,1,22,2,18,8,12,6,1,0,4,1,72,706,72706,80,2007,1HD1GV4177K3,1,H,D,1,G,V,4,1,7,7,K,3,0,0,0,Not Applicable,Not Applicable,0,0,0,1,0,0,0,0,0,0,0,15,0,0,0,62,6,2,12,0,0,0,1,4,85326,6,1,0,0,3,0,70,180,0,0,0,0,0,0,0,0,0,0,0,0,0,0,8,8,35,1,1,8,1,3,3,1,62,99,9,3,69,,,,1,1,,,,,,,,,,,,,,,,,,,,,,,,,2014
2014040183,4,40183,3,3,3,22,2,18,8,12,6,1,0,4,2,20,401,20401,14,2002,1GNDT13S1221,1,G,N,D,T,1,3,S,1,2,2,1,0,0,0,Not Applicable,Not Applicable,0,0,0,1,0,0,0,0,0,0,0,0,0,0,0,12,9,5,54,0,0,0,1,4,85131,6,1,0,0,3,0,56,105,0,0,0,0,0,0,0,0,0,0,0,0,0,0,8,8,35,1,1,8,1,3,3,5,78,1,1,1,98,,,,0,0,,,,,,,,,,,,,,,,,,,,,,,,,2014
2014040184,4,40184,1,1,2,19,3,2,12,1,0,1,0,40,2,34,35,34035,4,2003,WBADT534X3CE,W,B,A,D,T,5,3,4,X,3,C,E,0,0,0,Not Applicable,Not Applicable,0,0,0,1,0,0,0,0,0,0,0,998,0,1,5,0,6,2,1,0,0,0,1,40,73072,6,1,0,0,3,3,75,189,0,0,0,0,0,0,0,0,0,4,0,0,0,0,1,2,15,2,5,2,1,40,3,14,6,7,3,4,7,,,,1,0,,,,,,,,,,,,,,,,,,,,,,,,,2014
2014040185,4,40185,1,2,1,19,3,16,4,1,0,1,0,48,1,37,706,37706,80,1991,JH2SC2602MM1,J,H,2,S,C,2,6,0,2,M,M,1,0,0,0,Not Applicable,Not Applicable,0,0,0,1,0,0,0,0,0,0,0,998,0,0,0,0,6,2,54,0,0,0,1,48,77541,6,1,0,0,3,3,72,180,0,0,0,0,0,0,0,0,0,4,84,0,0,0,3,6,65,1,1,2,1,0,0,2,52,3,9,1,98,,,,1,0,,,,,,,,,,,,,,,,,,,,,,,,,2014
2014040185,4,40185,2,2,1,19,3,16,4,1,0,1,0,4,1,49,442,49442,20,2011,5TDYK3DC1BS0,5,T,D,Y,K,3,D,C,1,B,S,0,0,0,0,Not Applicable,Not Applicable,0,0,0,1,0,0,0,0,0,0,0,5,0,0,0,6,2,5,54,0,0,0,1,4,85296,6,1,0,0,3,3,64,125,0,0,0,0,0,0,0,0,0,0,85,0,0,0,3,6,65,1,1,2,1,0,0,2,53,2,1,1,98,,,,0,0,,,,,,,,,,,,,,,,,,,,,,,,,2014
2014040186,4,40186,1,1,2,1,4,23,40,33,0,1,0,4,2,12,17,12017,4,2004,1FAFP53U54G1,1,F,A,F,P,5,3,U,5,4,G,1,0,0,0,Not Applicable,Not Applicable,0,0,0,1,0,0,0,0,0,0,0,30,0,0,0,12,6,2,33,0,0,0,1,4,85201,1,1,0,0,2,0,67,200,0,4,0,0,0,6,2011,12,2011,9,99,99,99,99,8,8,40,1,1,8,1,0,0,1,8,1,7,4,2,,,,1,0,,,,,,,,,,,,,,,,,,,,,,,,,2014
2014040187,4,40187,1,1,1,3,4,8,47,42,0,1,0,4,1,41,52,41052,6,2006,JM1CR29L3601,J,M,1,C,R,2,9,L,3,6,0,1,0,0,0,Not Applicable,Not Applicable,0,0,0,1,0,0,0,0,0,0,0,70,0,0,0,12,6,2,2,0,0,1,1,4,85202,6,1,0,0,3,0,71,130,0,0,0,1,0,2,2014,2,2014,4,0,0,0,0,2,6,45,1,1,2,1,0,0,1,12,99,1,4,6,,,,1,0,,,,,,,,,,,,,,,,,,,,,,,,,2014
2014040188,4,40188,1,1,1,4,4,18,7,34,0,1,0,4,2,77,706,77706,80,2012,5VPDW36N1C30,5,V,P,D,W,3,6,N,1,C,3,0,0,0,0,Not Applicable,Not Applicable,0,0,0,1,0,0,0,0,0,0,0,60,0,0,0,12,6,2,34,0,0,0,1,4,85204,6,1,0,0,3,0,75,222,0,0,0,0,0,0,0,0,0,4,0,0,0,0,8,8,35,3,5,8,1,0,0,14,13,99,1,4,1,,,,1,1,,,,,,,,,,,,,,,,,,,,,,,,,2014
2014040189,4,40189,1,1,1,8,4,20,55,8,0,1,0,4,1,34,42,34042,1,2004,4USBT33584LS,4,U,S,B,T,3,3,5,8,4,L,S,0,0,0,Not Applicable,Not Applicable,0,0,0,1,0,0,0,0,0,0,0,40,0,0,0,12,6,2,8,0,0,0,1,4,85009,6,1,0,0,3,0,65,140,0,0,0,1,3,9,2011,10,2013,0,89,0,0,0,4,3,55,1,1,2,1,0,0,1,80,1,1,1,13,,,,0,0,,,,,,,,,,,,,,,,,,,,,,,,,2014
2014040190,4,40190,1,2,1,9,4,19,54,12,2,1,0,4,2,37,31,37031,2,1997,1HGEJ7126VL1,1,H,G,E,J,7,1,2,6,V,L,1,0,0,0,Not Applicable,Not Applicable,0,0,0,1,0,0,0,0,0,0,0,20,0,0,0,12,6,2,12,0,0,0,1,4,85281,6,1,0,0,3,0,72,130,0,0,0,0,0,0,0,0,0,0,38,0,0,0,1,7,40,1,1,8,1,3,3,11,15,99,1,1,68,,,,0,0,,,,,,,,,,,,,,,,,,,,,,,,,2014
2014040190,4,40190,2,2,2,9,4,19,54,12,2,1,0,4,2,98,703,98703,80,2012,L8YTCKPM0CMC,L,8,Y,T,C,K,P,M,0,C,M,C,0,0,0,Not Applicable,Not Applicable,0,0,0,1,0,0,0,0,0,0,0,32,0,0,0,12,6,2,12,0,0,0,1,4,85281,1,1,0,0,2,0,71,160,0,0,0,0,0,0,0,0,0,0,0,0,0,0,1,7,40,1,1,8,1,3,3,1,62,99,1,1,69,,,,1,1,,,,,,,,,,,,,,,,,,,,,,,,,2014
2014040191,4,40191,1,1,1,11,4,23,49,8,0,1,0,4,1,49,32,49032,4,2012,JTDBU4EE4C91,J,T,D,B,U,4,E,E,4,C,9,1,0,0,0,Not Applicable,Not Applicable,0,0,0,1,0,0,0,0,0,0,0,35,0,0,0,12,6,2,8,0,0,0,1,4,85250,6,1,0,0,3,0,75,210,0,2,0,0,1,7,2011,7,2011,0,0,0,0,0,5,5,35,1,1,8,1,0,0,1,80,99,1,1,13,,,,0,0,,,,,,,,,,,,,,,,,,,,,,,,,2014
2014040192,4,40192,1,2,5,13,4,0,12,12,2,1,0,4,1,20,2,20002,4,2005,2G1WH52K4592,2,G,1,W,H,5,2,K,4,5,9,2,0,0,0,Not Applicable,Not Applicable,0,0,0,1,0,0,0,0,0,0,0,86,0,0,0,12,6,2,12,0,0,0,1,4,85122,6,1,0,0,3,0,71,270,0,0,0,0,0,0,0,0,0,4,91,28,80,0,1,2,50,1,1,2,1,0,0,1,9,6,3,6,50,,,,1,0,,,,,,,,,,,,,,,,,,,,,,,,,2014
2014040192,4,40192,2,2,1,13,4,0,12,12,2,1,0,4,1,20,481,20481,31,2004,1GCHC29U74E3,1,G,C,H,C,2,9,U,7,4,E,3,0,0,0,Not Applicable,Not Applicable,0,0,0,1,0,0,0,0,0,0,0,60,0,0,0,12,6,2,12,0,0,0,1,4,85138,6,1,0,0,3,0,72,170,0,0,0,0,0,0,0,0,0,0,89,0,0,0,1,2,50,1,1,2,1,0,0,1,63,6,1,1,51,,,,0,0,,,,,,,,,,,,,,,,,,,,,,,,,2014
2014040193,4,40193,1,2,1,20,4,14,15,12,6,1,0,4,1,98,709,98709,81,2013,SNHEB13H0700,S,N,H,E,B,1,3,H,0,7,0,0,0,0,0,Not Applicable,Not Applicable,0,0,0,1,0,0,0,0,0,0,0,10,0,0,0,9,6,2,12,0,0,0,1,4,85205,0,0,0,0,0,0,80,230,0,0,0,0,0,0,0,0,0,0,38,48,0,0,5,5,45,1,1,8,1,0,0,15,15,99,1,1,47,,,,1,0,,,,,,,,,,,,,,,,,,,,,,,,,2014
2014040193,4,40193,2,2,1,20,4,14,15,12,6,1,0,4,1,20,2,20002,4,1987,1G1BU51H8H91,1,G,1,B,U,5,1,H,8,H,9,1,0,0,0,Not Applicable,Not Applicable,0,0,0,1,0,0,0,0,0,0,0,40,0,0,0,12,4,5,12,0,0,0,1,4,85205,6,1,0,0,3,0,71,300,0,0,0,0,0,0,0,0,0,0,0,0,0,0,5,5,45,1,1,8,1,0,0,1,61,99,1,1,45,,,,0,0,,,,,,,,,,,,,,,,,,,,,,,,,2014
2014040195,4,40195,1,2,2,26,4,6,36,12,7,1,1,4,2,35,47,35047,4,2011,1N4AL2AP6BC1,1,N,4,A,L,2,A,P,6,B,C,1,0,0,0,Not Applicable,Not Applicable,0,0,0,1,0,0,0,0,0,0,0,998,0,0,0,63,2,5,12,0,0,0,1,4,85340,6,1,0,0,3,0,74,220,1,0,0,1,0,7,2012,7,2012,9,0,0,0,0,2,2,75,1,1,2,1,0,0,99,60,1,1,1,45,,,,0,0,,,,,,,,,,,,,,,,,,,,,,,,,2014
2014040195,4,40195,2,2,1,26,4,6,36,12,7,1,0,4,1,49,401,49401,14,2000,JT3HN86R5Y03,J,T,3,H,N,8,6,R,5,Y,0,3,0,0,0,Not Applicable,Not Applicable,0,0,0,1,0,0,0,0,0,0,0,999,0,1,3,82,6,2,1,0,0,0,1,4,85022,6,1,0,0,3,0,68,190,0,0,0,0,0,0,0,0,0,9,29,0,0,0,2,2,75,1,1,2,1,0,0,6,11,1,1,6,46,,,,1,0,,,,,,,,,,,,,,,,,,,,,,,,,2014
2014040196,4,40196,1,1,5,26,4,22,58,1,0,1,0,4,1,23,401,23401,14,1999,1GKDT13W4X29,1,G,K,D,T,1,3,W,4,X,2,9,0,0,0,Not Applicable,Not Applicable,0,0,0,1,0,0,0,0,0,0,0,39,0,1,1,0,6,2,1,0,0,0,1,4,86314,6,1,0,0,3,0,65,143,0,2,0,1,1,8,2011,3,2014,4,48,0,0,0,1,5,25,1,6,2,1,0,0,11,6,99,1,9,98,,,,1,0,,,,,,,,,,,,,,,,,,,,,,,,,2014
2014040197,4,40197,1,2,1,28,4,14,42,12,1,1,0,4,3,51,884,51884,66,2013,4V4NC9EG0DN1,4,V,4,N,C,9,E,G,0,D,N,1,1,1,57,00044645,5700044645,3,6,1,1,0,0,0,0,0,0,0,65,7,0,0,12,6,2,12,0,0,0,1,4,85353,6,1,6,0,3,3,71,220,0,0,0,0,0,0,0,0,0,0,0,0,0,0,2,2,65,1,1,2,1,0,0,1,51,1,1,1,24,,,,0,0,,,,,,,,,,,,,,,,,,,,,,,,,2014
2014040197,4,40197,2,2,1,28,4,14,42,12,1,1,0,4,1,18,3,18003,4,1999,1G4CW52K1X46,1,G,4,C,W,5,2,K,1,X,4,6,0,0,0,Not Applicable,Not Applicable,0,0,0,1,0,0,0,0,0,0,0,998,0,0,0,6,6,2,12,0,0,0,1,4,85390,6,1,0,0,3,0,70,270,0,0,0,0,0,0,0,0,0,0,99,99,99,99,2,2,65,1,1,2,1,0,0,99,53,99,9,9,25,,,,1,0,,,,,,,,,,,,,,,,,,,,,,,,,2014
2014040199,4,40199,1,2,1,9,3,21,32,12,2,1,0,99,9,99,999,99999,99,9999,Unknown,9,9,9,9,9,9,9,9,9,9,9,9,0,0,0,Not Applicable,Not Applicable,0,0,0,1,0,0,0,0,0,0,0,999,0,0,0,12,9,9,12,0,0,0,1,4,86504,6,1,0,0,3,0,68,159,0,0,0,0,0,0,0,0,0,9,28,0,0,0,9,9,99,9,9,8,99,99,9,99,10,99,9,9,50,,,,1,0,,,,,,,,,,,,,,,,,,,,,,,,,2014
2014040199,4,40199,2,2,1,9,3,21,32,12,2,1,9,99,9,99,999,99999,99,9999,Unknown,9,9,9,9,9,9,9,9,9,9,9,9,0,0,0,Not Applicable,Not Applicable,0,0,0,1,0,0,0,0,0,0,0,999,0,0,0,12,9,9,12,0,0,0,1,99,99999,9,9,99,9,9,9,999,999,99,99,99,99,99,99,9999,99,9999,9,99,99,99,99,9,9,99,9,9,8,99,99,9,99,62,99,9,9,51,,,,0,0,,,,,,,,,,,,,,,,,,,,,,,,,2014
2014040200,4,40200,1,1,1,29,3,20,25,1,0,1,0,99,9,99,739,99739,90,9999,Unknown,9,9,9,9,9,9,9,9,9,9,9,9,0,0,0,Not Applicable,Not Applicable,0,0,0,1,0,0,0,0,0,0,0,999,0,9,9,0,9,9,1,0,0,0,1,4,86054,6,1,0,0,3,0,74,189,0,0,0,0,0,0,0,0,0,9,99,99,99,99,9,9,99,9,9,5,99,99,9,99,99,99,9,9,99,,,,1,0,,,,,,,,,,,,,,,,,,,,,,,,,2014
2014040201,4,40201,1,2,2,28,4,12,52,12,2,1,0,4,1,20,481,20481,31,2006,1GCGC13U96F2,1,G,C,G,C,1,3,U,9,6,F,2,0,0,0,Not Applicable,Not Applicable,0,0,0,1,0,0,0,0,0,0,0,5,0,0,0,12,4,5,12,0,0,0,1,4,85053,6,1,0,0,3,0,72,220,0,2,0,1,2,7,2011,6,2013,0,38,91,0,0,2,5,45,1,1,8,1,2,3,11,15,1,1,1,68,,,,0,0,,,,,,,,,,,,,,,,,,,,,,,,,2014
2014040201,4,40201,2,2,2,28,4,12,52,12,2,1,0,4,1,72,706,72706,80,2008,1HD1CT3448K4,1,H,D,1,C,T,3,4,4,8,K,4,0,0,0,Not Applicable,Not Applicable,0,0,0,1,0,0,0,0,0,0,0,45,0,0,0,12,6,2,12,0,0,0,1,4,85027,6,1,0,0,3,3,68,140,0,0,0,0,0,0,0,0,0,0,0,0,0,0,2,5,45,1,1,8,1,2,3,1,62,99,1,1,69,,,,1,0,,,,,,,,,,,,,,,,,,,,,,,,,2014
2014040202,4,40202,1,1,5,3,4,6,6,1,0,1,0,4,2,63,402,63402,14,2006,KNDJC7332655,K,N,D,J,C,7,3,3,2,6,5,5,0,0,0,Not Applicable,Not Applicable,0,0,0,1,0,0,0,0,0,0,0,998,0,1,5,0,6,2,1,0,0,0,1,4,85937,0,0,0,0,0,0,60,140,0,0,0,0,0,0,0,0,0,5,58,83,0,0,1,2,98,1,4,5,99,0,0,99,87,99,9,4,2,,,,2,0,,,,,,,,,,,,,,,,,,,,,,,,,2014
2014040203,4,40203,1,1,2,4,4,22,0,3,0,1,0,4,1,20,481,20481,31,2012,1GCNCPEX2CZ3,1,G,C,N,C,P,E,X,2,C,Z,3,0,0,0,Not Applicable,Not Applicable,0,0,0,1,0,0,0,0,0,0,0,30,0,0,0,0,6,2,3,0,0,0,1,4,85369,6,1,0,0,3,0,69,170,0,0,0,0,0,0,0,0,0,4,89,0,0,0,1,2,65,1,1,4,1,0,0,1,6,3,2,4,0,,,,1,1,,,,,,,,,,,,,,,,,,,,,,,,,2014
2014040204,4,40204,1,1,2,9,4,12,23,8,0,1,0,4,1,49,403,49403,14,2007,JTEDD21A0701,J,T,E,D,D,2,1,A,0,7,0,1,0,0,0,Not Applicable,Not Applicable,0,0,0,1,0,0,0,0,0,0,0,24,0,0,0,12,6,8,8,0,0,0,1,4,85032,6,1,0,0,3,3,64,130,0,0,0,0,0,0,0,0,0,0,38,91,0,0,5,6,35,1,1,8,1,0,0,1,80,1,1,1,13,,,,0,0,,,,,,,,,,,,,,,,,,,,,,,,,2014
2014040205,4,40205,1,1,2,9,4,20,0,99,99,1,9,99,9,99,999,99999,99,9999,Unknown,9,9,9,9,9,9,9,9,9,9,9,9,0,0,0,Not Applicable,Not Applicable,0,0,0,1,0,0,0,0,0,0,0,999,0,0,0,99,9,9,99,0,0,0,1,99,99999,9,9,99,9,9,9,999,999,99,99,99,99,99,99,9999,99,9999,9,99,99,99,99,9,9,99,9,9,2,99,99,9,99,99,99,9,9,99,,,,1,0,,,,,,,,,,,,,,,,,,,,,,,,,2014
2014040206,4,40206,1,1,2,10,4,17,0,99,99,1,9,99,9,99,999,99999,99,9999,Unknown,9,9,9,9,9,9,9,9,9,9,9,9,0,0,0,Not Applicable,Not Applicable,0,0,0,1,0,0,0,0,0,0,0,999,0,0,0,99,9,9,99,0,0,0,1,99,99999,9,9,99,9,9,9,999,999,99,99,99,99,99,99,9999,99,9999,9,99,99,99,99,9,9,99,9,9,8,99,99,9,99,99,99,9,9,99,,,,1,0,,,,,,,,,,,,,,,,,,,,,,,,,2014
2014040207,4,40207,1,2,1,11,4,17,35,12,6,1,0,22,1,55,33,55033,4,2003,KMHWF25S33A8,K,M,H,W,F,2,5,S,3,3,A,8,0,0,0,Not Applicable,Not Applicable,0,0,0,1,0,0,0,0,0,0,0,20,0,0,0,1,6,2,12,0,0,0,1,22,71108,6,1,0,0,3,0,62,155,0,0,0,0,0,0,0,0,0,0,38,0,0,0,1,6,40,1,1,8,1,3,3,11,15,99,1,1,68,,,,1,0,,,,,,,,,,,,,,,,,,,,,,,,,2014
2014040207,4,40207,2,2,1,11,4,17,35,12,6,1,0,4,1,21,23,21023,4,1998,1G3WH52KXWF4,1,G,3,W,H,5,2,K,X,W,F,4,0,0,0,Not Applicable,Not Applicable,0,0,0,1,0,0,0,0,0,0,0,45,0,0,0,12,6,2,12,0,0,0,1,4,85392,6,1,0,0,3,0,65,140,0,0,0,0,0,0,0,0,0,0,0,0,0,0,2,5,40,1,1,8,1,3,3,1,62,9,2,3,69,,,,0,0,,,,,,,,,,,,,,,,,,,,,,,,,2014
2014040208,4,40208,1,1,1,11,4,21,43,8,0,1,1,99,9,99,999,99999,99,9999,Unknown,9,9,9,9,9,9,9,9,9,9,9,9,0,0,0,Not Applicable,Not Applicable,0,0,0,1,0,0,0,0,0,0,0,31,0,0,0,12,9,5,8,0,0,0,1,99,99999,9,9,99,9,9,9,999,999,99,99,99,99,99,99,9999,99,9999,9,99,99,99,99,5,5,35,1,1,2,1,0,0,99,80,99,9,9,13,,,,0,0,,,,,,,,,,,,,,,,,,,,,,,,,2014
2014040209,4,40209,1,1,1,11,4,21,47,8,0,1,0,4,1,49,472,49472,30,2002,5TEVL52N52Z0,5,T,E,V,L,5,2,N,5,2,Z,0,0,0,0,Not Applicable,Not Applicable,0,0,0,1,0,0,0,0,0,0,0,37,0,0,0,12,2,5,8,0,0,0,1,4,85009,6,1,0,0,3,0,59,120,0,0,0,2,0,4,2012,10,2013,0,0,0,0,0,5,6,40,1,1,8,1,0,0,1,80,99,1,1,13,,,,0,0,,,,,,,,,,,,,,,,,,,,,,,,,2014
2014040210,4,40210,1,1,1,12,4,18,43,33,0,1,0,4,1,98,706,98706,80,2000,4MZRS11JXY30,4,M,Z,R,S,1,1,J,X,Y,3,0,0,0,0,Not Applicable,Not Applicable,0,0,0,1,0,0,0,0,0,0,0,47,0,0,0,12,6,2,33,0,0,0,1,4,85324,6,1,0,0,3,3,75,200,0,0,0,1,0,5,2013,5,2013,0,0,0,0,0,2,2,35,3,1,2,1,0,0,14,13,1,1,4,1,,,,1,1,,,,,,,,,,,,,,,,,,,,,,,,,2014
2014040211,4,40211,1,2,4,13,4,10,40,12,6,1,0,4,1,53,34,53034,4,2006,KL5JD56Z56K4,K,L,5,J,D,5,6,Z,5,6,K,4,0,0,0,Not Applicable,Not Applicable,0,0,0,1,0,0,0,0,0,0,0,40,0,0,0,12,6,2,12,0,0,0,1,4,85301,6,1,0,0,3,0,72,143,0,0,0,0,0,0,0,0,0,0,39,91,0,0,4,3,55,1,1,8,1,3,3,1,17,99,1,1,86,,,,1,0,,,,,,,,,,,,,,,,,,,,,,,,,2014
2014040211,4,40211,2,2,41,13,4,10,40,12,6,1,0,4,3,51,988,51988,51,2007,3CER8G128751,3,C,E,R,8,G,1,2,8,7,5,1,0,0,57,0121519,570121519,3,21,22,1,0,0,0,0,4,3,0,30,0,0,0,81,4,5,12,0,0,0,1,4,85031,6,1,6,1,3,3,68,202,0,2,0,0,0,10,2012,10,2012,0,0,0,0,0,2,4,35,1,1,8,1,3,3,1,66,99,1,1,87,,,,0,0,,,,,,,,,,,,,,,,,,,,,,,,,2014
2014040213,4,40213,1,1,2,14,4,8,50,33,0,1,0,4,2,23,481,23481,31,1992,1GTDC14Z2NE5,1,G,T,D,C,1,4,Z,2,N,E,5,0,0,0,Not Applicable,Not Applicable,0,0,0,1,0,0,0,0,0,0,0,56,0,1,5,61,6,2,1,0,0,0,1,4,85207,6,1,0,0,3,0,70,220,0,6,0,0,0,3,2013,3,2013,4,0,0,0,0,2,3,50,1,1,2,1,0,0,1,6,7,3,4,2,,,,1,0,,,,,,,,,,,,,,,,,,,,,,,,,2014
2014040214,4,40214,1,2,1,14,4,14,9,12,2,1,0,4,1,35,43,35043,4,2002,3N1AB51AX2L7,3,N,1,A,B,5,1,A,X,2,L,7,0,0,0,Not Applicable,Not Applicable,0,0,0,1,0,0,0,0,0,0,0,69,1,0,0,12,6,2,12,0,0,0,1,4,85042,6,1,0,0,3,3,72,250,0,0,0,0,0,0,0,0,0,2,28,0,0,0,5,6,40,1,1,2,1,0,0,1,6,99,9,2,50,,,,1,0,,,,,,,,,,,,,,,,,,,,,,,,,2014
2014040214,4,40214,2,2,2,14,4,14,9,12,2,1,0,4,2,12,481,12481,31,1999,1FTNW21F4XEB,1,F,T,N,W,2,1,F,4,X,E,B,0,0,0,Not Applicable,Not Applicable,0,0,0,1,0,0,0,0,0,0,0,48,0,0,0,12,6,2,12,35,0,0,1,4,85018,6,1,0,0,3,0,70,185,0,0,0,0,0,0,0,0,0,0,0,0,0,0,5,6,40,1,1,2,1,0,0,1,62,99,1,1,51,,,,0,0,,,,,,,,,,,,,,,,,,,,,,,,,2014
2014040215,4,40215,1,1,1,15,4,2,45,42,0,1,0,4,1,64,33,64033,4,2002,KLAVB69222B3,K,L,A,V,B,6,9,2,2,2,B,3,0,0,0,Not Applicable,Not Applicable,0,0,0,1,0,0,0,0,0,0,0,67,0,1,5,99,6,2,42,0,0,0,1,4,85323,6,1,0,0,3,3,64,110,0,0,0,0,0,0,0,0,0,4,0,0,0,0,5,5,45,1,1,8,1,0,0,1,6,99,5,4,7,,,,1,0,,,,,,,,,,,,,,,,,,,,,,,,,2014
2014040216,4,40216,1,1,1,16,4,17,19,33,0,1,0,12,1,76,705,76705,80,2012,JYARJ16EXCA0,J,Y,A,R,J,1,6,E,X,C,A,0,0,0,0,Not Applicable,Not Applicable,0,0,0,1,0,0,0,0,0,0,0,50,0,0,0,12,6,2,42,0,0,0,1,12,32256,6,1,0,0,3,3,77,200,0,0,0,0,0,0,0,0,0,9,0,0,0,0,2,3,45,2,1,8,1,0,0,14,12,99,1,4,6,,,,1,0,,,,,,,,,,,,,,,,,,,,,,,,,2014
2014040217,4,40217,1,1,1,18,4,19,45,8,0,1,0,4,2,6,54,6054,6,2006,2A4GM68406R7,2,A,4,G,M,6,8,4,0,6,R,7,0,0,0,Not Applicable,Not Applicable,0,0,0,1,0,0,0,0,0,0,0,42,0,0,0,12,2,3,8,0,0,0,1,4,85007,0,0,0,0,0,0,72,220,0,0,0,0,0,0,0,0,0,0,0,0,0,0,5,5,35,1,1,2,1,0,0,1,80,99,9,1,13,,,,0,1,,,,,,,,,,,,,,,,,,,,,,,,,2014
2014040219,4,40219,1,1,1,22,4,19,26,8,0,1,0,4,2,37,31,37031,4,1999,1HGCG5655XA0,1,H,G,C,G,5,6,5,5,X,A,0,0,0,0,Not Applicable,Not Applicable,0,0,0,1,0,0,0,0,0,0,0,45,0,0,0,82,2,5,8,0,0,0,1,4,85020,6,1,0,0,3,0,71,270,0,0,0,0,0,0,0,0,0,0,0,0,0,0,1,4,40,1,1,8,1,0,0,1,80,6,1,1,13,,,,0,0,,,,,,,,,,,,,,,,,,,,,,,,,2014
2014040220,4,40220,1,1,1,24,4,0,37,33,0,1,0,4,2,14,401,14401,14,1999,4M2ZU55PXXUJ,4,M,2,Z,U,5,5,P,X,X,U,J,0,0,0,Not Applicable,Not Applicable,0,0,0,1,0,0,0,0,0,0,0,64,0,1,1,99,6,2,1,0,0,0,1,4,85205,6,1,0,0,3,0,67,170,0,0,0,0,0,0,0,0,0,4,80,0,0,0,2,3,50,1,6,8,1,0,0,1,1,99,3,4,2,,,,1,1,,,,,,,,,,,,,,,,,,,,,,,,,2014
2014040221,4,40221,1,1,2,26,4,23,13,8,0,1,1,99,9,99,999,99999,99,9999,Unknown,9,9,9,9,9,9,9,9,9,9,9,9,0,0,0,Not Applicable,Not Applicable,0,0,0,1,0,0,0,0,0,0,0,998,0,0,0,12,2,5,8,0,0,0,1,99,99999,9,9,99,0,9,9,999,999,99,99,99,99,99,99,9999,99,9999,9,38,0,0,0,5,5,40,1,1,2,1,0,0,1,80,3,2,1,13,,,,0,0,,,,,,,,,,,,,,,,,,,,,,,,,2014
2014040222,4,40222,1,1,2,27,4,6,53,1,0,1,0,4,2,7,402,7402,14,2003,1D4HR38N33F5,1,D,4,H,R,3,8,N,3,3,F,5,0,0,0,Not Applicable,Not Applicable,0,0,0,1,0,0,0,0,0,0,0,998,0,1,5,0,6,2,1,0,0,0,1,99,99999,9,9,99,0,9,9,999,999,99,99,99,99,99,99,9999,99,9999,4,58,0,0,0,1,2,55,1,1,2,1,0,0,1,6,7,5,4,2,,,,1,0,,,,,,,,,,,,,,,,,,,,,,,,,2014