accident_id,STATE,ST_CASE,VEH_NO,VE_FORMS,NUMOCCS,DAY,MONTH,HOUR,MINUTE,HARM_EV,MAN_COLL,UNITTYPE,HIT_RUN,REG_STAT,OWNER,MAKE,MODEL,MAK_MOD,BODY_TYP,MOD_YEAR,VIN,VIN_1,VIN_2,VIN_3,VIN_4,VIN_5,VIN_6,VIN_7,VIN_8,VIN_9,VIN_10,VIN_11,VIN_12,TOW_VEH,J_KNIFE,MCARR_I1,MCARR_I2,MCARR_ID,GVWR,V_CONFIG,CARGO_BT,HAZ_INV,HAZ_PLAC,HAZ_ID,HAZ_CNO,HAZ_REL,BUS_USE,SPEC_USE,EMER_USE,TRAV_SP,UNDERIDE,ROLLOVER,ROLINLOC,IMPACT1,DEFORMED,TOWED,M_HARM,VEH_SC1,VEH_SC2,FIRE_EXP,DR_PRES,L_STATE,DR_ZIP,L_STATUS,L_TYPE,CDL_STAT,L_ENDORS,L_COMPL,L_RESTRI,DR_HGT,DR_WGT,PREV_ACC,PREV_SUS,PREV_DWI,PREV_SPD,PREV_OTH,FIRST_MO,FIRST_YR,LAST_MO,LAST_YR,SPEEDREL,DR_SF1,DR_SF2,DR_SF3,DR_SF4,VTRAFWAY,VNUM_LAN,VSPD_LIM,VALIGN,VPROFILE,VPAVETYP,VSURCOND,VTRAFCON,VTCONT_F,P_CRASH1,P_CRASH2,P_CRASH3,PCRASH4,PCRASH5,ACC_TYPE,TRLR1VIN,TRLR2VIN,TRLR3VIN,DEATHS,DR_DRINK,VINTYPE,VINMAKE,VINA_MOD,VIN_BT,VINMODYR,VIN_LNGT,VIN_WGT,WGTCD_TR,WHLBS_LG,WHLBS_SH,SER_TR,FUELCODE,MCYCL_DS,CARBUR,CYLINDER,DISPLACE,MCYCL_CY,MCYCL_WT,TIRE_SZE,TON_RAT,TRK_WT,TRKWTVAR,VIN_REST,WHLDRWHL,Year
2014040259,4,40259,1,2,1,25,5,5,51,12,6,1,0,4,1,2,404,2404,14,1999,1J4GW58SXXC5,1,J,4,G,W,5,8,S,X,X,C,5,0,0,0,Not Applicable,Not Applicable,0,0,0,1,0,0,0,0,0,0,0,998,0,0,0,12,6,2,12,0,0,0,1,4,85365,6,1,0,0,3,0,71,170,0,1,0,0,0,5,2013,5,2013,4,39,91,0,0,1,3,45,1,1,2,1,3,3,1,17,99,1,1,86,,,,0,0,,,,,,,,,,,,,,,,,,,,,,,,,2014
2014040259,4,40259,2,2,2,25,5,5,51,12,6,1,0,4,2,67,31,67031,6,2012,JTLZE4FE6CJ0,J,T,L,Z,E,4,F,E,6,C,J,0,0,0,0,Not Applicable,Not Applicable,0,0,0,1,0,0,0,0,0,0,0,998,0,0,0,81,6,2,12,0,0,0,1,4,85349,6,1,0,0,3,0,72,156,0,0,0,0,0,0,0,0,0,0,0,0,0,0,1,5,65,1,1,2,1,3,3,1,66,99,1,1,87,,,,2,0,,,,,,,,,,,,,,,,,,,,,,,,,2014
2014040260,4,40260,1,1,5,25,5,6,54,1,0,1,0,4,2,20,481,20481,31,2003,1GCEK19V13E2,1,G,C,E,K,1,9,V,1,3,E,2,0,0,0,Not Applicable,Not Applicable,0,0,0,1,0,0,0,0,0,0,0,998,0,1,1,0,6,2,1,0,0,0,1,4,85634,0,0,0,0,0,0,999,999,0,0,0,0,0,0,0,0,0,4,58,0,0,0,1,2,35,1,1,8,1,0,0,1,6,6,4,6,98,,,,1,1,,,,,,,,,,,,,,,,,,,,,,,,,2014
2014040261,4,40261,1,2,1,25,5,15,45,12,2,1,0,4,1,7,41,7041,4,2004,2B3HD56M84H6,2,B,3,H,D,5,6,M,8,4,H,6,0,0,0,Not Applicable,Not Applicable,0,0,0,1,0,0,0,0,0,0,0,65,0,0,0,12,6,2,12,0,0,1,1,4,85901,6,1,0,0,3,3,62,108,0,0,0,0,0,0,0,0,0,0,28,0,0,0,1,2,65,1,1,2,1,40,3,1,10,99,1,2,50,,,,1,1,,,,,,,,,,,,,,,,,,,,,,,,,2014
2014040261,4,40261,2,2,1,25,5,15,45,12,2,1,0,18,3,87,881,87881,66,2011,1XP7D49X2BD1,1,X,P,7,D,4,9,X,2,B,D,1,1,1,57,428823,57428823,3,6,1,1,0,0,0,0,0,0,0,65,0,0,0,12,6,2,12,0,0,0,1,4,86305,6,1,6,0,3,3,67,230,0,0,0,1,0,9,2013,9,2013,0,0,0,0,0,1,2,65,1,1,2,1,40,3,1,62,8,1,3,51,,,,0,0,,,,,,,,,,,,,,,,,,,,,,,,,2014
2014040262,4,40262,1,1,2,27,5,4,9,25,0,1,0,4,2,20,471,20471,30,2003,1GCDT19X8381,1,G,C,D,T,1,9,X,8,3,8,1,0,0,0,Not Applicable,Not Applicable,0,0,0,1,0,0,0,0,0,0,0,998,0,0,0,62,6,2,25,0,0,0,1,4,85086,6,1,0,0,3,0,73,165,0,0,0,0,0,0,0,0,0,9,58,0,0,0,3,4,65,1,1,2,1,0,0,1,13,6,9,4,7,,,,1,1,,,,,,,,,,,,,,,,,,,,,,,,,2014
2014040263,4,40263,1,1,2,28,5,7,41,1,0,1,0,94,3,7,482,7482,31,2009,3D7KS28TX9G5,3,D,7,K,S,2,8,T,X,9,G,5,0,0,0,Not Applicable,Not Applicable,0,0,0,1,0,0,0,0,0,0,0,83,0,1,5,0,6,2,1,0,0,0,1,4,85641,6,1,0,0,3,3,68,155,0,0,0,0,0,0,0,0,0,4,80,16,0,0,2,2,75,1,1,2,1,0,0,1,1,7,3,4,2,,,,1,0,,,,,,,,,,,,,,,,,,,,,,,,,2014
2014040264,4,40264,1,1,1,28,5,23,5,18,0,1,0,4,1,12,23,12023,4,2010,3FAHP0JG6AR1,3,F,A,H,P,0,J,G,6,A,R,1,0,0,0,Not Applicable,Not Applicable,0,0,0,1,0,0,0,0,0,0,0,45,0,0,0,12,6,2,30,0,0,0,1,4,85365,6,1,0,0,3,0,61,105,0,0,0,0,0,0,0,0,0,4,0,0,0,0,1,2,25,1,1,8,1,98,3,1,10,99,1,2,12,,,,1,1,,,,,,,,,,,,,,,,,,,,,,,,,2014
2014040265,4,40265,1,2,1,29,5,4,10,12,8,1,0,19,3,84,884,84884,66,2010,3HSCUAPR5AN2,3,H,S,C,U,A,P,R,5,A,N,2,1,1,57,0013469,570013469,3,6,1,1,0,0,0,0,0,0,0,65,0,0,0,62,6,2,12,0,0,0,1,4,86406,6,1,6,0,3,3,72,230,0,2,0,0,1,4,2013,4,2014,0,28,0,0,0,1,2,65,3,5,2,1,40,3,14,10,99,1,2,64,,,,1,0,,,,,,,,,,,,,,,,,,,,,,,,,2014
2014040265,4,40265,2,2,1,29,5,4,10,12,8,1,0,47,3,82,884,82884,66,2005,1FUJA6CG05LV,1,F,U,J,A,6,C,G,0,5,L,V,2,1,57,0006339,570006339,3,7,1,2,2,8888,1,1,0,0,0,55,0,0,0,62,6,2,12,0,0,0,1,4,85710,6,1,6,1,3,0,74,178,0,0,0,1,2,6,2011,2,2014,0,0,0,0,0,1,2,65,2,6,2,1,9,3,14,62,9,1,1,65,,,,0,0,,,,,,,,,,,,,,,,,,,,,,,,,2014
2014040266,4,40266,1,1,1,30,5,0,43,14,0,1,0,4,1,12,422,12422,15,1998,1FMPU18L1WLA,1,F,M,P,U,1,8,L,1,W,L,A,0,0,0,Not Applicable,Not Applicable,0,0,0,1,0,0,0,0,0,0,0,998,0,1,1,12,6,2,14,0,0,0,1,4,85323,2,1,0,0,2,0,65,190,0,2,1,0,0,3,2012,10,2012,4,0,0,0,0,3,5,65,1,1,2,1,0,0,6,13,99,1,4,1,,,,0,1,,,,,,,,,,,,,,,,,,,,,,,,,2014
2014040267,4,40267,1,1,1,3,5,16,20,1,0,1,0,4,1,72,706,72706,80,1998,1HD4CAM35WY2,1,H,D,4,C,A,M,3,5,W,Y,2,0,0,0,Not Applicable,Not Applicable,0,0,0,1,0,0,0,0,0,0,0,75,0,0,0,0,6,2,1,0,0,0,1,4,85354,6,1,0,0,3,0,71,246,0,0,0,0,0,0,0,0,0,9,29,34,0,0,2,2,75,1,1,2,1,0,0,6,12,1,1,4,6,,,,1,1,,,,,,,,,,,,,,,,,,,,,,,,,2014
2014040268,4,40268,1,1,2,16,5,9,45,1,0,1,0,4,1,72,706,72706,80,2006,1HD1FLW126Y6,1,H,D,1,F,L,W,1,2,6,Y,6,0,0,0,Not Applicable,Not Applicable,0,0,0,1,0,0,0,0,0,0,0,75,0,0,0,0,6,2,1,0,0,0,1,4,85210,6,1,0,0,3,0,73,220,0,0,0,0,0,0,0,0,0,0,80,0,0,0,2,2,75,1,6,2,1,0,0,1,1,7,9,4,2,,,,1,0,,,,,,,,,,,,,,,,,,,,,,,,,2014
2014040269,4,40269,1,1,4,17,5,23,45,35,0,1,0,49,1,2,403,2403,14,2000,1J4FA59S0YP7,1,J,4,F,A,5,9,S,0,Y,P,7,0,0,0,Not Applicable,Not Applicable,0,0,0,1,0,0,0,0,0,0,0,30,0,1,5,62,6,2,1,0,0,0,1,49,84738,6,1,0,0,3,0,74,170,98,0,0,0,0,0,0,0,0,4,0,0,0,0,1,2,0,3,6,5,1,0,0,14,6,1,9,4,7,,,,1,0,,,,,,,,,,,,,,,,,,,,,,,,,2014
2014040270,4,40270,1,2,2,18,5,1,48,12,2,1,0,4,1,12,481,12481,31,2013,1FTFW1ET6DKD,1,F,T,F,W,1,E,T,6,D,K,D,0,0,0,Not Applicable,Not Applicable,0,0,0,1,0,0,0,0,0,0,0,998,0,1,1,12,6,2,12,0,0,0,1,4,85249,6,1,0,0,3,0,63,240,0,0,0,0,0,0,0,0,0,4,51,91,0,0,3,3,65,3,1,2,1,98,3,14,54,99,1,3,52,,,,0,1,,,,,,,,,,,,,,,,,,,,,,,,,2014
2014040270,4,40270,2,2,2,18,5,1,48,12,2,1,0,4,1,49,32,49032,4,2010,JTDBU4EE6AJ0,J,T,D,B,U,4,E,E,6,A,J,0,0,0,0,Not Applicable,Not Applicable,0,0,0,1,0,0,0,0,0,0,0,998,0,0,0,12,6,2,12,0,0,0,1,4,85209,6,1,0,0,3,0,70,180,1,2,1,0,0,6,2012,3,2013,0,89,0,0,0,3,3,65,2,1,2,1,0,0,14,54,99,1,3,52,,,,2,1,,,,,,,,,,,,,,,,,,,,,,,,,2014
2014040271,4,40271,1,1,1,30,5,9,33,31,0,1,0,4,1,14,6,14006,4,2006,2MEHM75V26X6,2,M,E,H,M,7,5,V,2,6,X,6,0,0,0,Not Applicable,Not Applicable,0,0,0,1,0,0,0,0,0,0,0,30,0,0,0,12,6,2,31,32,0,0,1,4,86426,6,1,0,0,3,3,66,175,0,0,0,0,0,0,0,0,0,0,0,0,0,0,5,5,45,1,1,8,1,0,0,1,9,99,9,4,2,,,,1,0,,,,,,,,,,,,,,,,,,,,,,,,,2014
2014040272,4,40272,1,1,1,31,5,10,33,1,0,1,0,4,1,76,706,76706,80,2008,JYAVP28E08A0,J,Y,A,V,P,2,8,E,0,8,A,0,0,0,0,Not Applicable,Not Applicable,0,0,0,1,0,0,0,0,0,0,0,998,0,0,0,0,6,2,1,0,0,0,1,4,86047,6,1,0,0,3,0,71,200,0,0,0,1,0,12,2013,12,2013,9,99,99,99,99,1,2,35,3,5,2,1,0,0,14,9,99,9,4,2,,,,1,0,,,,,,,,,,,,,,,,,,,,,,,,,2014
2014040273,4,40273,1,2,2,28,5,16,48,12,6,1,0,4,2,2,405,2405,14,2002,1J4GL58K72W3,1,J,4,G,L,5,8,K,7,2,W,3,0,0,0,Not Applicable,Not Applicable,0,0,0,1,0,0,0,0,0,0,0,998,0,0,0,12,6,2,12,0,0,0,1,4,85207,6,1,0,0,3,0,65,160,0,0,0,0,0,0,0,0,0,0,89,28,0,0,5,5,45,1,1,2,1,0,0,1,10,1,1,2,64,,,,1,0,,,,,,,,,,,,,,,,,,,,,,,,,2014
2014040273,4,40273,2,2,3,28,5,16,48,12,6,1,0,40,4,23,870,23870,61,2012,1GD374CA2C19,1,G,D,3,7,4,C,A,2,C,1,9,0,0,88,None,None,2,1,1,1,0,0,0,0,0,0,0,40,0,0,0,62,6,2,12,0,0,0,1,27,55313,6,1,0,0,3,3,62,145,0,0,0,1,0,8,2013,8,2013,0,0,0,0,0,5,5,45,1,1,2,1,0,0,1,62,7,1,3,65,,,,0,0,,,,,,,,,,,,,,,,,,,,,,,,,2014
2014040274,4,40274,1,1,1,10,5,19,36,8,0,1,0,6,2,37,31,37031,4,2013,19XFB2F87DE2,1,9,X,F,B,2,F,8,7,D,E,2,0,0,0,Not Applicable,Not Applicable,0,0,0,1,0,0,0,0,0,0,0,40,0,0,0,12,6,2,8,0,0,0,1,4,86326,6,1,0,0,3,3,75,280,0,0,0,1,0,4,2014,4,2014,0,0,0,0,0,5,5,40,1,1,8,1,0,0,1,80,1,1,1,13,,,,0,0,,,,,,,,,,,,,,,,,,,,,,,,,2014
2014040275,4,40275,1,2,1,16,5,21,28,12,6,1,0,4,2,18,7,18007,4,2001,2G4WS52J0111,2,G,4,W,S,5,2,J,0,1,1,1,0,0,0,Not Applicable,Not Applicable,0,0,0,1,0,0,0,0,0,0,0,998,0,0,0,83,6,2,12,0,0,0,1,4,85381,6,1,0,0,3,0,66,135,0,0,0,0,0,0,0,0,0,0,91,38,0,0,5,6,40,1,1,2,1,0,0,11,15,1,1,1,68,,,,0,0,,,,,,,,,,,,,,,,,,,,,,,,,2014
2014040275,4,40275,2,2,2,16,5,21,28,12,6,1,0,4,1,2,402,2402,14,1981,1JCBM87A9BT0,1,J,C,B,M,8,7,A,9,B,T,0,0,0,0,Not Applicable,Not Applicable,0,0,0,1,0,0,0,0,0,0,0,998,0,1,1,12,6,2,1,0,0,0,1,4,85032,6,1,0,0,3,0,68,160,0,0,0,1,1,5,2011,6,2011,0,0,0,0,0,5,6,40,1,1,2,1,0,0,1,62,98,1,3,69,,,,1,0,,,,,,,,,,,,,,,,,,,,,,,,,2014
2014040276,4,40276,1,1,1,18,5,5,42,34,0,1,0,4,1,20,481,20481,31,1996,1GCEK19R5TE2,1,G,C,E,K,1,9,R,5,T,E,2,0,0,0,Not Applicable,Not Applicable,0,0,0,1,0,0,0,0,0,0,0,998,0,1,5,12,6,2,1,0,0,0,1,4,85122,6,1,0,0,3,0,63,135,0,1,0,1,0,10,2013,12,2013,0,0,0,0,0,1,2,25,1,1,5,1,0,0,1,9,7,3,4,2,,,,1,1,,,,,,,,,,,,,,,,,,,,,,,,,2014
2014040277,4,40277,1,2,1,2,6,11,55,12,2,1,0,94,3,7,442,7442,20,2014,2C4RDGBG5ER3,2,C,4,R,D,G,B,G,5,E,R,3,0,0,0,Not Applicable,Not Applicable,0,0,0,1,0,0,0,0,0,0,0,998,0,0,0,12,6,2,12,0,0,0,1,4,85550,6,1,0,0,3,3,66,254,0,0,0,0,0,0,0,0,0,0,28,0,0,0,1,2,98,1,1,2,1,0,0,1,10,99,1,2,50,,,,1,0,,,,,,,,,,,,,,,,,,,,,,,,,2014
2014040277,4,40277,2,2,2,2,6,11,55,12,2,1,0,4,2,23,481,23481,31,2011,1GTR1VE09BZ1,1,G,T,R,1,V,E,0,9,B,Z,1,0,0,0,Not Applicable,Not Applicable,0,0,0,1,0,0,0,0,0,0,0,998,0,0,0,12,6,2,12,0,0,0,1,4,85542,6,1,0,0,3,0,64,147,0,0,0,0,0,0,0,0,0,0,0,0,0,0,1,2,98,1,1,2,1,0,0,1,62,1,1,1,51,,,,0,0,,,,,,,,,,,,,,,,,,,,,,,,,2014
2014040278,4,40278,1,2,2,3,6,8,57,12,2,1,0,54,1,2,404,2404,14,2012,1C4RJFAG8CC2,1,C,4,R,J,F,A,G,8,C,C,2,0,0,0,Not Applicable,Not Applicable,0,0,0,1,0,0,0,0,0,0,0,998,0,0,0,12,6,2,12,0,0,0,1,54,26253,6,1,0,0,3,1,63,165,0,0,0,0,0,0,0,0,0,0,51,0,0,0,1,2,55,1,5,2,1,40,3,1,54,1,1,1,52,,,,0,0,,,,,,,,,,,,,,,,,,,,,,,,,2014
2014040278,4,40278,2,2,2,3,6,8,57,12,2,1,0,27,1,20,481,20481,31,2001,1GCEK14V91E1,1,G,C,E,K,1,4,V,9,1,E,1,0,0,0,Not Applicable,Not Applicable,0,0,0,1,0,0,0,0,0,0,0,998,0,0,0,12,6,2,12,0,0,0,1,4,85255,6,1,0,0,3,0,69,200,0,0,0,0,0,0,0,0,0,0,0,0,0,0,1,2,55,1,6,2,1,0,0,1,54,7,1,1,52,,,,1,0,,,,,,,,,,,,,,,,,,,,,,,,,2014
2014040279,4,40279,1,1,2,5,6,5,15,1,0,1,0,92,0,9,20,9020,4,1995,1P3ES67C0SD1,1,P,3,E,S,6,7,C,0,S,D,1,0,0,0,Not Applicable,Not Applicable,0,0,0,1,0,0,0,0,0,0,0,998,0,1,5,0,6,2,1,0,0,0,1,99,99999,9,9,99,0,9,9,999,999,99,99,99,99,99,99,9999,99,9999,3,0,0,0,0,1,2,55,1,1,2,1,0,0,1,6,7,3,4,2,,,,2,0,,,,,,,,,,,,,,,,,,,,,,,,,2014
2014040280,4,40280,1,3,1,5,6,14,9,12,6,1,0,4,3,7,472,7472,30,1998,1B7FL26X4WS7,1,B,7,F,L,2,6,X,4,W,S,7,0,0,0,Not Applicable,Not Applicable,0,0,0,1,0,0,0,0,0,0,0,998,0,0,0,12,6,2,12,0,0,0,1,4,85756,6,1,0,0,3,0,69,120,0,0,0,1,0,7,2013,7,2013,0,39,0,0,0,2,4,45,1,1,8,1,3,3,1,17,1,1,1,86,,,,0,0,,,,,,,,,,,,,,,,,,,,,,,,,2014
2014040280,4,40280,2,3,1,5,6,14,9,12,6,1,0,4,1,72,706,72706,80,2002,1HD1FBW122Y6,1,H,D,1,F,B,W,1,2,2,Y,6,0,0,0,Not Applicable,Not Applicable,0,0,0,1,0,0,0,0,0,0,0,998,0,0,0,81,6,2,12,0,0,0,1,4,85739,6,1,0,0,3,0,73,185,0,0,0,0,0,0,0,0,0,0,0,0,0,0,1,4,45,1,1,8,1,3,3,1,66,99,1,1,87,,,,1,1,,,,,,,,,,,,,,,,,,,,,,,,,2014
2014040280,4,40280,3,3,1,5,6,14,9,12,6,1,0,4,2,12,471,12471,30,2008,1FTZR15EX8PB,1,F,T,Z,R,1,5,E,X,8,P,B,0,0,0,Not Applicable,Not Applicable,0,0,0,1,0,0,0,0,0,0,0,998,0,0,0,63,4,5,12,0,0,0,1,4,85742,6,1,0,0,3,0,65,140,0,0,0,0,0,0,0,0,0,0,0,0,0,0,2,3,45,1,1,8,1,3,3,3,62,1,1,1,98,,,,0,0,,,,,,,,,,,,,,,,,,,,,,,,,2014
2014040281,4,40281,1,1,1,6,6,12,0,8,0,1,0,4,3,7,472,7472,30,1998,1B7GL22Y5WS5,1,B,7,G,L,2,2,Y,5,W,S,5,0,0,0,Not Applicable,Not Applicable,0,0,0,1,0,0,0,0,0,0,0,38,0,0,0,12,2,5,8,0,0,0,1,4,86409,6,1,0,0,3,0,71,200,0,0,0,0,0,0,0,0,0,0,0,0,0,0,5,5,35,1,1,8,1,0,0,1,80,3,1,1,13,,,,0,0,,,,,,,,,,,,,,,,,,,,,,,,,2014
2014040282,4,40282,1,2,1,6,6,21,14,12,6,1,0,4,1,20,32,20032,4,1997,1Y1SK5260VZ4,1,Y,1,S,K,5,2,6,0,V,Z,4,0,0,0,Not Applicable,Not Applicable,0,0,0,1,0,0,0,0,0,0,0,10,0,0,0,9,6,2,12,0,0,0,1,4,85282,6,1,0,0,3,3,64,196,0,0,0,0,0,0,0,0,0,0,39,0,0,0,1,5,45,1,1,8,1,3,3,3,17,99,1,1,89,,,,1,0,,,,,,,,,,,,,,,,,,,,,,,,,2014
2014040282,4,40282,2,2,2,6,6,21,14,12,6,1,0,4,2,20,431,20431,16,1997,3GNFK16RXVG1,3,G,N,F,K,1,6,R,X,V,G,1,0,0,0,Not Applicable,Not Applicable,0,0,0,1,0,0,0,0,0,0,0,40,0,0,0,12,6,2,12,0,0,0,1,4,85040,6,1,0,0,3,0,73,190,0,0,0,0,0,0,0,0,0,0,0,0,0,0,1,7,45,1,1,8,1,3,3,1,66,99,1,1,88,,,,0,0,,,,,,,,,,,,,,,,,,,,,,,,,2014
2014040283,4,40283,1,1,2,8,6,2,57,41,0,1,0,6,1,20,443,20443,20,2002,1GNDX03E52D2,1,G,N,D,X,0,3,E,5,2,D,2,0,0,0,Not Applicable,Not Applicable,0,0,0,1,0,0,0,0,0,0,0,65,0,1,3,99,6,2,1,0,0,0,1,6,92530,6,1,0,0,3,0,61,129,0,0,0,0,0,0,0,0,0,4,0,0,0,0,3,3,65,1,1,2,1,0,0,1,12,99,1,4,6,,,,1,0,,,,,,,,,,,,,,,,,,,,,,,,,2014
2014040284,4,40284,1,4,1,9,6,5,13,12,1,1,0,4,1,49,404,49404,14,2014,JTEBU4BF8EK1,J,T,E,B,U,4,B,F,8,E,K,1,0,0,0,Not Applicable,Not Applicable,0,0,0,1,0,0,0,0,0,0,0,90,0,1,1,12,6,2,12,0,0,0,1,4,85205,6,1,0,0,3,0,65,138,0,1,0,4,1,7,2011,12,2013,3,0,0,0,0,1,6,45,1,1,8,1,3,3,1,50,99,1,1,20,,,,0,0,,,,,,,,,,,,,,,,,,,,,,,,,2014
2014040284,4,40284,2,4,2,9,6,5,13,12,1,1,0,4,1,20,37,20037,4,2005,1G1ZT54835F1,1,G,1,Z,T,5,4,8,3,5,F,1,0,0,0,Not Applicable,Not Applicable,0,0,0,1,0,0,0,0,0,0,0,0,0,1,1,6,6,2,12,0,0,0,1,4,85210,6,1,0,0,3,0,62,154,0,0,0,1,0,5,2014,5,2014,0,0,0,0,0,1,6,45,1,1,8,1,3,3,5,53,99,1,1,21,,,,2,0,,,,,,,,,,,,,,,,,,,,,,,,,2014
2014040284,4,40284,3,4,1,9,6,5,13,12,1,1,0,4,1,55,401,55401,14,2003,KM8SC13D33U3,K,M,8,S,C,1,3,D,3,3,U,3,0,0,0,Not Applicable,Not Applicable,0,0,0,1,0,0,0,0,0,0,0,0,0,1,1,6,6,2,12,0,0,0,1,4,85205,6,1,0,0,3,0,67,190,0,0,0,0,0,0,0,0,0,0,0,0,0,0,1,6,45,1,1,8,1,3,3,5,50,99,1,1,98,,,,0,0,,,,,,,,,,,,,,,,,,,,,,,,,2014
2014040284,4,40284,4,4,1,9,6,5,13,12,1,1,0,4,2,12,481,12481,31,1998,1FTZX17W3WNC,1,F,T,Z,X,1,7,W,3,W,N,C,0,0,0,Not Applicable,Not Applicable,0,0,0,1,0,0,0,0,0,0,0,0,0,0,0,61,6,2,12,0,0,0,1,4,85205,6,1,0,0,3,0,62,115,0,0,0,0,0,0,0,0,0,0,0,0,0,0,1,6,45,1,1,8,1,3,3,5,60,99,1,1,98,,,,0,0,,,,,,,,,,,,,,,,,,,,,,,,,2014
2014040285,4,40285,1,1,1,9,6,22,14,33,0,1,0,4,1,22,22,22022,2,2006,1G2ZM1516642,1,G,2,Z,M,1,5,1,6,6,4,2,0,0,0,Not Applicable,Not Applicable,0,0,0,1,0,0,0,0,0,0,0,998,0,0,0,82,4,3,43,0,0,0,1,4,85122,6,1,0,0,3,3,62,170,0,0,0,0,0,0,0,0,0,4,0,0,0,0,8,8,45,3,1,8,1,0,0,14,6,99,9,4,2,,,,1,1,,,,,,,,,,,,,,,,,,,,,,,,,2014
2014040286,4,40286,1,1,1,10,6,5,39,25,0,1,0,4,1,9,442,9442,20,1990,2P4FH4533LR7,2,P,4,F,H,4,5,3,3,L,R,7,0,0,0,Not Applicable,Not Applicable,0,0,0,1,0,0,0,0,0,0,0,45,0,0,0,12,6,2,25,0,0,0,1,4,85022,6,1,0,0,3,3,63,160,0,0,0,1,1,5,2014,5,2014,0,0,0,0,0,3,4,65,1,1,2,1,0,0,1,9,6,9,4,7,,,,1,0,,,,,,,,,,,,,,,,,,,,,,,,,2014
2014040287,4,40287,1,1,2,11,6,4,45,1,0,1,0,4,2,32,42,32042,4,2002,WAULT64B22N0,W,A,U,L,T,6,4,B,2,2,N,0,0,0,0,Not Applicable,Not Applicable,0,0,0,1,0,0,0,0,0,0,0,70,0,1,5,0,6,2,1,32,0,0,1,8,80461,6,2,0,0,3,3,71,130,0,0,0,0,0,0,0,0,0,4,39,0,0,0,1,2,45,3,1,2,1,20,3,14,6,3,2,4,2,,,,1,1,,,,,,,,,,,,,,,,,,,,,,,,,2014
2014040288,4,40288,1,1,1,12,6,5,46,9,0,1,0,4,3,51,881,51881,66,2005,4V4NC9GH05N4,4,V,4,N,C,9,G,H,0,5,N,4,1,1,99,Unknown,Unknown,3,6,98,1,0,0,0,0,0,0,0,5,0,0,0,12,2,5,9,0,0,0,1,4,85053,6,1,6,0,3,0,65,162,0,0,0,0,0,0,0,0,0,0,0,0,0,0,1,4,45,1,1,8,1,3,3,11,83,99,1,1,13,,,,0,0,,,,,,,,,,,,,,,,,,,,,,,,,2014
2014040289,4,40289,1,1,1,15,6,23,27,24,0,1,0,4,2,24,1,24001,4,1999,1G8ZH5285XZ1,1,G,8,Z,H,5,2,8,5,X,Z,1,0,0,0,Not Applicable,Not Applicable,0,0,0,1,0,0,0,0,0,0,0,998,0,1,3,12,6,2,1,0,0,0,1,4,85201,0,0,0,0,0,0,999,999,0,0,0,0,1,5,2014,5,2014,4,0,0,0,0,3,4,65,2,1,2,1,0,0,14,9,99,9,4,7,,,,1,1,,,,,,,,,,,,,,,,,,,,,,,,,2014
2014040290,4,40290,1,1,1,16,6,5,8,50,0,1,0,4,2,55,33,55033,4,1999,KMHWF35V7XA1,K,M,H,W,F,3,5,V,7,X,A,1,0,0,0,Not Applicable,Not Applicable,0,0,0,1,0,0,0,0,0,0,0,998,0,0,0,12,6,2,50,0,0,1,1,4,85207,6,1,0,0,3,0,74,175,0,0,0,0,0,0,0,0,0,0,99,99,99,99,3,3,65,3,1,2,1,0,0,14,13,1,1,4,1,,,,1,0,,,,,,,,,,,,,,,,,,,,,,,,,2014
2014040291,4,40291,1,1,1,16,6,23,20,35,0,1,0,4,1,12,481,12481,31,2004,1FTSF31P34EA,1,F,T,S,F,3,1,P,3,4,E,A,0,0,0,Not Applicable,Not Applicable,0,0,0,1,0,0,0,0,0,0,0,998,0,1,5,12,6,2,1,35,0,0,1,4,86441,6,1,0,0,3,0,72,250,0,1,0,2,2,12,2012,4,2013,4,0,0,0,0,1,2,45,2,1,5,1,0,0,14,12,99,1,4,6,,,,1,1,,,,,,,,,,,,,,,,,,,,,,,,,2014
2014040292,4,40292,1,1,1,18,6,5,53,9,0,1,0,4,1,32,43,32043,4,2001,WAUDH68D41A0,W,A,U,D,H,6,8,D,4,1,A,0,0,0,0,Not Applicable,Not Applicable,0,0,0,1,0,0,0,0,0,0,0,47,0,0,0,12,6,2,9,0,0,0,1,4,85710,6,1,0,0,3,0,68,170,0,2,0,1,0,5,2013,6,2013,9,91,39,0,0,2,2,35,1,1,8,1,0,0,1,84,99,1,2,13,,,,0,0,,,,,,,,,,,,,,,,,,,,,,,,,2014
2014040293,4,40293,1,1,1,20,6,20,58,35,0,1,0,4,1,12,401,12401,14,1998,1FMZU34E5WZA,1,F,M,Z,U,3,4,E,5,W,Z,A,0,0,0,Not Applicable,Not Applicable,0,0,0,1,0,0,0,0,0,0,0,75,0,1,5,12,6,2,1,0,0,0,1,4,86333,6,1,0,0,3,0,72,210,0,0,0,0,0,0,0,0,0,4,0,0,0,0,2,2,75,3,5,2,1,0,0,14,13,99,1,4,1,,,,1,1,,,,,,,,,,,,,,,,,,,,,,,,,2014
2014040294,4,40294,1,1,1,21,6,11,51,41,0,1,0,4,3,41,45,41045,1,2013,JM1NC2PFXD02,J,M,1,N,C,2,P,F,X,D,0,2,0,0,0,Not Applicable,Not Applicable,0,0,0,1,0,0,0,0,0,0,0,998,0,0,0,62,6,2,39,0,0,0,1,4,85009,6,1,0,0,3,3,70,130,1,0,0,0,1,3,2012,3,2012,0,0,0,0,0,6,2,50,1,6,2,1,0,0,1,12,99,1,4,6,,,,1,0,,,,,,,,,,,,,,,,,,,,,,,,,2014
2014040295,4,40295,1,1,1,23,6,1,2,1,0,1,0,4,2,20,39,20039,4,2005,KL1TD52605B3,K,L,1,T,D,5,2,6,0,5,B,3,0,0,0,Not Applicable,Not Applicable,0,0,0,1,0,0,0,0,0,0,0,998,0,1,5,0,6,2,1,0,0,0,1,4,86321,6,1,0,0,3,0,66,225,0,0,0,0,0,0,0,0,0,9,99,99,99,99,1,2,45,2,1,2,1,0,0,14,9,99,3,4,2,,,,1,1,,,,,,,,,,,,,,,,,,,,,,,,,2014