accident_id,STATE,ST_CASE,VEH_NO,VE_FORMS,NUMOCCS,DAY,MONTH,HOUR,MINUTE,HARM_EV,MAN_COLL,UNITTYPE,HIT_RUN,REG_STAT,OWNER,MAKE,MODEL,MAK_MOD,BODY_TYP,MOD_YEAR,VIN,VIN_1,VIN_2,VIN_3,VIN_4,VIN_5,VIN_6,VIN_7,VIN_8,VIN_9,VIN_10,VIN_11,VIN_12,TOW_VEH,J_KNIFE,MCARR_I1,MCARR_I2,MCARR_ID,GVWR,V_CONFIG,CARGO_BT,HAZ_INV,HAZ_PLAC,HAZ_ID,HAZ_CNO,HAZ_REL,BUS_USE,SPEC_USE,EMER_USE,TRAV_SP,UNDERIDE,ROLLOVER,ROLINLOC,IMPACT1,DEFORMED,TOWED,M_HARM,VEH_SC1,VEH_SC2,FIRE_EXP,DR_PRES,L_STATE,DR_ZIP,L_STATUS,L_TYPE,CDL_STAT,L_ENDORS,L_COMPL,L_RESTRI,DR_HGT,DR_WGT,PREV_ACC,PREV_SUS,PREV_DWI,PREV_SPD,PREV_OTH,FIRST_MO,FIRST_YR,LAST_MO,LAST_YR,SPEEDREL,DR_SF1,DR_SF2,DR_SF3,DR_SF4,VTRAFWAY,VNUM_LAN,VSPD_LIM,VALIGN,VPROFILE,VPAVETYP,VSURCOND,VTRAFCON,VTCONT_F,P_CRASH1,P_CRASH2,P_CRASH3,PCRASH4,PCRASH5,ACC_TYPE,TRLR1VIN,TRLR2VIN,TRLR3VIN,DEATHS,DR_DRINK,VINTYPE,VINMAKE,VINA_MOD,VIN_BT,VINMODYR,VIN_LNGT,VIN_WGT,WGTCD_TR,WHLBS_LG,WHLBS_SH,SER_TR,FUELCODE,MCYCL_DS,CARBUR,CYLINDER,DISPLACE,MCYCL_CY,MCYCL_WT,TIRE_SZE,TON_RAT,TRK_WT,TRKWTVAR,VIN_REST,WHLDRWHL,Year
2014040296,4,40296,1,1,3,24,6,14,50,24,0,1,0,4,2,7,472,7472,31,2002,1B7HL38X02S5,1,B,7,H,L,3,8,X,0,2,S,5,0,0,0,Not Applicable,Not Applicable,0,0,0,1,0,0,0,0,0,0,0,998,0,1,6,12,6,2,1,0,0,0,1,4,85634,0,0,0,0,0,0,63,210,0,0,0,0,0,0,0,0,0,3,58,0,0,0,1,2,50,3,1,2,1,0,0,14,6,6,9,4,7,,,,1,1,,,,,,,,,,,,,,,,,,,,,,,,,2014
2014040297,4,40297,1,2,1,24,6,17,34,12,2,1,0,4,1,13,1,13001,4,2005,1LNHM81W65Y6,1,L,N,H,M,8,1,W,6,5,Y,6,0,0,0,Not Applicable,Not Applicable,0,0,0,1,0,0,0,0,0,0,0,65,0,0,0,12,6,2,12,0,0,0,1,4,85302,6,1,0,0,3,0,66,230,1,0,0,1,0,8,2013,9,2013,0,28,0,0,0,1,2,65,1,1,2,1,0,0,1,10,99,1,2,50,,,,1,0,,,,,,,,,,,,,,,,,,,,,,,,,2014
2014040297,4,40297,2,2,2,24,6,17,34,12,2,1,0,4,1,37,421,37421,15,2012,5FNYF4H48CB0,5,F,N,Y,F,4,H,4,8,C,B,0,0,0,0,Not Applicable,Not Applicable,0,0,0,1,0,0,0,0,0,0,0,65,0,0,0,12,6,2,12,0,0,0,1,4,85388,6,1,0,0,3,3,61,110,0,0,0,0,0,0,0,0,0,0,0,0,0,0,1,2,65,1,1,2,1,0,0,1,62,2,1,1,51,,,,0,0,,,,,,,,,,,,,,,,,,,,,,,,,2014
2014040298,4,40298,1,1,2,26,6,8,24,8,0,1,0,4,1,20,443,20443,20,2000,1GNDX03E2YD3,1,G,N,D,X,0,3,E,2,Y,D,3,0,0,0,Not Applicable,Not Applicable,0,0,0,1,0,0,0,0,0,0,0,30,0,0,0,12,2,5,8,32,0,0,1,4,85303,6,1,0,0,3,0,63,111,0,0,0,0,0,0,0,0,0,0,82,0,0,0,5,6,45,1,1,8,1,0,0,1,80,2,1,1,13,,,,0,0,,,,,,,,,,,,,,,,,,,,,,,,,2014
2014040299,4,40299,1,2,1,26,6,20,27,12,7,1,0,4,2,59,32,59032,4,2004,JTHBN36F8401,J,T,H,B,N,3,6,F,8,4,0,1,0,0,0,Not Applicable,Not Applicable,0,0,0,1,0,0,0,0,0,0,0,75,0,1,1,82,6,2,12,0,0,0,1,4,85629,6,1,0,0,3,0,63,100,0,0,0,2,0,10,2012,5,2013,9,99,99,99,99,2,2,75,1,1,2,1,0,0,15,11,99,1,2,46,,,,1,0,,,,,,,,,,,,,,,,,,,,,,,,,2014
2014040299,4,40299,2,2,1,26,6,20,27,12,7,1,0,4,3,82,884,82884,66,1998,1FUYSSZB2WP9,1,F,U,Y,S,S,Z,B,2,W,P,9,1,1,57,0210067,570210067,3,6,3,1,0,0,0,0,0,0,0,70,0,0,0,63,2,5,12,0,0,0,1,4,85706,6,1,6,0,3,3,66,250,0,0,0,0,0,0,0,0,0,0,0,0,0,0,2,2,75,1,1,2,1,0,0,1,60,99,1,1,45,,,,0,0,,,,,,,,,,,,,,,,,,,,,,,,,2014
2014040300,4,40300,1,2,1,27,6,7,21,1,0,1,0,4,1,20,4,20004,1,1988,1G1YY318XJ51,1,G,1,Y,Y,3,1,8,X,J,5,1,0,0,0,Not Applicable,Not Applicable,0,0,0,1,0,0,0,0,0,0,0,10,0,0,0,82,6,2,12,0,0,0,1,38,58401,6,1,0,0,3,3,67,225,0,0,0,0,0,0,0,0,0,0,38,0,0,0,1,5,45,1,1,2,1,0,0,11,15,99,1,1,98,,,,0,0,,,,,,,,,,,,,,,,,,,,,,,,,2014
2014040300,4,40300,2,2,1,27,6,7,21,1,0,1,0,4,1,73,706,73706,80,1996,JKAZXBD17TB5,J,K,A,Z,X,B,D,1,7,T,B,5,0,0,0,Not Applicable,Not Applicable,0,0,0,1,0,0,0,0,0,0,0,60,0,0,0,0,6,2,12,0,0,0,1,4,85201,6,1,0,0,3,0,74,210,0,2,0,0,0,11,2012,11,2012,4,0,0,0,0,1,5,45,1,1,2,1,0,0,1,62,98,7,9,98,,,,1,0,,,,,,,,,,,,,,,,,,,,,,,,,2014
2014040301,4,40301,1,1,3,28,6,0,17,8,0,1,0,4,1,55,35,55035,4,2002,KMHDN45DX2U3,K,M,H,D,N,4,5,D,X,2,U,3,0,0,0,Not Applicable,Not Applicable,0,0,0,1,0,0,0,0,0,0,0,40,0,0,0,12,6,2,8,0,0,0,1,4,85042,6,1,0,0,3,0,64,103,0,0,0,0,0,0,0,0,0,0,0,0,0,0,2,3,40,1,1,8,1,0,0,1,80,1,1,1,13,,,,0,1,,,,,,,,,,,,,,,,,,,,,,,,,2014
2014040302,4,40302,1,1,2,28,6,21,45,1,0,1,0,4,2,7,20,7020,4,1997,1B3ES27C9VD1,1,B,3,E,S,2,7,C,9,V,D,1,0,0,0,Not Applicable,Not Applicable,0,0,0,1,0,0,0,0,0,0,0,998,0,1,5,0,6,2,1,0,0,0,1,4,85937,6,1,0,0,3,0,64,175,0,1,1,0,0,9,2011,3,2012,4,0,0,0,0,2,2,65,1,1,2,1,0,0,1,13,99,1,4,1,,,,1,1,,,,,,,,,,,,,,,,,,,,,,,,,2014
2014040303,4,40303,1,1,1,28,6,23,25,53,0,1,0,99,9,99,739,99739,90,9999,Unknown,9,9,9,9,9,9,9,9,9,9,9,9,0,0,0,Not Applicable,Not Applicable,0,0,0,1,0,0,0,0,0,0,0,25,0,1,5,99,8,9,1,0,0,0,1,4,85743,6,1,0,0,3,0,67,120,0,0,0,0,0,0,0,0,0,4,0,0,0,0,1,2,25,1,1,8,1,0,0,1,14,99,1,4,14,,,,1,1,,,,,,,,,,,,,,,,,,,,,,,,,2014
2014040304,4,40304,1,2,1,30,6,4,58,12,1,1,0,4,1,35,47,35047,4,2005,1N4AL11D75N4,1,N,4,A,L,1,1,D,7,5,N,4,0,0,0,Not Applicable,Not Applicable,0,0,0,1,0,0,0,0,0,0,0,55,3,0,0,12,6,2,12,0,0,0,1,4,85379,6,1,0,0,3,0,69,175,0,0,0,0,0,0,0,0,0,9,99,99,99,99,6,2,65,1,1,2,1,0,0,1,50,6,1,2,42,,,,1,0,,,,,,,,,,,,,,,,,,,,,,,,,2014
2014040304,4,40304,2,2,0,30,6,4,58,12,1,1,0,4,6,51,884,51884,63,1999,4VMDCMHE7XN7,4,V,M,D,C,M,H,E,7,X,N,7,0,0,57,0018916,570018916,3,2,7,1,0,0,0,0,0,0,0,0,0,0,0,6,6,2,12,0,0,0,0,0,99997,7,6,97,7,6,7,998,997,998,998,998,998,998,98,9998,98,9998,8,54,20,0,0,6,2,65,1,1,2,1,0,0,0,98,0,0,0,42,,,,0,0,,,,,,,,,,,,,,,,,,,,,,,,,2014
2014040306,4,40306,1,2,1,30,6,20,34,12,6,1,0,4,1,53,705,53705,80,1998,JS1GR7DA3W21,J,S,1,G,R,7,D,A,3,W,2,1,0,0,0,Not Applicable,Not Applicable,0,0,0,1,0,0,0,0,0,0,0,100,0,0,0,12,6,2,12,0,0,0,1,4,85716,6,1,0,0,3,0,72,220,0,1,0,1,1,2,2013,6,2014,4,0,0,0,0,2,3,35,1,5,8,1,0,0,1,17,99,1,1,83,,,,1,0,,,,,,,,,,,,,,,,,,,,,,,,,2014
2014040306,4,40306,2,2,2,30,6,20,34,12,6,1,0,92,0,41,37,41037,4,2000,1YVGF22C2Y51,1,Y,V,G,F,2,2,C,2,Y,5,1,0,0,0,Not Applicable,Not Applicable,0,0,0,1,0,0,0,0,0,0,0,10,0,0,0,63,6,2,12,0,0,0,1,4,85712,6,1,0,0,3,0,74,165,0,0,0,0,0,0,0,0,0,0,0,0,0,0,1,2,35,1,1,8,1,0,0,11,66,1,1,1,82,,,,0,0,,,,,,,,,,,,,,,,,,,,,,,,,2014
2014040307,4,40307,1,1,1,1,5,8,17,8,0,1,0,4,1,12,3,12003,2,1998,1FAFP4042WF2,1,F,A,F,P,4,0,4,2,W,F,2,0,0,0,Not Applicable,Not Applicable,0,0,0,1,0,0,0,0,0,0,0,37,0,0,0,12,2,5,8,0,0,0,1,4,85051,6,1,0,0,3,0,60,195,0,0,0,0,0,0,0,0,0,0,0,0,0,0,5,6,40,1,1,2,1,0,0,1,80,8,1,1,13,,,,0,0,,,,,,,,,,,,,,,,,,,,,,,,,2014
2014040308,4,40308,1,1,1,1,5,18,14,8,0,1,0,4,1,12,23,12023,4,2006,3FAFP06Z96R1,3,F,A,F,P,0,6,Z,9,6,R,1,0,0,0,Not Applicable,Not Applicable,0,0,0,1,0,0,0,0,0,0,0,49,0,0,0,12,2,3,8,0,0,0,1,4,85019,6,1,0,0,3,0,66,200,0,1,0,0,0,10,2011,10,2011,0,0,0,0,0,5,6,45,1,1,2,1,0,0,1,82,7,1,3,13,,,,0,0,,,,,,,,,,,,,,,,,,,,,,,,,2014
2014040310,4,40310,1,2,1,2,5,5,0,12,6,1,0,4,1,76,705,76705,80,1995,JYA3UUC06SA0,J,Y,A,3,U,U,C,0,6,S,A,0,0,0,0,Not Applicable,Not Applicable,0,0,0,1,0,0,0,0,0,0,0,52,0,0,0,12,6,2,12,0,0,0,1,4,85119,2,1,0,0,2,0,74,280,0,8,0,4,4,1,2012,4,2014,3,24,0,0,0,1,4,40,1,1,8,1,3,3,1,17,3,2,1,69,,,,1,0,,,,,,,,,,,,,,,,,,,,,,,,,2014
2014040310,4,40310,2,2,1,2,5,5,0,12,6,1,0,4,3,85,884,85884,66,2012,1XKDDP9X6CJ3,1,X,K,D,D,P,9,X,6,C,J,3,1,1,57,00387102,5700387102,3,6,1,1,0,0,0,0,0,0,0,5,0,0,0,2,2,5,12,0,0,0,1,4,85340,6,1,6,0,3,3,68,165,0,0,0,0,0,0,0,0,0,0,0,0,0,0,1,4,40,1,1,8,1,3,3,11,63,99,1,1,68,,,,0,0,,,,,,,,,,,,,,,,,,,,,,,,,2014
2014040311,4,40311,1,1,1,2,5,5,19,8,0,1,0,4,1,35,47,35047,4,2013,1N4AL3AP5DN5,1,N,4,A,L,3,A,P,5,D,N,5,0,0,0,Not Applicable,Not Applicable,0,0,0,1,0,0,0,0,0,0,0,998,0,0,0,12,6,2,8,0,0,0,1,4,85383,6,1,0,0,3,2,71,185,1,2,0,1,0,4,2013,7,2013,0,74,0,0,0,4,2,45,1,1,1,1,0,0,1,80,1,1,1,13,,,,0,0,,,,,,,,,,,,,,,,,,,,,,,,,2014
2014040312,4,40312,1,1,2,3,5,4,10,23,0,1,0,4,2,20,481,20481,31,2004,1GCEC14X04Z3,1,G,C,E,C,1,4,X,0,4,Z,3,0,0,0,Not Applicable,Not Applicable,0,0,0,1,0,0,0,0,0,0,0,50,0,0,0,12,6,2,2,0,0,1,1,4,85041,0,0,0,0,0,0,65,180,0,0,0,0,0,0,0,0,0,4,37,0,0,0,6,3,45,1,1,8,1,3,3,1,6,99,9,4,2,,,,1,1,,,,,,,,,,,,,,,,,,,,,,,,,2014
2014040313,4,40313,1,1,2,4,5,11,29,5,0,1,0,99,9,99,999,99999,99,9999,Unknown,9,9,9,9,9,9,9,9,9,9,9,9,0,0,0,Not Applicable,Not Applicable,0,0,0,1,0,0,0,0,0,0,0,999,0,0,0,0,0,9,5,0,0,0,1,99,99999,9,9,99,0,9,9,999,999,99,99,99,99,99,99,9999,99,9999,9,99,99,99,99,9,9,99,9,9,8,99,99,9,99,98,99,9,9,0,,,,1,0,,,,,,,,,,,,,,,,,,,,,,,,,2014
2014040314,4,40314,1,1,2,6,5,9,49,1,0,1,0,4,2,12,22,12022,6,2005,1FMZK02155GA,1,F,M,Z,K,0,2,1,5,5,G,A,0,0,0,Not Applicable,Not Applicable,0,0,0,1,0,0,0,0,0,0,0,88,0,1,5,0,6,2,1,0,0,0,1,4,85042,1,1,0,0,2,0,60,130,0,0,0,0,0,0,0,0,0,3,91,0,0,0,2,3,45,1,1,8,1,0,0,1,6,1,4,4,7,,,,1,0,,,,,,,,,,,,,,,,,,,,,,,,,2014
2014040315,4,40315,1,2,5,7,5,15,51,12,6,1,0,4,1,7,24,7024,4,2007,2B3KA43R07H8,2,B,3,K,A,4,3,R,0,7,H,8,0,0,0,Not Applicable,Not Applicable,0,0,0,1,0,0,0,0,0,0,0,11,0,0,0,82,6,2,12,0,0,0,1,4,85009,6,1,0,0,3,0,57,110,1,0,0,0,1,8,2012,8,2012,0,38,91,0,0,2,4,45,1,1,8,1,3,3,11,15,99,1,1,68,,,,0,0,,,,,,,,,,,,,,,,,,,,,,,,,2014
2014040315,4,40315,2,2,3,7,5,15,51,12,6,1,0,4,1,20,2,20002,4,2011,2G1WB5EK7B12,2,G,1,W,B,5,E,K,7,B,1,2,0,0,0,Not Applicable,Not Applicable,0,0,0,1,0,0,0,0,0,0,0,64,0,0,0,12,6,2,12,0,0,0,1,4,85035,6,1,0,0,3,0,71,185,0,0,0,1,1,9,2011,10,2012,0,0,0,0,0,2,4,45,1,1,8,1,3,3,1,62,10,1,1,69,,,,1,0,,,,,,,,,,,,,,,,,,,,,,,,,2014
2014040316,4,40316,1,1,1,23,6,3,52,8,0,1,0,4,3,84,884,84884,62,2013,3HAMMAAL4DL1,3,H,A,M,M,A,A,L,4,D,L,1,0,0,57,2179357,572179357,2,1,1,1,0,0,0,0,0,0,0,65,0,0,0,12,2,5,8,0,0,0,1,4,85014,6,1,0,0,8,0,72,275,0,0,0,0,0,0,0,0,0,0,0,0,0,0,3,4,65,1,1,2,1,0,0,1,80,6,1,3,13,,,,0,0,,,,,,,,,,,,,,,,,,,,,,,,,2014
2014040317,4,40317,1,1,2,10,5,2,26,8,0,1,0,4,1,13,1,13001,4,2004,1LNHM81W24Y6,1,L,N,H,M,8,1,W,2,4,Y,6,0,0,0,Not Applicable,Not Applicable,0,0,0,1,0,0,0,0,0,0,0,21,0,0,0,12,2,5,8,0,0,0,1,4,85008,6,1,0,0,3,0,71,180,0,0,0,0,0,0,0,0,0,0,86,0,0,0,2,3,40,1,1,8,1,0,0,1,80,6,1,3,13,,,,0,0,,,,,,,,,,,,,,,,,,,,,,,,,2014
2014040318,4,40318,1,2,1,16,5,22,53,12,1,1,0,4,1,37,402,37402,14,2008,JHLRE38348C0,J,H,L,R,E,3,8,3,4,8,C,0,0,0,0,Not Applicable,Not Applicable,0,0,0,1,0,0,0,0,0,0,0,25,0,0,0,6,6,2,12,32,0,0,1,4,85254,6,1,0,0,3,0,62,168,0,0,0,0,0,0,0,0,0,0,99,99,99,99,2,3,45,8,1,8,1,3,3,10,16,99,1,1,78,,,,1,0,,,,,,,,,,,,,,,,,,,,,,,,,2014
2014040318,4,40318,2,2,1,16,5,22,53,12,1,1,0,4,1,35,43,35043,4,2004,3N1CB51D44L4,3,N,1,C,B,5,1,D,4,4,L,4,0,0,0,Not Applicable,Not Applicable,0,0,0,1,0,0,0,0,0,0,0,45,0,0,0,12,6,2,12,0,0,0,1,4,85022,6,1,0,0,3,0,62,107,0,0,0,0,0,0,0,0,0,0,0,0,0,0,2,3,45,8,1,8,1,3,3,1,65,99,1,1,79,,,,0,0,,,,,,,,,,,,,,,,,,,,,,,,,2014
2014040319,4,40319,1,2,2,17,5,13,35,12,2,1,0,4,2,6,43,6043,4,2006,1C3EL46X16N2,1,C,3,E,L,4,6,X,1,6,N,2,0,0,0,Not Applicable,Not Applicable,0,0,0,1,0,0,0,0,0,0,0,998,0,0,0,12,6,2,12,0,0,0,1,4,85029,6,1,0,0,3,0,73,240,0,0,0,0,0,0,0,0,0,0,28,0,0,0,1,2,65,1,1,2,1,0,0,1,10,99,1,2,50,,,,1,0,,,,,,,,,,,,,,,,,,,,,,,,,2014
2014040319,4,40319,2,2,1,17,5,13,35,12,2,1,0,4,2,12,3,12003,2,2003,1FAFP40413F3,1,F,A,F,P,4,0,4,1,3,F,3,0,0,0,Not Applicable,Not Applicable,0,0,0,1,0,0,0,0,0,0,0,998,0,0,0,12,6,2,12,0,0,0,1,4,86033,1,1,0,0,2,0,67,200,0,2,0,0,0,6,2012,6,2012,0,0,0,0,0,1,2,65,1,1,2,1,0,0,1,62,99,1,1,51,,,,0,0,,,,,,,,,,,,,,,,,,,,,,,,,2014
2014040320,4,40320,1,3,3,17,5,20,57,12,6,1,0,4,1,2,404,2404,14,2002,1J4GX48S72C3,1,J,4,G,X,4,8,S,7,2,C,3,0,0,0,Not Applicable,Not Applicable,0,0,0,1,0,0,0,0,0,0,0,16,0,0,0,82,6,2,12,0,0,0,1,4,85041,6,1,0,0,3,0,68,170,0,0,0,0,0,0,0,0,0,0,38,91,0,0,1,5,40,1,1,8,1,3,3,11,15,1,1,1,68,,,,0,0,,,,,,,,,,,,,,,,,,,,,,,,,2014
2014040320,4,40320,2,3,1,17,5,20,57,12,6,1,0,4,1,73,705,73705,80,2008,JKAZX4J178A0,J,K,A,Z,X,4,J,1,7,8,A,0,0,0,0,Not Applicable,Not Applicable,0,0,0,1,0,0,0,0,0,0,0,53,0,0,0,12,6,2,12,0,0,0,1,4,85028,6,1,0,0,3,3,70,225,0,0,0,0,0,0,0,0,0,0,0,0,0,0,1,5,40,1,1,8,1,3,3,1,62,12,1,1,69,,,,1,0,,,,,,,,,,,,,,,,,,,,,,,,,2014
2014040320,4,40320,3,3,4,17,5,20,57,12,6,1,0,4,2,23,481,23481,31,1999,1GTGK29U9XZ5,1,G,T,G,K,2,9,U,9,X,Z,5,0,0,0,Not Applicable,Not Applicable,0,0,0,1,0,0,0,0,0,0,0,0,0,0,0,12,8,3,12,0,0,0,1,4,85041,6,1,0,0,3,0,66,135,0,0,0,0,0,0,0,0,0,0,0,0,0,0,1,3,25,1,1,8,1,3,3,5,67,99,1,1,98,,,,0,0,,,,,,,,,,,,,,,,,,,,,,,,,2014
2014040321,4,40321,1,1,1,21,5,23,21,8,0,1,0,4,1,7,402,7402,14,1999,1B4HS28Y0XF5,1,B,4,H,S,2,8,Y,0,X,F,5,0,0,0,Not Applicable,Not Applicable,0,0,0,1,0,0,0,0,0,0,0,37,0,0,0,12,2,5,8,0,0,0,1,4,85128,6,1,0,0,3,0,69,185,0,4,0,1,0,5,2011,11,2013,0,0,0,0,0,2,3,40,1,1,8,1,0,0,1,80,99,1,1,13,,,,0,0,,,,,,,,,,,,,,,,,,,,,,,,,2014
2014040323,4,40323,1,1,1,28,5,14,0,99,0,1,0,99,9,99,999,99999,99,9999,Unknown,9,9,9,9,9,9,9,9,9,9,9,9,0,0,0,Not Applicable,Not Applicable,0,0,0,1,0,0,0,0,0,0,0,999,0,0,0,99,9,9,99,0,0,0,1,4,86034,6,1,0,0,3,3,69,165,0,1,0,0,0,6,2011,6,2011,9,99,99,99,99,9,9,99,9,9,2,99,99,9,99,99,99,9,9,99,,,,1,0,,,,,,,,,,,,,,,,,,,,,,,,,2014
2014040324,4,40324,1,1,1,28,5,22,14,8,0,1,9,99,9,99,999,99999,99,9999,Unknown,9,9,9,9,9,9,9,9,9,9,9,9,0,0,0,Not Applicable,Not Applicable,0,0,0,1,0,0,0,0,0,0,0,999,0,0,0,99,9,9,8,0,0,0,1,99,99999,9,9,99,9,9,9,999,999,99,99,99,99,99,99,9999,99,9999,9,99,99,99,99,9,9,99,9,9,2,99,99,9,99,82,99,9,9,13,,,,0,0,,,,,,,,,,,,,,,,,,,,,,,,,2014
2014040325,4,40325,1,2,1,29,5,7,19,12,6,1,0,4,1,76,706,76706,80,2014,JYARN33E3EA0,J,Y,A,R,N,3,3,E,3,E,A,0,0,0,0,Not Applicable,Not Applicable,0,0,0,1,0,0,0,0,0,0,0,78,0,0,0,12,6,2,12,0,0,0,1,4,85022,1,1,0,0,2,0,68,145,0,1,0,3,0,9,2013,5,2014,4,89,0,0,0,5,7,45,1,1,8,1,0,0,1,17,3,2,1,83,,,,1,0,,,,,,,,,,,,,,,,,,,,,,,,,2014
2014040325,4,40325,2,2,1,29,5,7,19,12,6,1,0,4,1,7,482,7482,31,2012,1C6RD6MT1CS3,1,C,6,R,D,6,M,T,1,C,S,3,0,0,0,Not Applicable,Not Applicable,0,0,0,1,0,0,0,0,0,0,0,15,0,0,0,9,6,2,12,0,0,0,1,4,85024,2,1,0,0,2,0,69,212,0,4,1,0,1,5,2013,11,2013,0,0,0,0,0,0,0,0,0,0,0,0,0,0,11,66,99,1,1,82,,,,0,0,,,,,,,,,,,,,,,,,,,,,,,,,2014
2014040326,4,40326,1,2,1,29,5,14,12,12,6,1,0,4,1,12,13,12013,4,1999,1FAFP13P8XW2,1,F,A,F,P,1,3,P,8,X,W,2,0,0,0,Not Applicable,Not Applicable,0,0,0,1,0,0,0,0,0,0,0,7,0,0,0,63,6,2,12,0,0,0,1,4,85015,6,1,0,0,3,3,67,140,0,0,0,0,0,0,0,0,0,0,38,0,0,0,1,5,30,1,1,2,1,2,3,10,16,99,1,1,78,,,,1,0,,,,,,,,,,,,,,,,,,,,,,,,,2014
2014040326,4,40326,2,2,1,29,5,14,12,12,6,1,0,4,1,13,421,13421,15,2008,5LMFU27588LJ,5,L,M,F,U,2,7,5,8,8,L,J,0,0,0,Not Applicable,Not Applicable,0,0,0,1,0,0,0,0,0,0,0,34,0,0,0,12,4,5,12,0,0,0,1,4,85041,6,1,0,0,3,3,65,150,0,1,0,0,1,1,2012,1,2012,0,0,0,0,0,1,6,35,1,1,2,1,2,3,1,65,99,1,1,79,,,,0,0,,,,,,,,,,,,,,,,,,,,,,,,,2014
2014040327,4,40327,1,1,1,29,5,17,8,8,0,1,0,4,1,63,402,63402,14,2005,KNDJD7337553,K,N,D,J,D,7,3,3,7,5,5,3,0,0,0,Not Applicable,Not Applicable,0,0,0,1,0,0,0,0,0,0,0,33,0,0,0,12,2,5,8,0,0,0,1,4,85015,6,1,0,0,3,3,65,260,0,0,0,0,0,0,0,0,0,0,0,0,0,0,5,6,40,1,1,2,1,0,0,1,80,99,9,1,13,,,,0,0,,,,,,,,,,,,,,,,,,,,,,,,,2014
2014040328,4,40328,1,2,2,22,4,17,3,12,6,1,0,4,2,35,50,35050,4,2011,3N1BC1AP8BL4,3,N,1,B,C,1,A,P,8,B,L,4,0,0,0,Not Applicable,Not Applicable,0,0,0,1,0,0,0,0,0,0,0,998,0,0,0,12,6,2,12,0,0,0,1,4,86409,0,0,0,0,0,0,72,200,0,0,0,0,0,0,0,0,0,4,39,91,37,0,1,2,25,1,3,2,1,20,3,1,17,1,1,3,88,,,,0,0,,,,,,,,,,,,,,,,,,,,,,,,,2014
2014040328,4,40328,2,2,1,22,4,17,3,12,6,1,0,4,1,35,47,35047,4,2000,1N4DL01D2YC1,1,N,4,D,L,0,1,D,2,Y,C,1,0,0,0,Not Applicable,Not Applicable,0,0,0,1,0,0,0,0,0,0,0,998,0,0,0,61,6,2,12,0,0,0,1,4,86401,6,1,0,0,3,3,63,120,0,0,0,0,0,0,0,0,0,0,0,0,0,0,1,2,35,1,1,2,1,0,0,1,66,99,1,1,89,,,,1,0,,,,,,,,,,,,,,,,,,,,,,,,,2014
2014040329,4,40329,1,2,1,12,5,19,57,1,0,1,0,4,2,51,47,51047,4,2005,YV1RS5925524,Y,V,1,R,S,5,9,2,5,5,2,4,0,0,0,Not Applicable,Not Applicable,0,0,0,1,0,0,0,0,0,0,0,2,0,0,0,63,4,3,12,0,0,0,1,4,85282,6,1,0,0,3,0,65,115,0,0,0,0,0,0,0,0,0,0,48,91,0,0,5,7,45,1,1,8,1,0,0,11,15,99,1,2,98,,,,0,0,,,,,,,,,,,,,,,,,,,,,,,,,2014
2014040329,4,40329,2,2,1,12,5,19,57,1,0,1,0,4,1,37,705,37705,80,2013,MLHPC4413D50,M,L,H,P,C,4,4,1,3,D,5,0,0,0,0,Not Applicable,Not Applicable,0,0,0,1,0,0,0,0,0,0,0,44,0,0,0,0,6,2,12,0,0,0,1,4,85201,6,1,0,0,3,0,68,155,0,0,0,0,0,0,0,0,0,0,0,0,0,0,5,7,40,1,1,8,1,0,0,1,62,98,7,1,98,,,,1,0,,,,,,,,,,,,,,,,,,,,,,,,,2014
2014040330,4,40330,1,1,1,3,6,5,23,38,0,1,0,4,1,23,481,23481,31,1979,TCL149Z50234,T,C,L,1,4,9,Z,5,0,2,3,4,0,0,0,Not Applicable,Not Applicable,0,0,0,1,0,0,0,0,0,0,0,998,0,1,5,12,6,2,1,0,0,0,1,4,85936,6,1,0,0,3,0,63,140,0,1,0,0,0,7,2011,7,2011,3,0,0,0,0,1,2,98,1,6,5,1,0,0,1,13,99,9,4,2,,,,1,0,,,,,,,,,,,,,,,,,,,,,,,,,2014
2014040331,4,40331,1,1,2,12,5,19,35,38,0,1,0,4,1,2,403,2403,14,1994,1J4FY19PXRP4,1,J,4,F,Y,1,9,P,X,R,P,4,0,0,0,Not Applicable,Not Applicable,0,0,0,1,0,0,0,0,0,0,0,998,0,1,5,63,6,2,1,0,0,0,1,4,85901,6,1,0,0,3,0,64,150,0,0,0,0,0,0,0,0,0,4,82,0,0,0,1,2,25,1,1,5,1,0,0,1,6,99,5,4,7,,,,1,1,,,,,,,,,,,,,,,,,,,,,,,,,2014
2014040332,4,40332,1,1,1,10,6,4,49,35,0,1,0,4,1,12,471,12471,30,2005,1FTYR15E85PA,1,F,T,Y,R,1,5,E,8,5,P,A,0,0,0,Not Applicable,Not Applicable,0,0,0,1,0,0,0,0,0,0,0,35,0,1,5,99,6,2,3,0,0,0,1,4,85350,6,1,0,0,3,0,63,145,0,0,0,0,0,0,0,0,0,4,83,0,0,0,1,2,50,1,1,4,1,0,0,1,87,7,3,4,2,,,,1,0,,,,,,,,,,,,,,,,,,,,,,,,,2014
2014040333,4,40333,1,2,1,18,6,13,50,12,6,1,0,4,1,18,401,18401,14,2003,3G5DB03E13S5,3,G,5,D,B,0,3,E,1,3,S,5,0,0,0,Not Applicable,Not Applicable,0,0,0,1,0,0,0,0,0,0,0,47,0,0,0,12,6,2,12,0,0,0,1,4,85281,6,1,0,0,3,0,74,210,0,0,0,0,0,0,0,0,0,0,89,39,0,0,1,6,40,1,1,8,1,3,3,1,17,3,2,3,69,,,,0,0,,,,,,,,,,,,,,,,,,,,,,,,,2014
2014040333,4,40333,2,2,2,18,6,13,50,12,6,1,0,4,1,55,33,55033,4,2004,KMHWF25H34A9,K,M,H,W,F,2,5,H,3,4,A,9,0,0,0,Not Applicable,Not Applicable,0,0,0,1,0,0,0,0,0,0,0,7,0,0,0,83,6,2,12,0,0,0,1,4,85282,6,1,0,0,3,3,64,123,0,0,0,0,0,0,0,0,0,0,0,0,0,0,1,6,40,1,1,8,1,3,3,11,63,99,1,1,68,,,,1,0,,,,,,,,,,,,,,,,,,,,,,,,,2014