accident_id,STATE,ST_CASE,VEH_NO,VE_FORMS,NUMOCCS,DAY,MONTH,HOUR,MINUTE,HARM_EV,MAN_COLL,UNITTYPE,HIT_RUN,REG_STAT,OWNER,MAKE,MODEL,MAK_MOD,BODY_TYP,MOD_YEAR,VIN,VIN_1,VIN_2,VIN_3,VIN_4,VIN_5,VIN_6,VIN_7,VIN_8,VIN_9,VIN_10,VIN_11,VIN_12,TOW_VEH,J_KNIFE,MCARR_I1,MCARR_I2,MCARR_ID,GVWR,V_CONFIG,CARGO_BT,HAZ_INV,HAZ_PLAC,HAZ_ID,HAZ_CNO,HAZ_REL,BUS_USE,SPEC_USE,EMER_USE,TRAV_SP,UNDERIDE,ROLLOVER,ROLINLOC,IMPACT1,DEFORMED,TOWED,M_HARM,VEH_SC1,VEH_SC2,FIRE_EXP,DR_PRES,L_STATE,DR_ZIP,L_STATUS,L_TYPE,CDL_STAT,L_ENDORS,L_COMPL,L_RESTRI,DR_HGT,DR_WGT,PREV_ACC,PREV_SUS,PREV_DWI,PREV_SPD,PREV_OTH,FIRST_MO,FIRST_YR,LAST_MO,LAST_YR,SPEEDREL,DR_SF1,DR_SF2,DR_SF3,DR_SF4,VTRAFWAY,VNUM_LAN,VSPD_LIM,VALIGN,VPROFILE,VPAVETYP,VSURCOND,VTRAFCON,VTCONT_F,P_CRASH1,P_CRASH2,P_CRASH3,PCRASH4,PCRASH5,ACC_TYPE,TRLR1VIN,TRLR2VIN,TRLR3VIN,DEATHS,DR_DRINK,VINTYPE,VINMAKE,VINA_MOD,VIN_BT,VINMODYR,VIN_LNGT,VIN_WGT,WGTCD_TR,WHLBS_LG,WHLBS_SH,SER_TR,FUELCODE,MCYCL_DS,CARBUR,CYLINDER,DISPLACE,MCYCL_CY,MCYCL_WT,TIRE_SZE,TON_RAT,TRK_WT,TRKWTVAR,VIN_REST,WHLDRWHL,Year
2014040334,4,40334,1,2,2,23,6,5,1,12,2,1,0,4,1,7,43,7043,4,2002,1B3EL36X62N1,1,B,3,E,L,3,6,X,6,2,N,1,0,0,0,Not Applicable,Not Applicable,0,0,0,1,0,0,0,0,0,0,0,998,0,0,0,12,6,2,12,0,0,0,1,4,86001,6,1,0,0,3,0,72,205,0,1,0,1,0,1,2013,1,2013,0,35,0,0,0,1,2,65,1,1,2,1,0,0,6,54,1,1,2,52,,,,1,0,,,,,,,,,,,,,,,,,,,,,,,,,2014
2014040334,4,40334,2,2,1,23,6,5,1,12,2,1,0,4,2,7,472,7472,30,2007,1D7HE48N77S2,1,D,7,H,E,4,8,N,7,7,S,2,0,0,0,Not Applicable,Not Applicable,0,0,0,1,0,0,0,0,0,0,0,65,0,0,0,12,6,2,12,0,0,0,1,4,85533,6,1,0,0,3,3,66,180,0,0,0,0,0,0,0,0,0,0,0,0,0,0,1,2,65,1,1,2,1,0,0,1,54,99,1,1,52,,,,0,0,,,,,,,,,,,,,,,,,,,,,,,,,2014
2014040335,4,40335,1,2,1,27,6,16,1,12,2,1,0,4,1,12,3,12003,1,2000,1FAFP444XYF1,1,F,A,F,P,4,4,4,X,Y,F,1,0,0,0,Not Applicable,Not Applicable,0,0,0,1,0,0,0,0,0,0,0,45,0,0,0,12,6,2,12,0,0,0,1,4,86314,0,0,0,0,0,0,62,145,0,0,0,0,0,0,0,0,0,0,84,0,0,0,2,2,45,1,6,2,1,0,0,17,61,99,5,4,54,,,,1,0,,,,,,,,,,,,,,,,,,,,,,,,,2014
2014040335,4,40335,2,2,2,27,6,16,1,12,2,1,0,4,3,20,461,20461,21,2010,1GCZGFBA7A11,1,G,C,Z,G,F,B,A,7,A,1,1,0,0,0,Not Applicable,Not Applicable,0,0,0,1,0,0,0,0,0,0,0,45,0,0,0,12,6,2,12,0,0,0,1,4,85085,6,1,0,0,3,0,69,160,0,0,0,0,0,0,0,0,0,0,0,0,0,0,2,2,45,1,5,2,1,0,0,1,62,99,1,1,55,,,,0,0,,,,,,,,,,,,,,,,,,,,,,,,,2014
2014040336,4,40336,1,1,1,30,6,16,50,35,0,1,0,4,1,7,43,7043,4,2006,1B3EL46X66N1,1,B,3,E,L,4,6,X,6,6,N,1,0,0,0,Not Applicable,Not Applicable,0,0,0,1,0,0,0,0,0,0,0,999,0,0,0,12,6,2,2,0,0,1,1,4,85201,6,1,0,0,3,0,67,160,0,0,0,0,0,0,0,0,0,4,0,0,0,0,1,2,25,1,1,8,1,0,0,99,6,99,9,4,2,,,,1,0,,,,,,,,,,,,,,,,,,,,,,,,,2014
2014040337,4,40337,1,1,1,1,6,19,57,8,0,1,1,99,9,99,999,99999,99,9999,Unknown,9,9,9,9,9,9,9,9,9,9,9,9,0,0,0,Not Applicable,Not Applicable,0,0,0,1,0,0,0,0,0,0,0,49,0,0,0,12,9,5,8,0,0,0,1,99,99999,9,9,99,0,9,9,999,999,99,99,99,99,99,99,9999,99,9999,9,99,99,99,99,1,6,40,1,1,2,1,0,0,99,80,99,9,3,13,,,,0,0,,,,,,,,,,,,,,,,,,,,,,,,,2014
2014040338,4,40338,1,1,2,2,6,21,56,8,0,1,0,4,1,41,54,41054,6,2010,JM3TB2MA7A02,J,M,3,T,B,2,M,A,7,A,0,2,0,0,0,Not Applicable,Not Applicable,0,0,0,1,0,0,0,0,0,0,0,43,0,0,0,12,2,5,8,0,0,0,1,4,85022,6,1,0,0,3,3,73,240,0,0,0,0,0,0,0,0,0,0,0,0,0,0,2,4,45,1,1,8,1,2,3,1,80,99,1,1,13,,,,0,0,,,,,,,,,,,,,,,,,,,,,,,,,2014
2014040339,4,40339,1,3,2,5,6,17,50,12,6,1,0,4,1,49,44,49044,2,2004,4T1CE38P74U8,4,T,1,C,E,3,8,P,7,4,U,8,0,0,0,Not Applicable,Not Applicable,0,0,0,1,0,0,0,0,0,0,0,15,0,0,0,9,6,2,12,0,0,0,1,4,85282,6,1,0,0,3,0,70,195,0,1,0,1,0,9,2013,10,2013,0,39,0,0,0,1,2,25,1,1,2,1,20,3,1,17,99,1,1,89,,,,1,1,,,,,,,,,,,,,,,,,,,,,,,,,2014
2014040339,4,40339,2,3,2,5,6,17,50,12,6,1,0,4,2,49,401,49401,14,1997,JT3HN86R1V01,J,T,3,H,N,8,6,R,1,V,0,1,0,0,0,Not Applicable,Not Applicable,0,0,0,1,0,0,0,0,0,0,0,39,0,0,0,12,6,2,12,0,0,0,1,4,85345,6,1,0,0,3,0,65,210,0,0,0,0,0,0,0,0,0,0,0,0,0,0,5,6,35,1,1,2,1,0,0,1,66,4,9,1,88,,,,0,0,,,,,,,,,,,,,,,,,,,,,,,,,2014
2014040339,4,40339,3,3,1,5,6,17,50,12,6,1,1,99,9,99,999,99999,99,9999,Unknown,9,9,9,9,9,9,9,9,9,9,9,9,0,0,0,Not Applicable,Not Applicable,0,0,0,1,0,0,0,0,0,0,0,40,0,0,0,99,9,5,99,0,0,0,1,99,99999,9,9,99,0,9,9,999,999,99,99,99,99,99,99,9999,99,9999,0,99,99,99,99,5,6,40,1,1,2,1,0,0,1,99,99,9,9,98,,,,0,0,,,,,,,,,,,,,,,,,,,,,,,,,2014
2014040340,4,40340,1,2,1,7,6,1,32,12,1,1,0,4,1,20,401,20401,14,2002,1GNDS13SX224,1,G,N,D,S,1,3,S,X,2,2,4,0,0,0,Not Applicable,Not Applicable,0,0,0,1,0,0,0,0,0,0,0,97,0,0,0,12,6,2,12,0,0,0,1,4,85009,6,1,0,0,3,0,63,135,0,0,0,0,0,0,0,0,0,3,91,0,0,0,2,3,40,1,1,8,1,0,0,1,51,99,1,1,24,,,,0,1,,,,,,,,,,,,,,,,,,,,,,,,,2014
2014040340,4,40340,2,2,1,7,6,1,32,12,1,1,0,4,1,12,422,12422,15,2006,1FMFU15536LA,1,F,M,F,U,1,5,5,3,6,L,A,0,0,0,Not Applicable,Not Applicable,0,0,0,1,0,0,0,0,0,0,0,40,0,0,0,6,6,2,42,0,0,0,1,4,85254,6,1,0,0,3,0,67,135,0,1,0,0,0,6,2011,6,2011,0,0,0,0,0,2,3,40,1,1,8,1,0,0,1,53,99,1,1,25,,,,1,0,,,,,,,,,,,,,,,,,,,,,,,,,2014
2014040341,4,40341,1,1,1,7,6,16,4,9,0,1,0,4,3,51,881,51881,66,2007,4V4NC9TG37N4,4,V,4,N,C,9,T,G,3,7,N,4,1,1,57,1346612,571346612,3,6,1,1,0,0,0,0,0,0,0,30,0,0,0,83,0,5,9,0,0,0,1,4,85304,6,1,6,0,3,0,70,200,0,0,0,0,0,0,0,0,0,0,0,0,0,0,1,5,35,1,1,8,1,0,0,1,84,6,1,3,13,,,,0,0,,,,,,,,,,,,,,,,,,,,,,,,,2014
2014040342,4,40342,1,1,2,14,6,10,32,34,0,1,0,4,2,49,401,49401,14,1994,JT3VN29V9R00,J,T,3,V,N,2,9,V,9,R,0,0,0,0,0,Not Applicable,Not Applicable,0,0,0,1,0,0,0,0,0,0,0,40,0,1,5,12,6,2,1,0,0,0,1,4,86025,0,0,0,0,0,0,62,113,0,0,0,0,0,0,0,0,0,9,99,99,99,99,1,2,98,2,1,4,1,0,0,14,6,99,9,4,2,,,,1,1,,,,,,,,,,,,,,,,,,,,,,,,,2014
2014040343,4,40343,1,2,1,14,6,13,13,12,6,1,0,4,2,12,481,12481,31,1999,1FTSX30F0XED,1,F,T,S,X,3,0,F,0,X,E,D,0,0,0,Not Applicable,Not Applicable,0,0,0,1,0,0,0,0,0,0,0,40,0,0,0,12,4,3,12,32,0,0,1,4,85308,1,1,0,0,2,0,72,200,0,1,0,1,0,8,2011,9,2011,0,39,0,0,0,1,7,40,1,1,8,1,3,3,1,17,3,2,1,83,,,,0,0,,,,,,,,,,,,,,,,,,,,,,,,,2014
2014040343,4,40343,2,2,6,14,6,13,13,12,6,1,0,4,2,20,37,20037,4,2000,1G1ND52J0Y63,1,G,1,N,D,5,2,J,0,Y,6,3,0,0,0,Not Applicable,Not Applicable,0,0,0,1,0,0,0,0,0,0,0,15,0,0,0,9,6,2,12,0,0,0,1,4,85281,0,0,0,0,0,0,66,175,0,0,0,0,0,0,0,0,0,0,91,0,0,0,2,3,45,1,1,8,1,3,3,11,66,99,1,1,82,,,,1,1,,,,,,,,,,,,,,,,,,,,,,,,,2014
2014040344,4,40344,1,1,1,17,6,99,99,8,0,1,1,99,9,99,999,99999,99,9999,Unknown,9,9,9,9,9,9,9,9,9,9,9,9,0,0,0,Not Applicable,Not Applicable,0,0,0,1,0,0,0,0,0,0,0,999,0,0,0,99,9,5,8,0,0,0,1,99,99999,9,9,99,0,9,9,999,999,99,99,99,99,99,99,9999,99,9999,9,99,99,99,99,9,9,99,9,9,2,99,99,9,99,82,99,9,9,13,,,,0,0,,,,,,,,,,,,,,,,,,,,,,,,,2014
2014040345,4,40345,1,1,1,17,6,14,0,15,0,1,0,4,2,2,404,2404,14,2004,1J4GW48S74C2,1,J,4,G,W,4,8,S,7,4,C,2,0,0,0,Not Applicable,Not Applicable,0,0,0,1,0,0,0,0,0,0,0,45,0,0,0,12,6,2,15,0,0,0,1,4,85204,6,1,0,0,3,0,72,210,0,0,0,0,0,0,0,0,0,0,0,0,0,0,1,7,45,1,1,8,1,2,3,1,83,99,1,1,13,,,,0,0,,,,,,,,,,,,,,,,,,,,,,,,,2014
2014040346,4,40346,1,1,1,28,6,20,43,8,0,1,0,4,1,20,481,20481,31,1999,1GCEK19R0XR1,1,G,C,E,K,1,9,R,0,X,R,1,0,0,0,Not Applicable,Not Applicable,0,0,0,1,0,0,0,0,0,0,0,29,0,0,0,12,4,3,8,0,0,0,1,4,85023,6,1,0,0,3,3,73,230,0,0,0,0,0,0,0,0,0,0,0,0,0,0,5,6,45,1,1,2,1,0,0,1,80,8,1,1,13,,,,0,0,,,,,,,,,,,,,,,,,,,,,,,,,2014
2014040347,4,40347,1,1,1,21,6,7,10,53,0,1,0,4,1,13,13,13013,4,2006,3LNHM26166R6,3,L,N,H,M,2,6,1,6,6,R,6,0,0,0,Not Applicable,Not Applicable,0,0,0,1,0,0,0,0,0,0,0,998,0,1,5,12,6,2,1,0,0,0,1,4,85268,6,1,0,0,3,3,64,190,0,0,0,0,0,0,0,0,0,0,0,0,0,0,1,2,25,1,1,2,1,0,0,1,13,99,1,4,1,,,,1,0,,,,,,,,,,,,,,,,,,,,,,,,,2014
2014040348,4,40348,1,2,1,5,7,14,47,12,7,1,0,4,1,30,40,30040,4,2004,3VWSE69M14M1,3,V,W,S,E,6,9,M,1,4,M,1,0,0,0,Not Applicable,Not Applicable,0,0,0,1,0,0,0,0,0,0,0,65,0,0,0,61,6,2,12,0,0,0,1,4,85019,6,1,0,0,3,0,66,130,0,0,0,0,0,0,0,0,0,0,28,80,0,0,3,6,65,1,1,2,1,0,0,1,1,7,9,2,48,,,,0,0,,,,,,,,,,,,,,,,,,,,,,,,,2014
2014040348,4,40348,2,2,3,5,7,14,47,12,7,1,0,4,2,20,441,20441,20,1999,1GNDM19W9XB1,1,G,N,D,M,1,9,W,9,X,B,1,0,0,0,Not Applicable,Not Applicable,0,0,0,1,0,0,0,0,0,0,0,65,0,1,4,81,6,2,1,0,0,0,1,4,85023,6,1,0,0,3,0,71,230,0,0,0,0,0,0,0,0,0,0,0,0,0,0,3,6,65,1,1,2,1,0,0,1,61,99,1,1,48,,,,1,0,,,,,,,,,,,,,,,,,,,,,,,,,2014
2014040349,4,40349,1,1,4,5,7,15,18,24,0,1,0,4,1,7,482,7482,31,2004,3D7KA28C34G2,3,D,7,K,A,2,8,C,3,4,G,2,0,0,0,Not Applicable,Not Applicable,0,0,0,1,0,0,0,0,0,0,0,72,0,1,1,61,6,2,1,0,0,0,1,4,85028,6,1,0,0,3,0,74,300,0,0,0,0,0,0,0,0,0,0,80,0,0,0,3,2,65,1,6,2,1,0,0,1,1,1,9,4,7,,,,1,0,,,,,,,,,,,,,,,,,,,,,,,,,2014
2014040350,4,40350,1,1,3,6,7,10,26,38,0,1,0,4,2,20,403,20403,14,2005,1GNDS13S7522,1,G,N,D,S,1,3,S,7,5,2,2,0,0,0,Not Applicable,Not Applicable,0,0,0,1,0,0,0,0,0,0,0,998,0,1,6,99,6,2,1,0,0,0,1,4,85701,6,1,0,0,3,0,62,169,0,0,0,0,1,4,2014,4,2014,4,58,0,0,0,1,2,65,2,1,2,1,0,0,14,6,6,5,4,7,,,,1,0,,,,,,,,,,,,,,,,,,,,,,,,,2014
2014040351,4,40351,1,2,4,6,7,13,11,12,2,1,0,4,1,6,52,6052,6,2004,3C4FY48B04T2,3,C,4,F,Y,4,8,B,0,4,T,2,0,0,0,Not Applicable,Not Applicable,0,0,0,1,0,0,0,0,0,0,0,60,0,0,0,12,6,2,12,0,0,0,1,4,86409,6,1,0,0,3,0,69,150,0,0,0,0,0,0,0,0,0,4,91,28,87,0,1,4,55,2,6,2,6,0,0,14,6,1,9,2,50,,,,0,0,,,,,,,,,,,,,,,,,,,,,,,,,2014
2014040351,4,40351,2,2,2,6,7,13,11,12,2,1,0,6,2,23,402,23402,14,2014,2GKALMEK1E62,2,G,K,A,L,M,E,K,1,E,6,2,0,0,0,Not Applicable,Not Applicable,0,0,0,1,0,0,0,0,0,0,0,55,0,0,0,12,6,2,12,0,0,0,1,6,91730,6,1,0,0,3,0,65,160,0,0,0,0,0,0,0,0,0,0,0,0,0,0,1,4,55,3,5,2,6,0,0,14,62,1,1,1,51,,,,1,0,,,,,,,,,,,,,,,,,,,,,,,,,2014
2014040354,4,40354,1,2,2,12,7,7,41,12,6,1,0,4,2,12,481,12481,31,2000,3FTSW31F1YMA,3,F,T,S,W,3,1,F,1,Y,M,A,0,0,0,Not Applicable,Not Applicable,0,0,0,1,0,0,0,0,0,0,0,75,0,1,5,83,6,2,12,0,0,0,1,4,85326,6,1,0,0,3,0,64,122,0,0,0,1,0,7,2013,7,2013,0,80,0,0,0,2,2,75,1,1,2,1,0,0,1,1,4,1,4,64,,,,0,0,,,,,,,,,,,,,,,,,,,,,,,,,2014
2014040354,4,40354,2,2,3,12,7,7,41,12,6,1,0,6,1,35,47,35047,4,2011,1N4AL2AP0BN4,1,N,4,A,L,2,A,P,0,B,N,4,0,0,0,Not Applicable,Not Applicable,0,0,0,1,0,0,0,0,0,0,0,75,0,0,0,12,6,2,12,0,0,0,1,6,92886,6,1,0,0,3,3,69,170,0,0,0,1,0,8,2012,8,2012,0,0,0,0,0,2,2,75,1,1,2,1,0,0,1,64,4,1,1,65,,,,1,0,,,,,,,,,,,,,,,,,,,,,,,,,2014
2014040355,4,40355,1,1,1,12,7,15,58,42,0,1,0,4,4,7,27,7027,6,2013,3C4PDCBG0DT5,3,C,4,P,D,C,B,G,0,D,T,5,0,0,0,Not Applicable,Not Applicable,0,0,0,1,0,0,0,0,0,0,0,998,0,1,5,12,6,2,1,0,0,0,1,53,98683,6,1,0,0,3,0,72,205,0,0,0,0,0,0,0,0,0,0,0,0,0,0,2,3,65,1,1,2,1,0,0,1,12,1,1,4,6,,,,1,0,,,,,,,,,,,,,,,,,,,,,,,,,2014
2014040356,4,40356,1,1,5,12,7,20,10,9,0,1,0,4,1,20,481,20481,31,1998,1GCEC19W4WE1,1,G,C,E,C,1,9,W,4,W,E,1,0,0,0,Not Applicable,Not Applicable,0,0,0,1,0,0,0,0,0,0,0,45,0,0,0,12,4,3,9,0,0,0,1,4,85210,0,0,0,0,0,0,999,999,0,0,0,1,1,7,2012,7,2012,4,39,0,0,0,2,3,45,1,1,8,1,2,3,1,83,1,1,1,13,,,,0,0,,,,,,,,,,,,,,,,,,,,,,,,,2014
2014040357,4,40357,1,1,2,16,7,11,17,1,0,1,0,6,1,12,401,12401,14,2001,1FMZU63E11ZA,1,F,M,Z,U,6,3,E,1,1,Z,A,0,0,0,Not Applicable,Not Applicable,0,0,0,1,0,0,0,0,0,0,0,998,0,1,3,0,6,2,1,0,0,1,1,6,91340,6,1,0,0,3,3,61,200,0,0,0,0,0,0,0,0,0,0,80,0,0,0,2,2,75,1,1,2,1,0,0,1,1,99,4,4,7,,,,2,0,,,,,,,,,,,,,,,,,,,,,,,,,2014
2014040358,4,40358,1,1,1,19,7,16,41,1,0,1,0,4,1,72,706,72706,80,1991,1HD1BML16MY0,1,H,D,1,B,M,L,1,6,M,Y,0,0,0,0,Not Applicable,Not Applicable,0,0,0,1,0,0,0,0,0,0,0,33,0,0,0,0,6,2,1,0,0,0,1,53,98201,6,1,0,0,3,0,67,150,0,0,0,0,0,0,0,0,0,9,99,99,99,99,1,2,25,3,5,2,1,0,0,14,13,99,1,6,98,,,,1,1,,,,,,,,,,,,,,,,,,,,,,,,,2014
2014040359,4,40359,1,2,1,20,7,18,12,12,6,1,0,4,1,20,481,20481,31,1994,1GCFK29K1RE3,1,G,C,F,K,2,9,K,1,R,E,3,0,0,0,Not Applicable,Not Applicable,0,0,0,1,0,0,0,0,0,0,0,998,0,0,0,12,6,2,12,0,0,0,1,4,85704,6,1,0,0,3,3,67,136,0,0,0,1,0,3,2014,3,2014,0,39,0,0,0,1,3,45,1,1,8,1,3,3,1,17,99,1,1,88,,,,0,0,,,,,,,,,,,,,,,,,,,,,,,,,2014
2014040359,4,40359,2,2,2,20,7,18,12,12,6,1,0,4,1,30,47,30047,3,1999,3VWCC21C5XM4,3,V,W,C,C,2,1,C,5,X,M,4,0,0,0,Not Applicable,Not Applicable,0,0,0,1,0,0,0,0,0,0,0,998,0,0,0,9,6,2,12,0,0,0,1,4,85755,6,1,0,0,3,3,71,180,0,0,0,0,0,0,0,0,0,0,0,0,0,0,1,3,45,1,1,8,1,3,3,1,66,99,1,1,89,,,,1,0,,,,,,,,,,,,,,,,,,,,,,,,,2014
2014040360,4,40360,1,1,2,21,7,17,31,17,0,1,0,4,2,20,401,20401,14,1994,1GNCS13W4R01,1,G,N,C,S,1,3,W,4,R,0,1,0,0,0,Not Applicable,Not Applicable,0,0,0,1,0,0,0,0,0,0,0,55,0,1,5,99,6,2,1,0,0,0,1,4,86301,6,1,0,0,3,0,74,165,0,0,0,0,0,0,0,0,0,3,0,0,0,0,1,2,35,1,6,5,1,0,0,1,6,99,9,4,2,,,,1,1,,,,,,,,,,,,,,,,,,,,,,,,,2014
2014040361,4,40361,1,1,2,27,7,1,51,25,0,1,0,4,3,84,884,84884,66,2010,3HSCUAPR0AN2,3,H,S,C,U,A,P,R,0,A,N,2,1,1,57,0116245,570116245,3,6,1,1,0,0,0,0,0,0,0,55,0,0,0,1,6,2,2,0,0,1,1,4,85301,6,1,6,0,3,3,72,260,0,3,0,0,2,10,2013,6,2014,4,0,0,0,0,3,2,55,3,1,2,1,0,0,14,13,99,1,4,1,,,,1,0,,,,,,,,,,,,,,,,,,,,,,,,,2014
2014040362,4,40362,1,1,1,3,3,15,25,1,0,1,0,4,1,23,481,23481,31,2009,1GTEC14X49Z2,1,G,T,E,C,1,4,X,4,9,Z,2,0,0,0,Not Applicable,Not Applicable,0,0,0,1,0,0,0,0,0,0,0,998,0,1,5,0,6,2,1,0,0,0,1,4,86514,6,1,0,0,3,3,67,185,0,0,0,0,0,0,0,0,0,9,99,99,99,99,1,2,98,3,8,5,98,0,0,14,5,99,9,4,2,,,,1,0,,,,,,,,,,,,,,,,,,,,,,,,,2014
2014040363,4,40363,1,1,1,2,7,22,33,8,0,1,0,4,1,20,431,20431,16,2001,3GNFK16T61G2,3,G,N,F,K,1,6,T,6,1,G,2,0,0,0,Not Applicable,Not Applicable,0,0,0,1,0,0,0,0,0,0,0,30,0,0,0,12,2,5,8,0,0,0,1,4,85210,6,1,0,0,3,0,77,240,0,1,0,0,1,11,2011,12,2013,0,0,0,0,0,1,7,40,1,1,8,1,0,0,1,80,99,1,1,13,,,,0,0,,,,,,,,,,,,,,,,,,,,,,,,,2014
2014040364,4,40364,1,3,1,4,7,11,42,12,11,1,0,4,3,82,881,82881,66,2010,1FUJBBCK8ADA,1,F,U,J,B,B,C,K,8,A,D,A,1,1,57,0007085,570007085,3,6,1,1,0,0,0,0,0,0,0,0,0,0,0,13,6,2,12,0,0,0,1,6,92706,6,1,6,0,3,0,66,160,0,0,0,0,2,10,2013,3,2014,0,99,99,99,99,3,3,65,1,1,2,1,0,0,7,98,99,1,1,98,,,,1,0,,,,,,,,,,,,,,,,,,,,,,,,,2014
2014040364,4,40364,2,3,1,4,7,11,42,12,11,1,0,48,3,82,881,82881,66,2014,3AKJGLD59ESF,3,A,K,J,G,L,D,5,9,E,S,F,1,1,57,0183633,570183633,3,6,1,1,0,0,0,0,0,0,0,65,0,0,0,12,6,2,12,0,0,0,1,48,79938,6,1,6,0,3,0,999,999,0,0,0,0,0,0,0,0,0,0,0,0,0,0,3,3,65,1,1,2,1,0,0,1,62,1,1,1,98,,,,0,0,,,,,,,,,,,,,,,,,,,,,,,,,2014
2014040364,4,40364,3,3,1,4,7,11,42,12,11,1,0,4,1,20,22,20022,4,2006,1G1AK55F1676,1,G,1,A,K,5,5,F,1,6,7,6,0,0,0,Not Applicable,Not Applicable,0,0,0,1,0,0,0,0,0,0,0,998,0,0,0,12,6,2,12,0,0,0,1,4,85706,6,1,0,0,3,3,64,170,0,0,0,0,0,0,0,0,0,0,0,0,0,0,3,3,65,1,1,2,1,0,0,1,62,1,1,1,98,,,,0,0,,,,,,,,,,,,,,,,,,,,,,,,,2014
2014040365,4,40365,1,3,1,8,7,23,25,12,1,1,0,4,1,30,443,30443,20,2009,2V8HW44189R5,2,V,8,H,W,4,4,1,8,9,R,5,0,0,0,Not Applicable,Not Applicable,0,0,0,1,0,0,0,0,0,0,0,998,0,0,0,12,6,2,12,0,0,0,1,4,85281,6,1,0,0,3,0,66,170,0,0,0,0,0,0,0,0,0,4,89,0,0,0,3,5,65,1,1,2,2,0,0,15,50,1,1,2,98,,,,0,0,,,,,,,,,,,,,,,,,,,,,,,,,2014
2014040365,4,40365,2,3,4,8,7,23,25,12,1,1,0,4,2,49,45,49045,4,2000,JTDBT1234Y00,J,T,D,B,T,1,2,3,4,Y,0,0,0,0,0,Not Applicable,Not Applicable,0,0,0,1,0,0,0,0,0,0,0,45,0,0,0,12,6,2,12,0,0,0,1,4,85138,1,1,0,0,2,0,68,200,0,2,0,0,1,2,2014,4,2014,4,0,0,0,0,3,6,65,1,1,2,2,0,0,2,52,1,1,1,28,,,,1,0,,,,,,,,,,,,,,,,,,,,,,,,,2014
2014040365,4,40365,3,3,1,8,7,23,25,12,1,1,0,4,1,35,32,35032,2,1997,1N4AB42D3VC5,1,N,4,A,B,4,2,D,3,V,C,5,0,0,0,Not Applicable,Not Applicable,0,0,0,1,0,0,0,0,0,0,0,998,0,0,0,6,2,5,12,0,0,0,1,4,85202,6,1,0,0,3,0,70,160,0,0,0,0,0,0,0,0,0,0,0,0,0,0,3,5,65,1,1,2,2,0,0,2,50,4,1,1,29,,,,0,0,,,,,,,,,,,,,,,,,,,,,,,,,2014
2014040366,4,40366,1,1,1,16,7,19,13,8,0,1,0,4,2,72,706,72706,80,1999,1HD1FSW11XY6,1,H,D,1,F,S,W,1,1,X,Y,6,0,0,0,Not Applicable,Not Applicable,0,0,0,1,0,0,0,0,0,0,0,998,0,0,0,12,2,5,8,0,0,0,1,4,85303,6,1,0,0,3,0,69,185,0,0,0,0,0,0,0,0,0,0,0,0,0,0,5,5,40,1,1,8,1,0,0,1,80,3,2,1,13,,,,0,0,,,,,,,,,,,,,,,,,,,,,,,,,2014
2014040367,4,40367,1,1,1,27,7,11,2,1,0,1,0,32,1,54,31,54031,3,1998,JH4DC2387WS0,J,H,4,D,C,2,3,8,7,W,S,0,0,0,0,Not Applicable,Not Applicable,0,0,0,1,0,0,0,0,0,0,0,998,0,1,1,0,6,2,1,0,0,0,1,32,89701,6,1,0,0,3,0,71,165,0,0,0,0,1,1,2013,1,2013,0,0,0,0,0,1,2,65,2,5,2,1,0,0,14,9,99,1,6,98,,,,1,0,,,,,,,,,,,,,,,,,,,,,,,,,2014
2014040368,4,40368,1,2,3,28,7,10,40,12,2,1,0,4,1,35,43,35043,4,2013,3N1AB7AP9DL6,3,N,1,A,B,7,A,P,9,D,L,6,0,0,0,Not Applicable,Not Applicable,0,0,0,1,0,0,0,0,0,0,0,998,0,0,0,12,6,2,12,0,0,0,1,4,85350,6,1,0,0,3,0,59,105,0,0,0,2,0,8,2013,3,2014,0,35,0,0,0,1,2,50,1,1,8,1,0,0,6,54,6,1,1,52,,,,2,0,,,,,,,,,,,,,,,,,,,,,,,,,2014
2014040368,4,40368,2,2,1,28,7,10,40,12,2,1,0,4,2,37,32,37032,4,1997,1HGCD5638VA1,1,H,G,C,D,5,6,3,8,V,A,1,0,0,0,Not Applicable,Not Applicable,0,0,0,1,0,0,0,0,0,0,0,998,0,0,0,12,6,2,12,0,0,0,1,4,85349,6,1,0,0,3,0,67,400,0,0,0,0,0,0,0,0,0,0,0,0,0,0,1,2,50,1,1,8,1,0,0,1,50,7,1,1,52,,,,1,0,,,,,,,,,,,,,,,,,,,,,,,,,2014
2014040369,4,40369,1,1,1,7,6,2,21,59,0,1,0,4,1,20,16,20016,4,1999,1G1JF52T0X71,1,G,1,J,F,5,2,T,0,X,7,1,0,0,0,Not Applicable,Not Applicable,0,0,0,1,0,0,0,0,0,0,0,55,0,1,5,99,6,2,1,0,0,1,1,4,85650,6,1,0,0,3,3,72,175,0,0,0,0,0,0,0,0,0,3,89,0,0,0,5,5,55,1,1,2,1,0,0,1,9,99,4,4,7,,,,1,1,,,,,,,,,,,,,,,,,,,,,,,,,2014
2014040370,4,40370,1,2,4,13,6,21,28,12,1,1,0,4,2,18,23,18023,4,2010,1G4HC5EM7AU1,1,G,4,H,C,5,E,M,7,A,U,1,0,0,0,Not Applicable,Not Applicable,0,0,0,1,0,0,0,0,0,0,0,999,0,1,5,12,6,2,1,0,0,0,1,4,86044,1,1,0,0,2,3,68,190,0,1,0,0,0,4,2014,4,2014,4,91,26,0,0,1,2,65,1,1,2,1,0,0,1,51,99,1,1,24,,,,0,1,,,,,,,,,,,,,,,,,,,,,,,,,2014
2014040370,4,40370,2,2,3,13,6,21,28,12,1,1,0,4,1,18,2,18002,4,2004,1G4HR54K3441,1,G,4,H,R,5,4,K,3,4,4,1,0,0,0,Not Applicable,Not Applicable,0,0,0,1,0,0,0,0,0,0,0,999,0,1,5,6,6,2,1,0,0,0,1,4,86053,6,1,0,0,3,3,66,180,0,0,0,1,0,5,2012,5,2012,0,0,0,0,0,1,2,65,1,1,2,1,0,0,1,53,99,1,1,25,,,,1,0,,,,,,,,,,,,,,,,,,,,,,,,,2014