accident_id,STATE,ST_CASE,VEH_NO,VE_FORMS,NUMOCCS,DAY,MONTH,HOUR,MINUTE,HARM_EV,MAN_COLL,UNITTYPE,HIT_RUN,REG_STAT,OWNER,MAKE,MODEL,MAK_MOD,BODY_TYP,MOD_YEAR,VIN,VIN_1,VIN_2,VIN_3,VIN_4,VIN_5,VIN_6,VIN_7,VIN_8,VIN_9,VIN_10,VIN_11,VIN_12,TOW_VEH,J_KNIFE,MCARR_I1,MCARR_I2,MCARR_ID,GVWR,V_CONFIG,CARGO_BT,HAZ_INV,HAZ_PLAC,HAZ_ID,HAZ_CNO,HAZ_REL,BUS_USE,SPEC_USE,EMER_USE,TRAV_SP,UNDERIDE,ROLLOVER,ROLINLOC,IMPACT1,DEFORMED,TOWED,M_HARM,VEH_SC1,VEH_SC2,FIRE_EXP,DR_PRES,L_STATE,DR_ZIP,L_STATUS,L_TYPE,CDL_STAT,L_ENDORS,L_COMPL,L_RESTRI,DR_HGT,DR_WGT,PREV_ACC,PREV_SUS,PREV_DWI,PREV_SPD,PREV_OTH,FIRST_MO,FIRST_YR,LAST_MO,LAST_YR,SPEEDREL,DR_SF1,DR_SF2,DR_SF3,DR_SF4,VTRAFWAY,VNUM_LAN,VSPD_LIM,VALIGN,VPROFILE,VPAVETYP,VSURCOND,VTRAFCON,VTCONT_F,P_CRASH1,P_CRASH2,P_CRASH3,PCRASH4,PCRASH5,ACC_TYPE,TRLR1VIN,TRLR2VIN,TRLR3VIN,DEATHS,DR_DRINK,VINTYPE,VINMAKE,VINA_MOD,VIN_BT,VINMODYR,VIN_LNGT,VIN_WGT,WGTCD_TR,WHLBS_LG,WHLBS_SH,SER_TR,FUELCODE,MCYCL_DS,CARBUR,CYLINDER,DISPLACE,MCYCL_CY,MCYCL_WT,TIRE_SZE,TON_RAT,TRK_WT,TRKWTVAR,VIN_REST,WHLDRWHL,Year
2014040406,4,40406,1,1,1,23,8,5,4,3,0,1,0,4,1,49,401,49401,14,2005,JTEZU14R5500,J,T,E,Z,U,1,4,R,5,5,0,0,0,0,0,Not Applicable,Not Applicable,0,0,0,1,0,0,0,0,0,0,0,40,0,1,5,0,6,2,3,0,0,0,1,4,85364,6,1,0,0,3,0,66,300,0,0,0,0,0,0,0,0,0,0,39,0,0,0,1,2,50,1,1,4,1,20,3,1,12,99,1,4,0,,,,1,1,,,,,,,,,,,,,,,,,,,,,,,,,2014
2014040408,4,40408,1,2,3,24,8,23,56,12,6,1,0,4,1,7,482,7482,31,2013,3C6JR6AT4DG5,3,C,6,J,R,6,A,T,4,D,G,5,0,0,0,Not Applicable,Not Applicable,0,0,0,1,0,0,0,0,0,0,0,998,0,0,0,12,6,2,12,0,0,0,1,4,85326,6,1,0,0,3,0,68,180,1,0,0,3,1,5,2012,6,2014,0,39,0,0,0,1,2,50,1,1,2,1,20,3,1,17,99,1,1,86,,,,0,1,,,,,,,,,,,,,,,,,,,,,,,,,2014
2014040408,4,40408,2,2,2,24,8,23,56,12,6,1,0,4,2,30,47,30047,3,2006,3VWPG31C66M4,3,V,W,P,G,3,1,C,6,6,M,4,0,0,0,Not Applicable,Not Applicable,0,0,0,1,0,0,0,0,0,0,0,998,0,0,0,81,6,2,12,0,0,0,1,4,85020,6,1,0,0,3,0,63,170,0,0,0,0,0,0,0,0,0,0,0,0,0,0,2,4,55,1,1,2,1,0,0,1,66,99,1,1,87,,,,1,0,,,,,,,,,,,,,,,,,,,,,,,,,2014
2014040409,4,40409,1,4,1,25,8,11,2,12,1,1,0,6,1,82,881,82881,66,2007,1FUJA6CK97LU,1,F,U,J,A,6,C,K,9,7,L,U,1,3,57,1255951,571255951,3,6,1,1,0,0,0,0,0,0,0,60,0,0,0,12,6,2,12,0,0,0,1,6,93662,6,1,6,0,3,0,67,169,0,0,0,0,0,0,0,0,0,4,84,0,0,0,2,2,75,1,6,2,1,50,3,2,50,3,2,1,20,,,,0,0,,,,,,,,,,,,,,,,,,,,,,,,,2014
2014040409,4,40409,2,4,2,25,8,11,2,12,1,1,0,48,4,20,405,20405,14,2014,3GNAL3EK0ES6,3,G,N,A,L,3,E,K,0,E,S,6,0,0,0,Not Applicable,Not Applicable,0,0,0,1,0,0,0,0,0,0,0,0,3,1,1,6,6,2,1,0,0,0,1,97,0,9,9,99,0,9,9,72,165,99,99,99,99,99,99,9999,99,9999,0,0,0,0,0,2,2,75,1,6,2,1,50,3,5,53,99,1,1,21,,,,1,0,,,,,,,,,,,,,,,,,,,,,,,,,2014
2014040409,4,40409,3,4,1,25,8,11,2,12,1,1,0,4,1,49,472,49472,30,2009,5TELU42N69Z6,5,T,E,L,U,4,2,N,6,9,Z,6,0,0,0,Not Applicable,Not Applicable,0,0,0,1,0,0,0,0,0,0,0,0,0,1,1,6,6,2,12,0,0,0,1,4,86001,6,1,0,0,3,0,64,150,0,0,0,0,0,0,0,0,0,0,0,0,0,0,2,2,75,1,6,2,1,50,3,5,53,1,1,1,98,,,,0,0,,,,,,,,,,,,,,,,,,,,,,,,,2014
2014040409,4,40409,4,4,3,25,8,11,2,12,1,1,0,34,2,35,49,35049,6,2014,JN8AZ1MW1EW5,J,N,8,A,Z,1,M,W,1,E,W,5,0,0,0,Not Applicable,Not Applicable,0,0,0,1,0,0,0,0,0,0,0,0,0,0,0,6,6,2,12,0,0,0,1,36,11225,6,1,0,0,3,0,68,999,0,0,0,0,0,0,0,0,0,0,0,0,0,0,2,2,75,1,6,2,1,50,3,5,53,1,1,1,98,,,,0,0,,,,,,,,,,,,,,,,,,,,,,,,,2014
2014040410,4,40410,1,1,1,25,8,17,48,34,0,1,0,4,2,37,702,37702,81,1988,JH2HF0312JS3,J,H,2,H,F,0,3,1,2,J,S,3,0,0,0,Not Applicable,Not Applicable,0,0,0,1,0,0,0,0,0,0,0,10,0,0,0,12,2,5,41,0,0,0,1,4,86333,0,0,0,0,0,0,68,170,0,0,0,0,0,0,0,0,0,0,0,0,0,0,1,2,25,1,1,8,1,0,0,1,13,99,1,4,1,,,,1,1,,,,,,,,,,,,,,,,,,,,,,,,,2014
2014040411,4,40411,1,1,1,27,8,6,56,35,0,1,0,4,1,13,1,13001,4,1992,1LNLM81W4NY6,1,L,N,L,M,8,1,W,4,N,Y,6,0,0,0,Not Applicable,Not Applicable,0,0,0,1,0,0,0,0,0,0,0,19,0,1,5,12,6,2,1,0,0,0,1,4,86326,6,1,0,0,3,0,70,170,0,0,0,0,1,8,2012,8,2012,9,89,0,0,0,1,2,55,1,5,2,2,0,0,1,13,99,1,4,1,,,,1,0,,,,,,,,,,,,,,,,,,,,,,,,,2014
2014040412,4,40412,1,2,1,28,8,6,53,12,6,1,0,4,2,2,404,2404,14,1989,1J4FJ78L8KL4,1,J,4,F,J,7,8,L,8,K,L,4,0,0,0,Not Applicable,Not Applicable,0,0,0,1,0,0,0,0,0,0,0,998,0,0,0,12,6,2,12,0,0,0,1,4,85302,6,1,0,0,3,0,65,190,0,0,0,0,0,0,0,0,0,0,39,0,0,0,2,4,45,1,1,2,1,3,3,1,17,1,1,1,83,,,,0,0,,,,,,,,,,,,,,,,,,,,,,,,,2014
2014040412,4,40412,2,2,1,28,8,6,53,12,6,1,0,4,1,55,33,55033,4,2004,KMHWF35H14A9,K,M,H,W,F,3,5,H,1,4,A,9,0,0,0,Not Applicable,Not Applicable,0,0,0,1,0,0,0,0,0,0,0,998,0,0,0,61,6,2,12,0,0,0,1,4,85351,6,1,0,0,3,0,62,230,0,0,0,0,0,0,0,0,0,0,0,0,0,0,2,4,45,1,1,2,1,3,3,11,66,1,1,1,82,,,,1,0,,,,,,,,,,,,,,,,,,,,,,,,,2014
2014040413,4,40413,1,2,3,28,8,12,53,12,6,1,0,4,3,20,431,20431,16,1999,3GNFK16R6XG2,3,G,N,F,K,1,6,R,6,X,G,2,0,0,0,Not Applicable,Not Applicable,0,0,0,1,0,0,0,0,0,0,0,998,0,0,0,82,6,2,12,0,0,0,1,4,85925,6,1,0,0,3,0,64,157,0,0,0,0,0,0,0,0,0,0,38,0,0,0,1,2,50,1,2,2,1,0,0,11,15,1,1,2,68,,,,0,0,,,,,,,,,,,,,,,,,,,,,,,,,2014
2014040413,4,40413,2,2,2,28,8,12,53,12,6,1,0,4,1,12,398,12398,9,1932,No VIN Required,0,0,0,0,0,0,0,0,0,0,0,0,0,0,0,Not Applicable,Not Applicable,0,0,0,1,0,0,0,0,0,0,0,998,0,0,0,12,4,3,12,0,0,0,1,4,85018,6,1,0,0,3,3,74,200,0,0,0,0,0,0,0,0,0,0,0,0,0,0,1,2,50,1,2,2,1,0,0,1,62,3,2,1,69,,,,1,0,,,,,,,,,,,,,,,,,,,,,,,,,2014
2014040414,4,40414,1,1,1,29,8,9,59,17,0,1,0,6,1,37,706,37706,80,2012,JH2SC68L5CK0,J,H,2,S,C,6,8,L,5,C,K,0,0,0,0,Not Applicable,Not Applicable,0,0,0,1,0,0,0,0,0,0,0,50,0,0,0,12,6,2,1,0,0,0,1,6,92886,6,1,0,0,3,3,68,250,0,0,0,0,0,0,0,0,0,0,0,0,0,0,8,8,50,1,6,8,1,0,0,1,13,99,1,4,1,,,,1,0,,,,,,,,,,,,,,,,,,,,,,,,,2014
2014040415,4,40415,1,1,2,30,8,2,9,46,0,1,0,4,1,20,22,20022,2,2007,1G1AK15F8771,1,G,1,A,K,1,5,F,8,7,7,1,0,0,0,Not Applicable,Not Applicable,0,0,0,1,0,0,0,0,0,0,0,48,0,0,0,12,6,2,46,0,0,0,1,4,85323,6,1,0,0,3,0,70,180,0,0,0,0,0,0,0,0,0,0,0,0,0,0,1,7,35,1,1,8,1,2,3,1,13,99,1,4,1,,,,1,1,,,,,,,,,,,,,,,,,,,,,,,,,2014
2014040416,4,40416,1,1,1,31,8,6,25,30,0,1,0,4,2,14,6,14006,4,1994,2MELM74W0RX6,2,M,E,L,M,7,4,W,0,R,X,6,0,0,0,Not Applicable,Not Applicable,0,0,0,1,0,0,0,0,0,0,0,30,0,0,0,12,6,2,30,0,0,0,1,4,86409,6,1,0,0,3,0,62,115,0,2,1,0,0,6,2012,2,2013,0,0,0,0,0,1,2,25,1,1,2,1,0,0,1,13,99,1,4,1,,,,1,1,,,,,,,,,,,,,,,,,,,,,,,,,2014
2014040417,4,40417,1,1,1,4,7,2,32,8,0,1,1,99,9,99,999,99999,99,9999,Unknown,9,9,9,9,9,9,9,9,9,9,9,9,0,0,0,Not Applicable,Not Applicable,0,0,0,1,0,0,0,0,0,0,0,998,0,0,0,12,4,5,8,0,0,0,1,99,99999,9,9,99,9,9,9,999,999,99,99,99,99,99,99,9999,99,9999,9,99,99,99,99,1,5,35,1,1,8,1,0,0,1,80,99,9,1,13,,,,0,0,,,,,,,,,,,,,,,,,,,,,,,,,2014
2014040418,4,40418,1,1,1,7,7,12,49,41,0,1,0,4,1,49,403,49403,14,2003,JTEGF21A5301,J,T,E,G,F,2,1,A,5,3,0,1,0,0,0,Not Applicable,Not Applicable,0,0,0,1,0,0,0,0,0,0,0,45,0,0,0,12,6,2,42,32,0,0,1,4,85286,6,1,0,0,3,3,70,160,1,0,0,1,0,2,2014,2,2014,4,0,0,0,0,2,3,45,1,1,8,1,0,0,1,13,99,1,4,1,,,,1,0,,,,,,,,,,,,,,,,,,,,,,,,,2014
2014040419,4,40419,1,2,1,13,7,1,54,12,6,1,1,4,3,49,482,49482,31,2007,5TFLV52137X0,5,T,F,L,V,5,2,1,3,7,X,0,0,0,0,Not Applicable,Not Applicable,0,0,0,1,0,0,0,0,0,0,0,45,0,0,0,12,6,2,12,0,0,0,1,4,85209,1,1,0,0,2,0,71,170,0,13,3,3,2,7,2011,6,2014,4,99,99,99,99,2,5,45,1,1,8,1,3,3,1,17,99,1,1,86,,,,0,0,,,,,,,,,,,,,,,,,,,,,,,,,2014
2014040419,4,40419,2,2,2,13,7,1,54,12,6,1,0,4,1,24,1,24001,4,1995,1G8ZK5277SZ3,1,G,8,Z,K,5,2,7,7,S,Z,3,0,0,0,Not Applicable,Not Applicable,0,0,0,1,0,0,0,0,0,0,0,45,0,0,0,82,6,2,12,0,0,0,1,4,85209,6,1,0,0,3,0,62,135,1,0,0,0,0,9,2012,9,2012,0,0,0,0,0,1,7,45,1,1,8,1,3,3,1,17,99,1,1,87,,,,1,0,,,,,,,,,,,,,,,,,,,,,,,,,2014
2014040420,4,40420,1,2,1,19,7,15,0,12,7,1,0,4,1,72,706,72706,80,2013,1HD1GZM17DC3,1,H,D,1,G,Z,M,1,7,D,C,3,0,0,0,Not Applicable,Not Applicable,0,0,0,1,0,0,0,0,0,0,0,20,0,0,0,62,4,3,12,0,0,0,1,4,85021,6,1,0,0,3,0,70,175,0,1,0,1,0,12,2013,1,2014,0,99,99,99,99,1,7,40,1,1,8,1,0,0,15,10,99,1,2,47,,,,1,0,,,,,,,,,,,,,,,,,,,,,,,,,2014
2014040420,4,40420,2,2,1,19,7,15,0,12,7,1,0,4,1,49,482,49482,31,2000,5TBRT3416YS0,5,T,B,R,T,3,4,1,6,Y,S,0,0,0,0,Not Applicable,Not Applicable,0,0,0,1,0,0,0,0,0,0,0,40,0,0,0,83,2,5,12,0,0,0,1,4,85307,6,1,0,0,3,3,71,150,0,0,0,0,0,0,0,0,0,0,0,0,0,0,1,7,40,1,1,8,1,0,0,1,61,1,1,1,45,,,,0,0,,,,,,,,,,,,,,,,,,,,,,,,,2014
2014040421,4,40421,1,1,1,2,7,21,27,1,0,1,0,99,9,99,999,99999,99,9999,Unknown,9,9,9,9,9,9,9,9,9,9,9,9,0,0,0,Not Applicable,Not Applicable,0,0,0,1,0,0,0,0,0,0,0,999,0,1,9,0,9,9,1,0,0,0,1,4,86045,6,1,0,0,3,0,70,130,0,0,0,1,0,7,2014,7,2014,9,99,99,99,99,9,9,99,9,9,2,99,99,9,99,99,99,9,9,99,,,,1,0,,,,,,,,,,,,,,,,,,,,,,,,,2014
2014040422,4,40422,1,1,3,7,7,3,10,1,0,1,0,99,9,99,999,99999,99,9999,Unknown,9,9,9,9,9,9,9,9,9,9,9,9,0,0,0,Not Applicable,Not Applicable,0,0,0,1,0,0,0,0,0,0,0,999,0,9,9,0,9,9,99,0,0,0,1,99,99999,9,9,99,9,9,9,999,999,99,99,99,99,99,99,9999,99,9999,9,99,99,99,99,9,9,99,9,9,8,99,99,9,99,99,99,9,9,99,,,,3,0,,,,,,,,,,,,,,,,,,,,,,,,,2014
2014040423,4,40423,1,1,1,7,7,9,25,8,0,1,0,99,9,99,999,99999,99,9999,Unknown,9,9,9,9,9,9,9,9,9,9,9,9,0,0,0,Not Applicable,Not Applicable,0,0,0,1,0,0,0,0,0,99,2,999,0,0,0,12,9,9,8,0,0,0,1,99,99999,9,9,99,0,9,9,999,999,99,99,99,99,99,99,9999,99,9999,9,99,99,99,99,9,9,99,9,9,8,99,99,9,99,80,99,9,9,13,,,,0,0,,,,,,,,,,,,,,,,,,,,,,,,,2014
2014040424,4,40424,1,1,1,7,7,22,37,15,0,1,0,4,2,20,37,20037,4,2001,1G1ND52J31M6,1,G,1,N,D,5,2,J,3,1,M,6,0,0,0,Not Applicable,Not Applicable,0,0,0,1,0,0,0,0,0,0,0,41,0,0,0,12,2,3,15,0,0,0,1,4,85008,0,0,0,0,0,0,62,123,0,0,0,0,1,4,2012,4,2012,0,0,0,0,0,5,6,40,1,1,8,1,0,0,1,83,1,1,1,13,,,,0,0,,,,,,,,,,,,,,,,,,,,,,,,,2014
2014040425,4,40425,1,2,1,8,7,18,52,12,2,1,0,4,2,22,22,22022,4,2008,1G2ZG57BX842,1,G,2,Z,G,5,7,B,X,8,4,2,0,0,0,Not Applicable,Not Applicable,0,0,0,1,0,0,0,0,0,0,0,45,0,0,0,12,6,2,12,0,0,0,1,4,85303,6,1,0,0,3,3,67,126,0,0,0,0,0,0,0,0,0,0,28,38,0,0,1,5,45,1,1,2,1,3,3,1,17,6,9,2,54,,,,0,0,,,,,,,,,,,,,,,,,,,,,,,,,2014
2014040425,4,40425,2,2,1,8,7,18,52,12,2,1,0,4,1,49,48,49048,5,2006,JTKKT6247601,J,T,K,K,T,6,2,4,7,6,0,1,0,0,0,Not Applicable,Not Applicable,0,0,0,1,0,0,0,0,0,0,0,40,0,0,0,12,6,2,12,0,0,0,1,4,85037,6,1,0,0,3,3,65,185,0,0,0,0,0,0,0,0,0,0,0,0,0,0,1,5,45,1,1,2,1,3,3,1,62,99,1,1,55,,,,1,0,,,,,,,,,,,,,,,,,,,,,,,,,2014
2014040426,4,40426,1,1,1,9,7,20,25,9,0,1,0,4,1,7,403,7403,14,2008,1D8GU28K18W1,1,D,8,G,U,2,8,K,1,8,W,1,0,0,0,Not Applicable,Not Applicable,0,0,0,1,0,0,0,0,0,0,0,36,0,0,0,12,8,3,9,0,0,0,1,4,85041,6,1,0,0,3,0,70,185,0,2,0,0,0,6,2013,6,2013,4,0,0,0,0,1,2,25,1,1,8,1,0,0,1,83,99,1,1,13,,,,0,0,,,,,,,,,,,,,,,,,,,,,,,,,2014
2014040427,4,40427,1,2,1,17,7,21,33,12,6,1,0,4,1,20,481,20481,31,2013,1GC1KXC83DF1,1,G,C,1,K,X,C,8,3,D,F,1,0,0,0,Not Applicable,Not Applicable,0,0,0,1,0,0,0,0,0,0,0,17,0,0,0,12,2,5,12,0,0,0,1,4,85363,6,1,6,0,3,3,68,260,0,0,0,0,0,0,0,0,0,0,48,91,0,0,5,5,35,1,1,2,1,0,0,11,15,1,1,1,68,,,,0,0,,,,,,,,,,,,,,,,,,,,,,,,,2014
2014040427,4,40427,2,2,2,17,7,21,33,12,6,1,0,92,0,98,709,98709,88,2008,LWGTCAP078C0,L,W,G,T,C,A,P,0,7,8,C,0,0,0,0,Not Applicable,Not Applicable,0,0,0,1,0,0,0,0,0,0,0,17,0,0,0,62,6,2,12,0,0,0,1,4,85363,6,1,6,0,2,0,74,200,0,3,0,0,0,7,2011,7,2013,0,24,0,0,0,5,5,35,1,1,2,1,0,0,1,62,99,1,1,69,,,,1,0,,,,,,,,,,,,,,,,,,,,,,,,,2014
2014040428,4,40428,1,1,1,18,7,20,53,8,0,1,1,4,2,12,3,12003,1,2008,1ZVHT89S9851,1,Z,V,H,T,8,9,S,9,8,5,1,0,0,0,Not Applicable,Not Applicable,0,0,0,1,0,0,0,0,0,0,0,52,0,0,0,12,2,5,8,0,0,0,1,4,85260,6,1,0,0,3,3,67,175,0,0,0,1,0,3,2013,3,2013,0,91,0,0,0,5,5,40,1,1,8,1,0,0,1,80,1,1,1,13,,,,0,1,,,,,,,,,,,,,,,,,,,,,,,,,2014
2014040429,4,40429,1,1,4,19,7,3,55,1,0,1,0,4,2,2,403,2403,14,1993,1J4FY29S3PP2,1,J,4,F,Y,2,9,S,3,P,P,2,0,0,0,Not Applicable,Not Applicable,0,0,0,1,0,0,0,0,0,0,0,25,0,1,5,0,6,2,1,0,0,0,1,4,85539,6,1,0,0,3,0,71,200,1,5,0,2,1,5,2012,5,2014,0,0,0,0,0,1,2,25,1,1,5,1,0,0,1,13,99,1,4,1,,,,1,1,,,,,,,,,,,,,,,,,,,,,,,,,2014
2014040430,4,40430,1,1,3,25,7,22,55,8,0,1,0,99,9,20,16,20016,4,2003,Unknown,9,9,9,9,9,9,9,9,9,9,9,9,0,0,0,Not Applicable,Not Applicable,0,0,0,1,0,0,0,0,0,0,0,999,0,0,0,12,9,9,8,0,0,0,1,4,85029,6,1,0,0,3,0,65,250,0,0,0,0,0,0,0,0,0,9,99,99,99,99,9,9,99,9,9,8,99,0,0,99,80,99,9,9,13,,,,0,0,,,,,,,,,,,,,,,,,,,,,,,,,2014
2014040431,4,40431,1,2,1,2,8,21,58,8,0,1,0,4,1,35,43,35043,4,2006,3N1CB51D16L5,3,N,1,C,B,5,1,D,1,6,L,5,0,0,0,Not Applicable,Not Applicable,0,0,0,1,0,0,0,0,0,0,0,65,0,0,0,12,6,2,8,0,0,0,1,4,85206,6,1,0,0,3,0,67,155,0,0,0,0,0,0,0,0,0,0,0,0,0,0,3,6,65,1,1,2,1,0,0,1,80,6,1,2,13,,,,0,0,,,,,,,,,,,,,,,,,,,,,,,,,2014
2014040431,4,40431,2,2,2,2,8,21,58,8,0,1,0,4,1,49,46,49046,5,2012,JTDKDTB36C10,J,T,D,K,D,T,B,3,6,C,1,0,0,0,0,Not Applicable,Not Applicable,0,0,0,1,0,0,0,0,0,0,0,65,0,0,0,14,2,5,8,0,0,0,1,4,85379,6,1,0,0,3,3,68,165,0,0,0,0,0,0,0,0,0,0,0,0,0,0,3,6,65,1,1,2,1,0,0,1,80,2,1,1,98,,,,0,0,,,,,,,,,,,,,,,,,,,,,,,,,2014
2014040432,4,40432,1,2,1,24,8,9,22,12,2,1,0,4,5,12,37,12037,4,2008,1FAHP35N08W2,1,F,A,H,P,3,5,N,0,8,W,2,0,0,0,Not Applicable,Not Applicable,0,0,0,1,0,0,0,0,0,0,0,998,0,0,0,12,6,2,12,0,0,0,1,4,85346,6,1,0,0,3,0,74,210,0,0,0,0,0,0,0,0,0,0,51,0,0,0,2,2,75,1,1,2,1,0,0,1,54,99,1,1,52,,,,1,0,,,,,,,,,,,,,,,,,,,,,,,,,2014
2014040432,4,40432,2,2,1,24,8,9,22,12,2,1,0,12,3,82,884,82884,66,2004,1FUJA6CK74LM,1,F,U,J,A,6,C,K,7,4,L,M,1,1,57,0170444,570170444,3,6,1,1,0,0,0,0,0,0,0,998,0,0,0,12,6,2,2,0,0,1,1,12,33012,6,1,6,0,3,0,67,999,0,0,0,0,1,3,2014,3,2014,0,0,0,0,0,2,2,75,1,1,2,1,0,0,1,54,1,1,1,52,,,,0,0,,,,,,,,,,,,,,,,,,,,,,,,,2014
2014040433,4,40433,1,2,1,26,8,15,15,12,6,1,0,4,1,13,1,13001,4,1989,1LNBM81F3KY6,1,L,N,B,M,8,1,F,3,K,Y,6,0,0,0,Not Applicable,Not Applicable,0,0,0,1,0,0,0,0,0,0,0,60,0,0,0,12,6,2,12,0,0,0,1,4,86409,6,1,0,0,3,0,71,165,0,1,0,0,0,3,2014,3,2014,3,39,37,0,0,1,2,25,1,1,2,1,20,3,1,17,1,1,1,86,,,,0,1,,,,,,,,,,,,,,,,,,,,,,,,,2014
2014040433,4,40433,2,2,1,26,8,15,15,12,6,1,0,4,1,49,482,49482,31,2008,5TFRV54148X0,5,T,F,R,V,5,4,1,4,8,X,0,0,0,0,Not Applicable,Not Applicable,0,0,0,1,0,0,0,0,0,0,0,35,0,0,0,83,6,2,12,0,0,0,1,4,86409,6,1,0,0,3,0,72,230,0,0,0,0,0,0,0,0,0,0,0,0,0,0,5,5,35,1,1,2,1,0,0,1,66,99,1,1,87,,,,1,0,,,,,,,,,,,,,,,,,,,,,,,,,2014
2014040434,4,40434,1,1,4,2,8,16,20,59,0,1,0,4,1,7,482,7482,31,1996,3B7KF23C8TM1,3,B,7,K,F,2,3,C,8,T,M,1,0,0,0,Not Applicable,Not Applicable,0,0,0,1,0,0,0,0,0,0,0,998,0,1,5,99,6,2,1,0,0,0,1,4,85501,6,1,0,0,3,0,70,180,0,0,0,0,0,0,0,0,0,4,33,87,0,0,1,2,50,1,1,8,2,0,0,6,6,99,9,4,7,,,,3,1,,,,,,,,,,,,,,,,,,,,,,,,,2014
2014040435,4,40435,1,2,1,14,8,17,48,12,6,1,0,4,2,55,33,55033,4,2013,5NPEB4AC8DH5,5,N,P,E,B,4,A,C,8,D,H,5,0,0,0,Not Applicable,Not Applicable,0,0,0,1,0,0,0,0,0,0,0,11,0,0,0,82,6,2,12,0,0,0,1,4,85254,6,1,0,0,3,3,60,125,0,1,0,1,0,5,2014,6,2014,0,48,0,0,0,1,5,40,1,1,8,1,3,3,11,15,99,1,1,68,,,,0,0,,,,,,,,,,,,,,,,,,,,,,,,,2014
2014040435,4,40435,2,2,1,14,8,17,48,12,6,1,0,4,1,34,706,34706,80,2004,WB10499AX4ZE,W,B,1,0,4,9,9,A,X,4,Z,E,0,0,0,Not Applicable,Not Applicable,0,0,0,1,0,0,0,0,0,0,0,37,0,0,0,12,6,2,12,0,0,0,1,4,85204,6,1,0,0,3,3,73,289,0,0,0,0,0,0,0,0,0,0,0,0,0,0,1,5,40,1,1,8,1,3,3,1,62,99,1,1,69,,,,1,0,,,,,,,,,,,,,,,,,,,,,,,,,2014
2014040436,4,40436,1,2,1,21,8,1,46,12,6,1,0,4,1,12,16,12016,4,2000,2FAFP74W7YX2,2,F,A,F,P,7,4,W,7,Y,X,2,0,0,0,Not Applicable,Not Applicable,0,0,0,1,0,0,0,0,0,0,0,65,0,0,0,12,6,2,12,0,0,0,1,4,85335,6,1,0,0,3,3,76,230,0,0,0,2,0,12,2011,7,2012,0,39,91,0,0,1,2,40,1,1,2,1,20,3,1,17,99,1,1,88,,,,0,1,,,,,,,,,,,,,,,,,,,,,,,,,2014
2014040436,4,40436,2,2,2,21,8,1,46,12,6,1,0,4,1,7,442,7442,20,2000,1B4GP44R0YB6,1,B,4,G,P,4,4,R,0,Y,B,6,0,0,0,Not Applicable,Not Applicable,0,0,0,1,0,0,0,0,0,0,0,50,0,0,0,9,6,2,12,0,0,0,1,4,85041,6,1,0,0,3,0,64,170,0,0,0,0,0,0,0,0,0,0,0,0,0,0,1,2,50,1,1,2,1,0,0,1,66,99,1,1,89,,,,1,0,,,,,,,,,,,,,,,,,,,,,,,,,2014
2014040437,4,40437,1,1,1,14,8,5,3,8,0,1,0,4,3,85,881,85881,63,2003,1NKDLB9X63R8,1,N,K,D,L,B,9,X,6,3,R,8,1,1,57,0044637,570044637,3,4,4,1,0,0,0,0,0,0,0,45,0,0,0,10,0,5,8,0,0,0,1,4,85653,6,1,6,0,3,0,73,190,0,0,0,0,0,0,0,0,0,0,0,0,0,0,1,2,55,1,1,8,1,0,0,1,80,9,1,2,13,,,,0,0,,,,,,,,,,,,,,,,,,,,,,,,,2014
2014040438,4,40438,1,2,1,9,8,10,27,12,6,1,0,4,1,55,401,55401,14,2004,KM8SB12B74U6,K,M,8,S,B,1,2,B,7,4,U,6,0,0,0,Not Applicable,Not Applicable,0,0,0,1,0,0,0,0,0,0,0,10,0,0,0,3,6,2,12,0,0,0,1,4,85730,6,1,0,0,3,3,61,176,0,0,0,0,0,0,0,0,0,0,38,0,0,0,2,4,40,1,6,8,1,3,3,11,15,1,1,1,68,,,,1,0,,,,,,,,,,,,,,,,,,,,,,,,,2014
2014040438,4,40438,2,2,1,9,8,10,27,12,6,1,0,4,1,20,481,20481,31,1979,CKL149F44138,C,K,L,1,4,9,F,4,4,1,3,8,0,0,0,Not Applicable,Not Applicable,0,0,0,1,0,0,0,0,0,0,0,43,0,0,0,12,6,2,12,0,0,0,1,4,85641,6,1,0,0,3,0,74,185,0,1,1,0,0,11,2011,2,2012,0,0,0,0,0,2,4,40,1,5,8,1,3,3,1,62,1,1,1,69,,,,0,0,,,,,,,,,,,,,,,,,,,,,,,,,2014
2014040439,4,40439,1,1,1,7,8,20,27,8,0,1,1,99,9,99,999,99999,99,9999,Unknown,9,9,9,9,9,9,9,9,9,9,9,9,0,0,0,Not Applicable,Not Applicable,0,0,0,1,0,0,0,0,0,0,0,998,0,0,0,12,2,5,8,0,0,0,1,99,99999,9,9,99,0,9,9,999,999,99,99,99,99,99,99,9999,99,9999,4,99,99,99,99,1,7,40,1,1,2,1,0,0,1,80,99,1,1,13,,,,0,0,,,,,,,,,,,,,,,,,,,,,,,,,2014
2014040440,4,40440,1,1,1,1,8,2,48,1,0,1,0,4,1,20,36,20036,2,2004,2G1WX12KX494,2,G,1,W,X,1,2,K,X,4,9,4,0,0,0,Not Applicable,Not Applicable,0,0,0,1,0,0,0,0,0,0,0,70,0,1,5,0,6,2,1,0,0,0,1,4,86333,6,1,0,0,3,0,72,250,0,0,0,0,0,0,0,0,0,4,33,0,0,0,6,1,45,1,5,2,1,0,0,6,6,99,9,4,2,,,,1,1,,,,,,,,,,,,,,,,,,,,,,,,,2014
2014040441,4,40441,1,1,1,1,8,4,45,59,0,1,0,4,3,87,884,87884,66,2010,1XPWD09X4AD7,1,X,P,W,D,0,9,X,4,A,D,7,1,1,57,00069357,5700069357,3,6,2,2,2,3257,9,2,0,0,0,60,0,1,3,12,6,2,25,0,0,0,1,4,85326,6,1,6,1,3,0,72,240,0,0,0,0,0,0,0,0,0,9,99,99,99,99,3,4,65,1,1,2,2,0,0,99,13,99,1,4,1,,,,1,0,,,,,,,,,,,,,,,,,,,,,,,,,2014