accident_id,STATE,ST_CASE,VEH_NO,VE_FORMS,NUMOCCS,DAY,MONTH,HOUR,MINUTE,HARM_EV,MAN_COLL,UNITTYPE,HIT_RUN,REG_STAT,OWNER,MAKE,MODEL,MAK_MOD,BODY_TYP,MOD_YEAR,VIN,VIN_1,VIN_2,VIN_3,VIN_4,VIN_5,VIN_6,VIN_7,VIN_8,VIN_9,VIN_10,VIN_11,VIN_12,TOW_VEH,J_KNIFE,MCARR_I1,MCARR_I2,MCARR_ID,GVWR,V_CONFIG,CARGO_BT,HAZ_INV,HAZ_PLAC,HAZ_ID,HAZ_CNO,HAZ_REL,BUS_USE,SPEC_USE,EMER_USE,TRAV_SP,UNDERIDE,ROLLOVER,ROLINLOC,IMPACT1,DEFORMED,TOWED,M_HARM,VEH_SC1,VEH_SC2,FIRE_EXP,DR_PRES,L_STATE,DR_ZIP,L_STATUS,L_TYPE,CDL_STAT,L_ENDORS,L_COMPL,L_RESTRI,DR_HGT,DR_WGT,PREV_ACC,PREV_SUS,PREV_DWI,PREV_SPD,PREV_OTH,FIRST_MO,FIRST_YR,LAST_MO,LAST_YR,SPEEDREL,DR_SF1,DR_SF2,DR_SF3,DR_SF4,VTRAFWAY,VNUM_LAN,VSPD_LIM,VALIGN,VPROFILE,VPAVETYP,VSURCOND,VTRAFCON,VTCONT_F,P_CRASH1,P_CRASH2,P_CRASH3,PCRASH4,PCRASH5,ACC_TYPE,TRLR1VIN,TRLR2VIN,TRLR3VIN,DEATHS,DR_DRINK,VINTYPE,VINMAKE,VINA_MOD,VIN_BT,VINMODYR,VIN_LNGT,VIN_WGT,WGTCD_TR,WHLBS_LG,WHLBS_SH,SER_TR,FUELCODE,MCYCL_DS,CARBUR,CYLINDER,DISPLACE,MCYCL_CY,MCYCL_WT,TIRE_SZE,TON_RAT,TRK_WT,TRKWTVAR,VIN_REST,WHLDRWHL,Year
2014040476,4,40476,1,1,4,17,8,16,20,33,0,1,0,4,2,21,21,21021,4,2001,1G3NK52T61C2,1,G,3,N,K,5,2,T,6,1,C,2,0,0,0,Not Applicable,Not Applicable,0,0,0,1,0,0,0,0,0,0,0,34,0,0,0,12,6,2,42,0,0,0,1,4,85016,1,1,0,0,2,0,68,172,0,0,0,0,0,0,0,0,0,5,91,0,0,0,2,3,40,1,1,2,1,0,0,1,12,99,1,4,10,,,,1,0,,,,,,,,,,,,,,,,,,,,,,,,,2014
2014040477,4,40477,1,1,1,24,8,20,17,8,0,1,0,35,2,35,39,35039,4,2012,1N4AA5AP9CC8,1,N,4,A,A,5,A,P,9,C,C,8,0,0,0,Not Applicable,Not Applicable,0,0,0,1,0,0,0,0,0,0,0,36,0,0,0,12,6,2,8,0,0,0,1,35,87114,6,1,0,0,3,0,69,155,98,0,0,0,0,0,0,0,0,0,0,0,0,0,2,3,45,1,1,2,1,0,0,1,80,99,1,1,13,,,,0,0,,,,,,,,,,,,,,,,,,,,,,,,,2014
2014040478,4,40478,1,1,2,27,8,20,37,9,0,1,0,4,2,49,40,49040,4,1997,4T1BF22KXVU9,4,T,1,B,F,2,2,K,X,V,U,9,0,0,0,Not Applicable,Not Applicable,0,0,0,1,0,0,0,0,0,0,0,32,0,0,0,12,8,8,9,0,0,0,1,4,85031,0,0,0,0,0,0,69,160,0,0,0,0,0,0,0,0,0,0,0,0,0,0,5,6,40,1,1,8,1,0,0,1,80,99,1,1,13,,,,0,0,,,,,,,,,,,,,,,,,,,,,,,,,2014
2014040479,4,40479,1,2,1,5,9,9,29,12,6,1,0,4,1,6,398,6398,4,2002,1C3ES76F82D5,1,C,3,E,S,7,6,F,8,2,D,5,0,0,0,Not Applicable,Not Applicable,0,0,0,1,0,0,0,0,0,0,0,998,0,0,0,1,6,2,12,0,0,0,1,4,85032,6,1,0,0,3,0,69,195,0,0,0,0,0,0,0,0,0,0,48,0,0,0,8,8,98,1,1,1,1,3,3,11,15,1,1,1,68,,,,0,0,,,,,,,,,,,,,,,,,,,,,,,,,2014
2014040479,4,40479,2,2,1,5,9,9,29,12,6,1,0,4,1,14,17,14017,4,2004,1MEFM55S64A6,1,M,E,F,M,5,5,S,6,4,A,6,0,0,0,Not Applicable,Not Applicable,0,0,0,1,0,0,0,0,0,0,0,998,0,0,0,12,6,2,12,0,0,0,1,4,85201,6,1,0,0,3,0,62,115,0,0,0,0,0,0,0,0,0,0,0,0,0,0,8,8,98,1,1,1,1,3,3,1,62,99,1,1,69,,,,1,0,,,,,,,,,,,,,,,,,,,,,,,,,2014
2014040480,4,40480,1,2,1,16,9,13,47,12,2,1,0,4,2,55,33,55033,4,2011,5NPEC4AC7BH2,5,N,P,E,C,4,A,C,7,B,H,2,0,0,0,Not Applicable,Not Applicable,0,0,0,1,0,0,0,0,0,0,0,998,0,0,0,12,6,2,12,0,0,0,1,24,21701,6,1,0,0,3,0,72,190,0,3,0,1,1,1,2012,2,2014,0,28,0,0,0,8,8,40,1,1,8,2,0,0,15,10,99,1,1,50,,,,1,0,,,,,,,,,,,,,,,,,,,,,,,,,2014
2014040480,4,40480,2,2,1,16,9,13,47,12,2,1,0,12,1,49,40,49040,4,1999,4T1BG22K8XU5,4,T,1,B,G,2,2,K,8,X,U,5,0,0,0,Not Applicable,Not Applicable,0,0,0,1,0,0,0,0,0,0,0,998,0,0,0,12,6,2,12,0,0,0,1,12,33442,6,1,0,0,3,3,68,999,0,0,0,0,0,0,0,0,0,0,0,0,0,0,8,8,40,1,1,8,2,0,0,1,62,99,1,1,51,,,,0,0,,,,,,,,,,,,,,,,,,,,,,,,,2014
2014040481,4,40481,1,2,1,23,9,6,33,12,6,1,0,4,1,49,40,49040,4,1998,JT2BG22KXW01,J,T,2,B,G,2,2,K,X,W,0,1,0,0,0,Not Applicable,Not Applicable,0,0,0,1,0,0,0,0,0,0,0,5,0,0,0,62,6,2,12,0,0,0,1,4,85019,6,1,0,0,3,3,62,139,0,0,0,0,0,0,0,0,0,0,39,0,0,0,1,2,30,1,1,8,1,20,3,1,17,99,1,1,89,,,,1,0,,,,,,,,,,,,,,,,,,,,,,,,,2014
2014040481,4,40481,2,2,1,23,9,6,33,12,6,1,0,4,2,14,4,14004,2,1994,1MELM62W9RH6,1,M,E,L,M,6,2,W,9,R,H,6,0,0,0,Not Applicable,Not Applicable,0,0,0,1,0,0,0,0,0,0,0,998,0,0,0,12,6,2,12,0,0,0,1,4,85017,0,0,0,0,0,0,69,155,0,0,0,0,0,0,0,0,0,0,91,0,0,0,1,2,30,1,1,8,1,0,0,1,66,99,1,1,88,,,,0,0,,,,,,,,,,,,,,,,,,,,,,,,,2014
2014040482,4,40482,1,2,1,24,9,7,45,12,6,1,0,4,2,37,32,37032,4,2008,1HGCP26798A0,1,H,G,C,P,2,6,7,9,8,A,0,0,0,0,Not Applicable,Not Applicable,0,0,0,1,0,0,0,0,0,0,0,10,0,0,0,12,6,2,12,0,0,0,1,35,87402,0,0,0,0,0,0,58,120,98,0,0,0,0,0,0,0,0,0,48,0,0,0,8,8,40,1,1,2,1,3,3,11,15,1,1,1,68,,,,0,0,,,,,,,,,,,,,,,,,,,,,,,,,2014
2014040482,4,40482,2,2,1,24,9,7,45,12,6,1,0,4,1,67,31,67031,6,2012,JTLZE4FE4CJ0,J,T,L,Z,E,4,F,E,4,C,J,0,0,0,0,Not Applicable,Not Applicable,0,0,0,1,0,0,0,0,0,0,0,40,0,0,0,62,6,2,12,32,0,0,1,4,85382,6,1,0,0,3,0,72,220,0,0,0,0,0,0,0,0,0,0,0,0,0,0,8,8,40,1,1,2,1,3,3,1,62,1,1,1,69,,,,1,0,,,,,,,,,,,,,,,,,,,,,,,,,2014
2014040483,4,40483,1,2,1,12,7,13,20,12,7,1,0,4,1,98,739,98739,90,2007,4UF07ATV87T2,4,U,F,0,7,A,T,V,8,7,T,2,0,0,0,Not Applicable,Not Applicable,0,0,0,1,0,0,0,0,0,0,0,20,0,1,5,82,6,2,1,0,0,0,1,4,85086,6,1,6,0,3,0,69,230,0,0,0,0,0,0,0,0,0,4,99,99,99,99,1,2,0,2,6,5,1,0,0,14,6,99,9,1,48,,,,1,0,,,,,,,,,,,,,,,,,,,,,,,,,2014
2014040483,4,40483,2,2,1,12,7,13,20,12,7,1,0,4,1,98,739,98739,90,2007,4UF07ATV47T2,4,U,F,0,7,A,T,V,4,7,T,2,0,0,0,Not Applicable,Not Applicable,0,0,0,1,0,0,0,0,0,0,0,0,0,0,0,63,0,5,12,0,0,0,1,4,85339,6,1,0,0,3,0,68,140,0,0,0,0,0,0,0,0,0,0,0,0,0,0,1,2,0,2,6,5,1,0,0,5,60,99,1,1,48,,,,0,0,,,,,,,,,,,,,,,,,,,,,,,,,2014
2014040484,4,40484,1,1,1,21,9,23,26,38,0,1,0,4,1,23,481,23481,31,1980,TCZ14AZ51180,T,C,Z,1,4,A,Z,5,1,1,8,0,0,0,0,Not Applicable,Not Applicable,0,0,0,1,0,0,0,0,0,0,0,50,0,0,0,12,6,2,38,0,0,0,1,4,85901,6,1,0,0,3,0,70,145,0,0,0,0,0,0,0,0,0,2,0,0,0,0,1,2,25,1,1,8,1,0,0,1,6,3,2,4,14,,,,1,0,,,,,,,,,,,,,,,,,,,,,,,,,2014
2014040485,4,40485,1,2,1,28,9,9,45,12,1,1,0,4,4,72,706,72706,80,2011,1HD1FB41XBB6,1,H,D,1,F,B,4,1,X,B,B,6,0,0,0,Not Applicable,Not Applicable,0,0,0,1,0,0,0,0,0,0,0,60,0,0,0,12,6,2,12,0,0,0,1,97,0,9,9,99,0,9,9,999,999,99,99,99,99,99,99,9999,99,9999,0,99,99,99,99,1,2,65,1,1,2,1,0,0,1,50,7,1,3,20,,,,1,0,,,,,,,,,,,,,,,,,,,,,,,,,2014
2014040485,4,40485,2,2,2,28,9,9,45,12,1,1,0,6,4,23,422,23422,15,2015,1GKS1HKC2FR2,1,G,K,S,1,H,K,C,2,F,R,2,0,0,0,Not Applicable,Not Applicable,0,0,0,1,0,0,0,0,0,0,0,0,0,0,0,6,4,5,12,0,0,0,1,97,0,9,9,99,0,9,9,999,999,99,99,99,99,99,99,9999,99,9999,0,0,0,0,0,1,2,65,1,1,2,1,0,0,5,53,1,1,1,21,,,,0,0,,,,,,,,,,,,,,,,,,,,,,,,,2014
2014040486,4,40486,1,2,1,1,10,13,12,12,6,1,0,4,1,18,23,18023,4,2008,1G4HD57238U1,1,G,4,H,D,5,7,2,3,8,U,1,0,0,0,Not Applicable,Not Applicable,0,0,0,1,0,0,0,0,0,0,0,10,0,0,0,82,6,2,12,0,0,0,1,4,86429,6,1,0,0,3,1,59,125,0,0,0,0,0,0,0,0,0,0,38,0,0,0,1,5,45,1,1,2,1,0,0,11,15,1,1,1,68,,,,0,0,,,,,,,,,,,,,,,,,,,,,,,,,2014
2014040486,4,40486,2,2,1,1,10,13,12,12,6,1,0,4,1,72,706,72706,80,2007,1HD1BY5137Y0,1,H,D,1,B,Y,5,1,3,7,Y,0,0,0,0,Not Applicable,Not Applicable,0,0,0,1,0,0,0,0,0,0,0,40,0,0,0,12,6,2,12,0,0,0,1,4,86442,6,1,0,0,3,0,74,200,0,0,0,0,0,0,0,0,0,0,0,0,0,0,1,5,45,1,1,2,1,0,0,1,62,9,2,2,69,,,,1,0,,,,,,,,,,,,,,,,,,,,,,,,,2014
2014040487,4,40487,1,3,3,4,10,19,9,12,6,1,0,4,1,12,17,12017,4,1998,1FAFP52U9WA1,1,F,A,F,P,5,2,U,9,W,A,1,0,0,0,Not Applicable,Not Applicable,0,0,0,1,0,0,0,0,0,0,0,998,0,0,0,83,6,2,12,0,0,0,1,4,85344,6,1,0,0,3,3,63,130,0,0,0,0,0,0,0,0,0,0,38,0,0,0,1,5,55,1,1,2,1,3,3,11,15,1,1,1,68,,,,1,0,,,,,,,,,,,,,,,,,,,,,,,,,2014
2014040487,4,40487,2,3,2,4,10,19,9,12,6,1,0,4,1,54,421,54421,15,2012,2HNYD2H35CH5,2,H,N,Y,D,2,H,3,5,C,H,5,0,0,0,Not Applicable,Not Applicable,0,0,0,1,0,0,0,0,0,0,0,998,0,0,0,12,6,2,12,0,0,0,1,4,86404,6,1,0,0,3,3,67,200,0,0,0,0,0,0,0,0,0,0,0,0,0,0,2,3,55,1,1,2,1,3,3,1,62,4,1,1,69,,,,0,0,,,,,,,,,,,,,,,,,,,,,,,,,2014
2014040487,4,40487,3,3,2,4,10,19,9,12,6,1,0,4,2,20,431,20431,16,1995,1GNFK16K5SJ3,1,G,N,F,K,1,6,K,5,S,J,3,0,0,0,Not Applicable,Not Applicable,0,0,0,1,0,0,0,0,0,0,0,998,0,0,0,63,6,2,12,0,0,0,1,4,85295,6,1,0,0,3,0,75,215,0,0,0,0,0,0,0,0,0,0,0,0,0,0,1,5,55,1,1,2,1,3,3,2,62,1,1,1,98,,,,0,0,,,,,,,,,,,,,,,,,,,,,,,,,2014
2014040488,4,40488,1,1,1,4,10,19,27,33,0,1,0,4,1,20,481,20481,31,1976,CCL146Z14799,C,C,L,1,4,6,Z,1,4,7,9,9,0,0,0,Not Applicable,Not Applicable,0,0,0,1,0,0,0,0,0,0,0,70,0,0,0,12,6,2,38,0,0,0,1,4,85335,6,1,0,0,3,0,63,180,0,0,0,0,0,0,0,0,0,4,39,0,0,0,1,2,35,1,1,8,1,20,3,1,14,99,1,4,14,,,,1,1,,,,,,,,,,,,,,,,,,,,,,,,,2014
2014040489,4,40489,1,2,2,7,10,17,26,12,2,1,0,4,1,49,472,49472,30,2001,5TENL42NX1Z7,5,T,E,N,L,4,2,N,X,1,Z,7,0,0,0,Not Applicable,Not Applicable,0,0,0,1,0,0,0,0,0,0,0,30,0,0,0,12,6,2,12,0,0,0,1,4,86326,6,1,1,0,3,3,73,190,0,1,0,0,0,10,2014,10,2014,0,28,0,0,0,5,5,45,1,1,2,1,0,0,1,10,1,1,2,50,,,,1,0,,,,,,,,,,,,,,,,,,,,,,,,,2014
2014040489,4,40489,2,2,1,7,10,17,26,12,2,1,0,4,1,20,37,20037,4,2008,1G1ZJ5775842,1,G,1,Z,J,5,7,7,5,8,4,2,0,0,0,Not Applicable,Not Applicable,0,0,0,1,0,0,0,0,0,0,0,45,0,0,0,12,6,2,12,32,0,0,1,4,86325,6,1,0,0,3,0,65,190,0,0,0,0,0,0,0,0,0,0,0,0,0,0,5,5,45,1,1,2,1,0,0,1,62,99,1,1,51,,,,0,0,,,,,,,,,,,,,,,,,,,,,,,,,2014
2014040490,4,40490,1,1,1,7,10,18,29,8,0,1,0,4,1,23,422,23422,15,2004,1GKEC16Z34J1,1,G,K,E,C,1,6,Z,3,4,J,1,0,0,0,Not Applicable,Not Applicable,0,0,0,1,0,0,0,0,0,0,0,998,0,0,0,12,8,5,8,0,0,0,1,4,85735,6,1,0,0,3,0,72,190,0,0,0,1,0,5,2013,5,2013,0,0,0,0,0,2,2,98,1,1,8,2,0,0,1,80,99,1,1,13,,,,0,0,,,,,,,,,,,,,,,,,,,,,,,,,2014
2014040491,4,40491,1,1,1,7,10,22,48,1,0,1,0,4,1,72,706,72706,80,2007,1HD4CP21X7K4,1,H,D,4,C,P,2,1,X,7,K,4,0,0,0,Not Applicable,Not Applicable,0,0,0,1,0,0,0,0,0,0,0,999,0,0,0,0,6,2,1,0,0,0,1,4,86440,6,1,0,0,3,0,71,168,0,0,0,0,0,0,0,0,0,0,89,0,0,0,1,2,45,1,1,8,1,0,0,1,9,99,9,4,2,,,,1,0,,,,,,,,,,,,,,,,,,,,,,,,,2014
2014040492,4,40492,1,1,2,8,10,18,9,1,0,1,0,4,1,55,401,55401,14,2005,KM8SC73E05U0,K,M,8,S,C,7,3,E,0,5,U,0,0,0,0,Not Applicable,Not Applicable,0,0,0,1,0,0,0,0,0,0,0,75,0,1,3,0,6,2,21,0,0,0,1,4,86409,1,1,0,0,2,0,67,171,0,1,0,1,0,10,2011,11,2011,4,87,0,0,0,2,2,75,1,1,2,2,0,0,15,6,99,5,4,7,,,,1,0,,,,,,,,,,,,,,,,,,,,,,,,,2014
2014040493,4,40493,1,1,1,9,10,13,8,33,0,1,0,4,1,12,481,12481,31,1999,1FTNX21S5XED,1,F,T,N,X,2,1,S,5,X,E,D,0,0,0,Not Applicable,Not Applicable,0,0,0,1,0,0,0,0,0,0,0,35,0,0,0,2,6,2,2,0,0,1,1,4,85365,6,1,6,0,3,0,72,210,0,2,0,0,0,12,2012,1,2013,0,0,0,0,0,1,4,35,1,1,8,1,0,0,1,9,99,9,4,2,,,,1,1,,,,,,,,,,,,,,,,,,,,,,,,,2014
2014040494,4,40494,1,1,1,10,10,13,32,8,0,1,0,4,1,12,402,12402,14,2001,1FMYU03111KD,1,F,M,Y,U,0,3,1,1,1,K,D,0,0,0,Not Applicable,Not Applicable,0,0,0,1,0,0,0,0,0,0,0,30,0,0,0,12,6,2,8,0,0,0,1,4,85208,6,1,0,0,3,3,74,300,0,0,0,0,1,10,2013,10,2013,0,0,0,0,0,1,2,25,1,1,8,1,0,0,1,80,99,1,1,13,,,,0,0,,,,,,,,,,,,,,,,,,,,,,,,,2014
2014040495,4,40495,1,1,1,17,10,7,30,1,0,1,0,4,1,12,401,12401,14,1996,1FMCU24X1TUD,1,F,M,C,U,2,4,X,1,T,U,D,0,0,0,Not Applicable,Not Applicable,0,0,0,1,0,0,0,0,0,0,0,998,0,1,5,0,6,2,1,0,0,0,1,4,85326,6,1,0,0,3,0,61,160,0,0,0,0,0,0,0,0,0,9,99,99,99,99,1,2,65,1,1,2,1,0,0,99,13,99,9,4,7,,,,1,0,,,,,,,,,,,,,,,,,,,,,,,,,2014
2014040496,4,40496,1,1,3,17,10,12,42,1,0,1,0,4,3,2,403,2403,14,2013,1C4BJWFG9DL5,1,C,4,B,J,W,F,G,9,D,L,5,0,0,0,Not Applicable,Not Applicable,0,0,0,1,0,0,0,0,0,0,0,65,0,1,3,0,6,2,1,0,0,0,1,4,85258,6,1,0,0,3,0,70,165,0,0,0,0,0,0,0,0,0,0,0,0,0,0,2,2,65,2,6,2,1,40,3,14,12,99,1,4,6,,,,1,0,,,,,,,,,,,,,,,,,,,,,,,,,2014
2014040497,4,40497,1,2,2,22,10,21,16,12,6,1,0,4,2,49,471,49471,30,1992,JT4VN13D6N51,J,T,4,V,N,1,3,D,6,N,5,1,0,0,0,Not Applicable,Not Applicable,0,0,0,1,0,0,0,0,0,0,0,15,0,0,0,12,2,3,12,35,0,0,1,4,85365,6,1,0,0,3,3,70,140,0,0,0,0,0,0,0,0,0,0,38,0,0,0,1,5,45,1,1,8,1,3,3,11,15,99,1,1,68,,,,0,0,,,,,,,,,,,,,,,,,,,,,,,,,2014
2014040497,4,40497,2,2,1,22,10,21,16,12,6,1,0,92,0,99,709,99709,81,2008,LJ4TCBPN88M0,L,J,4,T,C,B,P,N,8,8,M,0,0,0,0,Not Applicable,Not Applicable,0,0,0,1,0,0,0,0,0,0,0,45,0,0,0,61,6,2,12,0,0,0,1,35,88026,0,0,0,0,0,0,72,150,98,0,0,0,0,0,0,0,0,0,0,0,0,0,2,4,45,1,1,8,1,3,3,1,62,99,1,1,69,,,,1,0,,,,,,,,,,,,,,,,,,,,,,,,,2014
2014040498,4,40498,1,2,1,23,10,10,29,12,6,1,0,4,2,20,16,20016,4,1996,1G1JC5243T72,1,G,1,J,C,5,2,4,3,T,7,2,0,0,0,Not Applicable,Not Applicable,0,0,0,1,0,0,0,0,0,0,0,998,0,0,0,3,6,2,12,0,0,0,1,4,86413,6,1,0,0,3,3,73,250,0,1,0,0,1,11,2011,7,2014,0,38,0,0,0,5,5,55,1,1,2,1,0,0,11,15,1,1,1,68,,,,0,1,,,,,,,,,,,,,,,,,,,,,,,,,2014
2014040498,4,40498,2,2,1,23,10,10,29,12,6,1,0,4,1,37,705,37705,80,2001,JH2RC43071M7,J,H,2,R,C,4,3,0,7,1,M,7,0,0,0,Not Applicable,Not Applicable,0,0,0,1,0,0,0,0,0,0,0,55,0,0,0,12,6,2,12,0,0,0,1,4,86409,6,1,0,0,3,0,65,170,0,0,0,0,0,0,0,0,0,0,0,0,0,0,5,6,55,1,1,2,1,0,0,1,62,3,2,1,69,,,,1,0,,,,,,,,,,,,,,,,,,,,,,,,,2014
2014040499,4,40499,1,1,1,24,10,6,10,52,0,1,0,4,1,72,706,72706,80,2009,1HD1BW51X9Y0,1,H,D,1,B,W,5,1,X,9,Y,0,0,0,0,Not Applicable,Not Applicable,0,0,0,1,0,0,0,0,0,0,0,998,0,0,0,12,6,2,52,0,0,0,1,4,86333,6,1,0,0,3,0,72,200,0,0,0,0,0,0,0,0,0,4,99,99,99,99,2,2,35,2,1,2,1,40,3,14,12,7,1,4,6,,,,1,1,,,,,,,,,,,,,,,,,,,,,,,,,2014
2014040500,4,40500,1,2,2,25,10,18,43,12,6,1,0,95,1,2,404,2404,14,2000,1J4GW58N8YC3,1,J,4,G,W,5,8,N,8,Y,C,3,0,0,0,Not Applicable,Not Applicable,0,0,0,1,0,0,0,0,0,0,0,998,0,0,0,9,6,2,12,0,0,0,1,95,0,9,9,99,0,9,9,72,220,99,99,99,99,99,99,9999,99,9999,0,39,0,0,0,1,5,45,1,1,8,1,3,3,1,17,99,1,1,89,,,,1,0,,,,,,,,,,,,,,,,,,,,,,,,,2014
2014040500,4,40500,2,2,2,25,10,18,43,12,6,1,0,4,2,12,481,12481,31,2002,1FTNW20F62EA,1,F,T,N,W,2,0,F,6,2,E,A,0,0,0,Not Applicable,Not Applicable,0,0,0,1,0,0,0,0,0,0,0,45,0,0,0,12,6,2,12,0,0,0,1,4,85234,6,1,0,0,3,0,63,115,0,0,0,1,0,10,2012,10,2012,0,0,0,0,0,2,4,45,1,1,8,1,3,3,1,66,99,1,1,88,,,,0,0,,,,,,,,,,,,,,,,,,,,,,,,,2014
2014040501,4,40501,1,4,1,25,10,20,28,12,1,1,0,4,1,72,706,72706,80,2013,1HD1KHM18DB6,1,H,D,1,K,H,M,1,8,D,B,6,0,0,0,Not Applicable,Not Applicable,0,0,0,1,0,0,0,0,0,0,0,998,0,0,0,12,6,2,12,0,0,0,1,4,85207,6,1,0,0,3,0,72,228,0,0,0,0,0,0,0,0,0,4,0,0,0,0,3,6,65,1,1,2,1,0,0,1,51,99,1,1,24,,,,1,1,,,,,,,,,,,,,,,,,,,,,,,,,2014
2014040501,4,40501,2,4,1,25,10,20,28,12,1,1,0,4,1,47,35,47035,4,2011,YS3FA4CY9B13,Y,S,3,F,A,4,C,Y,9,B,1,3,0,0,0,Not Applicable,Not Applicable,0,0,0,1,0,0,0,0,0,0,0,73,0,0,0,6,4,5,12,0,0,0,1,4,85140,6,1,0,0,3,3,71,142,0,0,0,0,0,0,0,0,0,0,0,0,0,0,3,6,65,1,1,2,1,0,0,1,53,1,1,1,25,,,,0,0,,,,,,,,,,,,,,,,,,,,,,,,,2014
2014040501,4,40501,3,4,2,25,10,20,28,12,1,1,0,4,1,7,482,7482,31,2011,1D7RB1GPXBS5,1,D,7,R,B,1,G,P,X,B,S,5,0,0,0,Not Applicable,Not Applicable,0,0,0,1,0,0,0,0,0,0,0,998,0,0,0,12,2,3,54,0,0,0,1,4,85234,6,1,0,0,3,0,72,220,0,0,0,0,0,0,0,0,0,0,0,0,0,0,3,6,65,1,1,2,1,0,0,1,98,1,1,1,98,,,,0,0,,,,,,,,,,,,,,,,,,,,,,,,,2014
2014040501,4,40501,4,4,1,25,10,20,28,12,1,1,0,4,2,35,47,35047,4,2012,1N4AL2AP1CC2,1,N,4,A,L,2,A,P,1,C,C,2,0,0,0,Not Applicable,Not Applicable,0,0,0,1,0,0,0,0,0,0,0,998,0,0,0,12,6,2,54,0,0,0,1,4,85212,6,1,0,0,3,3,71,180,0,0,0,0,0,0,0,0,0,0,89,0,0,0,3,6,65,1,1,2,1,0,0,1,98,99,1,1,98,,,,0,0,,,,,,,,,,,,,,,,,,,,,,,,,2014
2014040502,4,40502,1,1,1,29,10,10,1,1,0,1,0,4,2,23,481,23481,31,2003,1GTEC14V23Z3,1,G,T,E,C,1,4,V,2,3,Z,3,0,0,0,Not Applicable,Not Applicable,0,0,0,1,0,0,0,0,0,0,0,96,0,1,5,0,6,2,1,0,0,0,1,4,86045,6,1,0,0,3,3,66,150,0,0,0,0,0,0,0,0,0,0,58,0,0,0,1,2,65,1,1,2,1,0,0,1,13,99,9,4,7,,,,1,0,,,,,,,,,,,,,,,,,,,,,,,,,2014
2014040503,4,40503,1,1,3,24,8,7,15,34,0,1,0,4,9,7,482,7482,31,2012,1C6RD6FT6CS1,1,C,6,R,D,6,F,T,6,C,S,1,0,0,0,Not Applicable,Not Applicable,0,0,0,1,0,0,0,0,0,0,0,998,0,1,5,82,6,2,1,0,0,0,1,99,99999,9,9,99,0,9,9,999,999,99,99,99,99,99,99,9999,99,9999,4,0,0,0,0,1,2,45,1,1,8,6,0,0,1,9,99,4,4,7,,,,1,0,,,,,,,,,,,,,,,,,,,,,,,,,2014
2014040504,4,40504,1,1,1,28,8,0,54,8,0,1,1,99,9,99,999,99999,99,9999,Unknown,9,9,9,9,9,9,9,9,9,9,9,9,0,0,0,Not Applicable,Not Applicable,0,0,0,1,0,0,0,0,0,0,0,998,0,0,0,12,9,5,8,0,0,0,1,99,99999,9,9,99,0,9,9,999,999,99,99,99,99,99,99,9999,99,9999,0,99,99,99,99,3,8,55,1,1,2,1,0,0,1,80,99,9,3,13,,,,0,0,,,,,,,,,,,,,,,,,,,,,,,,,2014
2014040505,4,40505,1,1,1,3,9,19,22,8,0,1,0,4,3,49,46,49046,5,2006,JTDKB20U7631,J,T,D,K,B,2,0,U,7,6,3,1,0,0,0,Not Applicable,Not Applicable,0,0,0,1,0,0,0,0,0,1,0,998,0,0,0,12,6,2,8,0,0,0,1,4,85306,6,1,0,0,3,0,72,260,0,0,0,1,0,9,2012,9,2012,0,0,0,0,0,5,6,40,1,1,2,1,0,0,1,80,1,1,1,13,,,,0,0,,,,,,,,,,,,,,,,,,,,,,,,,2014
2014040506,4,40506,1,1,1,7,9,1,0,8,0,1,0,4,2,19,18,19018,4,2009,1G6DF577X901,1,G,6,D,F,5,7,7,X,9,0,1,0,0,0,Not Applicable,Not Applicable,0,0,0,1,0,0,0,0,0,0,0,38,0,0,0,12,2,5,8,0,0,0,1,4,85339,6,1,0,0,3,0,63,110,0,0,0,1,2,5,2013,5,2014,0,0,0,0,0,1,2,45,1,1,2,1,0,0,1,80,1,1,1,13,,,,0,0,,,,,,,,,,,,,,,,,,,,,,,,,2014
2014040507,4,40507,1,2,2,7,9,11,49,12,6,1,0,4,2,49,32,49032,4,1998,1NXBR12E8WZ0,1,N,X,B,R,1,2,E,8,W,Z,0,0,0,0,Not Applicable,Not Applicable,0,0,0,1,0,0,0,0,0,0,0,15,0,0,0,82,6,2,12,0,0,0,1,4,85050,6,1,0,0,3,3,64,175,0,0,0,0,1,8,2013,8,2013,0,38,0,0,0,0,0,0,0,0,0,0,0,0,1,17,99,1,1,87,,,,1,0,,,,,,,,,,,,,,,,,,,,,,,,,2014
2014040507,4,40507,2,2,4,7,9,11,49,12,6,1,0,4,2,20,422,20422,15,2008,3GNFK16388G1,3,G,N,F,K,1,6,3,8,8,G,1,1,1,0,Not Applicable,Not Applicable,0,0,0,1,0,0,0,0,0,0,0,41,0,0,0,12,6,2,12,0,0,0,1,4,85027,6,1,0,0,3,0,69,148,0,1,0,1,0,7,2013,8,2014,0,0,0,0,0,5,5,40,1,1,2,1,0,0,1,71,99,1,1,86,,,,0,0,,,,,,,,,,,,,,,,,,,,,,,,,2014
2014040508,4,40508,1,1,1,8,9,19,56,8,0,1,0,4,1,2,407,2407,14,2013,1C4NJPBB8DD2,1,C,4,N,J,P,B,B,8,D,D,2,0,0,0,Not Applicable,Not Applicable,0,0,0,1,0,0,0,0,0,0,0,40,0,0,0,12,4,5,8,0,0,0,1,4,85249,6,1,0,0,3,0,61,110,0,0,0,0,0,0,0,0,0,0,0,0,0,0,5,6,40,1,1,2,1,0,0,1,80,1,1,1,13,,,,0,0,,,,,,,,,,,,,,,,,,,,,,,,,2014
2014040509,4,40509,1,2,2,10,9,15,27,12,2,1,0,35,1,7,442,7442,20,2006,1D4GP24E26B6,1,D,4,G,P,2,4,E,2,6,B,6,0,0,0,Not Applicable,Not Applicable,0,0,0,1,0,0,0,0,0,0,0,998,0,0,0,12,6,2,12,0,0,0,1,35,87420,6,1,0,0,3,3,63,180,98,0,0,0,0,0,0,0,0,0,28,35,0,0,1,2,65,1,1,2,1,0,0,6,10,6,1,2,50,,,,1,1,,,,,,,,,,,,,,,,,,,,,,,,,2014