accident_id,STATE,ST_CASE,VEH_NO,VE_FORMS,NUMOCCS,DAY,MONTH,HOUR,MINUTE,HARM_EV,MAN_COLL,UNITTYPE,HIT_RUN,REG_STAT,OWNER,MAKE,MODEL,MAK_MOD,BODY_TYP,MOD_YEAR,VIN,VIN_1,VIN_2,VIN_3,VIN_4,VIN_5,VIN_6,VIN_7,VIN_8,VIN_9,VIN_10,VIN_11,VIN_12,TOW_VEH,J_KNIFE,MCARR_I1,MCARR_I2,MCARR_ID,GVWR,V_CONFIG,CARGO_BT,HAZ_INV,HAZ_PLAC,HAZ_ID,HAZ_CNO,HAZ_REL,BUS_USE,SPEC_USE,EMER_USE,TRAV_SP,UNDERIDE,ROLLOVER,ROLINLOC,IMPACT1,DEFORMED,TOWED,M_HARM,VEH_SC1,VEH_SC2,FIRE_EXP,DR_PRES,L_STATE,DR_ZIP,L_STATUS,L_TYPE,CDL_STAT,L_ENDORS,L_COMPL,L_RESTRI,DR_HGT,DR_WGT,PREV_ACC,PREV_SUS,PREV_DWI,PREV_SPD,PREV_OTH,FIRST_MO,FIRST_YR,LAST_MO,LAST_YR,SPEEDREL,DR_SF1,DR_SF2,DR_SF3,DR_SF4,VTRAFWAY,VNUM_LAN,VSPD_LIM,VALIGN,VPROFILE,VPAVETYP,VSURCOND,VTRAFCON,VTCONT_F,P_CRASH1,P_CRASH2,P_CRASH3,PCRASH4,PCRASH5,ACC_TYPE,TRLR1VIN,TRLR2VIN,TRLR3VIN,DEATHS,DR_DRINK,VINTYPE,VINMAKE,VINA_MOD,VIN_BT,VINMODYR,VIN_LNGT,VIN_WGT,WGTCD_TR,WHLBS_LG,WHLBS_SH,SER_TR,FUELCODE,MCYCL_DS,CARBUR,CYLINDER,DISPLACE,MCYCL_CY,MCYCL_WT,TIRE_SZE,TON_RAT,TRK_WT,TRKWTVAR,VIN_REST,WHLDRWHL,Year
2014040509,4,40509,2,2,2,10,9,15,27,12,2,1,0,94,3,20,481,20481,31,2012,1GCRKPE75CZ3,1,G,C,R,K,P,E,7,5,C,Z,3,0,0,0,Not Applicable,Not Applicable,0,0,0,1,0,0,0,0,0,0,0,998,0,0,0,12,6,2,12,0,0,0,1,4,86515,6,1,0,0,3,3,67,310,0,0,0,0,0,0,0,0,0,0,0,0,0,0,1,2,65,1,1,2,1,0,0,1,62,7,1,2,51,,,,0,0,,,,,,,,,,,,,,,,,,,,,,,,,2014
2014040510,4,40510,1,3,11,18,10,0,29,12,6,1,0,4,1,49,472,49472,30,2005,5TETU62N45Z1,5,T,E,T,U,6,2,N,4,5,Z,1,0,0,0,Not Applicable,Not Applicable,0,0,0,1,0,0,0,0,0,0,0,80,0,1,5,12,6,2,1,0,0,0,1,4,85028,6,1,0,0,3,0,65,145,1,0,0,1,1,6,2013,3,2014,4,33,91,0,0,8,8,50,1,1,8,1,0,0,6,10,99,1,1,73,,,,3,1,,,,,,,,,,,,,,,,,,,,,,,,,2014
2014040510,4,40510,2,3,2,18,10,0,29,12,6,1,0,4,1,20,481,20481,31,2001,2GCEK19T1113,2,G,C,E,K,1,9,T,1,1,1,3,0,0,0,Not Applicable,Not Applicable,0,0,0,1,0,0,0,0,0,0,0,30,0,0,0,62,6,2,12,0,0,0,1,4,85302,6,1,0,0,3,0,73,140,1,0,0,2,1,1,2012,7,2014,0,0,0,0,0,8,8,50,1,1,8,1,0,0,11,60,99,1,1,72,,,,0,0,,,,,,,,,,,,,,,,,,,,,,,,,2014
2014040510,4,40510,3,3,2,18,10,0,29,12,6,1,0,4,1,2,404,2404,14,1993,1J4FT27S8PL5,1,J,4,F,T,2,7,S,8,P,L,5,0,0,0,Not Applicable,Not Applicable,0,0,0,1,0,0,0,0,0,0,0,15,0,0,0,13,6,2,12,0,0,0,1,4,85379,6,1,0,0,3,3,62,120,0,0,0,0,0,0,0,0,0,0,0,0,0,0,8,8,50,1,1,8,1,0,0,11,60,99,1,1,98,,,,0,0,,,,,,,,,,,,,,,,,,,,,,,,,2014
2014040511,4,40511,1,1,1,8,10,12,22,30,0,1,0,4,2,49,472,49472,30,2005,5TEJU62N75Z1,5,T,E,J,U,6,2,N,7,5,Z,1,0,0,0,Not Applicable,Not Applicable,0,0,0,1,0,0,0,0,0,0,0,65,0,1,5,9,6,2,30,0,0,0,1,4,85120,6,1,0,0,3,0,75,200,0,0,0,0,0,0,0,0,0,4,58,87,0,0,3,2,65,1,1,2,2,0,0,99,12,7,5,4,2,,,,1,0,,,,,,,,,,,,,,,,,,,,,,,,,2014
2014040512,4,40512,1,1,1,10,10,9,59,33,0,1,0,4,1,76,705,76705,80,2004,JYARJ08E14A0,J,Y,A,R,J,0,8,E,1,4,A,0,0,0,0,Not Applicable,Not Applicable,0,0,0,1,0,0,0,0,0,0,0,55,0,0,0,12,6,2,59,0,0,0,1,4,85750,6,1,0,0,3,3,74,180,0,0,0,0,0,0,0,0,0,3,33,0,0,0,1,2,35,2,6,8,1,0,0,6,13,7,1,4,3,,,,1,0,,,,,,,,,,,,,,,,,,,,,,,,,2014
2014040513,4,40513,1,3,2,10,10,17,7,12,6,1,1,4,2,20,481,20481,31,2007,1GCEC19T17Z1,1,G,C,E,C,1,9,T,1,7,Z,1,0,0,0,Not Applicable,Not Applicable,0,0,0,1,0,0,0,0,0,0,0,65,0,0,0,12,6,2,12,0,0,0,1,99,99999,9,9,99,0,9,9,999,999,99,99,99,99,99,99,9999,99,9999,4,39,0,0,0,1,2,25,1,1,8,1,20,3,1,17,99,9,1,86,,,,0,0,,,,,,,,,,,,,,,,,,,,,,,,,2014
2014040513,4,40513,2,3,2,10,10,17,7,12,6,1,0,4,1,49,402,49402,14,2003,JTEHH20VX302,J,T,E,H,H,2,0,V,X,3,0,2,0,0,0,Not Applicable,Not Applicable,0,0,0,1,0,0,0,0,0,0,0,35,0,0,0,82,6,2,12,0,0,0,1,4,85611,6,1,0,0,3,0,62,145,0,0,0,0,0,0,0,0,0,0,0,0,0,0,1,2,35,1,1,8,1,0,0,1,66,1,1,1,87,,,,1,0,,,,,,,,,,,,,,,,,,,,,,,,,2014
2014040513,4,40513,3,3,1,10,10,17,7,12,6,1,0,4,1,7,482,7482,31,2004,1D7HA16N44J1,1,D,7,H,A,1,6,N,4,4,J,1,0,0,0,Not Applicable,Not Applicable,0,0,0,1,0,0,0,0,0,0,0,35,0,0,0,62,6,8,12,0,0,0,1,4,85710,6,1,0,0,3,3,73,175,0,0,0,0,0,0,0,0,0,0,0,0,0,0,1,2,35,1,1,8,1,0,0,1,66,1,1,1,98,,,,0,0,,,,,,,,,,,,,,,,,,,,,,,,,2014
2014040514,4,40514,1,1,1,16,10,0,25,8,0,1,0,4,1,13,1,13001,4,1999,1LNHM82W9XY7,1,L,N,H,M,8,2,W,9,X,Y,7,0,0,0,Not Applicable,Not Applicable,0,0,0,1,0,0,0,0,0,0,0,40,0,0,0,12,4,3,8,0,0,0,1,4,85008,6,1,0,0,3,0,75,230,0,0,0,0,0,0,0,0,0,0,0,0,0,0,5,6,40,1,1,8,1,0,0,1,80,99,1,1,13,,,,0,1,,,,,,,,,,,,,,,,,,,,,,,,,2014
2014040515,4,40515,1,2,1,20,10,14,27,12,6,1,0,4,3,35,47,35047,4,2013,1N4AL3AP0DC2,1,N,4,A,L,3,A,P,0,D,C,2,0,0,0,Not Applicable,Not Applicable,0,0,0,1,0,0,0,0,0,0,0,5,0,0,0,61,6,2,12,0,0,0,1,4,85383,6,1,0,0,3,0,66,110,0,0,0,1,1,12,2011,9,2012,0,38,0,0,0,0,0,0,0,0,0,0,0,0,11,15,1,1,1,82,,,,1,0,,,,,,,,,,,,,,,,,,,,,,,,,2014
2014040515,4,40515,2,2,1,20,10,14,27,12,6,1,0,4,3,20,2,20002,4,2013,2G1WF5E39D12,2,G,1,W,F,5,E,3,9,D,1,2,0,0,0,Not Applicable,Not Applicable,0,0,0,1,0,0,0,0,0,0,0,50,0,0,0,12,6,2,12,0,0,0,1,4,85286,6,1,0,0,3,0,70,175,0,0,0,0,1,6,2014,6,2014,0,89,0,0,0,8,8,45,1,1,8,1,0,0,1,72,1,1,1,83,,,,0,0,,,,,,,,,,,,,,,,,,,,,,,,,2014
2014040516,4,40516,1,2,1,28,10,4,33,12,1,1,0,4,2,35,39,35039,4,2002,JN1DA31D42T4,J,N,1,D,A,3,1,D,4,2,T,4,0,0,0,Not Applicable,Not Applicable,0,0,0,1,0,0,0,0,0,0,0,998,0,1,1,12,6,2,1,0,0,0,1,4,85704,6,1,0,0,3,0,72,225,1,5,0,5,1,3,2013,10,2014,4,0,0,0,0,2,3,75,1,1,2,1,0,0,1,60,99,1,1,32,,,,1,0,,,,,,,,,,,,,,,,,,,,,,,,,2014
2014040516,4,40516,2,2,1,28,10,4,33,12,1,1,0,4,2,98,809,98809,62,2000,2FZHAJAC3YAF,2,F,Z,H,A,J,A,C,3,Y,A,F,0,0,57,0213675,570213675,2,2,1,1,0,0,0,0,0,0,0,998,0,0,0,6,2,5,12,0,0,0,1,4,85051,6,1,6,0,3,0,60,157,0,0,0,0,0,0,0,0,0,0,0,0,0,0,2,3,75,1,1,2,1,0,0,15,11,1,1,2,32,,,,0,0,,,,,,,,,,,,,,,,,,,,,,,,,2014
2014040517,4,40517,1,1,2,26,10,20,42,8,0,1,1,4,2,12,481,12481,31,1998,1FTZF1720WKB,1,F,T,Z,F,1,7,2,0,W,K,B,0,0,0,Not Applicable,Not Applicable,0,0,0,1,0,0,0,0,0,0,0,55,0,0,0,12,2,5,8,0,0,0,1,4,86401,6,1,0,0,3,0,70,215,0,0,0,0,0,0,0,0,0,4,0,0,0,0,2,2,55,1,1,2,1,0,0,1,80,1,1,1,13,,,,0,0,,,,,,,,,,,,,,,,,,,,,,,,,2014
2014040518,4,40518,1,1,2,31,10,1,52,33,0,1,0,4,1,72,706,72706,80,2014,1HD1KBM11EB7,1,H,D,1,K,B,M,1,1,E,B,7,0,0,0,Not Applicable,Not Applicable,0,0,0,1,0,0,0,0,0,0,0,45,0,0,0,82,6,2,1,0,0,0,1,4,85339,6,1,0,0,3,0,72,220,0,0,0,0,0,0,0,0,0,0,0,0,0,0,5,5,45,1,1,8,1,0,0,1,13,99,1,4,1,,,,1,1,,,,,,,,,,,,,,,,,,,,,,,,,2014
2014040519,4,40519,1,1,1,12,9,20,3,8,0,1,1,4,1,12,471,12471,30,2003,1FTYR10D63PB,1,F,T,Y,R,1,0,D,6,3,P,B,0,0,0,Not Applicable,Not Applicable,0,0,0,1,0,0,0,0,0,0,0,40,0,0,0,12,4,5,8,0,0,0,1,4,85282,6,1,0,0,3,0,71,175,0,0,0,0,0,0,0,0,0,0,91,0,0,0,5,6,40,1,1,8,1,0,0,1,80,1,1,1,13,,,,0,1,,,,,,,,,,,,,,,,,,,,,,,,,2014
2014040520,4,40520,1,1,3,21,9,21,44,15,0,1,1,92,0,13,421,13421,15,2002,5LMEU27R92LJ,5,L,M,E,U,2,7,R,9,2,L,J,0,0,0,Not Applicable,Not Applicable,0,0,0,1,0,0,0,0,0,0,0,998,0,0,0,12,2,5,15,0,0,0,1,30,59840,6,1,0,0,3,3,75,200,98,0,0,0,0,0,0,0,0,0,91,0,0,0,2,2,45,1,1,2,1,0,0,1,83,1,1,1,13,,,,0,0,,,,,,,,,,,,,,,,,,,,,,,,,2014
2014040521,4,40521,1,1,2,22,9,17,55,8,0,1,0,4,2,35,472,35472,30,2008,1N6AD06UX8C4,1,N,6,A,D,0,6,U,X,8,C,4,0,0,0,Not Applicable,Not Applicable,0,0,0,1,0,0,0,0,0,0,0,998,0,0,0,12,2,3,8,0,0,0,1,4,85308,6,1,0,0,3,0,69,165,0,0,0,0,0,0,0,0,0,4,91,0,0,0,2,1,25,1,1,2,1,0,0,1,80,1,1,1,13,,,,0,0,,,,,,,,,,,,,,,,,,,,,,,,,2014
2014040522,4,40522,1,1,1,23,9,5,11,8,0,1,0,4,1,12,461,12461,21,1997,1FTEE1469VHA,1,F,T,E,E,1,4,6,9,V,H,A,0,0,0,Not Applicable,Not Applicable,0,0,0,1,0,0,0,0,0,0,0,50,0,0,0,12,6,2,8,0,0,0,1,4,85142,6,1,0,0,3,0,72,225,0,0,0,0,0,0,0,0,0,0,0,0,0,0,1,2,50,1,1,2,1,0,0,1,80,1,1,1,13,,,,0,0,,,,,,,,,,,,,,,,,,,,,,,,,2014
2014040523,4,40523,1,2,1,23,9,12,26,12,6,1,0,4,1,12,401,12401,14,1999,1FMYU24X5XUA,1,F,M,Y,U,2,4,X,5,X,U,A,0,0,0,Not Applicable,Not Applicable,0,0,0,1,0,0,0,0,0,0,0,17,0,0,0,12,6,9,12,0,0,0,1,4,85280,6,1,0,0,3,0,67,132,0,0,0,0,0,0,0,0,0,0,38,91,0,0,1,6,40,1,1,8,1,3,3,11,15,1,1,1,68,,,,0,0,,,,,,,,,,,,,,,,,,,,,,,,,2014
2014040523,4,40523,2,2,1,23,9,12,26,12,6,1,0,4,1,76,704,76704,80,2002,JYACJ02352A0,J,Y,A,C,J,0,2,3,5,2,A,0,0,0,0,Not Applicable,Not Applicable,0,0,0,1,0,0,0,0,0,0,0,29,0,0,0,62,6,2,12,0,0,0,1,4,85224,1,1,0,0,2,0,71,205,0,13,0,0,1,3,2012,9,2014,0,0,0,0,0,1,5,40,1,1,8,1,3,3,1,62,3,2,1,69,,,,1,0,,,,,,,,,,,,,,,,,,,,,,,,,2014
2014040524,4,40524,1,1,1,26,9,20,28,9,0,1,0,4,1,35,443,35443,20,1997,4N2DN1115VD8,4,N,2,D,N,1,1,1,5,V,D,8,0,0,0,Not Applicable,Not Applicable,0,0,0,1,0,0,0,0,0,0,0,37,0,0,0,12,6,2,9,0,0,0,1,4,85301,1,1,0,0,2,0,66,149,1,1,0,1,0,7,2014,8,2014,0,91,0,0,0,5,6,40,1,1,8,1,0,0,1,83,99,1,1,13,,,,0,0,,,,,,,,,,,,,,,,,,,,,,,,,2014
2014040525,4,40525,1,1,2,13,9,0,2,8,0,1,1,4,2,14,17,14017,4,2003,1MEFM55S43G6,1,M,E,F,M,5,5,S,4,3,G,6,0,0,0,Not Applicable,Not Applicable,0,0,0,1,0,0,0,0,0,0,0,998,0,0,0,12,4,5,8,0,0,0,1,4,85251,6,1,0,0,3,3,64,143,0,0,0,0,0,0,0,0,0,0,91,0,0,0,3,2,40,1,1,2,1,0,0,1,80,99,1,1,13,,,,0,0,,,,,,,,,,,,,,,,,,,,,,,,,2014
2014040526,4,40526,1,1,2,13,9,16,36,1,0,1,9,99,9,99,999,99999,99,9999,Unknown,9,9,9,9,9,9,9,9,9,9,9,9,0,0,0,Not Applicable,Not Applicable,0,0,0,1,0,0,0,0,0,0,0,999,0,9,9,0,9,9,1,0,0,0,1,99,99999,9,9,99,0,9,9,999,999,99,99,99,99,99,99,9999,99,9999,9,99,99,99,99,9,9,99,9,9,2,99,99,9,99,99,99,9,9,99,,,,1,0,,,,,,,,,,,,,,,,,,,,,,,,,2014
2014040528,4,40528,1,1,1,14,9,3,15,33,0,1,0,4,2,7,20,7020,4,2003,1B3ES26C73D1,1,B,3,E,S,2,6,C,7,3,D,1,0,0,0,Not Applicable,Not Applicable,0,0,0,1,0,0,0,0,0,0,0,50,0,1,5,12,6,2,1,0,0,1,1,4,85302,0,0,0,0,0,0,68,170,0,0,0,0,0,0,0,0,0,4,0,0,0,0,1,7,40,1,1,8,1,0,0,1,12,99,1,4,6,,,,1,1,,,,,,,,,,,,,,,,,,,,,,,,,2014
2014040529,4,40529,1,2,2,15,9,16,10,12,6,1,0,4,2,20,37,20037,4,2006,1G1ZT51836F1,1,G,1,Z,T,5,1,8,3,6,F,1,0,0,0,Not Applicable,Not Applicable,0,0,0,1,0,0,0,0,0,0,0,10,0,0,0,81,4,8,12,0,0,0,1,4,85019,6,1,0,0,3,0,67,130,0,0,0,0,0,0,0,0,0,0,38,0,0,0,1,5,35,1,1,2,1,3,3,11,15,1,1,1,68,,,,0,0,,,,,,,,,,,,,,,,,,,,,,,,,2014
2014040529,4,40529,2,2,1,15,9,16,10,12,6,1,0,4,1,98,703,98703,88,2009,RFVPAC208910,R,F,V,P,A,C,2,0,8,9,1,0,0,0,0,Not Applicable,Not Applicable,0,0,0,1,0,0,0,0,0,0,0,22,0,0,0,12,6,2,12,0,0,0,1,4,85015,6,1,0,0,2,3,63,195,0,0,0,0,0,0,0,0,0,0,0,0,0,0,1,5,30,1,1,2,1,3,3,1,62,3,2,1,69,,,,1,0,,,,,,,,,,,,,,,,,,,,,,,,,2014
2014040530,4,40530,1,3,1,18,9,13,19,12,1,1,0,4,1,20,2,20002,4,2013,2G1WG5E31D11,2,G,1,W,G,5,E,3,1,D,1,1,0,0,0,Not Applicable,Not Applicable,0,0,0,1,0,0,0,0,0,0,0,55,0,0,0,12,6,2,12,32,0,0,1,4,86333,6,1,0,0,3,0,63,184,0,0,0,0,0,0,0,0,0,4,89,0,0,0,2,3,55,1,1,2,1,3,3,1,50,99,1,1,20,,,,0,0,,,,,,,,,,,,,,,,,,,,,,,,,2014
2014040530,4,40530,2,3,2,18,9,13,19,12,1,1,0,4,1,20,402,20402,14,2002,2CNBE18C5269,2,C,N,B,E,1,8,C,5,2,6,9,0,0,0,Not Applicable,Not Applicable,0,0,0,1,0,0,0,0,0,0,0,0,0,0,0,6,6,2,12,0,0,0,1,4,86327,6,1,0,0,3,0,69,165,0,0,0,0,0,0,0,0,0,0,0,0,0,0,2,3,55,1,1,2,1,3,3,5,53,99,1,1,21,,,,2,0,,,,,,,,,,,,,,,,,,,,,,,,,2014
2014040530,4,40530,3,3,2,18,9,13,19,12,1,1,0,4,1,37,402,37402,14,2013,5J6RM4H72DL0,5,J,6,R,M,4,H,7,2,D,L,0,0,0,0,Not Applicable,Not Applicable,0,0,0,1,0,0,0,0,0,0,0,15,0,0,0,83,6,2,12,0,0,0,1,4,86342,6,1,0,0,3,3,69,180,0,0,0,0,0,0,0,0,0,0,0,0,0,0,2,4,55,1,1,2,1,3,3,11,62,1,1,1,98,,,,0,0,,,,,,,,,,,,,,,,,,,,,,,,,2014
2014040531,4,40531,1,2,2,18,9,21,7,12,2,1,0,99,9,20,9,20009,2,2012,Unknown,9,9,9,9,9,9,9,9,9,9,9,9,0,0,0,Not Applicable,Not Applicable,0,0,0,1,0,0,0,0,0,0,0,999,0,0,0,12,9,9,12,0,0,0,1,4,85551,6,1,0,0,3,0,62,145,0,0,0,0,0,0,0,0,0,9,37,28,0,0,9,9,99,9,9,8,99,99,9,99,99,99,9,9,50,,,,2,1,,,,,,,,,,,,,,,,,,,,,,,,,2014
2014040531,4,40531,2,2,1,18,9,21,7,12,2,1,0,99,9,13,1,13001,4,1999,Unknown,9,9,9,9,9,9,9,9,9,9,9,9,0,0,0,Not Applicable,Not Applicable,0,0,0,1,0,0,0,0,0,0,0,999,0,0,0,12,9,9,12,0,0,0,1,4,85033,0,0,0,0,0,0,999,999,0,0,0,0,0,0,0,0,0,9,99,99,99,99,9,9,99,9,9,8,99,99,9,99,99,99,9,9,51,,,,1,0,,,,,,,,,,,,,,,,,,,,,,,,,2014
2014040532,4,40532,1,1,2,19,9,21,27,1,0,1,0,4,2,37,32,37032,2,2003,1HGCM82603A0,1,H,G,C,M,8,2,6,0,3,A,0,0,0,0,Not Applicable,Not Applicable,0,0,0,1,0,0,0,0,0,0,0,45,0,1,5,0,6,2,1,0,0,0,1,4,85540,6,1,0,0,3,0,70,154,0,2,0,2,1,2,2012,3,2013,4,0,0,0,0,1,2,25,3,1,2,1,0,0,14,13,99,1,4,1,,,,1,0,,,,,,,,,,,,,,,,,,,,,,,,,2014
2014040533,4,40533,1,2,2,24,9,19,26,12,6,1,0,4,1,18,22,18022,4,2010,1G4GC5EG9AF2,1,G,4,G,C,5,E,G,9,A,F,2,0,0,0,Not Applicable,Not Applicable,0,0,0,1,0,0,0,0,0,0,0,21,0,0,0,3,6,2,12,0,0,0,1,4,85258,6,1,0,0,3,3,55,100,0,0,0,0,0,0,0,0,0,0,38,0,0,0,2,4,45,1,1,2,1,0,0,11,15,99,1,1,68,,,,1,0,,,,,,,,,,,,,,,,,,,,,,,,,2014
2014040533,4,40533,2,2,1,24,9,19,26,12,6,1,0,4,1,69,40,69040,2,2011,ZAM45KLA0B00,Z,A,M,4,5,K,L,A,0,B,0,0,0,0,0,Not Applicable,Not Applicable,0,0,0,1,0,0,0,0,0,0,0,43,0,0,0,12,6,2,12,0,0,0,1,4,85251,1,1,0,0,2,0,74,195,0,3,0,5,0,1,2012,3,2014,0,0,0,0,0,2,4,45,1,1,2,1,0,0,1,62,1,1,1,69,,,,0,0,,,,,,,,,,,,,,,,,,,,,,,,,2014
2014040534,4,40534,1,1,1,30,9,13,45,33,0,1,0,99,9,77,709,77709,80,2012,Unknown,9,9,9,9,9,9,9,9,9,9,9,9,0,0,0,Not Applicable,Not Applicable,0,0,0,1,0,0,0,0,0,0,0,999,0,0,0,99,9,9,24,0,0,0,1,4,85021,6,1,0,0,3,0,73,185,0,0,0,0,0,0,0,0,0,9,99,99,99,99,9,9,99,9,9,2,99,99,9,99,9,99,9,9,2,,,,1,0,,,,,,,,,,,,,,,,,,,,,,,,,2014
2014040535,4,40535,1,2,1,6,10,5,35,8,0,1,1,4,1,12,481,12481,31,2006,1FTPX12526KA,1,F,T,P,X,1,2,5,2,6,K,A,0,0,0,Not Applicable,Not Applicable,0,0,0,1,0,0,0,0,0,0,0,55,0,0,0,10,2,5,8,0,0,0,1,4,85350,6,1,0,0,3,0,65,160,0,0,0,0,0,0,0,0,0,0,91,0,0,0,5,5,55,2,1,2,1,0,0,14,80,1,1,1,13,,,,0,0,,,,,,,,,,,,,,,,,,,,,,,,,2014
2014040535,4,40535,2,2,1,6,10,5,35,8,0,1,0,4,1,35,472,35472,30,2012,1N6AD0ER0CC4,1,N,6,A,D,0,E,R,0,C,C,4,0,0,0,Not Applicable,Not Applicable,0,0,0,1,0,0,0,0,0,0,0,45,0,0,0,12,0,5,8,0,0,0,1,4,85350,6,1,6,0,3,0,71,280,0,0,0,0,0,0,0,0,0,0,89,0,0,0,5,5,55,2,1,2,1,0,0,14,80,99,1,1,98,,,,0,0,,,,,,,,,,,,,,,,,,,,,,,,,2014
2014040536,4,40536,1,2,1,6,10,6,20,1,0,1,0,4,2,73,706,73706,80,2010,JKAZXCF14AA0,J,K,A,Z,X,C,F,1,4,A,A,0,0,0,0,Not Applicable,Not Applicable,0,0,0,1,0,0,0,0,0,0,0,100,0,0,0,0,6,2,12,0,0,0,1,4,85022,6,1,0,0,3,0,71,185,0,0,0,0,0,0,0,0,0,3,84,0,0,0,2,3,45,1,1,8,1,0,0,1,6,98,7,3,98,,,,1,0,,,,,,,,,,,,,,,,,,,,,,,,,2014
2014040536,4,40536,2,2,1,6,10,6,20,1,0,1,0,27,1,19,421,19421,15,2010,1GYUKAEF8AR1,1,G,Y,U,K,A,E,F,8,A,R,1,0,0,0,Not Applicable,Not Applicable,0,0,0,1,0,0,0,0,0,0,0,15,0,0,0,83,2,3,12,0,0,0,1,27,55116,6,1,6,0,3,3,73,199,0,0,0,0,0,0,0,0,0,0,0,0,0,0,2,4,45,1,1,8,1,0,0,11,15,1,1,1,98,,,,0,0,,,,,,,,,,,,,,,,,,,,,,,,,2014
2014040537,4,40537,1,2,1,13,10,10,24,12,1,1,0,6,1,51,884,51884,66,2008,4V4NC9TG48N2,4,V,4,N,C,9,T,G,4,8,N,2,1,1,57,00970938,5700970938,3,6,98,1,0,0,0,0,0,0,0,998,0,0,0,12,2,3,12,0,0,0,1,6,91205,6,1,6,0,3,3,66,160,0,0,0,0,0,0,0,0,0,4,99,99,99,99,2,2,75,1,1,2,1,0,0,1,51,1,1,1,24,,,,0,0,,,,,,,,,,,,,,,,,,,,,,,,,2014
2014040537,4,40537,2,2,1,13,10,10,24,12,1,1,0,12,2,72,706,72706,80,2014,1HD1LC313EC4,1,H,D,1,L,C,3,1,3,E,C,4,0,0,0,Not Applicable,Not Applicable,0,0,0,1,0,0,0,0,0,0,0,998,0,0,0,6,6,2,12,0,0,0,1,97,0,9,9,99,0,9,9,64,142,99,99,99,99,99,99,9999,99,9999,9,99,99,99,99,2,2,75,1,1,2,1,0,0,99,53,99,1,1,25,,,,1,0,,,,,,,,,,,,,,,,,,,,,,,,,2014
2014040538,4,40538,1,4,2,14,10,17,46,12,6,1,0,4,1,18,2,18002,4,1992,1G4HR53L6NH4,1,G,4,H,R,5,3,L,6,N,H,4,0,0,0,Not Applicable,Not Applicable,0,0,0,1,0,0,0,0,0,0,0,10,0,0,0,81,6,2,12,0,0,0,1,4,85257,6,1,0,0,3,3,67,126,0,0,0,0,0,0,0,0,0,0,48,0,0,0,8,8,25,1,1,8,1,3,3,11,15,99,1,1,68,,,,1,0,,,,,,,,,,,,,,,,,,,,,,,,,2014
2014040538,4,40538,2,4,1,14,10,17,46,12,6,1,0,4,2,41,402,41402,14,2002,4F2YU09172KM,4,F,2,Y,U,0,9,1,7,2,K,M,0,0,0,Not Applicable,Not Applicable,0,0,0,1,0,0,0,0,0,0,0,30,0,0,0,12,6,2,12,0,0,0,1,4,85281,6,1,0,0,3,0,67,160,0,0,0,0,0,0,0,0,0,0,0,0,0,0,8,8,30,1,1,8,1,3,3,1,62,4,1,1,69,,,,0,0,,,,,,,,,,,,,,,,,,,,,,,,,2014
2014040538,4,40538,3,4,2,14,10,17,46,12,6,1,0,4,1,59,31,59031,4,2005,JTHBA30G9551,J,T,H,B,A,3,0,G,9,5,5,1,0,0,0,Not Applicable,Not Applicable,0,0,0,1,0,0,0,0,0,0,0,0,0,0,0,12,2,5,12,0,0,0,1,4,85251,6,1,0,0,3,0,66,128,0,0,0,0,0,0,0,0,0,0,0,0,0,0,8,8,35,1,1,8,1,3,3,5,67,1,1,1,98,,,,0,0,,,,,,,,,,,,,,,,,,,,,,,,,2014
2014040538,4,40538,4,4,1,14,10,17,46,12,6,1,0,4,2,18,2,18002,4,1998,1G4HR52K9WH5,1,G,4,H,R,5,2,K,9,W,H,5,0,0,0,Not Applicable,Not Applicable,0,0,0,1,0,0,0,0,0,0,0,0,0,0,0,98,8,5,12,0,0,0,1,4,85281,6,1,0,0,3,0,76,230,0,0,0,0,0,0,0,0,0,0,0,0,0,0,8,8,25,1,1,8,1,3,3,5,78,99,9,9,98,,,,0,0,,,,,,,,,,,,,,,,,,,,,,,,,2014
2014040539,4,40539,1,1,3,15,10,2,19,1,0,1,0,4,2,20,22,20022,2,2006,1G1AK15F9677,1,G,1,A,K,1,5,F,9,6,7,7,0,0,0,Not Applicable,Not Applicable,0,0,0,1,0,0,0,0,0,0,0,65,0,1,5,0,6,2,1,0,0,0,1,4,86033,0,0,0,0,0,0,61,130,0,0,0,0,0,0,0,0,0,0,0,0,0,0,1,2,65,1,1,2,1,0,0,1,13,99,9,4,7,,,,2,0,,,,,,,,,,,,,,,,,,,,,,,,,2014
2014040540,4,40540,1,2,1,23,10,5,17,24,0,1,0,4,3,82,881,82881,66,2007,1FUJA6CK37DY,1,F,U,J,A,6,C,K,3,7,D,Y,1,1,57,1762775,571762775,3,6,1,1,0,0,0,0,0,0,0,998,7,1,5,62,6,2,12,0,0,0,1,4,85009,6,1,6,0,3,0,69,280,0,0,0,0,0,0,0,0,0,0,0,0,0,0,3,2,75,1,1,2,1,0,0,1,12,1,1,4,6,,,,0,0,,,,,,,,,,,,,,,,,,,,,,,,,2014
2014040540,4,40540,2,2,1,23,10,5,17,24,0,1,0,4,1,12,37,12037,4,2005,1FAFP34N55W2,1,F,A,F,P,3,4,N,5,5,W,2,0,0,0,Not Applicable,Not Applicable,0,0,0,1,0,0,0,0,0,0,0,998,0,0,0,12,6,2,12,0,0,0,1,4,85203,6,1,0,0,3,0,66,185,0,1,0,0,1,10,2013,10,2013,0,0,0,0,0,3,2,75,1,1,2,1,0,0,1,64,99,1,3,98,,,,1,0,,,,,,,,,,,,,,,,,,,,,,,,,2014
2014040541,4,40541,1,1,1,31,10,10,32,33,0,1,0,4,3,38,882,38882,62,2014,JALC4W163E70,J,A,L,C,4,W,1,6,3,E,7,0,0,0,99,Unknown,Unknown,2,1,3,1,0,0,0,0,0,0,0,37,0,0,0,1,6,2,8,0,0,0,1,4,85283,6,1,0,0,3,0,73,160,0,0,0,0,0,0,0,0,0,0,91,0,0,0,2,3,40,3,1,8,1,0,0,14,13,1,1,4,1,,,,0,0,,,,,,,,,,,,,,,,,,,,,,,,,2014