accident_id,STATE,ST_CASE,VEH_NO,VE_FORMS,NUMOCCS,DAY,MONTH,HOUR,MINUTE,HARM_EV,MAN_COLL,UNITTYPE,HIT_RUN,REG_STAT,OWNER,MAKE,MODEL,MAK_MOD,BODY_TYP,MOD_YEAR,VIN,VIN_1,VIN_2,VIN_3,VIN_4,VIN_5,VIN_6,VIN_7,VIN_8,VIN_9,VIN_10,VIN_11,VIN_12,TOW_VEH,J_KNIFE,MCARR_I1,MCARR_I2,MCARR_ID,GVWR,V_CONFIG,CARGO_BT,HAZ_INV,HAZ_PLAC,HAZ_ID,HAZ_CNO,HAZ_REL,BUS_USE,SPEC_USE,EMER_USE,TRAV_SP,UNDERIDE,ROLLOVER,ROLINLOC,IMPACT1,DEFORMED,TOWED,M_HARM,VEH_SC1,VEH_SC2,FIRE_EXP,DR_PRES,L_STATE,DR_ZIP,L_STATUS,L_TYPE,CDL_STAT,L_ENDORS,L_COMPL,L_RESTRI,DR_HGT,DR_WGT,PREV_ACC,PREV_SUS,PREV_DWI,PREV_SPD,PREV_OTH,FIRST_MO,FIRST_YR,LAST_MO,LAST_YR,SPEEDREL,DR_SF1,DR_SF2,DR_SF3,DR_SF4,VTRAFWAY,VNUM_LAN,VSPD_LIM,VALIGN,VPROFILE,VPAVETYP,VSURCOND,VTRAFCON,VTCONT_F,P_CRASH1,P_CRASH2,P_CRASH3,PCRASH4,PCRASH5,ACC_TYPE,TRLR1VIN,TRLR2VIN,TRLR3VIN,DEATHS,DR_DRINK,VINTYPE,VINMAKE,VINA_MOD,VIN_BT,VINMODYR,VIN_LNGT,VIN_WGT,WGTCD_TR,WHLBS_LG,WHLBS_SH,SER_TR,FUELCODE,MCYCL_DS,CARBUR,CYLINDER,DISPLACE,MCYCL_CY,MCYCL_WT,TIRE_SZE,TON_RAT,TRK_WT,TRKWTVAR,VIN_REST,WHLDRWHL,Year
2014040612,4,40612,1,3,1,16,10,17,30,12,99,1,0,99,9,99,709,99709,80,9999,Unknown,9,9,9,9,9,9,9,9,9,9,9,9,0,0,0,Not Applicable,Not Applicable,0,0,0,1,0,0,0,0,0,0,0,999,0,0,0,99,9,9,12,0,0,0,1,4,85304,0,0,0,0,0,0,69,165,0,1,0,0,0,6,2014,6,2014,9,99,99,99,99,9,9,99,9,9,8,99,99,9,99,99,99,9,9,99,,,,1,0,,,,,,,,,,,,,,,,,,,,,,,,,2014
2014040612,4,40612,2,3,1,16,10,17,30,12,99,1,9,99,9,99,999,99999,99,9999,Unknown,9,9,9,9,9,9,9,9,9,9,9,9,0,0,0,Not Applicable,Not Applicable,0,0,0,1,0,0,0,0,0,0,0,999,0,0,0,99,9,9,12,0,0,0,1,99,99999,9,9,99,0,9,9,999,999,99,99,99,99,99,99,9999,99,9999,9,99,99,99,99,9,9,99,9,9,8,99,99,9,99,99,99,9,9,99,,,,0,0,,,,,,,,,,,,,,,,,,,,,,,,,2014
2014040612,4,40612,3,3,1,16,10,17,30,12,99,1,0,99,9,99,999,99999,99,9999,Unknown,9,9,9,9,9,9,9,9,9,9,9,9,0,0,0,Not Applicable,Not Applicable,0,0,0,1,0,0,0,0,0,0,0,999,0,0,0,99,9,9,12,0,0,0,1,99,99999,9,9,99,0,9,9,999,999,99,99,99,99,99,99,9999,99,9999,9,99,99,99,99,9,9,99,9,9,8,99,99,9,99,99,99,9,9,98,,,,0,0,,,,,,,,,,,,,,,,,,,,,,,,,2014
2014040613,4,40613,1,1,2,17,10,99,99,99,99,1,9,99,9,99,999,99999,99,9999,Unknown,9,9,9,9,9,9,9,9,9,9,9,9,0,0,0,Not Applicable,Not Applicable,0,0,0,1,0,0,0,0,0,0,0,999,0,0,0,99,9,9,99,0,0,0,1,99,99999,9,9,99,9,9,9,999,999,99,99,99,99,99,99,9999,99,9999,9,99,99,99,99,9,9,99,9,9,8,99,99,9,99,99,99,9,9,99,,,,1,0,,,,,,,,,,,,,,,,,,,,,,,,,2014
2014040614,4,40614,1,1,1,18,10,20,26,8,0,1,0,4,1,59,32,59032,4,1997,JT8BH28F4V00,J,T,8,B,H,2,8,F,4,V,0,0,0,0,0,Not Applicable,Not Applicable,0,0,0,1,0,0,0,0,0,0,0,24,0,0,0,12,6,2,8,0,0,0,1,4,85053,6,1,0,0,3,3,76,260,0,0,0,0,0,0,0,0,0,0,0,0,0,0,5,6,40,1,1,2,1,0,0,1,80,99,9,3,13,,,,0,1,,,,,,,,,,,,,,,,,,,,,,,,,2014
2014040615,4,40615,1,2,1,18,10,2,48,12,99,1,0,4,2,52,37,52037,3,2003,4A3AC84H43E0,4,A,3,A,C,8,4,H,4,3,E,0,0,0,0,Not Applicable,Not Applicable,0,0,0,1,0,0,0,0,0,0,0,98,0,0,0,99,6,2,12,0,0,0,1,4,85015,1,1,0,0,2,0,71,200,0,9,0,2,2,8,2012,10,2014,4,0,0,0,0,1,7,40,1,1,8,1,3,3,1,17,3,2,1,69,,,,1,1,,,,,,,,,,,,,,,,,,,,,,,,,2014
2014040615,4,40615,2,2,1,18,10,2,48,12,99,1,0,4,2,20,481,20481,31,2009,1GCEC14X09Z1,1,G,C,E,C,1,4,X,0,9,Z,1,0,0,0,Not Applicable,Not Applicable,0,0,0,1,0,0,0,0,0,0,0,11,0,0,0,99,6,2,12,0,0,0,1,99,99999,9,9,99,9,9,9,999,999,99,99,99,99,99,99,9999,99,9999,0,0,0,0,0,1,7,40,1,1,8,1,3,3,11,63,99,1,1,68,,,,0,0,,,,,,,,,,,,,,,,,,,,,,,,,2014
2014040616,4,40616,1,3,1,23,10,11,18,1,0,1,0,4,1,73,703,73703,80,2013,JKAEX8A14DDA,J,K,A,E,X,8,A,1,4,D,D,A,0,0,0,Not Applicable,Not Applicable,0,0,0,1,0,0,0,0,0,0,0,43,0,0,0,0,6,2,54,0,0,0,1,4,85016,6,1,0,0,3,0,66,187,0,0,0,0,0,0,0,0,0,4,0,0,0,0,1,3,35,1,1,2,1,0,0,1,50,4,7,1,98,,,,1,0,,,,,,,,,,,,,,,,,,,,,,,,,2014
2014040616,4,40616,2,3,2,23,10,11,18,1,0,1,0,4,1,7,482,7482,31,1998,3B7HF13Z5WG2,3,B,7,H,F,1,3,Z,5,W,G,2,0,0,0,Not Applicable,Not Applicable,0,0,0,1,0,0,0,0,0,0,0,3,0,0,0,6,2,3,54,0,0,0,1,4,85051,0,0,0,0,0,0,66,250,0,2,0,0,1,3,2013,6,2014,0,0,0,0,0,1,3,35,1,1,2,1,0,0,11,53,12,1,3,98,,,,0,0,,,,,,,,,,,,,,,,,,,,,,,,,2014
2014040616,4,40616,3,3,1,23,10,11,18,1,0,1,0,48,3,38,884,38884,61,2011,JALC4W161B70,J,A,L,C,4,W,1,6,1,B,7,0,0,0,77,Not Reported,Not Reported,2,1,1,1,0,0,0,0,0,0,0,36,0,0,0,14,2,5,54,0,0,0,1,4,85041,6,1,0,0,3,0,67,165,0,0,0,0,0,0,0,0,0,0,0,0,0,0,1,3,35,1,1,2,1,0,0,1,62,1,1,1,98,,,,0,0,,,,,,,,,,,,,,,,,,,,,,,,,2014
2014040617,4,40617,1,1,1,23,10,19,57,8,0,1,1,99,9,6,52,6052,6,2007,Unknown,9,9,9,9,9,9,9,9,9,9,9,9,0,0,0,Not Applicable,Not Applicable,0,0,0,1,0,0,0,0,0,0,0,999,0,0,0,12,9,5,8,0,0,0,1,4,85043,1,1,0,0,2,0,73,185,0,1,0,0,0,10,2012,10,2012,9,91,0,0,0,9,9,99,9,9,8,99,99,9,99,80,99,9,9,13,,,,0,0,,,,,,,,,,,,,,,,,,,,,,,,,2014
2014040618,4,40618,1,2,1,24,10,2,34,12,6,1,0,4,2,76,706,76706,80,2007,JYARN20N87A0,J,Y,A,R,N,2,0,N,8,7,A,0,0,0,0,Not Applicable,Not Applicable,0,0,0,1,0,0,0,0,0,0,0,47,0,0,0,12,6,2,12,0,0,0,1,4,85027,1,1,0,0,2,0,71,195,1,7,0,2,1,3,2012,8,2014,0,99,99,99,99,3,4,40,1,3,1,1,3,3,1,17,3,2,3,88,,,,1,1,,,,,,,,,,,,,,,,,,,,,,,,,2014
2014040618,4,40618,2,2,1,24,10,2,34,12,6,1,0,4,1,35,471,35471,30,1987,JN6ND11S3HW0,J,N,6,N,D,1,1,S,3,H,W,0,0,0,0,Not Applicable,Not Applicable,0,0,0,1,0,0,0,0,0,0,0,15,0,0,0,9,6,2,12,0,0,0,1,4,85308,6,1,0,0,3,0,68,200,0,0,0,0,0,0,0,0,0,0,99,99,99,99,4,3,45,1,1,1,1,3,3,1,17,99,9,3,89,,,,0,0,,,,,,,,,,,,,,,,,,,,,,,,,2014
2014040619,4,40619,1,2,1,24,10,6,39,12,2,1,0,99,9,99,999,99999,99,9999,Unknown,9,9,9,9,9,9,9,9,9,9,9,9,0,0,0,Not Applicable,Not Applicable,0,0,0,1,0,0,0,0,0,0,0,999,0,0,0,12,9,9,12,0,0,0,1,4,85139,6,1,0,0,3,0,71,185,0,0,0,0,0,0,0,0,0,9,89,28,0,0,9,9,99,9,9,8,99,99,9,99,10,99,9,9,50,,,,1,0,,,,,,,,,,,,,,,,,,,,,,,,,2014
2014040619,4,40619,2,2,1,24,10,6,39,12,2,1,0,99,9,99,881,99881,66,9999,Unknown,9,9,9,9,9,9,9,9,9,9,9,9,1,1,99,Unknown,Unknown,3,6,4,1,0,0,0,0,0,0,0,999,0,0,0,12,9,9,12,0,0,0,1,99,99999,9,9,99,9,9,9,999,999,99,99,99,99,99,99,9999,99,9999,9,99,99,99,99,9,9,99,9,9,8,99,99,9,99,62,99,9,9,51,,,,0,0,,,,,,,,,,,,,,,,,,,,,,,,,2014
2014040620,4,40620,1,2,1,25,10,23,8,12,2,1,0,4,1,20,481,20481,31,2004,1GCEK19TX4E3,1,G,C,E,K,1,9,T,X,4,E,3,0,0,0,Not Applicable,Not Applicable,0,0,0,1,0,0,0,0,0,0,0,998,0,1,1,12,6,2,12,0,0,0,1,4,86054,6,1,0,0,3,0,71,190,0,3,1,0,0,3,2013,3,2014,0,51,0,0,0,1,2,98,8,8,2,1,0,0,1,54,99,1,1,52,,,,0,1,,,,,,,,,,,,,,,,,,,,,,,,,2014
2014040620,4,40620,2,2,3,25,10,23,8,12,2,1,0,4,2,20,404,20404,14,2007,2CNDL73F8760,2,C,N,D,L,7,3,F,8,7,6,0,0,0,0,Not Applicable,Not Applicable,0,0,0,1,0,0,0,0,0,0,0,998,0,0,0,12,6,2,12,0,0,0,1,49,84088,6,1,6,0,3,0,70,158,98,0,0,1,0,12,2012,12,2012,0,84,0,0,0,1,2,98,8,8,2,1,0,0,1,54,9,1,1,52,,,,1,0,,,,,,,,,,,,,,,,,,,,,,,,,2014
2014040621,4,40621,1,1,1,26,10,20,20,8,0,1,9,99,9,99,999,99999,99,9999,Unknown,9,9,9,9,9,9,9,9,9,9,9,9,0,0,0,Not Applicable,Not Applicable,0,0,0,1,0,0,0,0,0,0,0,999,0,0,0,99,9,9,8,0,0,0,1,99,99999,9,9,99,9,9,9,999,999,99,99,99,99,99,99,9999,99,9999,9,99,99,99,99,9,9,99,9,9,2,99,99,9,99,82,99,9,9,13,,,,0,0,,,,,,,,,,,,,,,,,,,,,,,,,2014
2014040622,4,40622,1,2,1,29,10,14,36,12,2,1,0,4,2,20,481,20481,31,2006,2GCEK19B7611,2,G,C,E,K,1,9,B,7,6,1,1,0,0,0,Not Applicable,Not Applicable,0,0,0,1,0,0,0,0,0,0,0,10,0,0,0,12,6,2,12,0,0,0,1,4,85224,6,1,0,0,3,0,68,160,0,0,0,0,0,0,0,0,0,0,38,0,0,0,2,4,45,1,1,2,1,3,3,11,15,1,1,1,68,,,,0,0,,,,,,,,,,,,,,,,,,,,,,,,,2014
2014040622,4,40622,2,2,2,29,10,14,36,12,2,1,0,4,1,37,32,37032,4,2001,1HGCG165X1A0,1,H,G,C,G,1,6,5,X,1,A,0,0,0,0,Not Applicable,Not Applicable,0,0,0,1,0,0,0,0,0,0,0,40,0,0,0,12,6,2,12,32,0,0,1,4,85248,6,1,0,0,3,3,72,180,0,0,0,0,0,0,0,0,0,0,0,0,0,0,2,4,45,1,1,2,1,3,3,1,62,99,1,1,69,,,,1,0,,,,,,,,,,,,,,,,,,,,,,,,,2014
2014040623,4,40623,1,1,1,30,10,1,21,30,0,1,0,4,1,20,481,20481,31,2012,1GCRCPEX5CZ2,1,G,C,R,C,P,E,X,5,C,Z,2,0,0,0,Not Applicable,Not Applicable,0,0,0,1,0,0,0,0,0,0,0,39,0,0,0,12,6,2,30,0,0,0,1,4,85014,6,1,0,0,3,0,74,250,0,0,0,0,0,0,0,0,0,9,0,0,0,0,3,2,35,1,1,8,1,0,0,1,13,99,1,4,1,,,,1,0,,,,,,,,,,,,,,,,,,,,,,,,,2014
2014040624,4,40624,1,2,2,31,10,0,40,12,1,1,1,4,1,22,22,22022,4,2008,1G2ZF57BX841,1,G,2,Z,F,5,7,B,X,8,4,1,0,0,0,Not Applicable,Not Applicable,0,0,0,1,0,0,0,0,0,0,0,998,0,0,0,12,6,2,12,0,0,0,1,4,85282,1,1,0,0,2,0,67,145,0,0,0,0,0,0,0,0,0,4,91,0,0,0,2,4,45,1,1,2,1,2,3,1,50,99,1,1,20,,,,0,1,,,,,,,,,,,,,,,,,,,,,,,,,2014
2014040624,4,40624,2,2,1,31,10,0,40,12,1,1,0,4,3,37,706,37706,80,2012,JH2SC5153CK0,J,H,2,S,C,5,1,5,3,C,K,0,0,0,0,Not Applicable,Not Applicable,0,0,0,1,0,0,0,0,0,5,2,0,0,0,0,6,6,2,12,0,0,0,1,4,85225,6,1,0,0,3,0,71,215,0,0,0,0,0,0,0,0,0,0,16,0,0,0,2,4,45,1,1,2,1,2,3,5,53,1,1,1,21,,,,1,0,,,,,,,,,,,,,,,,,,,,,,,,,2014
2014040625,4,40625,1,1,4,26,11,6,19,1,0,1,0,4,2,49,422,49422,15,2001,5TDZT34A31S0,5,T,D,Z,T,3,4,A,3,1,S,0,0,0,0,Not Applicable,Not Applicable,0,0,0,1,0,0,0,0,0,0,0,87,0,1,5,0,6,2,1,0,0,0,1,4,85344,0,0,0,0,0,0,68,250,0,0,0,0,0,0,0,0,0,3,58,0,0,0,1,2,45,1,8,8,98,0,0,1,9,99,9,4,7,,,,1,0,,,,,,,,,,,,,,,,,,,,,,,,,2014
2014040626,4,40626,1,1,1,16,11,21,33,8,0,1,0,4,1,7,21,7021,6,2006,2D4FV47T36H2,2,D,4,F,V,4,7,T,3,6,H,2,0,0,0,Not Applicable,Not Applicable,0,0,0,1,0,0,0,0,0,0,0,40,0,0,0,12,2,3,8,0,0,0,1,4,85353,6,1,0,0,3,0,66,156,0,0,0,0,0,0,0,0,0,0,91,38,0,0,2,3,40,1,1,2,1,8,3,1,80,99,1,1,13,,,,0,1,,,,,,,,,,,,,,,,,,,,,,,,,2014
2014040627,4,40627,1,1,1,21,11,18,22,8,0,1,0,4,1,12,3,12003,1,2004,1FAFP44634F1,1,F,A,F,P,4,4,6,3,4,F,1,0,0,0,Not Applicable,Not Applicable,0,0,0,1,0,0,0,0,0,0,0,37,0,0,0,82,6,2,8,0,0,0,1,4,85208,6,1,0,0,3,0,72,190,0,0,0,0,0,0,0,0,0,0,38,0,0,0,5,6,40,1,1,2,1,0,0,1,80,6,1,3,13,,,,0,0,,,,,,,,,,,,,,,,,,,,,,,,,2014
2014040628,4,40628,1,1,1,5,11,14,4,24,0,1,0,4,1,12,21,12021,4,2006,1FAFP23116G1,1,F,A,F,P,2,3,1,1,6,G,1,0,0,0,Not Applicable,Not Applicable,0,0,0,1,0,0,0,0,0,0,0,40,0,0,0,82,6,2,24,0,0,0,1,4,85550,6,1,0,0,3,0,71,165,0,0,0,0,0,0,0,0,0,9,99,99,99,99,5,3,35,3,3,2,1,0,0,14,13,99,1,4,1,,,,1,1,,,,,,,,,,,,,,,,,,,,,,,,,2014
2014040629,4,40629,1,1,1,5,11,23,5,1,0,1,0,4,1,12,401,12401,14,1999,1FMDU34E7XZA,1,F,M,D,U,3,4,E,7,X,Z,A,0,0,0,Not Applicable,Not Applicable,0,0,0,1,0,0,0,0,0,0,0,63,0,1,1,0,6,2,1,0,0,0,1,4,85639,1,1,0,0,2,0,69,227,0,2,1,0,0,12,2013,8,2014,4,99,99,99,99,1,2,50,1,1,2,1,0,0,1,6,7,4,2,98,,,,1,1,,,,,,,,,,,,,,,,,,,,,,,,,2014
2014040630,4,40630,1,1,1,12,11,9,7,9,0,1,0,4,2,35,50,35050,5,2011,3N1BC1CP6BL4,3,N,1,B,C,1,C,P,6,B,L,4,0,0,0,Not Applicable,Not Applicable,0,0,0,1,0,0,0,0,0,0,0,53,0,0,0,12,4,3,9,0,0,0,1,4,85006,6,1,0,0,3,3,67,142,1,0,0,0,0,11,2013,11,2013,0,91,38,0,0,2,2,50,1,6,8,1,40,3,15,83,99,1,3,13,,,,0,0,,,,,,,,,,,,,,,,,,,,,,,,,2014
2014040631,4,40631,1,1,1,24,11,23,9,8,0,1,0,4,1,20,481,20481,31,2012,1GCRKSE70CZ1,1,G,C,R,K,S,E,7,0,C,Z,1,0,0,0,Not Applicable,Not Applicable,0,0,0,1,0,0,0,0,0,0,0,45,0,0,0,12,6,2,8,0,0,0,1,4,85201,6,1,0,0,3,0,73,180,0,0,0,0,0,0,0,0,0,0,0,0,0,0,8,8,40,1,1,8,1,0,0,1,12,99,1,4,6,,,,0,0,,,,,,,,,,,,,,,,,,,,,,,,,2014
2014040632,4,40632,1,1,1,13,11,12,7,35,0,1,0,4,1,2,403,2403,14,2011,1J4BA6H12BL5,1,J,4,B,A,6,H,1,2,B,L,5,0,0,0,Not Applicable,Not Applicable,0,0,0,1,0,0,0,0,0,0,0,64,0,1,5,12,6,2,1,35,0,0,1,4,85631,6,1,0,0,3,0,73,240,0,0,0,0,0,0,0,0,0,0,0,0,0,0,1,2,55,2,3,2,1,0,0,14,12,99,1,4,6,,,,1,0,,,,,,,,,,,,,,,,,,,,,,,,,2014
2014040634,4,40634,1,1,1,11,8,6,16,1,0,1,0,4,1,6,41,6041,4,2001,2C3HD36J01H7,2,C,3,H,D,3,6,J,0,1,H,7,0,0,0,Not Applicable,Not Applicable,0,0,0,1,0,0,0,0,0,0,0,998,0,1,5,0,8,8,1,0,0,0,1,4,85550,6,1,0,0,3,3,68,265,0,0,0,0,0,0,0,0,0,9,99,99,99,99,8,8,98,8,8,8,98,0,0,99,9,99,9,4,2,,,,1,1,,,,,,,,,,,,,,,,,,,,,,,,,2014
2014040635,4,40635,1,2,1,13,12,9,50,12,6,1,0,4,1,7,422,7422,15,2006,1D4HD38N76F1,1,D,4,H,D,3,8,N,7,6,F,1,0,0,0,Not Applicable,Not Applicable,0,0,0,1,0,0,0,0,0,0,0,40,0,0,0,12,6,2,12,32,0,0,1,4,85706,6,1,0,0,3,0,66,180,0,0,0,0,0,0,0,0,0,0,39,0,0,0,2,3,40,1,1,8,1,3,3,1,17,99,1,1,88,,,,1,0,,,,,,,,,,,,,,,,,,,,,,,,,2014
2014040635,4,40635,2,2,2,13,12,9,50,12,6,1,0,4,1,12,473,12473,30,2010,1FMEU3BE8AUA,1,F,M,E,U,3,B,E,8,A,U,A,0,0,0,Not Applicable,Not Applicable,0,0,0,1,0,0,0,0,0,0,0,5,0,0,0,62,6,2,12,0,0,0,1,4,85635,6,1,0,0,3,0,73,175,0,0,0,0,0,0,0,0,0,0,0,0,0,0,2,3,35,1,1,8,1,3,3,1,66,99,1,1,89,,,,0,0,,,,,,,,,,,,,,,,,,,,,,,,,2014
2014040636,4,40636,1,2,2,14,12,16,19,12,7,1,0,4,2,41,52,41052,6,2009,JM1CR29L7903,J,M,1,C,R,2,9,L,7,9,0,3,0,0,0,Not Applicable,Not Applicable,0,0,0,1,0,0,0,0,0,0,0,52,0,0,0,9,4,5,9,0,0,0,1,4,85209,6,1,0,0,3,0,70,145,0,0,0,0,0,0,0,0,0,0,34,27,0,0,2,2,45,1,1,8,1,0,0,6,11,99,1,2,46,,,,0,0,,,,,,,,,,,,,,,,,,,,,,,,,2014
2014040636,4,40636,2,2,3,14,12,16,19,12,7,1,0,4,2,55,33,55033,4,2014,5NPEB4AC5EH9,5,N,P,E,B,4,A,C,5,E,H,9,0,0,0,Not Applicable,Not Applicable,0,0,0,1,0,0,0,0,0,0,0,50,0,0,0,3,2,5,12,0,0,0,1,4,85201,6,1,0,0,3,0,65,130,0,0,0,0,0,0,0,0,0,0,0,0,0,0,2,2,45,1,1,8,1,0,0,1,61,99,1,1,45,,,,0,0,,,,,,,,,,,,,,,,,,,,,,,,,2014
2014040637,4,40637,1,1,1,18,12,15,30,59,0,1,0,4,1,12,880,12880,67,2007,1FTWW31P07EA,1,F,T,W,W,3,1,P,0,7,E,A,0,0,88,None,None,2,1,97,1,0,0,0,0,0,0,0,45,0,0,0,12,6,2,42,0,0,0,1,4,85749,6,1,0,0,3,3,74,226,0,0,0,0,0,0,0,0,0,3,33,0,0,0,2,1,45,1,1,8,1,0,0,6,9,99,9,4,2,,,,1,0,,,,,,,,,,,,,,,,,,,,,,,,,2014
2014040638,4,40638,1,1,1,21,12,4,54,41,0,1,0,4,1,54,38,54038,3,2003,JH4DC538X3S0,J,H,4,D,C,5,3,8,X,3,S,0,0,0,0,Not Applicable,Not Applicable,0,0,0,1,0,0,0,0,0,0,0,998,0,1,3,83,6,2,1,0,0,0,1,4,85017,6,1,0,0,3,3,65,135,0,0,0,0,0,0,0,0,0,4,0,0,0,0,3,3,55,2,6,2,1,0,0,14,6,99,9,4,7,,,,1,1,,,,,,,,,,,,,,,,,,,,,,,,,2014
2014040639,4,40639,1,1,3,25,12,21,45,33,0,1,0,4,1,7,482,7482,31,2001,1B7HF13Z21J2,1,B,7,H,F,1,3,Z,2,1,J,2,0,0,0,Not Applicable,Not Applicable,0,0,0,1,0,0,0,0,0,0,0,65,0,1,5,99,6,2,1,35,0,0,1,4,85013,6,1,0,0,3,0,72,300,0,0,0,0,1,6,2014,6,2014,4,89,0,0,0,5,4,99,1,1,8,1,0,0,1,6,2,9,4,99,,,,2,1,,,,,,,,,,,,,,,,,,,,,,,,,2014
2014040640,4,40640,1,1,1,25,12,0,11,1,0,1,0,4,2,30,40,30040,4,2001,3VWSC29M91M0,3,V,W,S,C,2,9,M,9,1,M,0,0,0,0,Not Applicable,Not Applicable,0,0,0,1,0,0,0,0,0,0,0,100,0,1,4,0,6,2,1,0,0,0,1,4,85041,6,1,0,0,3,0,67,140,0,0,0,0,0,0,0,0,0,4,0,0,0,0,6,2,65,3,2,2,1,0,0,14,6,6,9,4,7,,,,1,0,,,,,,,,,,,,,,,,,,,,,,,,,2014
2014040641,4,40641,1,1,3,5,12,16,51,8,0,1,1,92,0,20,473,20473,30,2004,1GCDT1368481,1,G,C,D,T,1,3,6,8,4,8,1,0,0,0,Not Applicable,Not Applicable,0,0,0,1,0,0,0,0,0,0,0,46,0,0,0,12,4,5,8,0,0,0,1,4,85007,1,1,0,0,2,0,67,170,0,2,0,0,0,9,2014,9,2014,0,24,91,0,0,5,6,40,1,1,8,1,0,0,1,80,99,1,1,13,,,,0,0,,,,,,,,,,,,,,,,,,,,,,,,,2014
2014040642,4,40642,1,1,1,13,9,19,56,99,0,1,0,99,9,99,999,99999,99,9999,Unknown,9,9,9,9,9,9,9,9,9,9,9,9,0,0,0,Not Applicable,Not Applicable,0,0,0,1,0,0,0,0,0,0,0,999,0,0,0,99,9,9,99,0,0,0,1,4,85308,6,1,0,0,3,3,66,150,0,0,0,0,0,0,0,0,0,9,99,99,99,99,9,9,99,9,9,8,99,99,9,99,99,99,9,9,99,,,,1,0,,,,,,,,,,,,,,,,,,,,,,,,,2014
2014040643,4,40643,1,1,3,25,10,0,51,1,0,1,0,99,9,99,999,99999,99,9999,Unknown,9,9,9,9,9,9,9,9,9,9,9,9,0,0,0,Not Applicable,Not Applicable,0,0,0,1,0,0,0,0,0,0,0,999,0,9,9,0,9,9,1,0,0,0,1,99,99999,9,9,99,0,9,9,999,999,99,99,99,99,99,99,9999,99,9999,9,99,99,99,99,9,9,99,9,9,8,99,99,9,99,99,99,9,9,99,,,,2,0,,,,,,,,,,,,,,,,,,,,,,,,,2014
2014040644,4,40644,1,1,2,30,10,99,99,99,99,1,9,99,9,99,999,99999,99,9999,Unknown,9,9,9,9,9,9,9,9,9,9,9,9,0,0,0,Not Applicable,Not Applicable,0,0,0,1,0,0,0,0,0,0,0,999,0,0,0,99,9,9,99,0,0,0,1,99,99999,9,9,99,0,9,9,999,999,99,99,99,99,99,99,9999,99,9999,9,99,99,99,99,9,9,99,9,9,2,99,99,9,99,99,99,9,9,99,,,,1,0,,,,,,,,,,,,,,,,,,,,,,,,,2014
2014040645,4,40645,1,1,1,2,11,20,3,8,0,1,1,99,9,99,999,99999,99,9999,Unknown,9,9,9,9,9,9,9,9,9,9,9,9,0,0,0,Not Applicable,Not Applicable,0,0,0,1,0,0,0,0,0,0,0,999,0,0,0,12,9,5,8,0,0,0,1,99,99999,9,9,99,0,9,9,999,999,99,99,99,99,99,99,9999,99,9999,9,99,99,99,99,9,9,99,9,9,8,99,0,0,99,80,99,9,9,13,,,,0,0,,,,,,,,,,,,,,,,,,,,,,,,,2014
2014040646,4,40646,1,1,1,3,11,6,4,8,0,1,0,4,1,35,50,35050,4,2013,3N1CN7AP8DL8,3,N,1,C,N,7,A,P,8,D,L,8,0,0,0,Not Applicable,Not Applicable,0,0,0,1,0,0,0,0,0,0,0,27,0,0,0,12,2,5,8,0,0,0,1,4,85051,6,1,0,0,3,0,68,180,0,0,0,0,1,4,2013,4,2013,0,0,0,0,0,1,7,40,1,1,2,1,0,0,1,80,99,1,1,13,,,,0,0,,,,,,,,,,,,,,,,,,,,,,,,,2014
2014040647,4,40647,1,2,1,4,11,22,20,5,0,1,0,99,9,73,709,73709,80,2010,Unknown,9,9,9,9,9,9,9,9,9,9,9,9,0,0,0,Not Applicable,Not Applicable,0,0,0,1,0,0,0,0,0,0,0,999,0,0,0,0,9,9,5,0,0,0,1,4,85041,6,1,0,0,3,0,65,175,0,0,0,0,0,0,0,0,0,5,99,99,99,99,9,9,99,9,9,8,99,0,0,99,6,99,9,9,0,,,,1,0,,,,,,,,,,,,,,,,,,,,,,,,,2014
2014040647,4,40647,2,2,1,4,11,22,20,5,0,1,0,99,9,12,481,12481,31,2002,Unknown,9,9,9,9,9,9,9,9,9,9,9,9,0,0,0,Not Applicable,Not Applicable,0,0,0,1,0,0,0,0,0,0,0,999,0,0,0,62,9,9,12,0,0,0,1,4,85015,6,1,0,0,3,3,64,165,0,0,0,0,0,0,0,0,0,9,99,99,99,99,9,9,99,9,9,8,99,0,0,99,62,4,9,9,98,,,,0,0,,,,,,,,,,,,,,,,,,,,,,,,,2014
2014040648,4,40648,1,2,5,4,11,23,10,8,0,1,0,4,1,35,43,35043,4,2012,3N1AB6AP8CL7,3,N,1,A,B,6,A,P,8,C,L,7,0,0,0,Not Applicable,Not Applicable,0,0,0,1,0,0,0,0,0,0,0,55,0,0,0,12,4,5,8,0,0,0,1,4,85364,6,1,0,0,3,0,66,188,0,1,0,0,2,1,2013,6,2014,0,0,0,0,0,5,5,55,1,1,2,1,0,0,1,80,1,1,1,13,,,,0,0,,,,,,,,,,,,,,,,,,,,,,,,,2014
2014040648,4,40648,2,2,1,4,11,23,10,8,0,1,1,99,9,35,47,35047,9,9999,Unknown,9,9,9,9,9,9,9,9,9,9,9,9,0,0,0,Not Applicable,Not Applicable,0,0,0,1,0,0,0,0,0,0,0,998,0,0,0,12,9,5,8,0,0,0,1,99,99999,9,9,99,0,9,9,999,999,99,99,99,99,99,99,9999,99,9999,9,99,99,99,99,5,5,55,1,1,2,1,0,0,1,80,99,9,1,98,,,,0,0,,,,,,,,,,,,,,,,,,,,,,,,,2014
2014040649,4,40649,1,1,1,6,11,16,54,9,0,1,0,4,3,84,881,84881,66,2004,3HSCEAPR44N0,3,H,S,C,E,A,P,R,4,4,N,0,0,0,77,Not Reported,Not Reported,3,5,96,1,0,0,0,0,0,0,0,13,0,0,0,82,2,5,9,0,0,0,1,4,85043,6,1,6,0,3,0,69,170,0,0,0,0,0,0,0,0,0,0,0,0,0,0,1,3,40,1,1,2,1,2,3,10,83,99,1,1,13,,,,0,0,,,,,,,,,,,,,,,,,,,,,,,,,2014