accident_id,STATE,ST_CASE,VEH_NO,VE_FORMS,NUMOCCS,DAY,MONTH,HOUR,MINUTE,HARM_EV,MAN_COLL,UNITTYPE,HIT_RUN,REG_STAT,OWNER,MAKE,MODEL,MAK_MOD,BODY_TYP,MOD_YEAR,VIN,VIN_1,VIN_2,VIN_3,VIN_4,VIN_5,VIN_6,VIN_7,VIN_8,VIN_9,VIN_10,VIN_11,VIN_12,TOW_VEH,J_KNIFE,MCARR_I1,MCARR_I2,MCARR_ID,GVWR,V_CONFIG,CARGO_BT,HAZ_INV,HAZ_PLAC,HAZ_ID,HAZ_CNO,HAZ_REL,BUS_USE,SPEC_USE,EMER_USE,TRAV_SP,UNDERIDE,ROLLOVER,ROLINLOC,IMPACT1,DEFORMED,TOWED,M_HARM,VEH_SC1,VEH_SC2,FIRE_EXP,DR_PRES,L_STATE,DR_ZIP,L_STATUS,L_TYPE,CDL_STAT,L_ENDORS,L_COMPL,L_RESTRI,DR_HGT,DR_WGT,PREV_ACC,PREV_SUS,PREV_DWI,PREV_SPD,PREV_OTH,FIRST_MO,FIRST_YR,LAST_MO,LAST_YR,SPEEDREL,DR_SF1,DR_SF2,DR_SF3,DR_SF4,VTRAFWAY,VNUM_LAN,VSPD_LIM,VALIGN,VPROFILE,VPAVETYP,VSURCOND,VTRAFCON,VTCONT_F,P_CRASH1,P_CRASH2,P_CRASH3,PCRASH4,PCRASH5,ACC_TYPE,TRLR1VIN,TRLR2VIN,TRLR3VIN,DEATHS,DR_DRINK,VINTYPE,VINMAKE,VINA_MOD,VIN_BT,VINMODYR,VIN_LNGT,VIN_WGT,WGTCD_TR,WHLBS_LG,WHLBS_SH,SER_TR,FUELCODE,MCYCL_DS,CARBUR,CYLINDER,DISPLACE,MCYCL_CY,MCYCL_WT,TIRE_SZE,TON_RAT,TRK_WT,TRKWTVAR,VIN_REST,WHLDRWHL,Year
2014040719,4,40719,1,1,1,4,11,18,45,8,0,1,0,4,1,20,471,20471,30,1988,1GCCS14Z4J22,1,G,C,C,S,1,4,Z,4,J,2,2,0,0,0,Not Applicable,Not Applicable,0,0,0,1,0,0,0,0,0,0,0,15,0,0,0,12,2,5,8,0,0,0,1,4,85308,6,1,0,0,3,0,69,148,0,0,0,0,0,0,0,0,0,0,0,0,0,0,2,3,45,1,1,8,1,0,0,1,80,4,1,1,13,,,,0,0,,,,,,,,,,,,,,,,,,,,,,,,,2014
2014040720,4,40720,1,1,2,10,10,19,5,9,0,1,0,4,1,52,47,52047,6,2014,4A4AP4AU2EE0,4,A,4,A,P,4,A,U,2,E,E,0,0,0,0,Not Applicable,Not Applicable,0,0,0,1,0,0,0,0,0,0,0,37,0,0,0,12,4,5,9,0,0,0,1,4,85016,6,1,0,0,3,3,70,265,0,0,0,1,0,2,2012,2,2012,0,0,0,0,0,5,6,40,1,1,2,1,0,0,1,83,99,1,1,13,,,,0,0,,,,,,,,,,,,,,,,,,,,,,,,,2014
2014040721,4,40721,1,1,2,23,6,99,99,1,0,1,0,99,9,99,709,99709,80,9999,Unknown,9,9,9,9,9,9,9,9,9,9,9,9,0,0,0,Not Applicable,Not Applicable,0,0,0,1,0,0,0,0,0,0,0,999,0,0,0,0,9,9,1,0,0,0,1,4,85338,6,1,0,0,3,0,75,227,1,0,0,0,1,12,2012,8,2013,9,89,0,0,0,9,9,99,9,9,8,99,99,9,99,99,99,9,9,98,,,,1,1,,,,,,,,,,,,,,,,,,,,,,,,,2014
2014040722,4,40722,1,1,2,10,12,16,30,99,99,1,0,99,9,99,999,99999,99,9999,Unknown,9,9,9,9,9,9,9,9,9,9,9,9,0,0,0,Not Applicable,Not Applicable,0,0,0,1,0,0,0,0,0,0,0,999,0,0,0,99,9,9,99,0,0,0,1,4,85326,9,9,99,0,9,9,999,999,99,99,99,99,99,99,9999,99,9999,9,99,99,99,99,9,9,99,9,9,8,99,99,9,99,99,99,9,9,99,,,,1,0,,,,,,,,,,,,,,,,,,,,,,,,,2014
2014040723,4,40723,1,1,3,10,7,20,26,9,0,1,0,4,1,37,32,37032,4,1993,JHMCB7651PC0,J,H,M,C,B,7,6,5,1,P,C,0,0,0,0,Not Applicable,Not Applicable,0,0,0,1,0,0,0,0,0,0,0,45,0,0,0,12,6,2,9,0,0,0,1,4,85202,6,1,0,0,3,0,69,175,0,0,0,0,0,0,0,0,0,0,0,0,0,0,8,8,45,1,1,8,1,0,0,1,83,1,1,1,13,,,,0,0,,,,,,,,,,,,,,,,,,,,,,,,,2014
2014040724,4,40724,1,2,8,2,5,23,36,12,2,1,0,4,2,23,421,23421,15,2003,1GKEC16T53R1,1,G,K,E,C,1,6,T,5,3,R,1,0,0,0,Not Applicable,Not Applicable,0,0,0,1,0,0,0,0,0,0,0,17,0,0,0,12,6,2,12,0,0,0,1,4,85035,6,1,0,0,3,0,70,175,0,2,0,3,0,5,2011,5,2012,0,38,0,0,0,1,6,40,1,1,2,1,3,3,11,15,99,1,1,68,,,,0,0,,,,,,,,,,,,,,,,,,,,,,,,,2014
2014040724,4,40724,2,2,1,2,5,23,36,12,2,1,0,4,2,37,706,37706,80,1996,1HFSC1801TA0,1,H,F,S,C,1,8,0,1,T,A,0,0,0,0,Not Applicable,Not Applicable,0,0,0,1,0,0,0,0,0,0,0,31,0,0,0,12,6,2,12,0,0,0,1,4,85301,6,1,0,0,3,3,71,230,0,0,0,0,0,0,0,0,0,0,0,0,0,0,1,6,40,1,1,2,1,3,3,1,62,99,1,1,69,,,,1,0,,,,,,,,,,,,,,,,,,,,,,,,,2014
2014040725,4,40725,1,1,1,22,3,99,99,3,0,1,0,99,9,99,999,99999,99,9999,Unknown,9,9,9,9,9,9,9,9,9,9,9,9,0,0,0,Not Applicable,Not Applicable,0,0,0,1,0,0,0,0,0,0,0,999,0,0,0,0,9,9,3,0,0,0,1,4,85204,6,1,0,0,3,3,71,220,0,0,0,0,0,0,0,0,0,9,99,99,99,99,9,9,99,9,9,8,99,99,9,99,99,99,9,4,0,,,,1,0,,,,,,,,,,,,,,,,,,,,,,,,,2014
2014040726,4,40726,1,1,2,3,4,15,56,8,0,1,0,4,2,12,481,12481,31,2010,1FTMF1E83AKE,1,F,T,M,F,1,E,8,3,A,K,E,0,0,0,Not Applicable,Not Applicable,0,0,0,1,0,0,0,0,0,0,0,998,0,0,0,99,8,8,8,0,0,0,1,4,85941,1,1,0,0,2,0,60,174,0,0,0,0,0,0,0,0,0,0,99,99,99,99,0,0,0,0,0,0,0,0,0,13,80,1,1,7,98,,,,0,0,,,,,,,,,,,,,,,,,,,,,,,,,2014
2014040727,4,40727,1,1,2,30,5,13,35,1,0,1,0,99,9,99,999,99999,99,9999,Unknown,9,9,9,9,9,9,9,9,9,9,9,9,0,0,0,Not Applicable,Not Applicable,0,0,0,1,0,0,0,0,0,0,0,999,0,9,9,0,9,9,1,0,0,0,1,99,99999,9,9,99,9,9,9,999,999,99,99,99,99,99,99,9999,99,9999,9,99,99,99,99,9,9,99,9,9,2,99,99,9,99,99,99,9,9,99,,,,1,0,,,,,,,,,,,,,,,,,,,,,,,,,2014
2014040728,4,40728,1,1,2,6,9,0,33,99,99,1,9,99,9,99,999,99999,99,9999,Unknown,9,9,9,9,9,9,9,9,9,9,9,9,0,0,0,Not Applicable,Not Applicable,0,0,0,1,0,0,0,0,0,0,0,999,0,0,0,99,9,9,99,0,0,0,1,99,99999,9,9,99,9,9,9,999,999,99,99,99,99,99,99,9999,99,9999,9,99,99,99,99,9,9,99,9,9,8,99,99,9,99,99,99,9,9,99,,,,1,0,,,,,,,,,,,,,,,,,,,,,,,,,2014
2013040001,4,40001,1,1,1,3,1,17,32,38,0,1,0,4,1,41,45,41045,1,1996,JM1NA3539T07,J,M,1,N,A,3,5,3,9,T,0,7,0,0,0,Not Applicable,Not Applicable,0,0,0,1,0,0,0,0,0,0,0,998,0,1,3,99,6,2,1,0,0,0,1,4,85621,6,1,0,0,3,0,62,130,0,0,0,0,0,0,0,0,0,4,0,0,0,0,2,2,75,1,1,2,6,0,0,1,5,99,9,4,2,,,,1,0,,,,,,,,,,,,,,,,,,,,,,,,,2013
2013040002,4,40002,1,1,1,3,1,21,56,33,0,1,0,4,1,72,706,72706,80,2009,1HD1GX4179K3,1,H,D,1,G,X,4,1,7,9,K,3,0,0,0,Not Applicable,Not Applicable,0,0,0,1,0,0,0,0,0,0,0,65,0,0,0,12,6,9,1,0,0,0,1,4,85202,6,1,0,0,3,0,69,200,0,0,0,0,0,0,0,0,0,4,0,0,0,0,6,2,65,1,1,2,1,0,0,1,13,99,1,4,1,,,,1,0,,,,,,,,,,,,,,,,,,,,,,,,,2013
2013040003,4,40003,1,1,8,4,1,14,43,8,0,1,0,4,1,35,421,35421,15,2005,5N1AA08B65N7,5,N,1,A,A,0,8,B,6,5,N,7,0,0,0,Not Applicable,Not Applicable,0,0,0,1,0,0,0,0,0,0,0,65,0,0,0,12,2,5,8,0,0,0,1,4,85205,6,1,0,0,3,0,70,165,0,0,0,0,0,0,0,0,0,0,0,0,0,0,3,2,65,1,1,2,1,0,0,1,80,99,1,1,13,,,,0,0,,,,,,,,,,,,,,,,,,,,,,,,,2013
2013040004,4,40004,1,1,2,5,1,19,1,8,0,1,0,4,1,7,20,7020,4,2004,1B3ES26C24D5,1,B,3,E,S,2,6,C,2,4,D,5,0,0,0,Not Applicable,Not Applicable,0,0,0,1,0,0,0,0,0,0,0,40,0,0,0,12,2,5,8,0,0,0,1,4,85015,6,1,0,0,3,0,67,175,0,0,0,0,0,0,0,0,0,0,0,0,0,0,5,5,40,1,1,2,1,0,0,1,80,1,1,1,13,,,,0,0,,,,,,,,,,,,,,,,,,,,,,,,,2013
2013040005,4,40005,1,2,1,7,1,6,36,12,2,1,0,4,2,49,32,49032,4,2006,1NXBR32E26Z7,1,N,X,B,R,3,2,E,2,6,Z,7,0,0,0,Not Applicable,Not Applicable,0,0,0,1,0,0,0,0,0,0,0,998,0,0,0,12,6,2,12,0,0,0,1,4,85630,6,1,0,0,3,3,74,195,1,2,1,1,0,7,2011,11,2011,0,28,0,0,0,1,2,65,2,5,2,1,0,0,14,10,99,1,2,50,,,,1,1,,,,,,,,,,,,,,,,,,,,,,,,,2013
2013040005,4,40005,2,2,1,7,1,6,36,12,2,1,0,4,2,12,481,12481,31,2008,1FTRF12238KD,1,F,T,R,F,1,2,2,3,8,K,D,0,0,0,Not Applicable,Not Applicable,0,0,0,1,0,0,0,0,0,0,0,55,0,0,0,12,6,2,12,0,0,0,1,4,85706,6,1,0,0,3,0,76,215,0,0,0,1,0,8,2012,8,2012,0,0,0,0,0,1,2,65,3,6,2,1,0,0,14,62,1,1,1,51,,,,0,0,,,,,,,,,,,,,,,,,,,,,,,,,2013
2013040006,4,40006,1,1,1,7,1,10,11,8,0,1,0,4,1,20,444,20444,20,2007,1GNDV23127D1,1,G,N,D,V,2,3,1,2,7,D,1,0,0,0,Not Applicable,Not Applicable,0,0,0,1,0,0,0,0,0,0,0,32,0,0,0,12,2,5,8,32,0,0,1,4,85706,6,1,0,0,3,0,71,340,0,0,0,0,0,0,0,0,0,0,0,0,0,0,2,3,40,1,1,2,1,2,3,3,80,1,1,1,13,,,,0,0,,,,,,,,,,,,,,,,,,,,,,,,,2013
2013040009,4,40009,1,2,1,11,1,10,14,12,6,1,1,4,2,12,401,12401,14,2005,1FMZU63E75ZA,1,F,M,Z,U,6,3,E,7,5,Z,A,0,0,0,Not Applicable,Not Applicable,0,0,0,1,0,0,0,0,0,0,0,10,0,0,0,82,4,5,12,0,0,0,1,4,85302,0,0,0,0,0,0,69,125,0,0,0,0,0,0,0,0,0,0,38,91,0,0,5,5,40,1,1,2,1,0,0,11,15,1,1,1,68,,,,0,0,,,,,,,,,,,,,,,,,,,,,,,,,2013
2013040009,4,40009,2,2,1,11,1,10,14,12,6,1,0,4,1,98,709,98709,88,2011,LFGTCKPM5B10,L,F,G,T,C,K,P,M,5,B,1,0,0,0,0,Not Applicable,Not Applicable,0,0,0,1,0,0,0,0,0,0,0,29,0,0,0,12,6,2,12,0,0,0,1,4,85022,6,1,0,0,3,0,61,170,0,0,0,0,0,0,0,0,0,0,0,0,0,0,5,5,40,1,1,2,1,0,0,1,62,99,1,1,69,,,,1,0,,,,,,,,,,,,,,,,,,,,,,,,,2013
2013040010,4,40010,1,2,2,11,1,12,11,12,2,1,0,4,2,7,482,7482,31,2012,3C6UD5CL6CG3,3,C,6,U,D,5,C,L,6,C,G,3,0,0,0,Not Applicable,Not Applicable,0,0,0,1,0,0,0,0,0,0,0,47,0,0,0,12,6,2,12,0,0,0,1,4,85631,6,1,0,0,3,0,68,150,0,0,0,0,0,0,0,0,0,4,28,0,0,0,1,2,45,1,1,8,4,0,0,1,5,99,9,2,50,,,,0,0,,,,,,,,,,,,,,,,,,,,,,,,,2013
2013040010,4,40010,2,2,2,11,1,12,11,12,2,1,0,4,1,12,401,12401,14,1992,1FMDU34X0NUC,1,F,M,D,U,3,4,X,0,N,U,C,0,0,0,Not Applicable,Not Applicable,0,0,0,1,0,0,0,0,0,0,0,42,0,0,0,12,6,2,12,0,0,0,1,4,85935,6,1,0,0,3,0,63,110,0,1,0,0,0,11,2010,11,2010,4,0,0,0,0,1,2,45,1,1,8,4,0,0,1,62,99,1,1,51,,,,1,0,,,,,,,,,,,,,,,,,,,,,,,,,2013
2013040011,4,40011,1,1,2,11,1,16,21,35,0,1,0,4,1,7,422,7422,15,2005,1D8HB58D15F5,1,D,8,H,B,5,8,D,1,5,F,5,0,0,0,Not Applicable,Not Applicable,0,0,0,1,0,0,0,0,0,0,0,63,0,1,5,12,6,2,1,0,0,0,1,4,86305,6,1,0,0,3,0,75,300,0,0,0,0,0,0,0,0,0,0,0,0,0,0,2,2,65,2,5,2,1,0,0,14,12,1,9,4,2,,,,2,0,,,,,,,,,,,,,,,,,,,,,,,,,2013
2013040012,4,40012,1,1,1,11,1,18,28,8,0,1,1,4,1,20,421,20421,15,2002,1GNEC13Z62R1,1,G,N,E,C,1,3,Z,6,2,R,1,0,0,0,Not Applicable,Not Applicable,0,0,0,1,0,0,0,0,0,0,0,35,0,0,0,12,8,5,8,0,0,0,1,4,85746,6,1,0,0,3,3,63,140,0,0,0,0,0,0,0,0,0,0,0,0,0,0,1,2,35,1,5,2,1,0,0,1,80,99,1,1,13,,,,0,0,,,,,,,,,,,,,,,,,,,,,,,,,2013
2013040013,4,40013,1,2,1,12,1,5,23,12,1,1,0,4,1,12,401,12401,14,1997,1FMDU34E1VZA,1,F,M,D,U,3,4,E,1,V,Z,A,0,0,0,Not Applicable,Not Applicable,0,0,0,1,0,0,0,0,0,0,0,80,0,1,1,12,6,2,1,0,0,0,1,4,85029,6,1,0,0,3,0,69,180,0,0,0,1,0,1,2011,1,2011,4,0,0,0,0,3,6,55,1,1,2,1,28,3,1,11,99,9,2,43,,,,1,1,,,,,,,,,,,,,,,,,,,,,,,,,2013
2013040013,4,40013,2,2,1,12,1,5,23,12,1,1,0,4,2,49,40,49040,4,1998,JT2BG22K2W01,J,T,2,B,G,2,2,K,2,W,0,1,0,0,0,Not Applicable,Not Applicable,0,0,0,1,0,0,0,0,0,0,0,50,0,0,0,6,6,2,12,0,0,0,1,4,85017,6,1,0,0,3,0,67,220,0,0,0,0,0,0,0,0,0,0,0,0,0,0,3,6,55,1,1,2,1,28,3,1,63,1,1,1,43,,,,0,0,,,,,,,,,,,,,,,,,,,,,,,,,2013
2013040014,4,40014,1,1,1,13,1,12,14,33,0,1,0,4,5,20,481,20481,31,2006,1GCEC19T56Z1,1,G,C,E,C,1,9,T,5,6,Z,1,0,0,0,Not Applicable,Not Applicable,0,0,0,1,0,0,0,0,0,0,0,114,0,1,5,12,6,2,2,0,0,1,1,4,85746,6,1,0,0,3,3,71,130,0,0,0,0,0,0,0,0,0,5,37,89,0,0,1,2,25,2,1,2,1,0,0,14,9,7,3,4,7,,,,1,0,,,,,,,,,,,,,,,,,,,,,,,,,2013
2013040015,4,40015,1,1,1,16,1,9,5,30,0,1,0,4,2,49,471,49471,30,1986,JT4RN63B7G50,J,T,4,R,N,6,3,B,7,G,5,0,0,0,0,Not Applicable,Not Applicable,0,0,0,1,0,0,0,0,0,0,0,65,0,0,0,3,6,2,30,0,0,0,1,4,85603,0,0,0,0,0,0,63,115,0,0,0,0,0,0,0,0,0,3,0,0,0,0,1,2,45,1,5,2,1,0,0,1,12,99,9,4,6,,,,1,0,,,,,,,,,,,,,,,,,,,,,,,,,2013
2013040016,4,40016,1,1,2,17,1,17,5,34,0,1,0,4,1,12,481,12481,31,1980,F26GRHG2903,F,2,6,G,R,H,G,2,9,0,3,,6,1,0,Not Applicable,Not Applicable,0,0,0,1,0,0,0,0,0,0,0,35,0,1,5,99,2,5,1,0,0,0,1,4,85308,6,1,0,0,3,0,72,165,0,0,0,0,0,0,0,0,0,0,88,0,0,0,1,2,35,3,1,5,1,0,0,14,5,4,9,4,2,,,,1,0,,,,,,,,,,,,,,,,,,,,,,,,,2013
2013040017,4,40017,1,2,2,19,1,17,6,12,99,1,0,4,1,12,35,12035,4,1999,3FAFP663XXM1,3,F,A,F,P,6,6,3,X,X,M,1,0,0,0,Not Applicable,Not Applicable,0,0,0,1,0,0,0,0,0,0,0,20,0,0,0,99,6,2,12,0,0,0,1,4,85204,6,1,0,0,3,3,62,145,0,0,0,0,0,0,0,0,0,0,48,0,0,0,5,4,45,1,1,2,1,3,3,11,15,99,1,1,68,,,,0,0,,,,,,,,,,,,,,,,,,,,,,,,,2013
2013040017,4,40017,2,2,1,19,1,17,6,12,99,1,0,4,1,76,706,76706,80,2009,JYAVP21E19A0,J,Y,A,V,P,2,1,E,1,9,A,0,0,0,0,Not Applicable,Not Applicable,0,0,0,1,0,0,0,0,0,0,0,45,0,0,0,99,6,2,12,0,0,0,1,4,85204,6,1,0,0,3,3,75,245,0,0,0,0,0,0,0,0,0,0,0,0,0,0,5,4,45,1,1,2,1,3,3,1,62,99,1,1,69,,,,1,0,,,,,,,,,,,,,,,,,,,,,,,,,2013
2013040018,4,40018,1,1,3,20,1,0,24,38,0,1,0,4,2,35,43,35043,4,1998,3N1AB41D0WL0,3,N,1,A,B,4,1,D,0,W,L,0,0,0,0,Not Applicable,Not Applicable,0,0,0,1,0,0,0,0,0,0,0,60,0,1,5,99,6,2,1,0,0,0,1,4,85743,6,1,0,0,3,0,67,200,0,0,0,0,0,0,0,0,0,4,0,0,0,0,1,2,35,1,4,2,1,0,0,1,6,6,5,4,7,,,,1,0,,,,,,,,,,,,,,,,,,,,,,,,,2013
2013040019,4,40019,1,1,1,20,1,16,14,1,0,1,0,4,1,20,421,20421,15,2004,1GNEK13Z14R2,1,G,N,E,K,1,3,Z,1,4,R,2,0,0,0,Not Applicable,Not Applicable,0,0,0,1,0,0,0,0,0,0,0,75,0,1,3,0,6,2,1,0,0,0,1,4,86047,6,1,0,0,3,0,67,190,0,0,0,1,1,7,2010,2,2012,0,58,0,0,0,2,2,75,2,5,2,1,0,0,14,12,1,1,4,6,,,,1,0,,,,,,,,,,,,,,,,,,,,,,,,,2013
2013040020,4,40020,1,1,5,20,1,16,16,1,0,1,0,4,2,12,401,12401,14,1996,1FMDU32X4TUA,1,F,M,D,U,3,2,X,4,T,U,A,0,0,0,Not Applicable,Not Applicable,0,0,0,1,0,0,0,0,0,0,0,999,0,1,4,0,6,2,1,0,0,0,1,4,85233,6,1,0,0,3,0,69,190,0,0,0,1,0,8,2010,8,2010,0,80,0,0,0,3,4,65,1,1,2,1,0,0,1,1,4,9,4,2,,,,2,0,,,,,,,,,,,,,,,,,,,,,,,,,2013
2013040021,4,40021,1,1,1,20,1,20,57,35,0,1,0,4,1,12,471,12471,30,2000,1FTYR14V9YPA,1,F,T,Y,R,1,4,V,9,Y,P,A,0,0,0,Not Applicable,Not Applicable,0,0,0,1,0,0,0,0,0,0,0,40,0,1,5,12,6,2,1,32,0,0,1,4,85710,6,1,0,0,3,3,73,145,0,0,0,0,0,0,0,0,0,0,99,99,99,99,5,2,35,1,1,8,1,0,0,1,13,1,9,4,1,,,,1,1,,,,,,,,,,,,,,,,,,,,,,,,,2013
2013040022,4,40022,1,2,1,21,1,23,30,8,0,1,0,25,1,49,32,49032,4,2011,JTDBU4EE4B91,J,T,D,B,U,4,E,E,4,B,9,1,0,0,0,Not Applicable,Not Applicable,0,0,0,1,0,0,0,0,0,0,0,35,0,0,0,12,6,2,8,0,0,0,1,6,95835,6,1,0,0,3,0,64,120,0,0,0,0,0,0,0,0,0,0,0,0,0,0,5,4,35,1,1,2,1,0,0,1,80,8,1,3,13,,,,0,0,,,,,,,,,,,,,,,,,,,,,,,,,2013
2013040022,4,40022,2,2,1,21,1,23,30,8,0,1,1,99,9,99,999,99999,99,9999,Unknown,9,9,9,9,9,9,9,9,9,9,9,9,0,0,0,Not Applicable,Not Applicable,0,0,0,1,0,0,0,0,0,0,0,998,0,0,0,14,9,5,8,0,0,0,1,99,99999,9,9,99,0,9,9,999,999,99,99,99,99,99,99,9999,99,9999,0,99,99,99,99,5,4,35,1,1,2,1,0,0,99,99,99,9,9,98,,,,0,0,,,,,,,,,,,,,,,,,,,,,,,,,2013
2013040023,4,40023,1,3,1,22,1,15,2,12,1,1,0,4,1,2,405,2405,14,2005,1J4GL48K65W5,1,J,4,G,L,4,8,K,6,5,W,5,0,0,0,Not Applicable,Not Applicable,0,0,0,1,0,0,0,0,0,0,0,55,0,0,0,12,6,2,12,0,0,0,1,4,86301,6,1,0,0,3,3,69,150,0,1,0,0,0,4,2012,4,2012,0,0,0,0,0,2,2,55,1,6,2,1,3,3,1,50,1,1,1,20,,,,0,0,,,,,,,,,,,,,,,,,,,,,,,,,2013
2013040023,4,40023,2,3,3,22,1,15,2,12,1,1,0,4,1,7,20,7020,4,2004,1B3ES56C84D5,1,B,3,E,S,5,6,C,8,4,D,5,0,0,0,Not Applicable,Not Applicable,0,0,0,1,0,0,0,0,0,0,0,0,0,0,0,6,6,2,12,0,0,0,1,4,86327,6,1,0,0,3,0,59,145,0,0,0,0,0,0,0,0,0,0,0,0,0,0,2,2,55,1,6,2,1,3,3,5,53,1,1,1,21,,,,1,0,,,,,,,,,,,,,,,,,,,,,,,,,2013
2013040023,4,40023,3,3,1,22,1,15,2,12,1,1,0,4,4,12,37,12037,4,2013,1FADP3F28DL2,1,F,A,D,P,3,F,2,8,D,L,2,0,0,0,Not Applicable,Not Applicable,0,0,0,1,0,0,0,0,0,0,0,3,0,0,0,63,4,5,12,0,0,0,1,55,54021,6,1,0,0,3,0,64,145,0,0,0,0,0,0,0,0,0,0,0,0,0,0,2,2,55,1,6,2,1,3,3,3,50,1,1,1,98,,,,0,0,,,,,,,,,,,,,,,,,,,,,,,,,2013
2013040024,4,40024,1,3,1,22,1,18,44,1,0,1,0,6,1,73,706,73706,80,1978,KZT00B508214,K,Z,T,0,0,B,5,0,8,2,1,4,0,0,0,Not Applicable,Not Applicable,0,0,0,1,0,0,0,0,0,0,0,998,0,0,0,0,6,2,1,0,0,1,1,6,93612,1,1,0,0,2,0,68,215,0,1,0,0,0,9,2012,9,2012,3,27,0,0,0,5,4,45,1,1,2,1,0,0,1,52,3,2,1,98,,,,1,1,,,,,,,,,,,,,,,,,,,,,,,,,2013
2013040024,4,40024,2,3,1,22,1,18,44,1,0,1,0,4,1,37,32,37032,4,2000,1HGCG164XYA0,1,H,G,C,G,1,6,4,X,Y,A,0,0,0,0,Not Applicable,Not Applicable,0,0,0,1,0,0,0,0,0,0,0,998,0,0,0,6,2,5,12,0,0,0,1,4,85388,6,1,0,0,3,0,74,240,0,0,0,0,0,0,0,0,0,0,89,0,0,0,5,4,45,1,1,2,1,0,0,1,53,1,1,1,98,,,,0,0,,,,,,,,,,,,,,,,,,,,,,,,,2013
2013040024,4,40024,3,3,3,22,1,18,44,1,0,1,0,4,1,19,3,19003,4,2001,1G6KD54Y11U2,1,G,6,K,D,5,4,Y,1,1,U,2,0,0,0,Not Applicable,Not Applicable,0,0,0,1,0,0,0,0,0,0,0,0,0,0,0,12,6,2,12,0,0,0,1,4,85307,6,1,0,0,3,3,70,145,0,0,0,0,0,0,0,0,0,0,0,0,0,0,5,4,45,1,1,2,1,0,0,5,62,1,1,1,98,,,,0,0,,,,,,,,,,,,,,,,,,,,,,,,,2013
2013040025,4,40025,1,1,1,23,1,10,29,8,0,1,1,4,3,12,402,12402,14,2008,1FMCU59H88KA,1,F,M,C,U,5,9,H,8,8,K,A,0,0,0,Not Applicable,Not Applicable,0,0,0,1,0,0,0,0,0,0,0,65,0,0,0,12,2,5,8,0,0,0,1,4,86409,6,1,0,0,3,0,73,189,0,0,0,0,0,0,0,0,0,0,0,0,0,0,3,2,65,1,5,2,1,0,0,1,80,1,1,1,13,,,,0,0,,,,,,,,,,,,,,,,,,,,,,,,,2013
2013040026,4,40026,1,2,1,26,1,15,10,12,6,1,0,4,1,35,401,35401,14,1998,JN8AR05S4WW2,J,N,8,A,R,0,5,S,4,W,W,2,0,0,0,Not Applicable,Not Applicable,0,0,0,1,0,0,0,0,0,0,0,998,0,0,0,81,6,2,12,0,0,0,1,4,85541,6,1,0,0,3,0,62,116,0,0,0,0,0,0,0,0,0,4,28,87,0,0,1,2,55,1,5,2,2,0,0,99,6,99,4,2,64,,,,1,0,,,,,,,,,,,,,,,,,,,,,,,,,2013
2013040026,4,40026,2,2,1,26,1,15,10,12,6,1,0,4,1,12,3,12003,3,1984,1FABP28M0EF1,1,F,A,B,P,2,8,M,0,E,F,1,0,0,0,Not Applicable,Not Applicable,0,0,0,1,0,0,0,0,0,0,0,999,0,0,0,12,6,2,12,0,0,0,1,4,86305,6,1,0,0,3,3,71,240,0,0,0,0,0,0,0,0,0,0,0,0,0,0,1,2,55,1,6,2,2,0,0,1,62,99,1,1,65,,,,1,0,,,,,,,,,,,,,,,,,,,,,,,,,2013
2013040027,4,40027,1,2,5,27,1,20,33,12,1,1,0,4,6,12,401,12401,14,1993,1FMDU34X6PUD,1,F,M,D,U,3,4,X,6,P,U,D,0,0,0,Not Applicable,Not Applicable,0,0,0,1,0,0,0,0,0,0,0,0,0,0,0,6,6,2,12,0,0,0,0,0,99997,7,6,97,7,6,7,998,997,998,998,998,998,998,98,9998,98,9998,8,20,54,91,0,3,4,65,3,5,2,2,0,0,0,53,0,0,0,32,,,,2,0,,,,,,,,,,,,,,,,,,,,,,,,,2013
2013040027,4,40027,2,2,1,27,1,20,33,12,1,1,0,4,1,49,482,49482,31,2010,5TFRY5F17AX0,5,T,F,R,Y,5,F,1,7,A,X,0,0,0,0,Not Applicable,Not Applicable,0,0,0,1,0,0,0,0,0,0,0,999,0,1,1,12,6,2,12,0,0,0,1,4,85340,6,1,0,0,3,0,67,175,0,0,0,1,0,8,2010,8,2010,0,0,0,0,0,3,4,65,3,5,2,2,0,0,14,50,1,1,1,32,,,,0,0,,,,,,,,,,,,,,,,,,,,,,,,,2013
2013040028,4,40028,1,1,2,27,1,22,16,8,0,1,0,4,1,55,441,55441,20,2007,KNDMC2338760,K,N,D,M,C,2,3,3,8,7,6,0,0,0,0,Not Applicable,Not Applicable,0,0,0,1,0,0,0,0,0,0,0,45,0,0,0,12,2,5,8,0,0,0,1,4,85367,6,1,0,0,3,0,67,145,0,0,0,0,0,0,0,0,0,0,0,0,0,0,1,2,45,1,1,2,2,0,0,1,80,1,1,1,13,,,,0,0,,,,,,,,,,,,,,,,,,,,,,,,,2013
2013040029,4,40029,1,1,1,28,1,3,19,43,0,1,0,4,1,37,705,37705,80,2002,JH2PC35012M3,J,H,2,P,C,3,5,0,1,2,M,3,0,0,0,Not Applicable,Not Applicable,0,0,0,1,0,0,0,0,0,0,0,999,0,0,0,12,6,2,1,0,0,0,1,4,85033,6,1,0,0,2,0,67,170,0,6,0,1,1,3,2010,4,2011,0,99,99,99,99,6,1,55,2,5,2,2,0,0,14,12,99,9,4,6,,,,1,1,,,,,,,,,,,,,,,,,,,,,,,,,2013
2013040031,4,40031,1,2,1,8,1,11,11,12,7,1,0,4,1,18,441,18441,20,2005,5GADV33L95D2,5,G,A,D,V,3,3,L,9,5,D,2,0,0,0,Not Applicable,Not Applicable,0,0,0,1,0,0,0,0,0,0,0,41,0,0,0,62,4,3,12,0,0,0,1,4,85351,6,1,0,0,3,3,65,112,0,0,0,0,0,0,0,0,0,0,48,0,0,0,2,2,40,1,1,2,1,0,0,11,15,1,1,1,72,,,,0,0,,,,,,,,,,,,,,,,,,,,,,,,,2013