accident_id,STATE,ST_CASE,VEH_NO,VE_FORMS,NUMOCCS,DAY,MONTH,HOUR,MINUTE,HARM_EV,MAN_COLL,UNITTYPE,HIT_RUN,REG_STAT,OWNER,MAKE,MODEL,MAK_MOD,BODY_TYP,MOD_YEAR,VIN,VIN_1,VIN_2,VIN_3,VIN_4,VIN_5,VIN_6,VIN_7,VIN_8,VIN_9,VIN_10,VIN_11,VIN_12,TOW_VEH,J_KNIFE,MCARR_I1,MCARR_I2,MCARR_ID,GVWR,V_CONFIG,CARGO_BT,HAZ_INV,HAZ_PLAC,HAZ_ID,HAZ_CNO,HAZ_REL,BUS_USE,SPEC_USE,EMER_USE,TRAV_SP,UNDERIDE,ROLLOVER,ROLINLOC,IMPACT1,DEFORMED,TOWED,M_HARM,VEH_SC1,VEH_SC2,FIRE_EXP,DR_PRES,L_STATE,DR_ZIP,L_STATUS,L_TYPE,CDL_STAT,L_ENDORS,L_COMPL,L_RESTRI,DR_HGT,DR_WGT,PREV_ACC,PREV_SUS,PREV_DWI,PREV_SPD,PREV_OTH,FIRST_MO,FIRST_YR,LAST_MO,LAST_YR,SPEEDREL,DR_SF1,DR_SF2,DR_SF3,DR_SF4,VTRAFWAY,VNUM_LAN,VSPD_LIM,VALIGN,VPROFILE,VPAVETYP,VSURCOND,VTRAFCON,VTCONT_F,P_CRASH1,P_CRASH2,P_CRASH3,PCRASH4,PCRASH5,ACC_TYPE,TRLR1VIN,TRLR2VIN,TRLR3VIN,DEATHS,DR_DRINK,VINTYPE,VINMAKE,VINA_MOD,VIN_BT,VINMODYR,VIN_LNGT,VIN_WGT,WGTCD_TR,WHLBS_LG,WHLBS_SH,SER_TR,FUELCODE,MCYCL_DS,CARBUR,CYLINDER,DISPLACE,MCYCL_CY,MCYCL_WT,TIRE_SZE,TON_RAT,TRK_WT,TRKWTVAR,VIN_REST,WHLDRWHL,Year
2013040031,4,40031,2,2,1,8,1,11,11,12,7,1,0,4,1,20,481,20481,31,2001,2GCEK19T5112,2,G,C,E,K,1,9,T,5,1,1,2,0,0,0,Not Applicable,Not Applicable,0,0,0,1,0,0,0,0,0,0,0,42,0,1,1,3,6,2,1,0,0,0,1,4,85381,6,1,0,0,3,3,69,190,0,0,0,0,0,0,0,0,0,0,0,0,0,0,2,2,40,1,1,2,1,0,0,1,61,1,1,1,73,,,,1,0,,,,,,,,,,,,,,,,,,,,,,,,,2013
2013040032,4,40032,1,1,1,27,1,12,18,24,0,1,0,4,1,20,481,20481,31,2006,2GCEC19V3612,2,G,C,E,C,1,9,V,3,6,1,2,0,0,0,Not Applicable,Not Applicable,0,0,0,1,0,0,0,0,0,0,0,998,0,0,0,61,6,2,24,0,0,0,1,4,85705,6,1,0,0,3,0,68,150,0,1,0,2,1,10,2011,7,2012,4,0,0,0,0,2,2,75,2,1,2,1,0,0,14,12,7,9,4,2,,,,1,0,,,,,,,,,,,,,,,,,,,,,,,,,2013
2013040033,4,40033,1,1,2,3,1,0,1,33,0,1,0,4,1,37,32,37032,4,2003,3HGCM56333G7,3,H,G,C,M,5,6,3,3,3,G,7,0,0,0,Not Applicable,Not Applicable,0,0,0,1,0,0,0,0,0,0,0,45,0,1,5,12,6,2,1,0,0,0,1,4,85716,6,1,0,0,3,0,77,180,0,0,0,0,0,0,0,0,0,4,91,0,0,0,6,1,25,2,1,2,1,0,0,11,9,99,9,4,7,,,,1,1,,,,,,,,,,,,,,,,,,,,,,,,,2013
2013040034,4,40034,1,1,1,4,1,18,15,30,0,1,0,4,2,49,401,49401,14,1997,JT3HN87R7V90,J,T,3,H,N,8,7,R,7,V,9,0,0,0,0,Not Applicable,Not Applicable,0,0,0,1,0,0,0,0,0,0,0,75,0,0,0,62,6,2,30,0,0,0,1,4,85132,6,1,0,0,3,0,64,130,0,0,0,0,0,0,0,0,0,3,6,58,0,0,1,2,45,1,1,2,1,0,0,1,13,6,3,4,7,,,,1,1,,,,,,,,,,,,,,,,,,,,,,,,,2013
2013040035,4,40035,1,1,1,23,1,16,59,1,0,1,0,4,2,23,421,23421,15,2005,1GKEC13V05R1,1,G,K,E,C,1,3,V,0,5,R,1,0,0,0,Not Applicable,Not Applicable,0,0,0,1,0,0,0,0,0,0,0,65,0,1,5,0,6,2,1,32,0,0,1,4,85206,6,1,0,0,3,0,65,185,0,0,0,0,0,0,0,0,0,4,0,0,0,0,1,2,65,1,5,2,1,0,0,1,13,1,9,4,7,,,,1,0,,,,,,,,,,,,,,,,,,,,,,,,,2013
2013040036,4,40036,1,1,1,25,1,19,30,8,0,1,0,4,1,2,403,2403,14,1998,1J4FY19S8WP7,1,J,4,F,Y,1,9,S,8,W,P,7,0,0,0,Not Applicable,Not Applicable,0,0,0,1,0,0,0,0,0,0,0,35,0,0,0,82,2,5,8,0,0,0,1,4,85051,6,1,0,0,3,0,64,140,0,0,0,0,0,0,0,0,0,0,0,0,0,0,5,5,40,1,1,2,2,0,0,1,80,8,1,3,13,,,,0,1,,,,,,,,,,,,,,,,,,,,,,,,,2013
2013040037,4,40037,1,3,1,26,1,11,1,12,6,1,0,4,2,2,403,2403,14,2008,1J4GA59188L5,1,J,4,G,A,5,9,1,8,8,L,5,0,0,0,Not Applicable,Not Applicable,0,0,0,1,0,0,0,0,0,0,0,45,0,0,0,12,6,2,12,0,0,0,1,4,85296,6,1,0,0,3,3,74,190,0,0,0,0,0,0,0,0,0,0,39,0,0,0,5,4,45,1,1,2,2,2,3,1,17,99,1,1,83,,,,0,0,,,,,,,,,,,,,,,,,,,,,,,,,2013
2013040037,4,40037,2,3,1,26,1,11,1,12,6,1,0,4,1,22,9,22009,2,1978,2T87U8L13215,2,T,8,7,U,8,L,1,3,2,1,5,0,0,0,Not Applicable,Not Applicable,0,0,0,1,0,0,0,0,0,0,0,15,0,0,0,9,6,2,12,0,0,0,1,4,85201,6,1,0,0,3,3,66,180,0,0,0,0,0,0,0,0,0,0,0,0,0,0,1,2,45,1,1,2,2,2,3,11,66,99,1,1,82,,,,1,0,,,,,,,,,,,,,,,,,,,,,,,,,2013
2013040037,4,40037,3,3,2,26,1,11,1,12,6,1,0,4,1,35,47,35047,4,2011,1N4AL2AP2BN4,1,N,4,A,L,2,A,P,2,B,N,4,0,0,0,Not Applicable,Not Applicable,0,0,0,1,0,0,0,0,0,0,0,0,0,0,0,12,6,2,12,0,0,0,1,4,85204,6,1,0,0,3,3,65,120,0,0,0,0,0,0,0,0,0,0,0,0,0,0,5,4,45,1,1,2,2,2,3,5,62,1,1,1,98,,,,0,0,,,,,,,,,,,,,,,,,,,,,,,,,2013
2013040038,4,40038,1,1,1,29,1,6,21,1,0,1,0,4,3,12,481,12481,31,2008,1FTNF20518ED,1,F,T,N,F,2,0,5,1,8,E,D,0,0,57,282018,57282018,0,0,0,1,0,0,0,0,0,0,0,999,0,1,3,0,6,2,14,0,0,0,1,4,85392,6,1,6,0,3,0,70,170,0,2,0,0,0,9,2011,9,2011,4,87,0,0,0,2,2,75,1,6,2,4,0,0,1,5,99,5,4,7,,,,1,0,,,,,,,,,,,,,,,,,,,,,,,,,2013
2013040039,4,40039,1,1,7,2,1,15,26,1,0,1,0,4,2,23,401,23401,14,2000,1GKDT13WXY22,1,G,K,D,T,1,3,W,X,Y,2,2,0,0,0,Not Applicable,Not Applicable,0,0,0,1,0,0,0,0,0,0,0,55,0,1,1,0,6,2,1,0,0,0,1,4,86033,0,0,0,0,0,0,66,115,0,0,0,0,0,0,0,0,0,0,91,0,0,0,1,2,55,1,1,2,1,0,0,1,13,1,1,6,98,,,,1,0,,,,,,,,,,,,,,,,,,,,,,,,,2013
2013040040,4,40040,1,1,1,3,1,18,39,8,0,1,0,4,1,20,481,20481,31,2001,1GCHK29U11E3,1,G,C,H,K,2,9,U,1,1,E,3,0,0,0,Not Applicable,Not Applicable,0,0,0,1,0,0,0,0,0,0,0,35,0,0,0,12,2,5,8,0,0,0,1,4,85029,6,1,0,0,3,3,70,170,0,1,0,0,1,3,2011,9,2011,0,0,0,0,0,5,2,35,1,1,2,1,0,0,1,80,1,1,1,13,,,,0,0,,,,,,,,,,,,,,,,,,,,,,,,,2013
2013040041,4,40041,1,1,1,6,1,20,46,33,0,1,0,4,2,76,706,76706,80,2000,JYARN05E1YA0,J,Y,A,R,N,0,5,E,1,Y,A,0,0,0,0,Not Applicable,Not Applicable,0,0,0,1,0,0,0,0,0,0,0,54,0,0,0,12,6,2,30,0,0,0,1,18,46250,6,1,0,0,3,0,70,155,0,1,0,0,0,2,2010,2,2010,4,89,0,0,0,5,6,45,3,6,2,1,0,0,14,13,2,1,4,1,,,,1,1,,,,,,,,,,,,,,,,,,,,,,,,,2013
2013040042,4,40042,1,2,1,4,1,17,30,12,11,1,0,4,2,53,704,53704,83,2006,JS1RL41C3621,J,S,1,R,L,4,1,C,3,6,2,1,0,0,0,Not Applicable,Not Applicable,0,0,0,1,0,0,0,0,0,0,0,50,0,0,0,83,6,2,12,0,0,0,1,4,85356,6,1,0,0,2,0,71,140,0,0,0,0,0,0,0,0,0,4,0,0,0,0,1,2,50,1,1,4,1,0,0,1,17,10,1,3,88,,,,1,0,,,,,,,,,,,,,,,,,,,,,,,,,2013
2013040042,4,40042,2,2,4,4,1,17,30,12,11,1,0,4,3,12,481,12481,31,2011,1FT7W2AT1BEB,1,F,T,7,W,2,A,T,1,B,E,B,0,0,0,Not Applicable,Not Applicable,0,0,0,1,0,0,0,0,0,0,0,40,0,0,0,61,4,5,12,0,0,0,1,4,85352,6,1,0,0,3,0,65,160,0,0,0,0,0,0,0,0,0,0,0,0,0,0,1,2,50,1,1,4,1,0,0,1,66,1,1,1,89,,,,0,0,,,,,,,,,,,,,,,,,,,,,,,,,2013
2013040044,4,40044,1,1,2,9,1,18,56,8,0,1,0,4,1,20,431,20431,16,2001,3GNGK26U11G1,3,G,N,G,K,2,6,U,1,1,G,1,0,0,0,Not Applicable,Not Applicable,0,0,0,1,0,0,0,0,0,0,0,36,0,0,0,12,2,5,8,0,0,0,1,4,85041,6,1,0,0,3,3,63,222,0,0,0,0,0,0,0,0,0,0,0,0,0,0,5,4,45,1,1,2,1,0,0,1,80,4,1,1,13,,,,0,0,,,,,,,,,,,,,,,,,,,,,,,,,2013
2013040045,4,40045,1,2,1,11,1,6,55,8,0,1,1,99,9,99,999,99999,99,9999,Unknown,9,9,9,9,9,9,9,9,9,9,9,9,0,0,0,Not Applicable,Not Applicable,0,0,0,1,0,0,0,0,0,0,0,25,0,0,0,12,9,5,8,0,0,0,1,99,99999,9,9,99,0,9,9,999,999,99,99,99,99,99,99,9999,99,9999,9,99,99,99,99,5,5,45,1,1,2,1,0,0,99,80,99,9,9,13,,,,0,0,,,,,,,,,,,,,,,,,,,,,,,,,2013
2013040045,4,40045,2,2,5,11,1,6,55,8,0,1,0,4,2,7,482,7482,31,2004,1D7HA18N44J1,1,D,7,H,A,1,8,N,4,4,J,1,0,0,0,Not Applicable,Not Applicable,0,0,0,1,0,0,0,0,0,0,0,45,0,0,0,12,2,5,8,0,0,0,1,4,85051,6,1,0,0,3,3,64,210,0,0,0,0,0,0,0,0,0,0,0,0,0,0,5,5,45,1,1,2,1,0,0,1,80,1,1,1,98,,,,0,0,,,,,,,,,,,,,,,,,,,,,,,,,2013
2013040046,4,40046,1,1,2,11,1,22,2,30,0,1,0,4,1,35,401,35401,14,1999,JN8AR05S8XW2,J,N,8,A,R,0,5,S,8,X,W,2,0,0,0,Not Applicable,Not Applicable,0,0,0,1,0,0,0,0,0,0,0,21,0,0,0,12,6,2,30,0,0,0,1,4,85301,6,1,0,0,3,0,73,232,0,0,0,0,1,9,2010,9,2010,4,0,0,0,0,5,4,35,1,1,8,1,0,0,1,13,1,1,4,1,,,,1,0,,,,,,,,,,,,,,,,,,,,,,,,,2013
2013040047,4,40047,1,2,1,12,1,17,9,1,0,1,0,4,1,2,407,2407,14,2010,1J4NT2GA1AD6,1,J,4,N,T,2,G,A,1,A,D,6,0,0,0,Not Applicable,Not Applicable,0,0,0,1,0,0,0,0,0,0,0,16,0,0,0,8,6,2,12,0,0,0,1,4,85029,6,1,0,0,3,0,67,135,0,0,0,0,0,0,0,0,0,0,38,0,0,0,1,2,40,1,1,2,1,20,3,1,17,1,1,1,98,,,,0,0,,,,,,,,,,,,,,,,,,,,,,,,,2013
2013040047,4,40047,2,2,1,12,1,17,9,1,0,1,0,6,1,53,705,53705,80,1981,JS1GR71A0B21,J,S,1,G,R,7,1,A,0,B,2,1,0,0,0,Not Applicable,Not Applicable,0,0,0,1,0,0,0,0,0,0,0,45,0,0,0,0,6,2,12,35,0,0,1,6,92346,3,1,0,0,2,0,68,202,0,1,0,0,0,12,2012,12,2012,0,0,0,0,0,5,6,40,1,1,2,1,0,0,1,66,98,7,1,98,,,,1,0,,,,,,,,,,,,,,,,,,,,,,,,,2013
2013040048,4,40048,1,2,3,15,1,8,58,12,6,1,0,55,1,13,1,13001,4,1998,1LNFM83W7WY6,1,L,N,F,M,8,3,W,7,W,Y,6,0,0,0,Not Applicable,Not Applicable,0,0,0,1,0,0,0,0,0,0,0,34,0,0,0,63,6,2,12,0,0,0,1,55,54016,6,1,0,0,3,3,65,180,0,0,0,0,0,0,0,0,0,4,39,0,0,0,1,2,25,1,1,2,1,20,3,1,17,1,1,1,89,,,,1,0,,,,,,,,,,,,,,,,,,,,,,,,,2013
2013040048,4,40048,2,2,1,15,1,8,58,12,6,1,0,6,2,37,31,37031,4,2005,2HGES16515H6,2,H,G,E,S,1,6,5,1,5,H,6,0,0,0,Not Applicable,Not Applicable,0,0,0,1,0,0,0,0,0,0,0,42,0,0,0,12,4,3,12,0,0,0,1,4,85208,6,1,0,0,3,3,62,120,0,0,0,0,0,0,0,0,0,0,0,0,0,0,5,4,45,1,1,2,1,0,0,1,66,1,1,1,88,,,,0,0,,,,,,,,,,,,,,,,,,,,,,,,,2013
2013040050,4,40050,1,2,2,15,1,18,44,12,6,1,0,4,1,20,421,20421,15,1996,3GNEK18R7TG1,3,G,N,E,K,1,8,R,7,T,G,1,0,0,0,Not Applicable,Not Applicable,0,0,0,1,0,0,0,0,0,0,0,998,0,1,1,12,6,2,12,0,0,0,1,4,85201,0,0,0,0,0,0,66,250,0,2,0,0,3,10,2010,11,2012,4,39,0,0,0,1,2,35,1,1,2,1,20,3,1,8,99,1,1,85,,,,1,0,,,,,,,,,,,,,,,,,,,,,,,,,2013
2013040050,4,40050,2,2,1,15,1,18,44,12,6,1,0,4,1,35,47,35047,4,2006,1N4AL11D06C1,1,N,4,A,L,1,1,D,0,6,C,1,0,0,0,Not Applicable,Not Applicable,0,0,0,1,0,0,0,0,0,0,0,998,0,0,0,62,6,2,12,0,0,0,1,4,85234,6,1,0,0,3,0,68,175,0,0,0,0,0,0,0,0,0,0,0,0,0,0,5,4,45,1,1,2,1,0,0,1,68,99,1,1,85,,,,0,0,,,,,,,,,,,,,,,,,,,,,,,,,2013
2013040051,4,40051,1,1,6,16,1,23,39,1,0,1,0,4,2,20,421,20421,15,1999,1GNCS13W5X21,1,G,N,C,S,1,3,W,5,X,2,1,0,0,0,Not Applicable,Not Applicable,0,0,0,1,0,0,0,0,0,0,0,998,0,1,9,0,6,2,1,0,0,0,1,4,85301,0,0,0,0,0,0,64,150,0,0,0,0,0,0,0,0,0,0,99,99,99,99,8,8,98,8,8,8,98,0,0,99,9,99,9,9,99,,,,1,1,,,,,,,,,,,,,,,,,,,,,,,,,2013
2013040052,4,40052,1,3,2,19,1,10,5,12,6,1,0,4,2,12,481,12481,31,2003,1FTRW07L73KB,1,F,T,R,W,0,7,L,7,3,K,B,0,0,0,Not Applicable,Not Applicable,0,0,0,1,0,0,0,0,0,0,0,45,0,0,0,9,6,2,12,0,0,0,1,4,86046,6,1,0,0,3,0,63,289,0,0,0,0,0,0,0,0,0,0,39,0,0,0,5,2,45,1,1,2,1,3,3,1,17,1,1,1,89,,,,1,0,,,,,,,,,,,,,,,,,,,,,,,,,2013
2013040052,4,40052,2,3,1,19,1,10,5,12,6,1,0,18,3,85,881,85881,66,2012,1XKAD49X0CJ3,1,X,K,A,D,4,9,X,0,C,J,3,0,0,57,054283,57054283,3,5,96,1,0,0,0,0,0,0,0,40,0,0,0,12,6,2,12,0,0,0,1,4,85323,6,1,6,0,3,3,72,200,1,2,0,1,0,1,2011,9,2012,0,0,0,0,0,5,4,50,1,1,2,1,3,3,1,66,1,1,1,88,,,,0,0,,,,,,,,,,,,,,,,,,,,,,,,,2013
2013040052,4,40052,3,3,1,19,1,10,5,12,6,1,0,6,3,84,881,84881,66,2007,1HSMTAAN57H4,1,H,S,M,T,A,A,N,5,7,H,4,1,1,57,1421875,571421875,3,6,1,1,0,0,0,0,0,0,0,25,0,0,0,12,6,2,12,0,0,0,1,4,85209,6,1,6,0,3,0,70,195,0,0,0,0,0,0,0,0,0,0,0,0,0,0,5,4,45,1,1,2,1,3,3,1,66,2,1,1,98,,,,0,0,,,,,,,,,,,,,,,,,,,,,,,,,2013
2013040053,4,40053,1,1,1,19,1,6,26,8,0,1,9,99,9,99,999,99999,99,9999,Unknown,9,9,9,9,9,9,9,9,9,9,9,9,0,0,0,Not Applicable,Not Applicable,0,0,0,1,0,0,0,0,0,0,0,999,0,0,0,12,9,9,8,0,0,0,1,99,99999,9,9,99,0,9,9,999,999,99,99,99,99,99,99,9999,99,9999,9,99,99,99,99,9,9,99,9,9,9,99,99,9,99,80,99,9,9,13,,,,0,0,,,,,,,,,,,,,,,,,,,,,,,,,2013
2013040054,4,40054,1,1,1,19,1,15,14,43,0,1,0,99,9,39,32,39032,2,1986,Unknown,9,9,9,9,9,9,9,9,9,9,9,9,0,0,0,Not Applicable,Not Applicable,0,0,0,1,0,0,0,0,0,0,0,999,0,0,0,12,6,2,43,0,0,0,1,4,85018,6,1,0,0,3,3,68,200,0,0,0,0,0,0,0,0,0,9,99,99,99,99,5,2,99,1,1,2,99,0,0,1,12,1,1,4,6,,,,1,0,,,,,,,,,,,,,,,,,,,,,,,,,2013
2013040055,4,40055,1,1,1,20,1,15,54,35,0,1,0,4,1,12,17,12017,4,2002,1FAFP52U42G1,1,F,A,F,P,5,2,U,4,2,G,1,0,0,0,Not Applicable,Not Applicable,0,0,0,1,0,0,0,0,0,0,0,998,0,1,5,12,6,2,3,0,0,0,1,4,85326,6,1,0,0,3,0,72,205,0,0,0,0,1,4,2010,4,2010,4,6,0,0,0,1,2,98,1,1,2,1,0,0,1,9,99,9,4,7,,,,1,1,,,,,,,,,,,,,,,,,,,,,,,,,2013
2013040056,4,40056,1,4,2,27,1,14,0,12,2,1,0,99,9,13,499,13499,49,9999,Unknown,9,9,9,9,9,9,9,9,9,9,9,9,0,0,0,Not Applicable,Not Applicable,0,0,0,1,0,0,0,0,0,0,0,999,0,0,0,12,9,9,12,0,0,0,1,4,85215,6,1,0,0,3,3,62,140,0,0,0,0,0,0,0,0,0,9,99,99,99,99,2,2,99,1,1,2,99,0,0,1,54,99,9,9,50,,,,2,0,,,,,,,,,,,,,,,,,,,,,,,,,2013
2013040056,4,40056,2,4,2,27,1,14,0,12,2,1,0,99,9,41,441,41441,20,9999,Unknown,9,9,9,9,9,9,9,9,9,9,9,9,0,0,0,Not Applicable,Not Applicable,0,0,0,1,0,0,0,0,0,0,0,999,0,1,9,12,9,9,12,0,0,0,1,99,99999,9,9,99,0,9,9,999,999,99,99,99,99,99,99,9999,99,9999,9,99,99,99,99,2,2,99,1,1,2,99,0,0,99,54,99,9,9,51,,,,0,0,,,,,,,,,,,,,,,,,,,,,,,,,2013
2013040056,4,40056,3,4,2,27,1,14,0,12,2,1,0,99,9,2,404,2404,14,9999,Unknown,9,9,9,9,9,9,9,9,9,9,9,9,0,0,0,Not Applicable,Not Applicable,0,0,0,1,0,0,0,0,0,0,0,999,0,0,0,99,9,9,12,0,0,0,1,99,99999,9,9,99,0,9,9,999,999,99,99,99,99,99,99,9999,99,9999,9,99,99,99,99,2,2,99,1,1,2,99,0,0,99,51,99,9,9,98,,,,0,0,,,,,,,,,,,,,,,,,,,,,,,,,2013
2013040056,4,40056,4,4,3,27,1,14,0,12,2,1,0,99,9,20,16,20016,9,9999,Unknown,9,9,9,9,9,9,9,9,9,9,9,9,0,0,0,Not Applicable,Not Applicable,0,0,0,1,0,0,0,0,0,0,0,999,0,0,0,99,9,9,12,0,0,0,1,99,99999,9,9,99,0,9,9,999,999,99,99,99,99,99,99,9999,99,9999,9,99,99,99,99,2,2,99,1,1,2,99,0,0,99,54,99,9,9,98,,,,0,0,,,,,,,,,,,,,,,,,,,,,,,,,2013
2013040057,4,40057,1,4,1,27,1,20,49,12,1,1,0,4,2,18,2,18002,4,1994,1G4HP52L5RH4,1,G,4,H,P,5,2,L,5,R,H,4,0,0,0,Not Applicable,Not Applicable,0,0,0,1,0,0,0,0,0,0,0,50,0,0,0,12,6,2,12,0,0,0,1,4,85713,6,1,0,0,3,0,71,201,0,0,0,0,1,1,2013,1,2013,4,0,0,0,0,5,4,45,1,1,2,10,0,0,1,51,3,2,1,32,,,,1,1,,,,,,,,,,,,,,,,,,,,,,,,,2013
2013040057,4,40057,2,4,3,27,1,20,49,12,1,1,0,4,1,12,21,12021,4,2007,1FAHP24147G1,1,F,A,H,P,2,4,1,4,7,G,1,0,0,0,Not Applicable,Not Applicable,0,0,0,1,0,0,0,0,0,0,0,50,0,0,0,6,6,2,12,0,0,0,1,4,85634,6,1,0,0,3,3,61,200,0,0,0,0,0,0,0,0,0,0,0,0,0,0,5,4,45,1,1,2,1,0,0,1,53,99,1,1,32,,,,0,0,,,,,,,,,,,,,,,,,,,,,,,,,2013
2013040057,4,40057,3,4,3,27,1,20,49,12,1,1,0,4,1,49,472,49472,30,2011,5TFTX4GN2BX0,5,T,F,T,X,4,G,N,2,B,X,0,0,0,0,Not Applicable,Not Applicable,0,0,0,1,0,0,0,0,0,0,0,45,0,0,0,12,4,5,12,0,0,0,1,4,85746,6,1,0,0,3,3,63,185,0,0,0,0,0,0,0,0,0,0,0,0,0,0,5,4,45,1,1,2,1,0,0,1,78,99,9,9,98,,,,0,0,,,,,,,,,,,,,,,,,,,,,,,,,2013
2013040057,4,40057,4,4,4,27,1,20,49,12,1,1,0,4,1,20,481,20481,31,2012,3GCPCREA6CG1,3,G,C,P,C,R,E,A,6,C,G,1,0,0,0,Not Applicable,Not Applicable,0,0,0,1,0,0,0,0,0,0,0,45,0,0,0,12,4,5,12,0,0,0,1,4,85757,6,1,0,0,3,3,75,275,0,0,0,0,0,0,0,0,0,0,0,0,0,0,5,4,45,1,1,2,1,0,0,1,99,99,9,9,98,,,,0,0,,,,,,,,,,,,,,,,,,,,,,,,,2013
2013040058,4,40058,1,2,1,28,1,6,53,8,0,1,0,4,1,20,461,20461,21,1998,1GCGG25R6W10,1,G,C,G,G,2,5,R,6,W,1,0,0,0,0,Not Applicable,Not Applicable,0,0,0,1,0,0,0,0,0,0,0,40,0,0,0,12,2,5,8,0,0,0,1,4,85051,6,1,0,0,3,0,70,190,0,1,0,0,0,10,2012,10,2012,0,0,0,0,0,5,5,40,1,1,2,1,0,0,1,80,1,1,1,13,,,,0,0,,,,,,,,,,,,,,,,,,,,,,,,,2013
2013040058,4,40058,2,2,1,28,1,6,53,8,0,1,0,4,2,35,47,35047,4,2005,1N4BL11E35C1,1,N,4,B,L,1,1,E,3,5,C,1,0,0,0,Not Applicable,Not Applicable,0,0,0,1,0,0,0,0,0,0,0,40,0,0,0,63,2,5,8,0,0,0,1,4,85302,6,1,0,0,3,0,72,225,0,0,0,0,0,0,0,0,0,0,0,0,0,0,5,5,40,1,1,2,1,0,0,1,80,1,1,1,98,,,,0,0,,,,,,,,,,,,,,,,,,,,,,,,,2013
2013040059,4,40059,1,2,1,30,1,16,43,12,6,1,0,4,1,49,46,49046,5,2011,JTDKN3DU2B02,J,T,D,K,N,3,D,U,2,B,0,2,0,0,0,Not Applicable,Not Applicable,0,0,0,1,0,0,0,0,0,0,0,16,0,0,0,3,6,2,12,36,0,0,1,4,85251,6,1,0,0,3,0,61,130,0,0,0,0,0,0,0,0,0,0,39,0,0,0,5,6,40,1,1,2,1,2,3,11,15,1,1,1,68,,,,0,0,,,,,,,,,,,,,,,,,,,,,,,,,2013
2013040059,4,40059,2,2,1,30,1,16,43,12,6,1,0,4,1,72,706,72706,80,2005,1HD1CGP155K4,1,H,D,1,C,G,P,1,5,5,K,4,0,0,0,Not Applicable,Not Applicable,0,0,0,1,0,0,0,0,0,0,0,34,0,0,0,12,6,2,12,0,0,0,1,4,85021,6,1,0,0,3,3,67,190,0,0,0,0,0,0,0,0,0,0,0,0,0,0,5,6,40,1,1,2,1,2,3,1,62,3,2,1,69,,,,1,0,,,,,,,,,,,,,,,,,,,,,,,,,2013
2013040060,4,40060,1,2,1,15,1,7,13,12,6,1,0,27,1,20,441,20441,20,1995,1GNDM19WXSB1,1,G,N,D,M,1,9,W,X,S,B,1,0,0,0,Not Applicable,Not Applicable,0,0,0,1,0,0,0,0,0,0,0,998,0,0,0,62,6,2,12,0,0,0,1,27,55943,6,1,0,0,3,0,72,145,0,0,0,0,0,0,0,0,0,0,38,0,0,0,1,2,25,1,1,2,1,20,3,1,19,99,1,1,89,,,,1,0,,,,,,,,,,,,,,,,,,,,,,,,,2013
2013040060,4,40060,2,2,1,15,1,7,13,12,6,1,0,4,3,12,16,12016,4,2007,2FAFP71W17X1,2,F,A,F,P,7,1,W,1,7,X,1,0,0,0,Not Applicable,Not Applicable,0,0,0,1,0,0,0,0,0,0,0,50,0,0,0,12,6,2,12,0,0,0,1,4,99999,6,1,0,0,3,0,64,170,0,0,0,0,0,0,0,0,0,0,16,0,0,0,3,2,50,1,1,2,1,0,0,1,68,99,1,9,88,,,,0,0,,,,,,,,,,,,,,,,,,,,,,,,,2013
2013040061,4,40061,1,1,2,1,2,15,12,1,0,1,0,6,1,49,471,49471,30,1992,4TARN81A2NZ0,4,T,A,R,N,8,1,A,2,N,Z,0,0,0,0,Not Applicable,Not Applicable,0,0,0,1,0,0,0,0,0,0,0,75,0,1,3,0,6,2,1,0,0,0,1,6,92841,6,1,0,0,3,0,72,300,0,0,0,1,0,3,2011,3,2011,0,58,0,0,0,2,2,75,1,1,2,1,0,0,1,12,1,1,4,6,,,,1,0,,,,,,,,,,,,,,,,,,,,,,,,,2013
2013040062,4,40062,1,4,2,1,2,16,14,12,99,1,0,4,2,52,46,52046,4,2003,JA3AJ86EX3U0,J,A,3,A,J,8,6,E,X,3,U,0,0,0,0,Not Applicable,Not Applicable,0,0,0,1,0,0,0,0,0,0,0,999,0,0,0,81,6,2,12,0,0,0,1,4,85635,6,1,0,0,3,0,62,118,0,0,0,0,0,0,0,0,0,3,28,0,0,0,5,4,35,1,6,2,1,0,0,99,99,99,1,2,99,,,,1,0,,,,,,,,,,,,,,,,,,,,,,,,,2013
2013040062,4,40062,2,4,2,1,2,16,14,12,99,1,0,4,2,41,441,41441,20,2001,JM3LW28G6101,J,M,3,L,W,2,8,G,6,1,0,1,0,0,0,Not Applicable,Not Applicable,0,0,0,1,0,0,0,0,0,0,0,999,0,0,0,61,6,2,19,32,0,0,1,4,85650,0,0,0,0,0,0,66,150,0,0,0,0,0,0,0,0,0,3,0,0,0,0,5,4,35,1,6,2,1,0,0,1,60,1,1,1,99,,,,0,0,,,,,,,,,,,,,,,,,,,,,,,,,2013
2013040062,4,40062,3,4,3,1,2,16,14,12,99,1,0,4,2,37,441,37441,20,2006,5FNRL38616B0,5,F,N,R,L,3,8,6,1,6,B,0,0,0,0,Not Applicable,Not Applicable,0,0,0,1,0,0,0,0,0,0,0,35,0,0,0,82,6,2,12,0,0,0,1,4,85615,6,1,0,0,3,0,68,140,0,0,0,0,0,0,0,0,0,0,0,0,0,0,5,4,35,1,5,2,1,0,0,1,62,7,1,4,98,,,,0,0,,,,,,,,,,,,,,,,,,,,,,,,,2013
2013040062,4,40062,4,4,1,1,2,16,14,12,99,1,0,4,1,23,481,23481,31,2011,1GT121CG1BF1,1,G,T,1,2,1,C,G,1,B,F,1,0,0,0,Not Applicable,Not Applicable,0,0,0,1,0,0,0,0,0,0,0,35,0,0,0,12,6,2,12,0,0,0,1,4,85635,6,1,0,0,3,0,69,150,0,0,0,0,0,0,0,0,0,0,0,0,0,0,5,4,35,1,5,2,1,0,0,1,62,4,1,1,98,,,,0,0,,,,,,,,,,,,,,,,,,,,,,,,,2013