accident_id,STATE,ST_CASE,VEH_NO,VE_FORMS,NUMOCCS,DAY,MONTH,HOUR,MINUTE,HARM_EV,MAN_COLL,UNITTYPE,HIT_RUN,REG_STAT,OWNER,MAKE,MODEL,MAK_MOD,BODY_TYP,MOD_YEAR,VIN,VIN_1,VIN_2,VIN_3,VIN_4,VIN_5,VIN_6,VIN_7,VIN_8,VIN_9,VIN_10,VIN_11,VIN_12,TOW_VEH,J_KNIFE,MCARR_I1,MCARR_I2,MCARR_ID,GVWR,V_CONFIG,CARGO_BT,HAZ_INV,HAZ_PLAC,HAZ_ID,HAZ_CNO,HAZ_REL,BUS_USE,SPEC_USE,EMER_USE,TRAV_SP,UNDERIDE,ROLLOVER,ROLINLOC,IMPACT1,DEFORMED,TOWED,M_HARM,VEH_SC1,VEH_SC2,FIRE_EXP,DR_PRES,L_STATE,DR_ZIP,L_STATUS,L_TYPE,CDL_STAT,L_ENDORS,L_COMPL,L_RESTRI,DR_HGT,DR_WGT,PREV_ACC,PREV_SUS,PREV_DWI,PREV_SPD,PREV_OTH,FIRST_MO,FIRST_YR,LAST_MO,LAST_YR,SPEEDREL,DR_SF1,DR_SF2,DR_SF3,DR_SF4,VTRAFWAY,VNUM_LAN,VSPD_LIM,VALIGN,VPROFILE,VPAVETYP,VSURCOND,VTRAFCON,VTCONT_F,P_CRASH1,P_CRASH2,P_CRASH3,PCRASH4,PCRASH5,ACC_TYPE,TRLR1VIN,TRLR2VIN,TRLR3VIN,DEATHS,DR_DRINK,VINTYPE,VINMAKE,VINA_MOD,VIN_BT,VINMODYR,VIN_LNGT,VIN_WGT,WGTCD_TR,WHLBS_LG,WHLBS_SH,SER_TR,FUELCODE,MCYCL_DS,CARBUR,CYLINDER,DISPLACE,MCYCL_CY,MCYCL_WT,TIRE_SZE,TON_RAT,TRK_WT,TRKWTVAR,VIN_REST,WHLDRWHL,Year
2013040098,4,40098,1,1,1,3,3,6,29,42,0,1,0,4,1,63,401,63401,14,2009,KNDJF7232975,K,N,D,J,F,7,2,3,2,9,7,5,0,0,0,Not Applicable,Not Applicable,0,0,0,1,0,0,0,0,0,0,0,998,0,1,5,12,6,2,1,0,0,0,1,4,85243,6,1,0,0,3,3,71,176,0,0,0,0,0,0,0,0,0,0,99,99,99,99,3,2,65,3,5,2,1,0,0,14,13,1,1,4,1,,,,1,0,,,,,,,,,,,,,,,,,,,,,,,,,2013
2013040099,4,40099,1,1,1,3,3,17,45,1,0,1,0,4,2,7,482,7482,31,1998,1B7HF13Z7WJ1,1,B,7,H,F,1,3,Z,7,W,J,1,0,0,0,Not Applicable,Not Applicable,0,0,0,1,0,0,0,0,0,0,0,65,0,1,1,0,6,2,1,32,0,0,1,4,85939,6,1,0,0,3,3,67,175,0,0,0,0,0,0,0,0,0,4,0,0,0,0,1,2,65,1,5,2,1,0,0,1,12,99,9,6,98,,,,1,0,,,,,,,,,,,,,,,,,,,,,,,,,2013
2013040100,4,40100,1,2,2,4,3,19,20,8,0,1,0,4,1,12,481,12481,31,2007,1FTPX14547NA,1,F,T,P,X,1,4,5,4,7,N,A,0,0,0,Not Applicable,Not Applicable,0,0,0,1,0,0,0,0,0,0,0,45,0,0,0,12,2,5,8,0,0,0,1,4,86426,6,1,0,0,3,0,75,340,0,0,0,0,0,0,0,0,0,0,0,0,0,0,5,4,45,1,1,2,1,0,0,1,80,1,1,1,13,,,,0,0,,,,,,,,,,,,,,,,,,,,,,,,,2013
2013040100,4,40100,2,2,1,4,3,19,20,8,0,1,1,99,9,99,999,99999,99,9999,Unknown,9,9,9,9,9,9,9,9,9,9,9,9,0,0,0,Not Applicable,Not Applicable,0,0,0,1,0,0,0,0,0,0,0,999,0,0,0,12,9,5,8,0,0,0,1,99,99999,9,9,99,0,9,9,999,999,99,99,99,99,99,99,9999,99,9999,9,99,99,99,99,5,4,45,1,1,2,1,0,0,99,80,99,9,9,98,,,,0,0,,,,,,,,,,,,,,,,,,,,,,,,,2013
2013040101,4,40101,1,2,1,6,3,19,58,12,6,1,0,4,1,20,481,20481,31,2004,2GCEK19T7412,2,G,C,E,K,1,9,T,7,4,1,2,0,0,0,Not Applicable,Not Applicable,0,0,0,1,0,0,0,0,0,0,0,7,0,0,0,12,4,5,12,0,0,0,1,4,85118,6,1,0,0,3,3,67,172,0,0,0,0,0,0,0,0,0,0,38,0,0,0,2,2,40,1,1,1,1,3,3,11,15,1,1,1,68,,,,0,0,,,,,,,,,,,,,,,,,,,,,,,,,2013
2013040101,4,40101,2,2,1,6,3,19,58,12,6,1,0,4,1,72,706,72706,80,2003,1HD1BVB183Y0,1,H,D,1,B,V,B,1,8,3,Y,0,0,0,0,Not Applicable,Not Applicable,0,0,0,1,0,0,0,0,0,0,0,27,0,0,0,61,6,2,12,0,0,0,1,4,85240,6,1,0,0,3,0,72,240,0,0,0,0,0,0,0,0,0,0,0,0,0,0,2,2,40,1,1,1,1,3,3,1,62,99,1,1,69,,,,1,0,,,,,,,,,,,,,,,,,,,,,,,,,2013
2013040102,4,40102,1,1,2,6,3,20,53,9,0,1,0,4,1,18,7,18007,4,1998,2G4WS52M7W15,2,G,4,W,S,5,2,M,7,W,1,5,0,0,0,Not Applicable,Not Applicable,0,0,0,1,0,0,0,0,0,0,0,25,0,0,0,12,2,5,9,0,0,0,1,4,86403,6,1,0,0,3,0,72,205,0,0,0,0,0,0,0,0,0,0,0,0,0,0,1,2,35,1,1,2,1,0,0,1,83,1,1,1,13,,,,0,0,,,,,,,,,,,,,,,,,,,,,,,,,2013
2013040103,4,40103,1,1,1,9,3,15,39,1,0,1,0,4,1,20,481,20481,31,2004,2GCEC13T6414,2,G,C,E,C,1,3,T,6,4,1,4,0,0,0,Not Applicable,Not Applicable,0,0,0,1,0,0,0,0,0,0,0,70,0,1,5,0,6,2,1,0,0,0,1,4,86040,6,1,0,0,3,0,71,185,0,0,0,1,0,8,2011,8,2011,4,0,0,0,0,1,2,65,3,1,2,1,0,0,14,6,7,3,4,2,,,,1,1,,,,,,,,,,,,,,,,,,,,,,,,,2013
2013040104,4,40104,1,1,3,10,3,18,52,33,0,1,0,6,1,58,401,58401,14,2001,JNRDR07YX1W1,J,N,R,D,R,0,7,Y,X,1,W,1,0,0,0,Not Applicable,Not Applicable,0,0,0,1,0,0,0,0,0,0,0,60,0,0,0,12,6,2,38,0,0,0,1,4,85741,6,1,0,0,3,3,70,165,0,0,0,0,0,0,0,0,0,3,0,0,0,0,2,1,35,2,5,2,1,0,0,14,12,99,9,4,6,,,,1,1,,,,,,,,,,,,,,,,,,,,,,,,,2013
2013040105,4,40105,1,1,1,11,3,10,50,9,0,1,0,4,1,12,481,12481,31,2006,1FTRX12W36KD,1,F,T,R,X,1,2,W,3,6,K,D,0,0,0,Not Applicable,Not Applicable,0,0,0,1,0,0,0,0,0,0,0,60,0,0,0,12,2,5,9,0,0,0,1,4,85344,6,1,0,0,3,0,70,170,0,0,0,0,0,0,0,0,0,0,0,0,0,0,5,2,65,1,5,2,1,0,0,1,83,8,1,3,13,,,,0,0,,,,,,,,,,,,,,,,,,,,,,,,,2013
2013040106,4,40106,1,2,3,11,3,14,42,14,0,1,0,4,2,35,472,35472,30,2004,1N6ED29Y74C4,1,N,6,E,D,2,9,Y,7,4,C,4,0,0,0,Not Applicable,Not Applicable,0,0,0,1,0,0,0,0,0,0,0,65,0,0,0,12,6,2,14,0,0,0,1,4,85296,6,1,0,0,3,0,67,150,0,0,0,0,1,11,2010,11,2010,4,0,0,0,0,6,1,65,1,1,2,1,0,0,1,11,1,1,4,11,,,,1,0,,,,,,,,,,,,,,,,,,,,,,,,,2013
2013040106,4,40106,3,2,1,11,3,14,42,14,0,1,0,4,3,20,881,20881,61,1998,1GBKC34J3WF0,1,G,B,K,C,3,4,J,3,W,F,0,0,0,99,Unknown,Unknown,2,1,3,1,0,0,0,0,0,0,0,65,0,0,0,3,4,5,12,0,0,0,1,4,85023,6,1,6,0,3,0,72,150,0,2,0,0,0,3,2010,4,2010,0,0,0,0,0,3,4,65,1,1,2,1,0,0,1,61,8,1,3,98,,,,0,0,,,,,,,,,,,,,,,,,,,,,,,,,2013
2013040107,4,40107,1,1,1,12,3,7,36,8,0,1,1,4,1,12,481,12481,31,2003,1FTRW07693KC,1,F,T,R,W,0,7,6,9,3,K,C,0,0,0,Not Applicable,Not Applicable,0,0,0,1,0,0,0,0,0,0,0,998,0,0,0,12,4,5,8,0,0,0,1,4,85739,6,1,0,0,3,0,69,195,1,1,0,2,0,1,2011,11,2012,0,91,0,0,0,1,2,45,1,8,2,1,0,0,1,82,99,9,4,13,,,,0,0,,,,,,,,,,,,,,,,,,,,,,,,,2013
2013040109,4,40109,1,4,1,14,3,14,8,25,0,1,0,4,1,41,50,41050,4,2003,1YVFP80C635M,1,Y,V,F,P,8,0,C,6,3,5,M,0,0,0,Not Applicable,Not Applicable,0,0,0,1,0,0,0,0,0,0,0,999,0,0,0,99,6,2,12,0,0,1,1,4,85225,6,1,0,0,3,0,61,113,0,0,0,0,0,0,0,0,0,0,0,0,0,0,3,4,65,1,1,2,1,0,0,13,13,99,1,4,92,,,,1,0,,,,,,,,,,,,,,,,,,,,,,,,,2013
2013040109,4,40109,2,4,1,14,3,14,8,25,0,1,0,4,1,37,31,37031,4,2005,2HGES16555H5,2,H,G,E,S,1,6,5,5,5,H,5,0,0,0,Not Applicable,Not Applicable,0,0,0,1,0,0,0,0,0,0,0,65,0,0,0,61,6,2,12,0,0,0,1,4,85382,6,1,0,0,3,0,61,107,0,1,0,1,0,8,2010,12,2010,0,0,0,0,0,3,4,65,1,1,2,1,0,0,1,60,1,1,1,98,,,,0,0,,,,,,,,,,,,,,,,,,,,,,,,,2013
2013040109,4,40109,3,4,3,14,3,14,8,25,0,1,0,4,1,19,20,19020,6,2005,1GYEE6375501,1,G,Y,E,E,6,3,7,5,5,0,1,0,0,0,Not Applicable,Not Applicable,0,0,0,1,0,0,0,0,0,0,0,60,0,0,0,12,6,2,12,0,0,0,1,4,85375,6,1,0,0,3,0,62,160,0,0,0,0,0,0,0,0,0,0,0,0,0,0,3,4,65,1,1,2,1,0,0,1,56,1,1,1,98,,,,0,0,,,,,,,,,,,,,,,,,,,,,,,,,2013
2013040109,4,40109,4,4,1,14,3,14,8,25,0,1,0,4,1,34,37,34037,4,1995,WBAGK2326SDH,W,B,A,G,K,2,3,2,6,S,D,H,0,0,0,Not Applicable,Not Applicable,0,0,0,1,0,0,0,0,0,0,0,62,0,0,0,12,6,2,12,0,0,1,1,4,85015,6,1,0,0,3,0,70,165,0,0,0,1,0,2,2012,2,2012,0,81,84,0,0,3,4,65,1,1,2,1,0,0,1,56,9,1,3,98,,,,0,0,,,,,,,,,,,,,,,,,,,,,,,,,2013
2013040110,4,40110,1,1,2,17,3,7,58,8,0,1,0,4,2,35,471,35471,30,1993,1N6SD11S4PC3,1,N,6,S,D,1,1,S,4,P,C,3,0,0,0,Not Applicable,Not Applicable,0,0,0,1,0,0,0,0,0,0,0,40,0,0,0,12,6,2,8,0,0,0,1,4,85710,6,1,0,0,3,0,69,185,0,2,0,0,1,8,2011,8,2011,0,99,99,99,99,2,3,40,1,1,2,1,0,0,1,80,6,1,3,13,,,,0,0,,,,,,,,,,,,,,,,,,,,,,,,,2013
2013040111,4,40111,1,1,1,17,3,21,45,31,0,1,0,4,2,20,2,20002,4,1988,1G1BU51H0JR1,1,G,1,B,U,5,1,H,0,J,R,1,0,0,0,Not Applicable,Not Applicable,0,0,0,1,0,0,0,0,0,0,0,50,0,0,0,12,6,2,30,0,0,0,1,4,85711,1,1,0,0,2,0,78,265,1,2,0,1,1,4,2011,10,2011,3,0,0,0,0,2,1,35,3,6,2,1,0,0,14,13,99,1,4,1,,,,1,1,,,,,,,,,,,,,,,,,,,,,,,,,2013
2013040113,4,40113,1,1,1,21,3,14,47,35,0,1,0,49,1,72,706,72706,80,2012,1HD1KEM13CB6,1,H,D,1,K,E,M,1,3,C,B,6,0,0,0,Not Applicable,Not Applicable,0,0,0,1,0,0,0,0,0,0,0,35,0,0,0,82,6,2,35,0,0,0,1,49,84511,6,1,0,0,3,0,70,190,98,0,0,0,0,0,0,0,0,4,0,0,0,0,1,2,35,3,6,2,1,40,3,14,9,99,9,4,2,,,,1,0,,,,,,,,,,,,,,,,,,,,,,,,,2013
2013040114,4,40114,1,3,2,23,3,12,38,12,7,1,0,4,2,12,3,12003,2,2007,1ZVHT80N3752,1,Z,V,H,T,8,0,N,3,7,5,2,0,0,0,Not Applicable,Not Applicable,0,0,0,1,0,0,0,0,0,0,0,75,0,0,0,61,6,2,12,0,0,0,1,53,99217,6,1,0,0,3,0,68,145,0,0,0,1,0,5,2012,5,2012,3,6,28,0,0,2,2,55,1,6,2,1,28,3,6,10,1,1,2,47,,,,0,0,,,,,,,,,,,,,,,,,,,,,,,,,2013
2013040114,4,40114,2,3,3,23,3,12,38,12,7,1,0,35,2,23,401,23401,14,2000,1GKCS13W9Y21,1,G,K,C,S,1,3,W,9,Y,2,1,0,0,0,Not Applicable,Not Applicable,0,0,0,1,0,0,0,0,0,0,0,75,0,1,3,81,6,2,1,0,0,0,1,35,87124,6,1,0,0,3,0,65,143,98,0,0,0,0,0,0,0,0,3,0,0,0,0,2,2,55,1,6,2,1,28,3,1,61,1,1,1,45,,,,1,0,,,,,,,,,,,,,,,,,,,,,,,,,2013
2013040114,4,40114,3,3,2,23,3,12,38,12,7,1,0,4,4,20,2,20002,4,2012,2G1WG5E38C11,2,G,1,W,G,5,E,3,8,C,1,1,0,0,0,Not Applicable,Not Applicable,0,0,0,1,0,0,0,0,0,0,0,57,0,0,0,62,2,5,54,0,0,0,1,4,86333,6,1,0,0,3,3,66,185,0,0,0,0,0,0,0,0,0,0,0,0,0,0,2,2,55,1,5,2,1,28,3,1,64,7,1,4,98,,,,0,0,,,,,,,,,,,,,,,,,,,,,,,,,2013
2013040115,4,40115,1,1,1,23,3,15,18,42,0,1,0,4,1,7,442,7442,20,2005,2D4GP44L95R4,2,D,4,G,P,4,4,L,9,5,R,4,0,0,0,Not Applicable,Not Applicable,0,0,0,1,0,0,0,0,0,0,0,10,0,0,0,63,6,2,42,32,0,0,1,4,86301,6,1,0,0,3,0,61,158,0,0,0,0,0,0,0,0,0,0,89,59,0,0,0,0,0,0,0,0,0,0,0,98,99,99,1,4,99,,,,1,0,,,,,,,,,,,,,,,,,,,,,,,,,2013
2013040116,4,40116,1,2,1,25,3,12,23,12,2,1,0,4,1,59,403,59403,14,2007,2T2GK31U37C0,2,T,2,G,K,3,1,U,3,7,C,0,0,0,0,Not Applicable,Not Applicable,0,0,0,1,0,0,0,0,0,0,0,30,0,0,0,12,6,2,12,0,0,0,1,4,86303,6,1,0,0,3,3,64,145,0,0,0,0,0,0,0,0,0,0,99,99,99,99,5,4,45,1,1,2,1,0,0,1,10,1,1,2,50,,,,0,0,,,,,,,,,,,,,,,,,,,,,,,,,2013
2013040116,4,40116,2,2,1,25,3,12,23,12,2,1,0,4,2,7,482,7482,31,2001,3B7HC13Z11G2,3,B,7,H,C,1,3,Z,1,1,G,2,0,0,0,Not Applicable,Not Applicable,0,0,0,1,0,0,0,0,0,0,0,45,0,0,0,12,6,2,12,0,0,0,1,4,86327,6,1,0,0,3,3,69,158,0,0,0,0,0,0,0,0,0,0,0,0,0,0,5,4,45,1,1,2,1,0,0,1,62,4,9,1,51,,,,1,0,,,,,,,,,,,,,,,,,,,,,,,,,2013
2013040117,4,40117,1,1,1,25,3,17,46,1,0,1,0,6,2,20,471,20471,30,2001,1GCCS14581K1,1,G,C,C,S,1,4,5,8,1,K,1,0,0,0,Not Applicable,Not Applicable,0,0,0,1,0,0,0,0,0,0,0,75,0,1,5,0,6,2,1,0,0,0,1,6,91709,6,1,0,0,3,0,74,205,0,0,0,0,0,0,0,0,0,5,80,0,0,0,2,2,75,1,1,2,1,0,0,1,1,99,3,4,2,,,,1,0,,,,,,,,,,,,,,,,,,,,,,,,,2013
2013040118,4,40118,1,1,4,26,3,11,7,35,0,1,0,5,1,12,17,12017,4,2000,1FAFP55UXYA2,1,F,A,F,P,5,5,U,X,Y,A,2,0,0,0,Not Applicable,Not Applicable,0,0,0,1,0,0,0,0,0,0,0,65,0,1,3,83,6,2,1,0,0,0,1,5,72560,6,1,0,0,3,0,68,260,0,0,0,0,0,0,0,0,0,0,0,0,0,0,2,2,65,2,6,2,1,0,0,14,9,99,4,4,7,,,,1,1,,,,,,,,,,,,,,,,,,,,,,,,,2013
2013040119,4,40119,1,1,1,26,3,21,0,24,0,1,0,4,1,37,32,37032,2,2011,1HGCS1B31BA0,1,H,G,C,S,1,B,3,1,B,A,0,0,0,0,Not Applicable,Not Applicable,0,0,0,1,0,0,0,0,0,0,0,75,0,0,0,61,6,2,35,0,0,0,1,4,85755,6,1,0,0,3,3,72,185,0,0,0,0,0,0,0,0,0,4,0,0,0,0,3,2,75,1,5,2,1,0,0,1,12,1,1,4,6,,,,1,0,,,,,,,,,,,,,,,,,,,,,,,,,2013
2013040120,4,40120,1,2,1,27,3,11,28,12,6,1,0,35,1,49,32,49032,4,2009,1NXBU40E49Z0,1,N,X,B,U,4,0,E,4,9,Z,0,0,0,0,Not Applicable,Not Applicable,0,0,0,1,0,0,0,0,0,0,0,999,0,0,0,81,6,2,2,0,0,1,1,4,85710,6,1,0,0,3,3,65,115,0,0,0,2,1,8,2010,12,2012,0,89,38,0,0,2,3,55,1,1,1,1,3,3,11,15,99,1,1,68,,,,1,0,,,,,,,,,,,,,,,,,,,,,,,,,2013
2013040120,4,40120,2,2,1,27,3,11,28,12,6,1,0,4,1,12,3,12003,2,2000,1FAFP42X8YF2,1,F,A,F,P,4,2,X,8,Y,F,2,0,0,0,Not Applicable,Not Applicable,0,0,0,1,0,0,0,0,0,0,0,65,0,0,0,12,6,2,12,0,0,0,1,4,85710,6,1,0,0,3,3,70,145,0,0,0,0,0,0,0,0,0,0,89,0,0,0,2,3,55,1,1,1,1,3,3,1,62,99,9,3,69,,,,0,0,,,,,,,,,,,,,,,,,,,,,,,,,2013
2013040121,4,40121,1,1,1,27,3,19,17,33,0,1,0,4,2,72,706,72706,80,2009,1HD1JK5119Y0,1,H,D,1,J,K,5,1,1,9,Y,0,0,0,0,Not Applicable,Not Applicable,0,0,0,1,0,0,0,0,0,0,0,998,0,0,0,12,6,2,17,0,0,0,1,4,85207,6,1,0,0,3,0,75,195,0,0,0,1,0,11,2010,11,2010,9,99,99,99,99,5,4,45,3,1,2,1,0,0,14,13,99,9,4,5,,,,1,1,,,,,,,,,,,,,,,,,,,,,,,,,2013
2013040122,4,40122,1,2,1,29,3,10,11,12,6,1,0,4,1,23,481,23481,31,2007,1GTHK336X7F5,1,G,T,H,K,3,3,6,X,7,F,5,0,0,0,Not Applicable,Not Applicable,0,0,0,1,0,0,0,0,0,0,0,10,0,0,0,83,6,2,12,0,0,0,1,4,86426,6,1,0,0,3,0,71,207,0,0,0,0,0,0,0,0,0,0,38,0,0,0,5,4,45,1,1,2,1,3,3,11,15,1,1,1,68,,,,0,0,,,,,,,,,,,,,,,,,,,,,,,,,2013
2013040122,4,40122,2,2,1,29,3,10,11,12,6,1,0,4,1,72,706,72706,80,2003,1HD1HAZ433K8,1,H,D,1,H,A,Z,4,3,3,K,8,0,0,0,Not Applicable,Not Applicable,0,0,0,1,0,0,0,0,0,0,0,40,0,0,0,12,6,2,12,0,0,0,1,4,86440,6,1,6,0,3,3,70,170,0,0,0,0,0,0,0,0,0,0,0,0,0,0,5,4,45,1,1,2,1,3,3,1,62,1,1,1,69,,,,1,0,,,,,,,,,,,,,,,,,,,,,,,,,2013
2013040123,4,40123,1,1,1,29,3,17,22,24,0,1,0,4,1,37,705,37705,80,2007,JH2PC40107M0,J,H,2,P,C,4,0,1,0,7,M,0,0,0,0,Not Applicable,Not Applicable,0,0,0,1,0,0,0,0,0,0,0,999,0,0,0,82,6,9,24,0,0,0,1,36,10583,6,1,0,0,3,0,70,999,0,0,0,1,2,1,2011,1,2013,0,99,99,99,99,1,2,35,3,6,2,1,0,0,14,13,99,1,4,1,,,,1,0,,,,,,,,,,,,,,,,,,,,,,,,,2013
2013040124,4,40124,1,1,3,30,3,15,53,1,0,1,0,4,2,98,998,98998,97,2009,4XAHH50A7927,4,X,A,H,H,5,0,A,7,9,2,7,0,0,0,Not Applicable,Not Applicable,0,0,0,1,0,0,0,0,0,0,0,998,0,1,1,0,6,2,1,0,0,0,1,4,85041,0,0,0,0,0,0,64,120,0,0,0,0,0,0,0,0,0,9,52,58,0,0,1,2,98,1,6,5,1,0,0,1,9,7,9,2,98,,,,1,0,,,,,,,,,,,,,,,,,,,,,,,,,2013
2013040125,4,40125,1,1,1,31,3,11,17,42,0,1,0,4,1,12,481,12481,31,2000,1FTNX20S5YEC,1,F,T,N,X,2,0,S,5,Y,E,C,0,0,0,Not Applicable,Not Applicable,0,0,0,1,0,0,0,0,0,0,0,998,0,0,0,12,6,2,42,0,0,0,1,4,86001,6,1,0,0,3,3,67,125,0,0,0,0,0,0,0,0,0,9,58,0,0,0,1,2,55,2,6,2,1,0,0,14,9,7,9,4,2,,,,1,0,,,,,,,,,,,,,,,,,,,,,,,,,2013
2013040126,4,40126,1,1,1,31,3,23,22,42,0,1,0,4,2,20,481,20481,31,1999,1GCEC14T7XZ1,1,G,C,E,C,1,4,T,7,X,Z,1,0,0,0,Not Applicable,Not Applicable,0,0,0,1,0,0,0,0,0,0,0,75,0,0,0,9,6,2,42,0,0,0,1,4,85035,0,0,0,0,0,0,68,175,0,6,0,1,0,4,2010,9,2010,0,0,0,0,0,6,1,98,1,6,1,1,0,0,1,9,99,3,4,2,,,,1,1,,,,,,,,,,,,,,,,,,,,,,,,,2013
2013040127,4,40127,1,2,1,1,2,13,18,1,0,1,0,4,1,2,403,2403,14,2000,1J4FA59SXYP7,1,J,4,F,A,5,9,S,X,Y,P,7,0,0,0,Not Applicable,Not Applicable,0,0,0,1,0,0,0,0,0,0,0,7,0,0,0,3,4,3,12,0,0,0,1,4,85282,6,1,0,0,3,0,68,180,0,0,0,0,0,0,0,0,0,0,38,0,0,0,5,4,45,1,1,2,1,3,3,11,15,1,1,1,98,,,,0,0,,,,,,,,,,,,,,,,,,,,,,,,,2013
2013040127,4,40127,2,2,1,1,2,13,18,1,0,1,0,4,2,72,706,72706,80,2003,1HD4CEM173K4,1,H,D,4,C,E,M,1,7,3,K,4,0,0,0,Not Applicable,Not Applicable,0,0,0,1,0,0,0,0,0,0,0,23,0,0,0,0,6,2,12,0,0,0,1,4,85041,1,1,0,0,2,0,63,145,0,2,0,2,0,4,2012,1,2013,0,0,0,0,0,5,4,45,1,1,2,1,3,3,1,62,3,2,1,98,,,,1,0,,,,,,,,,,,,,,,,,,,,,,,,,2013
2013040128,4,40128,1,1,1,2,2,2,41,25,0,1,0,4,3,20,882,20882,61,2007,J8BB4W167774,J,8,B,B,4,W,1,6,7,7,7,4,0,0,57,463509,57463509,2,1,3,1,0,0,0,0,0,0,0,65,0,0,0,63,6,2,50,0,0,0,1,4,85009,6,1,0,0,3,0,69,190,0,0,0,2,0,6,2010,9,2011,4,0,0,0,0,3,2,45,2,1,2,1,0,0,14,12,1,1,4,6,,,,1,1,,,,,,,,,,,,,,,,,,,,,,,,,2013
2013040129,4,40129,1,1,4,2,2,15,58,33,0,1,0,4,2,7,482,7482,31,1997,3B7KF23W6VM5,3,B,7,K,F,2,3,W,6,V,M,5,0,0,0,Not Applicable,Not Applicable,0,0,0,1,0,0,0,0,0,0,0,44,0,0,0,12,6,2,8,0,0,0,1,4,85053,6,1,0,0,3,0,66,155,0,0,0,1,1,2,2012,8,2012,0,89,0,0,0,5,5,40,1,1,2,1,0,0,1,13,1,1,4,1,,,,0,0,,,,,,,,,,,,,,,,,,,,,,,,,2013
2013040130,4,40130,1,1,1,2,2,23,0,8,0,1,9,99,9,99,999,99999,99,9999,Unknown,9,9,9,9,9,9,9,9,9,9,9,9,0,0,0,Not Applicable,Not Applicable,0,0,0,1,0,0,0,0,0,0,0,999,0,0,0,12,9,9,8,0,0,0,1,99,99999,9,9,99,0,9,9,999,999,99,99,99,99,99,99,9999,99,9999,9,99,99,99,99,9,9,99,9,9,9,99,99,9,99,80,99,9,9,13,,,,0,0,,,,,,,,,,,,,,,,,,,,,,,,,2013
2013040131,4,40131,1,1,2,4,2,7,20,1,0,1,9,99,9,99,999,99999,99,9999,Unknown,9,9,9,9,9,9,9,9,9,9,9,9,0,0,0,Not Applicable,Not Applicable,0,0,0,1,0,0,0,0,0,0,0,999,0,1,9,0,9,9,1,0,0,0,1,99,99999,9,9,99,9,9,9,999,999,99,99,99,99,99,99,9999,99,9999,9,99,99,99,99,9,9,99,9,9,2,99,99,9,99,99,99,9,9,99,,,,1,0,,,,,,,,,,,,,,,,,,,,,,,,,2013
2013040132,4,40132,1,2,2,6,2,9,56,12,2,1,9,99,9,99,999,99999,99,9999,Unknown,9,9,9,9,9,9,9,9,9,9,9,9,0,0,0,Not Applicable,Not Applicable,0,0,0,1,0,0,0,0,0,0,0,999,0,0,0,12,9,9,12,0,0,0,1,99,99999,9,9,99,0,9,9,999,999,99,99,99,99,99,99,9999,99,9999,9,99,99,99,99,9,9,99,9,9,9,99,99,9,99,99,99,9,9,53,,,,1,0,,,,,,,,,,,,,,,,,,,,,,,,,2013
2013040132,4,40132,2,2,1,6,2,9,56,12,2,1,9,99,9,99,999,99999,99,9999,Unknown,9,9,9,9,9,9,9,9,9,9,9,9,0,0,0,Not Applicable,Not Applicable,0,0,0,1,0,0,0,0,0,0,0,999,0,0,0,12,9,9,12,0,0,0,1,99,99999,9,9,99,0,9,9,999,999,99,99,99,99,99,99,9999,99,9999,9,99,99,99,99,9,9,99,9,9,9,99,99,9,99,99,99,9,9,53,,,,0,0,,,,,,,,,,,,,,,,,,,,,,,,,2013
2013040133,4,40133,1,1,2,11,2,12,24,1,0,1,0,92,0,99,998,99998,95,2010,Unknown,9,9,9,9,9,9,9,9,9,9,9,9,0,0,0,Not Applicable,Not Applicable,0,0,0,1,0,0,0,0,0,0,0,998,0,1,1,0,9,9,1,0,0,0,1,4,85739,6,1,0,0,3,0,72,210,0,0,0,0,0,0,0,0,0,9,99,99,99,99,1,2,25,9,9,2,99,0,0,99,73,8,9,3,98,,,,1,0,,,,,,,,,,,,,,,,,,,,,,,,,2013
2013040134,4,40134,1,1,1,13,2,7,53,9,0,1,0,4,3,82,881,82881,63,1998,1FV6HJBB6WH9,1,F,V,6,H,J,B,B,6,W,H,9,1,1,57,876785,57876785,3,4,4,1,0,0,0,0,0,0,0,7,0,0,0,12,2,5,9,0,0,0,1,4,85020,6,1,6,0,3,3,69,165,0,0,0,0,0,0,0,0,0,0,0,0,0,0,5,4,40,1,1,2,1,2,3,10,83,1,1,1,13,,,,0,0,,,,,,,,,,,,,,,,,,,,,,,,,2013
2013040135,4,40135,1,1,1,14,2,20,5,33,0,1,0,4,2,49,472,49472,30,2004,5TENL42N84Z3,5,T,E,N,L,4,2,N,8,4,Z,3,0,0,0,Not Applicable,Not Applicable,0,0,0,1,0,0,0,0,0,0,0,27,0,0,0,12,6,2,30,32,0,0,1,4,85022,6,1,0,0,3,3,71,190,0,0,0,1,0,7,2010,7,2010,0,0,0,0,0,2,3,40,1,1,2,1,3,3,1,13,1,1,4,1,,,,1,0,,,,,,,,,,,,,,,,,,,,,,,,,2013
2013040136,4,40136,1,2,1,15,2,23,31,1,0,1,0,92,0,37,705,37705,80,1997,JH2PC2514VM6,J,H,2,P,C,2,5,1,4,V,M,6,0,0,0,Not Applicable,Not Applicable,0,0,0,1,0,0,0,0,0,0,0,33,0,0,0,0,6,2,12,35,0,0,1,4,85032,6,1,0,0,3,3,69,200,0,0,0,1,0,3,2011,3,2011,0,24,84,0,0,2,3,45,1,1,2,1,0,0,1,17,3,2,1,98,,,,1,0,,,,,,,,,,,,,,,,,,,,,,,,,2013