accident_id,STATE,ST_CASE,VEH_NO,VE_FORMS,NUMOCCS,DAY,MONTH,HOUR,MINUTE,HARM_EV,MAN_COLL,UNITTYPE,HIT_RUN,REG_STAT,OWNER,MAKE,MODEL,MAK_MOD,BODY_TYP,MOD_YEAR,VIN,VIN_1,VIN_2,VIN_3,VIN_4,VIN_5,VIN_6,VIN_7,VIN_8,VIN_9,VIN_10,VIN_11,VIN_12,TOW_VEH,J_KNIFE,MCARR_I1,MCARR_I2,MCARR_ID,GVWR,V_CONFIG,CARGO_BT,HAZ_INV,HAZ_PLAC,HAZ_ID,HAZ_CNO,HAZ_REL,BUS_USE,SPEC_USE,EMER_USE,TRAV_SP,UNDERIDE,ROLLOVER,ROLINLOC,IMPACT1,DEFORMED,TOWED,M_HARM,VEH_SC1,VEH_SC2,FIRE_EXP,DR_PRES,L_STATE,DR_ZIP,L_STATUS,L_TYPE,CDL_STAT,L_ENDORS,L_COMPL,L_RESTRI,DR_HGT,DR_WGT,PREV_ACC,PREV_SUS,PREV_DWI,PREV_SPD,PREV_OTH,FIRST_MO,FIRST_YR,LAST_MO,LAST_YR,SPEEDREL,DR_SF1,DR_SF2,DR_SF3,DR_SF4,VTRAFWAY,VNUM_LAN,VSPD_LIM,VALIGN,VPROFILE,VPAVETYP,VSURCOND,VTRAFCON,VTCONT_F,P_CRASH1,P_CRASH2,P_CRASH3,PCRASH4,PCRASH5,ACC_TYPE,TRLR1VIN,TRLR2VIN,TRLR3VIN,DEATHS,DR_DRINK,VINTYPE,VINMAKE,VINA_MOD,VIN_BT,VINMODYR,VIN_LNGT,VIN_WGT,WGTCD_TR,WHLBS_LG,WHLBS_SH,SER_TR,FUELCODE,MCYCL_DS,CARBUR,CYLINDER,DISPLACE,MCYCL_CY,MCYCL_WT,TIRE_SZE,TON_RAT,TRK_WT,TRKWTVAR,VIN_REST,WHLDRWHL,Year
2013040213,4,40213,1,1,2,27,2,1,0,1,0,1,9,99,9,99,999,99999,99,9999,Unknown,9,9,9,9,9,9,9,9,9,9,9,9,0,0,0,Not Applicable,Not Applicable,0,0,0,1,0,0,0,0,0,0,0,999,0,1,9,0,9,9,1,0,0,0,1,99,99999,9,9,99,0,9,9,999,999,99,99,99,99,99,99,9999,99,9999,9,99,99,99,99,9,9,99,9,9,2,99,99,9,99,99,99,9,4,99,,,,1,0,,,,,,,,,,,,,,,,,,,,,,,,,2013
2013040214,4,40214,1,1,1,21,3,21,4,8,0,1,0,4,1,20,421,20421,15,2005,1GNEK13T55J2,1,G,N,E,K,1,3,T,5,5,J,2,0,0,0,Not Applicable,Not Applicable,0,0,0,1,0,0,0,0,0,0,0,75,0,0,0,12,6,2,8,0,0,0,1,4,86426,6,1,0,0,3,0,66,125,0,0,0,0,0,0,0,0,0,0,0,0,0,0,2,2,75,1,1,2,1,0,0,1,80,1,1,1,13,,,,0,0,,,,,,,,,,,,,,,,,,,,,,,,,2013
2013040215,4,40215,1,1,2,25,3,99,99,99,0,1,9,99,9,99,999,99999,99,9999,Unknown,9,9,9,9,9,9,9,9,9,9,9,9,0,0,0,Not Applicable,Not Applicable,0,0,0,1,0,0,0,0,0,0,0,999,0,0,0,99,9,9,99,0,0,0,1,99,99999,9,9,99,0,9,9,999,999,99,99,99,99,99,99,9999,99,9999,9,99,99,99,99,9,9,99,9,9,2,99,99,9,99,99,99,9,9,99,,,,2,0,,,,,,,,,,,,,,,,,,,,,,,,,2013
2013040216,4,40216,1,1,1,3,4,9,18,9,0,1,1,4,1,63,37,63037,6,2012,KNDJT2A53C74,K,N,D,J,T,2,A,5,3,C,7,4,0,0,0,Not Applicable,Not Applicable,0,0,0,1,0,0,0,0,0,0,0,39,0,0,0,12,4,5,9,0,0,0,1,4,85541,6,1,0,0,3,0,65,150,0,0,0,0,0,0,0,0,0,0,91,0,0,0,1,2,45,1,5,2,1,0,0,1,11,1,1,2,13,,,,0,0,,,,,,,,,,,,,,,,,,,,,,,,,2013
2013040217,4,40217,1,2,1,3,4,9,24,12,6,1,0,4,1,63,37,63037,6,2012,KNDJT2A53C74,K,N,D,J,T,2,A,5,3,C,7,4,0,0,0,Not Applicable,Not Applicable,0,0,0,1,0,0,0,0,0,0,0,998,0,0,0,12,6,2,12,0,0,0,1,4,85541,6,1,0,0,3,0,65,150,0,0,0,0,0,0,0,0,0,0,39,91,0,0,1,2,45,1,1,2,1,3,3,1,17,1,1,1,88,,,,0,0,,,,,,,,,,,,,,,,,,,,,,,,,2013
2013040217,4,40217,2,2,1,3,4,9,24,12,6,1,0,4,1,37,471,37471,30,2007,2HJYK16287H5,2,H,J,Y,K,1,6,2,8,7,H,5,0,0,0,Not Applicable,Not Applicable,0,0,0,1,0,0,0,0,0,0,0,998,0,0,0,9,6,2,12,0,0,0,1,4,85207,6,1,0,0,3,3,75,215,0,0,0,0,0,0,0,0,0,0,0,0,0,0,1,2,45,1,1,2,1,3,3,1,66,1,1,1,89,,,,1,0,,,,,,,,,,,,,,,,,,,,,,,,,2013
2013040218,4,40218,1,2,1,8,4,21,26,12,8,1,0,4,2,49,40,49040,4,2007,4T1BE46K27U7,4,T,1,B,E,4,6,K,2,7,U,7,0,0,0,Not Applicable,Not Applicable,0,0,0,1,0,0,0,0,0,0,0,0,0,0,0,62,6,2,12,0,0,0,1,4,85032,1,1,0,0,2,0,71,215,0,1,0,1,0,10,2011,10,2012,0,54,0,0,0,2,2,75,1,1,2,2,0,0,5,53,1,1,1,98,,,,1,1,,,,,,,,,,,,,,,,,,,,,,,,,2013
2013040218,4,40218,2,2,1,8,4,21,26,12,8,1,0,48,3,51,881,51881,66,2013,4V4NC9EJ3DN1,4,V,4,N,C,9,E,J,3,D,N,1,1,1,57,00601051,5700601051,3,6,1,1,0,0,0,0,0,0,0,70,0,0,0,11,4,5,12,0,0,0,1,48,76239,6,1,6,0,3,0,999,999,0,0,0,0,0,0,0,0,0,0,0,0,0,0,2,2,75,1,1,2,2,0,0,1,50,7,1,3,98,,,,0,0,,,,,,,,,,,,,,,,,,,,,,,,,2013
2013040219,4,40219,1,1,4,14,4,4,12,58,0,1,0,4,2,20,22,20022,2,2007,1G1AM18B0773,1,G,1,A,M,1,8,B,0,7,7,3,0,0,0,Not Applicable,Not Applicable,0,0,0,1,0,0,0,0,0,0,0,55,0,1,6,62,6,2,1,0,0,0,1,4,85533,6,1,0,0,3,0,71,145,1,2,0,1,1,10,2010,11,2011,4,0,0,0,0,1,2,55,3,6,2,1,0,0,14,13,1,1,4,1,,,,2,0,,,,,,,,,,,,,,,,,,,,,,,,,2013
2013040220,4,40220,1,2,1,15,4,20,20,12,6,1,0,4,1,76,705,76705,80,2004,JYARJ06E14A0,J,Y,A,R,J,0,6,E,1,4,A,0,0,0,0,Not Applicable,Not Applicable,0,0,0,1,0,0,0,0,0,0,0,50,0,0,0,12,6,2,12,0,0,0,1,4,85206,6,1,0,0,3,0,72,240,0,0,0,1,1,9,2011,3,2013,4,0,0,0,0,2,3,40,2,1,2,1,0,0,14,17,99,1,9,69,,,,1,0,,,,,,,,,,,,,,,,,,,,,,,,,2013
2013040220,4,40220,2,2,1,15,4,20,20,12,6,1,0,4,1,35,472,35472,30,2000,1N6DD26S9YC4,1,N,6,D,D,2,6,S,9,Y,C,4,0,0,0,Not Applicable,Not Applicable,0,0,0,1,0,0,0,0,0,0,0,5,0,0,0,83,6,2,12,0,0,0,1,4,85209,6,1,0,0,3,0,62,125,0,0,0,1,0,1,2011,1,2011,0,0,0,0,0,2,3,40,3,1,2,1,0,0,11,63,1,1,1,68,,,,0,0,,,,,,,,,,,,,,,,,,,,,,,,,2013
2013040221,4,40221,1,1,1,26,4,20,13,1,0,1,0,49,1,72,706,72706,80,2002,1HD1FBW172Y6,1,H,D,1,F,B,W,1,7,2,Y,6,0,0,0,Not Applicable,Not Applicable,0,0,0,1,0,0,0,0,0,0,0,65,0,0,0,0,6,2,1,0,0,0,1,49,84117,6,1,0,0,3,0,70,195,98,0,0,0,0,0,0,0,0,4,0,0,0,0,2,2,65,2,6,2,1,0,0,14,12,1,1,4,6,,,,1,1,,,,,,,,,,,,,,,,,,,,,,,,,2013
2013040222,4,40222,1,1,2,28,4,10,14,1,0,1,0,51,2,24,401,24401,14,2006,5GZCZ63446S8,5,G,Z,C,Z,6,3,4,4,6,S,8,0,0,0,Not Applicable,Not Applicable,0,0,0,1,0,0,0,0,0,0,0,75,0,1,1,0,6,2,1,0,0,0,1,51,24435,6,1,0,0,3,0,68,128,0,0,0,0,0,0,0,0,0,4,0,0,0,0,2,2,75,2,1,2,1,0,0,14,12,7,3,6,98,,,,1,0,,,,,,,,,,,,,,,,,,,,,,,,,2013
2013040223,4,40223,1,1,1,29,4,15,25,1,0,1,0,4,1,72,706,72706,80,2007,1HD1FC4157Y6,1,H,D,1,F,C,4,1,5,7,Y,6,0,0,0,Not Applicable,Not Applicable,0,0,0,1,0,0,0,0,0,0,0,65,0,0,0,0,6,2,1,0,0,0,1,4,86326,6,1,0,0,3,3,67,210,0,0,0,0,0,0,0,0,0,4,0,0,0,0,2,2,55,2,6,2,1,0,0,14,12,99,1,4,6,,,,1,0,,,,,,,,,,,,,,,,,,,,,,,,,2013
2013040224,4,40224,1,1,1,30,4,8,33,1,0,1,0,48,1,23,481,23481,31,2006,1GTHK23D36F2,1,G,T,H,K,2,3,D,3,6,F,2,0,0,0,Not Applicable,Not Applicable,0,0,0,1,0,0,0,0,0,0,0,65,0,1,5,0,6,2,1,0,0,0,1,48,77025,6,1,0,0,3,3,68,200,0,0,0,0,0,0,0,0,0,9,58,0,0,0,1,2,65,1,1,2,1,0,0,1,13,7,4,4,2,,,,1,0,,,,,,,,,,,,,,,,,,,,,,,,,2013
2013040225,4,40225,1,1,9,3,4,7,10,14,0,1,0,6,2,20,431,20431,16,2001,1GNEC16T31J2,1,G,N,E,C,1,6,T,3,1,J,2,0,0,0,Not Applicable,Not Applicable,0,0,0,1,0,0,0,0,0,0,0,999,0,0,0,12,6,2,14,0,0,0,1,6,93033,0,0,0,0,0,0,66,195,0,0,0,0,0,0,0,0,0,0,0,0,0,0,2,2,75,1,1,2,1,0,0,1,13,6,9,4,1,,,,2,0,,,,,,,,,,,,,,,,,,,,,,,,,2013
2013040226,4,40226,1,2,1,9,4,20,44,12,2,1,0,4,1,7,482,7482,31,1998,3B7HC13Y2WG2,3,B,7,H,C,1,3,Y,2,W,G,2,0,0,0,Not Applicable,Not Applicable,0,0,0,1,0,0,0,0,0,0,0,35,0,0,0,12,6,2,12,0,0,0,1,4,85338,6,1,0,0,3,3,69,185,0,0,0,0,0,0,0,0,0,0,28,0,0,0,1,5,40,1,1,2,1,0,0,1,10,1,1,2,50,,,,1,0,,,,,,,,,,,,,,,,,,,,,,,,,2013
2013040226,4,40226,2,2,4,9,4,20,44,12,2,1,0,94,3,98,882,98882,63,2012,4P1CC01M8CA0,4,P,1,C,C,0,1,M,8,C,A,0,0,0,88,None,None,3,1,97,1,0,0,0,0,0,7,2,999,0,0,0,12,2,5,12,0,0,0,1,4,85335,6,1,0,0,3,0,70,150,0,0,0,0,0,0,0,0,0,0,0,0,0,0,1,4,40,1,1,2,1,0,0,2,62,3,2,1,51,,,,0,0,,,,,,,,,,,,,,,,,,,,,,,,,2013
2013040227,4,40227,1,1,1,13,4,8,56,33,0,1,0,4,1,76,998,76998,95,1990,JF2001635,J,F,2,0,0,1,6,3,5,,,,0,0,0,Not Applicable,Not Applicable,0,0,0,1,0,0,0,0,0,0,0,998,0,0,0,81,2,5,33,0,0,0,1,4,85351,6,1,0,0,3,3,63,160,0,0,0,0,1,6,2010,6,2010,0,89,0,0,0,2,1,30,1,1,2,1,0,0,1,13,99,1,4,1,,,,1,0,,,,,,,,,,,,,,,,,,,,,,,,,2013
2013040228,4,40228,1,1,3,13,4,20,34,8,0,1,0,4,4,20,2,20002,4,2013,2G1WG5E37D12,2,G,1,W,G,5,E,3,7,D,1,2,0,0,0,Not Applicable,Not Applicable,0,0,0,1,0,0,0,0,0,0,0,44,0,0,0,12,2,3,8,0,0,0,1,4,85345,6,1,0,0,3,0,67,200,0,0,0,1,0,3,2011,3,2011,0,0,0,0,0,2,3,45,1,1,2,1,0,0,1,80,1,1,1,13,,,,0,1,,,,,,,,,,,,,,,,,,,,,,,,,2013
2013040229,4,40229,1,3,1,16,4,0,21,12,6,1,0,4,2,14,17,14017,4,2002,1MEHM55S02G6,1,M,E,H,M,5,5,S,0,2,G,6,0,0,0,Not Applicable,Not Applicable,0,0,0,1,0,0,0,0,0,0,0,87,0,0,0,12,6,2,12,0,0,0,1,4,85034,0,0,0,0,0,0,69,170,0,0,0,0,0,0,0,0,0,3,91,39,0,0,5,5,40,1,1,2,1,2,3,1,17,1,1,3,88,,,,0,1,,,,,,,,,,,,,,,,,,,,,,,,,2013
2013040229,4,40229,2,3,1,16,4,0,21,12,6,1,0,4,1,23,481,23481,31,2002,1GTEC14W62Z1,1,G,T,E,C,1,4,W,6,2,Z,1,0,0,0,Not Applicable,Not Applicable,0,0,0,1,0,0,0,0,0,0,0,44,0,0,0,61,6,2,12,0,0,0,1,4,85396,6,1,0,0,3,3,67,180,0,0,0,2,1,5,2011,1,2013,0,0,0,0,0,5,5,35,1,1,2,1,2,3,1,66,1,1,1,89,,,,1,0,,,,,,,,,,,,,,,,,,,,,,,,,2013
2013040229,4,40229,3,3,1,16,4,0,21,12,6,1,0,4,1,14,6,14006,4,2003,2MEFM75W23X6,2,M,E,F,M,7,5,W,2,3,X,6,0,0,0,Not Applicable,Not Applicable,0,0,0,1,0,0,0,0,0,0,0,0,0,0,0,61,6,2,12,0,0,0,1,4,85009,0,0,0,0,0,0,65,160,1,0,0,1,0,3,2012,4,2012,0,0,0,0,0,5,5,40,1,1,2,1,2,3,5,66,1,1,1,98,,,,0,0,,,,,,,,,,,,,,,,,,,,,,,,,2013
2013040230,4,40230,1,1,1,20,4,0,42,59,0,1,0,4,2,6,52,6052,6,2002,3C8FY68B52T2,3,C,8,F,Y,6,8,B,5,2,T,2,0,0,0,Not Applicable,Not Applicable,0,0,0,1,0,0,0,0,0,0,0,55,0,1,5,12,6,2,1,0,0,0,1,4,85019,0,0,0,0,0,0,60,210,0,10,0,1,1,11,2011,3,2012,4,0,0,0,0,3,5,55,1,1,2,1,0,0,1,9,99,5,4,2,,,,1,1,,,,,,,,,,,,,,,,,,,,,,,,,2013
2013040231,4,40231,1,1,3,20,4,6,3,24,0,1,0,6,2,6,41,6041,4,1995,2C3HD56T7SH6,2,C,3,H,D,5,6,T,7,S,H,6,0,0,0,Not Applicable,Not Applicable,0,0,0,1,0,0,0,0,0,0,0,998,0,1,3,12,6,2,1,0,0,0,1,4,85007,6,1,0,0,3,3,72,160,0,0,0,0,0,0,0,0,0,4,0,0,0,0,2,2,65,1,1,2,1,0,0,1,9,99,9,4,2,,,,1,1,,,,,,,,,,,,,,,,,,,,,,,,,2013
2013040232,4,40232,1,2,6,20,4,12,54,12,6,1,0,4,2,18,24,18024,6,2012,5GAKRCED7CJ1,5,G,A,K,R,C,E,D,7,C,J,1,0,0,0,Not Applicable,Not Applicable,0,0,0,1,0,0,0,0,0,0,0,21,0,0,0,83,6,2,12,0,0,0,1,4,85255,6,1,0,0,3,3,67,140,0,0,0,0,0,0,0,0,0,0,48,0,0,0,5,4,50,1,6,2,1,0,0,11,15,1,1,1,68,,,,1,0,,,,,,,,,,,,,,,,,,,,,,,,,2013
2013040232,4,40232,2,2,1,20,4,12,54,12,6,1,0,4,2,32,52,32052,1,2010,WAUVGAFH1AN0,W,A,U,V,G,A,F,H,1,A,N,0,0,0,0,Not Applicable,Not Applicable,0,0,0,1,0,0,0,0,0,0,0,45,0,0,0,12,6,2,12,0,0,0,1,4,85032,6,1,0,0,3,0,71,175,0,0,0,0,0,0,0,0,0,0,0,0,0,0,5,4,50,1,5,2,1,0,0,1,62,99,1,3,69,,,,0,0,,,,,,,,,,,,,,,,,,,,,,,,,2013
2013040233,4,40233,1,1,9,22,4,15,3,1,0,1,0,4,2,7,402,7402,14,2000,1B4HS28Z7YF2,1,B,4,H,S,2,8,Z,7,Y,F,2,0,0,0,Not Applicable,Not Applicable,0,0,0,1,0,0,0,0,0,0,0,65,0,1,5,0,6,2,1,0,0,0,1,4,85031,0,0,0,0,0,0,999,999,0,0,0,0,0,0,0,0,0,0,80,0,0,0,3,5,65,2,1,2,1,0,0,14,1,1,5,4,2,,,,1,0,,,,,,,,,,,,,,,,,,,,,,,,,2013
2013040234,4,40234,1,1,6,27,4,4,13,52,0,1,0,4,1,22,22,22022,4,2006,1G2ZF55B0641,1,G,2,Z,F,5,5,B,0,6,4,1,0,0,0,Not Applicable,Not Applicable,0,0,0,1,0,0,0,0,0,0,0,80,0,0,0,9,6,2,52,0,0,0,1,4,85035,6,1,0,0,3,3,72,155,0,0,0,0,0,0,0,0,0,4,0,0,0,0,6,1,45,2,5,2,1,40,3,14,6,99,3,4,2,,,,1,1,,,,,,,,,,,,,,,,,,,,,,,,,2013
2013040235,4,40235,1,1,2,27,4,10,25,24,0,1,0,49,1,37,705,37705,80,1999,JH2RC4434XM1,J,H,2,R,C,4,4,3,4,X,M,1,0,0,0,Not Applicable,Not Applicable,0,0,0,1,0,0,0,0,0,0,0,60,0,0,0,81,6,2,24,0,0,0,1,49,84780,0,0,0,0,0,0,71,165,98,0,0,0,0,0,0,0,0,4,0,0,0,0,3,2,55,3,6,2,1,0,0,14,13,99,1,4,1,,,,1,0,,,,,,,,,,,,,,,,,,,,,,,,,2013
2013040236,4,40236,1,1,1,18,4,16,41,14,0,1,0,4,1,35,443,35443,20,2001,4N2ZN16T01D8,4,N,2,Z,N,1,6,T,0,1,D,8,0,0,0,Not Applicable,Not Applicable,0,0,0,1,0,0,0,0,0,0,0,999,0,0,0,12,6,2,14,32,0,0,1,4,85373,6,1,0,0,3,0,70,180,0,0,0,0,0,0,0,0,0,4,0,0,0,0,1,2,25,3,1,2,1,0,0,14,90,1,1,1,12,,,,1,0,,,,,,,,,,,,,,,,,,,,,,,,,2013
2013040237,4,40237,1,1,1,17,2,12,54,17,0,1,0,4,1,73,734,73734,90,2004,JKASV6A184B5,J,K,A,S,V,6,A,1,8,4,B,5,0,0,0,Not Applicable,Not Applicable,0,0,0,1,0,0,0,0,0,0,0,998,0,1,5,14,6,2,1,0,0,0,1,4,85295,6,1,0,0,3,0,71,180,0,1,0,2,0,7,2010,11,2010,4,0,0,0,0,1,2,98,1,5,5,1,0,0,1,90,99,1,1,98,,,,1,1,,,,,,,,,,,,,,,,,,,,,,,,,2013
2013040238,4,40238,1,1,1,8,4,19,47,8,0,1,0,4,1,7,20,7020,2,1998,1B3ES42Y5WD5,1,B,3,E,S,4,2,Y,5,W,D,5,0,0,0,Not Applicable,Not Applicable,0,0,0,1,0,0,0,0,0,0,0,42,0,0,0,12,6,2,8,0,0,0,1,4,85042,6,1,0,0,3,3,73,160,0,0,0,1,0,3,2012,3,2012,0,0,0,0,0,2,3,45,1,1,2,2,2,3,1,80,4,2,1,13,,,,0,0,,,,,,,,,,,,,,,,,,,,,,,,,2013
2013040239,4,40239,1,3,1,22,3,10,44,12,1,1,0,4,1,63,33,63033,4,2003,KNAFB1216352,K,N,A,F,B,1,2,1,6,3,5,2,0,0,0,Not Applicable,Not Applicable,0,0,0,1,0,0,0,0,0,0,0,45,0,0,0,12,4,3,12,0,0,0,1,4,85050,6,1,0,0,3,0,71,145,0,0,0,0,0,0,0,0,0,4,0,0,0,0,3,6,65,1,1,2,1,0,0,1,50,99,1,1,20,,,,0,0,,,,,,,,,,,,,,,,,,,,,,,,,2013
2013040239,4,40239,2,3,3,22,3,10,44,12,1,1,0,4,3,12,461,12461,21,2011,1FTNE2EW6BDA,1,F,T,N,E,2,E,W,6,B,D,A,0,0,0,Not Applicable,Not Applicable,0,0,0,1,0,0,0,0,0,0,0,0,0,0,0,6,6,2,12,32,0,0,1,4,85022,6,1,0,0,3,0,74,214,0,0,0,0,0,0,0,0,0,0,0,0,0,0,3,6,65,1,1,2,1,0,0,5,53,1,1,1,21,,,,1,0,,,,,,,,,,,,,,,,,,,,,,,,,2013
2013040239,4,40239,3,3,1,22,3,10,44,12,1,1,0,4,1,59,32,59032,4,1998,JT8BH28F2W01,J,T,8,B,H,2,8,F,2,W,0,1,0,0,0,Not Applicable,Not Applicable,0,0,0,1,0,0,0,0,0,0,0,0,0,0,0,6,2,5,12,0,0,0,1,4,85086,6,1,0,0,3,3,73,220,0,0,0,0,0,0,0,0,0,0,0,0,0,0,3,6,65,1,1,2,1,0,0,5,50,1,1,1,98,,,,0,0,,,,,,,,,,,,,,,,,,,,,,,,,2013
2013040240,4,40240,1,1,1,14,4,13,25,1,0,1,0,4,1,73,706,73706,80,2000,JKBVNAE11YA0,J,K,B,V,N,A,E,1,1,Y,A,0,0,0,0,Not Applicable,Not Applicable,0,0,0,1,0,0,0,0,0,0,0,55,0,0,0,0,6,2,1,0,0,0,1,4,85122,6,1,0,0,3,0,68,180,0,0,0,0,0,0,0,0,0,0,77,0,0,0,1,2,50,1,1,2,1,0,0,1,8,99,9,4,2,,,,1,0,,,,,,,,,,,,,,,,,,,,,,,,,2013
2013040241,4,40241,1,1,2,18,4,17,49,8,0,1,0,4,2,55,402,55402,14,2006,KM8JN12D06U3,K,M,8,J,N,1,2,D,0,6,U,3,0,0,0,Not Applicable,Not Applicable,0,0,0,1,0,0,0,0,0,0,0,35,0,0,0,12,6,2,8,0,0,0,1,4,85201,6,1,0,0,3,0,62,115,0,0,0,0,0,0,0,0,0,0,0,0,0,0,2,1,35,3,1,2,1,0,0,14,80,1,1,1,13,,,,0,0,,,,,,,,,,,,,,,,,,,,,,,,,2013
2013040242,4,40242,1,2,3,26,4,17,33,12,6,1,0,4,2,14,17,14017,4,1997,1MELM50U4VA6,1,M,E,L,M,5,0,U,4,V,A,6,0,0,0,Not Applicable,Not Applicable,0,0,0,1,0,0,0,0,0,0,0,999,0,0,0,61,6,2,12,0,0,0,1,4,85032,6,1,0,0,3,0,70,140,0,0,0,0,0,0,0,0,0,0,38,0,0,0,2,1,25,1,1,2,1,20,3,99,19,99,1,1,99,,,,2,0,,,,,,,,,,,,,,,,,,,,,,,,,2013
2013040242,4,40242,2,2,4,26,4,17,33,12,6,1,0,4,1,12,461,12461,21,1997,1FTJW35G7VEA,1,F,T,J,W,3,5,G,7,V,E,A,0,0,0,Not Applicable,Not Applicable,0,0,0,1,0,0,0,0,0,0,0,999,0,0,0,12,6,2,12,0,0,0,1,4,85086,6,1,0,0,3,3,72,150,0,0,0,0,0,0,0,0,0,0,0,0,0,0,1,2,45,1,1,2,1,0,0,1,68,99,1,1,99,,,,0,1,,,,,,,,,,,,,,,,,,,,,,,,,2013
2013040243,4,40243,1,2,1,29,4,6,31,33,0,1,0,4,1,52,34,52034,4,2000,4A3AA36G6YE1,4,A,3,A,A,3,6,G,6,Y,E,1,0,0,0,Not Applicable,Not Applicable,0,0,0,1,0,0,0,0,0,0,0,59,0,0,0,12,6,2,12,0,0,0,1,4,85338,6,1,0,0,3,3,69,140,0,0,0,0,0,0,0,0,0,0,28,58,0,0,5,4,45,1,1,2,1,0,0,1,13,1,1,4,1,,,,0,1,,,,,,,,,,,,,,,,,,,,,,,,,2013
2013040243,4,40243,2,2,4,29,4,6,31,33,0,1,0,4,1,22,22,22022,4,2006,1G2ZF55B0641,1,G,2,Z,F,5,5,B,0,6,4,1,0,0,0,Not Applicable,Not Applicable,0,0,0,1,0,0,0,0,0,0,0,45,0,0,0,12,6,2,12,0,0,0,1,4,85041,6,1,0,0,3,0,60,135,0,0,0,0,0,0,0,0,0,0,0,0,0,0,5,4,45,1,1,2,1,0,0,1,62,1,1,1,98,,,,1,0,,,,,,,,,,,,,,,,,,,,,,,,,2013
2013040244,4,40244,1,1,1,2,4,2,30,33,0,1,0,4,1,72,706,72706,80,1991,1HD1BKL17MY0,1,H,D,1,B,K,L,1,7,M,Y,0,0,0,0,Not Applicable,Not Applicable,0,0,0,1,0,0,0,0,0,0,0,43,0,0,0,12,6,2,1,0,0,0,1,4,85023,6,1,0,0,3,3,72,220,0,0,0,0,0,0,0,0,0,0,0,0,0,0,2,3,40,3,1,2,1,0,0,14,13,1,1,4,1,,,,1,1,,,,,,,,,,,,,,,,,,,,,,,,,2013
2013040245,4,40245,1,2,1,2,4,18,5,1,0,1,0,4,1,32,43,32043,1,2007,WAUAF48H37K0,W,A,U,A,F,4,8,H,3,7,K,0,0,0,0,Not Applicable,Not Applicable,0,0,0,1,0,0,0,0,0,0,0,2,0,0,0,62,6,2,12,0,0,0,1,4,85045,6,1,0,0,3,0,63,114,0,0,0,0,0,0,0,0,0,0,38,0,0,0,1,4,35,1,1,2,1,20,3,11,15,1,1,1,98,,,,0,0,,,,,,,,,,,,,,,,,,,,,,,,,2013
2013040245,4,40245,2,2,1,2,4,18,5,1,0,1,0,4,1,53,706,53706,80,2005,JS1VS55A3521,J,S,1,V,S,5,5,A,3,5,2,1,0,0,0,Not Applicable,Not Applicable,0,0,0,1,0,0,0,0,0,0,0,36,0,0,0,0,6,2,12,0,0,0,1,4,85045,6,1,0,0,3,3,72,250,0,7,0,2,1,4,2010,2,2011,0,0,0,0,0,2,2,50,1,1,2,1,0,0,1,68,3,2,1,98,,,,1,0,,,,,,,,,,,,,,,,,,,,,,,,,2013
2013040246,4,40246,1,3,1,3,4,20,10,8,0,1,1,99,9,99,999,99999,99,9999,Unknown,9,9,9,9,9,9,9,9,9,9,9,9,0,0,0,Not Applicable,Not Applicable,0,0,0,1,0,0,0,0,0,0,0,998,0,0,0,12,9,5,8,0,0,0,1,99,99999,9,9,99,0,9,9,999,999,99,99,99,99,99,99,9999,99,9999,9,99,99,99,99,5,5,40,1,1,2,1,0,0,1,80,99,9,9,13,,,,0,0,,,,,,,,,,,,,,,,,,,,,,,,,2013
2013040246,4,40246,2,3,2,3,4,20,10,8,0,1,0,4,2,7,442,7442,20,2006,2D4GP44L66R6,2,D,4,G,P,4,4,L,6,6,R,6,0,0,0,Not Applicable,Not Applicable,0,0,0,1,0,0,0,0,0,0,0,36,0,0,0,12,2,5,8,0,0,0,1,4,85051,6,1,0,0,3,3,64,175,0,0,0,0,0,0,0,0,0,0,0,0,0,0,5,5,40,1,1,2,1,0,0,1,80,7,1,3,98,,,,0,0,,,,,,,,,,,,,,,,,,,,,,,,,2013
2013040246,4,40246,3,3,1,3,4,20,10,8,0,1,1,99,9,99,999,99999,99,9999,Unknown,9,9,9,9,9,9,9,9,9,9,9,9,0,0,0,Not Applicable,Not Applicable,0,0,0,1,0,0,0,0,0,0,0,999,0,0,0,12,9,5,8,0,0,0,1,99,99999,9,9,99,0,9,9,999,999,99,99,99,99,99,99,9999,99,9999,9,99,99,99,99,5,5,40,1,1,2,1,0,0,99,80,99,9,3,98,,,,0,0,,,,,,,,,,,,,,,,,,,,,,,,,2013
2013040247,4,40247,1,1,1,4,4,6,6,8,0,1,0,4,1,41,402,41402,14,2005,4F2YZ04105KM,4,F,2,Y,Z,0,4,1,0,5,K,M,0,0,0,Not Applicable,Not Applicable,0,0,0,1,0,0,0,0,0,0,0,44,0,0,0,12,6,2,8,0,0,0,1,4,85022,6,1,0,0,3,1,74,255,0,0,0,0,0,0,0,0,0,0,0,0,0,0,5,5,40,1,1,2,1,0,0,1,80,3,2,1,13,,,,0,0,,,,,,,,,,,,,,,,,,,,,,,,,2013
2013040248,4,40248,1,3,1,5,4,12,11,12,6,1,0,4,1,18,3,18003,4,2000,1G4CU5413Y42,1,G,4,C,U,5,4,1,3,Y,4,2,0,0,0,Not Applicable,Not Applicable,0,0,0,1,0,0,0,0,0,0,0,998,0,0,0,3,4,3,12,32,0,0,1,4,85303,1,1,0,0,2,0,62,107,0,2,0,0,0,7,2012,8,2012,0,89,38,0,0,2,3,45,1,1,2,1,3,3,11,15,1,1,1,68,,,,0,0,,,,,,,,,,,,,,,,,,,,,,,,,2013
2013040248,4,40248,2,3,1,5,4,12,11,12,6,1,0,4,1,37,706,37706,80,2003,1HFSC470X3A2,1,H,F,S,C,4,7,0,X,3,A,2,0,0,0,Not Applicable,Not Applicable,0,0,0,1,0,0,0,0,0,0,0,998,0,0,0,12,6,2,12,0,0,0,1,4,85303,6,1,0,0,3,3,69,175,0,0,0,0,0,0,0,0,0,0,0,0,0,0,2,3,45,1,1,2,1,3,3,1,62,1,1,1,69,,,,1,0,,,,,,,,,,,,,,,,,,,,,,,,,2013