accident_id,STATE,ST_CASE,VEH_NO,VE_FORMS,NUMOCCS,DAY,MONTH,HOUR,MINUTE,HARM_EV,MAN_COLL,UNITTYPE,HIT_RUN,REG_STAT,OWNER,MAKE,MODEL,MAK_MOD,BODY_TYP,MOD_YEAR,VIN,VIN_1,VIN_2,VIN_3,VIN_4,VIN_5,VIN_6,VIN_7,VIN_8,VIN_9,VIN_10,VIN_11,VIN_12,TOW_VEH,J_KNIFE,MCARR_I1,MCARR_I2,MCARR_ID,GVWR,V_CONFIG,CARGO_BT,HAZ_INV,HAZ_PLAC,HAZ_ID,HAZ_CNO,HAZ_REL,BUS_USE,SPEC_USE,EMER_USE,TRAV_SP,UNDERIDE,ROLLOVER,ROLINLOC,IMPACT1,DEFORMED,TOWED,M_HARM,VEH_SC1,VEH_SC2,FIRE_EXP,DR_PRES,L_STATE,DR_ZIP,L_STATUS,L_TYPE,CDL_STAT,L_ENDORS,L_COMPL,L_RESTRI,DR_HGT,DR_WGT,PREV_ACC,PREV_SUS,PREV_DWI,PREV_SPD,PREV_OTH,FIRST_MO,FIRST_YR,LAST_MO,LAST_YR,SPEEDREL,DR_SF1,DR_SF2,DR_SF3,DR_SF4,VTRAFWAY,VNUM_LAN,VSPD_LIM,VALIGN,VPROFILE,VPAVETYP,VSURCOND,VTRAFCON,VTCONT_F,P_CRASH1,P_CRASH2,P_CRASH3,PCRASH4,PCRASH5,ACC_TYPE,TRLR1VIN,TRLR2VIN,TRLR3VIN,DEATHS,DR_DRINK,VINTYPE,VINMAKE,VINA_MOD,VIN_BT,VINMODYR,VIN_LNGT,VIN_WGT,WGTCD_TR,WHLBS_LG,WHLBS_SH,SER_TR,FUELCODE,MCYCL_DS,CARBUR,CYLINDER,DISPLACE,MCYCL_CY,MCYCL_WT,TIRE_SZE,TON_RAT,TRK_WT,TRKWTVAR,VIN_REST,WHLDRWHL,Year
2013040248,4,40248,3,3,1,5,4,12,11,12,6,1,0,4,1,72,706,72706,80,2007,1HD1GM4137K3,1,H,D,1,G,M,4,1,3,7,K,3,0,0,0,Not Applicable,Not Applicable,0,0,0,1,0,0,0,0,0,0,0,998,0,0,0,0,6,2,12,0,0,0,1,4,85222,6,1,0,0,3,0,69,190,0,0,0,0,0,0,0,0,0,0,0,0,0,0,2,3,45,1,1,2,1,3,3,1,62,98,1,1,98,,,,0,0,,,,,,,,,,,,,,,,,,,,,,,,,2013
2013040249,4,40249,1,1,1,5,4,22,16,8,0,1,9,99,9,99,999,99999,99,9999,Unknown,9,9,9,9,9,9,9,9,9,9,9,9,0,0,0,Not Applicable,Not Applicable,0,0,0,1,0,0,0,0,0,0,0,999,0,0,0,12,9,9,8,0,0,0,1,99,99999,9,9,99,9,9,9,999,999,99,99,99,99,99,99,9999,99,9999,9,99,99,99,99,9,9,99,9,9,9,99,99,9,99,82,99,9,9,13,,,,0,0,,,,,,,,,,,,,,,,,,,,,,,,,2013
2013040250,4,40250,1,1,1,7,4,20,29,8,0,1,0,4,1,42,31,42031,4,1995,WDBEB31E7SC1,W,D,B,E,B,3,1,E,7,S,C,1,0,0,0,Not Applicable,Not Applicable,0,0,0,1,0,0,0,0,0,0,0,40,0,0,0,12,6,2,8,0,0,0,1,4,85021,6,1,0,0,3,1,74,205,0,0,0,0,0,0,0,0,0,0,0,0,0,0,5,4,40,1,1,2,1,0,0,1,80,1,1,1,13,,,,0,0,,,,,,,,,,,,,,,,,,,,,,,,,2013
2013040251,4,40251,1,3,1,10,4,16,10,12,2,1,0,4,1,30,36,30036,5,2008,WVWDA71K78W1,W,V,W,D,A,7,1,K,7,8,W,1,0,0,0,Not Applicable,Not Applicable,0,0,0,1,0,0,0,0,0,0,0,15,0,0,0,12,6,2,12,0,0,0,1,4,85374,6,1,0,0,3,0,63,135,0,0,0,0,0,0,0,0,0,0,38,0,0,0,5,5,45,1,1,2,1,2,3,11,15,1,1,1,68,,,,0,0,,,,,,,,,,,,,,,,,,,,,,,,,2013
2013040251,4,40251,2,3,1,10,4,16,10,12,2,1,0,4,1,72,709,72709,80,1967,67FL3726,6,7,F,L,3,7,2,6,,,,,0,0,0,Not Applicable,Not Applicable,0,0,0,1,0,0,0,0,0,0,0,46,0,0,0,12,6,2,2,0,0,1,1,4,85086,6,1,0,0,3,3,74,245,0,4,0,2,0,10,2010,2,2011,0,0,0,0,0,5,5,45,1,1,2,1,2,3,1,62,1,1,1,69,,,,1,0,,,,,,,,,,,,,,,,,,,,,,,,,2013
2013040251,4,40251,3,3,2,10,4,16,10,12,2,1,0,4,1,7,422,7422,15,2013,1C4SDHDT3DC6,1,C,4,S,D,H,D,T,3,D,C,6,0,0,0,Not Applicable,Not Applicable,0,0,0,1,0,0,0,0,0,0,0,0,0,0,0,62,2,5,54,0,0,0,1,4,85054,6,1,0,0,3,0,74,210,0,0,0,0,0,0,0,0,0,0,0,0,0,0,5,6,45,1,1,2,1,2,3,5,98,1,1,1,98,,,,0,0,,,,,,,,,,,,,,,,,,,,,,,,,2013
2013040252,4,40252,1,1,1,12,4,0,59,33,0,1,0,4,2,20,401,20401,14,2001,1GNCT18W61K2,1,G,N,C,T,1,8,W,6,1,K,2,0,0,0,Not Applicable,Not Applicable,0,0,0,1,0,0,0,0,0,0,0,34,0,0,0,12,6,2,42,0,0,0,1,4,85219,6,1,0,0,3,0,72,175,0,0,0,1,1,3,2012,6,2012,0,0,0,0,0,5,5,40,1,1,2,1,0,0,1,13,99,1,4,1,,,,1,1,,,,,,,,,,,,,,,,,,,,,,,,,2013
2013040253,4,40253,1,2,2,13,4,11,7,12,6,1,0,99,9,20,999,20999,99,2007,Unknown,9,9,9,9,9,9,9,9,9,9,9,9,1,1,0,Not Applicable,Not Applicable,0,0,0,1,0,0,0,0,0,0,0,999,0,0,0,61,9,9,12,0,0,0,1,4,85040,6,1,0,0,3,3,71,265,0,0,0,1,0,1,2011,1,2011,9,38,0,0,0,5,4,99,1,1,1,99,0,0,99,19,99,9,9,99,,,,0,0,,,,,,,,,,,,,,,,,,,,,,,,,2013
2013040253,4,40253,2,2,1,13,4,11,7,12,6,1,0,99,9,72,709,72709,80,1976,Unknown,9,9,9,9,9,9,9,9,9,9,9,9,0,0,0,Not Applicable,Not Applicable,0,0,0,1,0,0,0,0,0,0,0,999,0,0,0,12,9,9,12,0,0,0,1,4,86401,6,1,0,0,3,0,71,145,0,0,0,0,0,0,0,0,0,9,99,99,99,99,5,4,99,1,1,1,99,0,0,1,73,99,9,9,99,,,,1,1,,,,,,,,,,,,,,,,,,,,,,,,,2013
2013040254,4,40254,1,1,1,17,4,19,39,14,0,1,0,4,2,55,42,55042,3,2012,KMHTC6AD3CU0,K,M,H,T,C,6,A,D,3,C,U,0,0,0,0,Not Applicable,Not Applicable,0,0,0,1,0,0,0,0,0,0,0,33,8,1,1,12,6,2,14,0,0,0,1,4,85375,6,1,0,0,3,3,63,118,0,0,0,0,0,0,0,0,0,0,0,0,0,0,1,2,30,2,1,2,1,0,0,14,11,1,1,4,11,,,,1,1,,,,,,,,,,,,,,,,,,,,,,,,,2013
2013040255,4,40255,1,2,1,22,4,15,28,12,6,1,0,4,2,21,2,21002,4,1999,1G3HN52K7X48,1,G,3,H,N,5,2,K,7,X,4,8,0,0,0,Not Applicable,Not Applicable,0,0,0,1,0,0,0,0,0,0,0,5,0,0,0,9,6,2,12,0,0,0,1,4,85194,6,1,0,0,3,0,63,130,0,0,0,0,0,0,0,0,0,0,28,0,0,0,1,2,50,1,1,2,1,20,3,11,15,1,1,1,82,,,,1,0,,,,,,,,,,,,,,,,,,,,,,,,,2013
2013040255,4,40255,2,2,17,22,4,15,28,12,6,1,0,4,3,90,981,90981,50,2008,1BAKGCPA18F2,1,B,A,K,G,C,P,A,1,8,F,2,0,0,88,None,None,3,21,22,1,0,0,0,0,1,0,0,50,0,0,0,12,6,2,12,0,0,0,1,4,85193,6,1,6,1,3,3,67,225,1,0,0,0,1,8,2012,8,2012,0,0,0,0,0,1,2,50,1,1,2,1,0,0,1,67,1,1,1,83,,,,0,0,,,,,,,,,,,,,,,,,,,,,,,,,2013
2013040256,4,40256,1,1,3,22,4,23,56,35,0,1,0,4,1,12,401,12401,14,2004,1FMZU73W84UB,1,F,M,Z,U,7,3,W,8,4,U,B,0,0,0,Not Applicable,Not Applicable,0,0,0,1,0,0,0,0,0,0,0,58,0,0,0,12,6,2,38,0,0,0,1,4,85138,6,1,0,0,3,0,67,210,0,0,0,0,0,0,0,0,0,4,91,39,6,0,1,2,25,1,1,5,1,0,0,1,6,1,3,4,2,,,,1,0,,,,,,,,,,,,,,,,,,,,,,,,,2013
2013040257,4,40257,1,2,2,27,4,21,51,12,2,1,0,4,1,54,31,54031,3,1994,JH4DC2383RS0,J,H,4,D,C,2,3,8,3,R,S,0,0,0,0,Not Applicable,Not Applicable,0,0,0,1,0,0,0,0,0,0,0,65,0,0,0,12,6,2,12,0,0,0,1,4,85225,6,1,0,0,3,0,65,240,0,2,0,2,0,10,2010,8,2012,4,28,0,0,0,1,2,35,2,1,2,1,0,0,14,6,3,2,2,50,,,,0,1,,,,,,,,,,,,,,,,,,,,,,,,,2013
2013040257,4,40257,2,2,2,27,4,21,51,12,2,1,0,4,2,7,482,7482,31,2004,1D7HA18DX4S7,1,D,7,H,A,1,8,D,X,4,S,7,0,0,0,Not Applicable,Not Applicable,0,0,0,1,0,0,0,0,0,0,0,35,0,0,0,12,6,2,12,0,0,0,1,4,85225,6,1,0,0,3,0,60,130,0,0,0,0,0,0,0,0,0,0,0,0,0,0,1,2,35,3,1,2,1,0,0,14,62,1,1,1,51,,,,1,0,,,,,,,,,,,,,,,,,,,,,,,,,2013
2013040258,4,40258,1,2,3,27,4,0,12,12,6,1,0,4,1,35,32,35032,2,1998,1N4AB42D6WC5,1,N,4,A,B,4,2,D,6,W,C,5,0,0,0,Not Applicable,Not Applicable,0,0,0,1,0,0,0,0,0,0,0,49,0,0,0,81,6,2,12,0,0,0,1,4,85016,6,1,0,0,3,0,66,135,0,0,0,0,0,0,0,0,0,0,39,0,0,0,5,5,40,1,1,2,1,2,3,1,17,1,1,1,87,,,,1,1,,,,,,,,,,,,,,,,,,,,,,,,,2013
2013040258,4,40258,2,2,2,27,4,0,12,12,6,1,0,8,1,22,401,22401,14,2003,3G7DB03E83S6,3,G,7,D,B,0,3,E,8,3,S,6,0,0,0,Not Applicable,Not Applicable,0,0,0,1,0,0,0,0,0,0,0,36,0,0,0,12,6,2,12,0,0,0,1,4,80122,6,1,0,0,3,0,75,175,0,0,0,0,0,0,0,0,0,0,0,0,0,0,5,5,40,1,1,2,1,2,3,1,66,1,1,1,86,,,,0,0,,,,,,,,,,,,,,,,,,,,,,,,,2013
2013040259,4,40259,1,2,4,27,4,19,52,12,6,1,0,4,2,37,31,37031,2,1995,1HGCD7253SA0,1,H,G,C,D,7,2,5,3,S,A,0,0,0,0,Not Applicable,Not Applicable,0,0,0,1,0,0,0,0,0,0,0,20,0,0,0,82,6,2,12,0,0,0,1,4,85339,0,0,0,0,0,0,63,130,0,0,0,0,0,0,0,0,0,0,38,91,0,0,5,4,40,1,1,2,1,0,0,11,15,1,1,1,68,,,,0,0,,,,,,,,,,,,,,,,,,,,,,,,,2013
2013040259,4,40259,2,2,1,27,4,19,52,12,6,1,0,4,2,73,705,73705,80,2006,JKAZX4J106A0,J,K,A,Z,X,4,J,1,0,6,A,0,0,0,0,Not Applicable,Not Applicable,0,0,0,1,0,0,0,0,0,0,0,39,0,0,0,12,6,2,12,0,0,0,1,4,85042,1,1,0,0,2,0,81,200,0,8,0,0,2,10,2010,3,2013,0,0,0,0,0,5,4,40,1,1,2,1,0,0,1,62,1,1,1,69,,,,1,0,,,,,,,,,,,,,,,,,,,,,,,,,2013
2013040260,4,40260,1,1,1,1,5,6,14,38,0,1,0,4,1,35,47,35047,4,2005,1N4BL11D35N4,1,N,4,B,L,1,1,D,3,5,N,4,0,0,0,Not Applicable,Not Applicable,0,0,0,1,0,0,0,0,0,0,0,65,0,0,0,12,6,2,30,0,0,0,1,4,85027,6,1,0,0,3,3,63,140,0,0,0,0,0,0,0,0,0,0,80,0,0,0,3,4,65,1,1,2,1,0,0,1,13,99,1,4,1,,,,1,0,,,,,,,,,,,,,,,,,,,,,,,,,2013
2013040261,4,40261,1,1,1,2,5,11,43,24,0,1,0,4,1,42,48,42048,4,2004,WDBUF65J84A5,W,D,B,U,F,6,5,J,8,4,A,5,0,0,0,Not Applicable,Not Applicable,0,0,0,1,0,0,0,0,0,0,0,55,0,0,0,12,6,2,25,0,0,0,1,4,85303,6,1,0,0,3,0,72,279,0,0,0,0,0,0,0,0,0,4,0,0,0,0,3,3,55,1,1,2,1,40,3,1,12,1,1,4,6,,,,1,0,,,,,,,,,,,,,,,,,,,,,,,,,2013
2013040262,4,40262,1,2,1,2,5,13,20,12,6,1,0,4,1,12,16,12016,4,2002,2FAFP73WX2X1,2,F,A,F,P,7,3,W,X,2,X,1,0,0,0,Not Applicable,Not Applicable,0,0,0,1,0,0,0,0,0,0,0,10,0,0,0,62,6,2,12,0,0,0,1,4,85351,6,1,0,0,3,3,70,208,0,0,0,0,0,0,0,0,0,0,38,0,0,0,1,2,25,1,1,2,1,20,3,11,15,99,1,1,82,,,,1,0,,,,,,,,,,,,,,,,,,,,,,,,,2013
2013040262,4,40262,2,2,1,2,5,13,20,12,6,1,0,4,2,6,43,6043,1,2008,1C3LC45K48N2,1,C,3,L,C,4,5,K,4,8,N,2,0,0,0,Not Applicable,Not Applicable,0,0,0,1,0,0,0,0,0,0,0,36,0,0,0,12,6,2,12,0,0,0,1,4,85340,6,1,0,0,3,0,61,130,0,0,0,0,0,0,0,0,0,0,0,0,0,0,2,2,40,1,1,2,1,0,0,1,67,4,1,1,83,,,,0,0,,,,,,,,,,,,,,,,,,,,,,,,,2013
2013040263,4,40263,1,1,1,3,5,13,53,24,0,1,0,4,1,72,706,72706,80,2009,1HD1FC4189Y6,1,H,D,1,F,C,4,1,8,9,Y,6,0,0,0,Not Applicable,Not Applicable,0,0,0,1,0,0,0,0,0,0,0,998,0,0,0,12,6,2,24,0,0,0,1,4,85541,6,1,0,0,3,3,70,240,0,0,0,0,0,0,0,0,0,0,99,99,99,99,3,2,65,3,5,2,1,0,0,14,13,1,1,4,1,,,,1,0,,,,,,,,,,,,,,,,,,,,,,,,,2013
2013040264,4,40264,1,5,1,3,5,15,50,12,6,1,0,92,5,7,28,7028,2,2013,2C3CDYAG2DH5,2,C,3,C,D,Y,A,G,2,D,H,5,0,0,0,Not Applicable,Not Applicable,0,0,0,1,0,0,0,0,0,0,0,80,0,1,1,12,6,2,12,0,0,0,1,4,85546,1,1,0,0,2,0,69,165,0,1,0,0,0,6,2012,6,2012,3,39,0,0,0,5,4,35,1,1,2,1,3,3,1,17,99,1,1,83,,,,1,1,,,,,,,,,,,,,,,,,,,,,,,,,2013
2013040264,4,40264,2,5,1,3,5,15,50,12,6,1,0,4,1,12,481,12481,31,2012,1FTFW1ET3CKE,1,F,T,F,W,1,E,T,3,C,K,E,0,0,0,Not Applicable,Not Applicable,0,0,0,1,0,0,0,0,0,0,0,3,0,0,0,62,6,2,12,0,0,0,1,4,85552,6,1,0,0,3,0,64,125,0,0,0,0,0,0,0,0,0,0,0,0,0,0,1,2,25,1,1,2,1,3,3,11,66,1,1,1,82,,,,0,0,,,,,,,,,,,,,,,,,,,,,,,,,2013
2013040264,4,40264,3,5,1,3,5,15,50,12,6,1,0,35,2,49,46,49046,5,2012,JTDKN3DU3C15,J,T,D,K,N,3,D,U,3,C,1,5,0,0,0,Not Applicable,Not Applicable,0,0,0,1,0,0,0,0,0,0,0,35,0,0,0,12,2,5,54,36,0,0,1,35,88030,6,1,0,0,3,3,999,999,98,0,0,1,0,11,2011,11,2011,0,0,0,0,0,5,4,35,1,1,2,1,3,3,1,50,99,1,1,98,,,,0,0,,,,,,,,,,,,,,,,,,,,,,,,,2013
2013040264,4,40264,4,5,2,3,5,15,50,12,6,1,0,4,1,20,2,20002,4,2003,2G1WH52K2394,2,G,1,W,H,5,2,K,2,3,9,4,0,0,0,Not Applicable,Not Applicable,0,0,0,1,0,0,0,0,0,0,0,35,0,0,0,13,4,3,12,0,0,0,1,4,85533,6,1,0,0,3,3,65,185,0,0,0,0,0,0,0,0,0,0,0,0,0,0,5,4,35,1,1,2,1,3,3,2,62,99,1,1,98,,,,0,0,,,,,,,,,,,,,,,,,,,,,,,,,2013
2013040264,4,40264,5,5,1,3,5,15,50,12,6,1,0,92,0,98,998,98998,92,2010,RW8200P02124,R,W,8,2,0,0,P,0,2,1,2,4,0,0,0,Not Applicable,Not Applicable,0,0,0,1,0,0,0,0,0,0,0,15,0,0,0,9,2,5,12,0,0,0,1,4,85546,6,1,0,0,3,0,62,190,0,0,0,0,0,0,0,0,0,0,0,0,0,0,5,4,35,1,1,2,1,3,3,2,52,1,1,1,98,,,,0,0,,,,,,,,,,,,,,,,,,,,,,,,,2013
2013040265,4,40265,1,2,1,3,5,18,15,12,6,1,0,4,1,20,2,20002,4,1996,1G1BL52W5TR1,1,G,1,B,L,5,2,W,5,T,R,1,0,0,0,Not Applicable,Not Applicable,0,0,0,1,0,0,0,0,0,0,0,25,0,0,0,82,4,3,12,0,0,0,1,4,86401,6,1,0,0,3,0,60,137,0,0,0,0,0,0,0,0,0,0,38,0,0,0,1,2,25,1,1,2,1,20,3,1,17,1,1,1,87,,,,0,0,,,,,,,,,,,,,,,,,,,,,,,,,2013
2013040265,4,40265,2,2,1,3,5,18,15,12,6,1,0,92,0,76,705,76705,83,2002,JYACJ01CX2A0,J,Y,A,C,J,0,1,C,X,2,A,0,0,0,0,Not Applicable,Not Applicable,0,0,0,1,0,0,0,0,0,0,0,34,0,0,0,12,6,2,12,0,0,0,1,4,86413,6,1,0,0,3,0,72,165,0,0,0,0,0,0,0,0,0,3,0,0,0,0,1,2,25,1,1,2,1,0,0,1,66,3,2,1,86,,,,1,0,,,,,,,,,,,,,,,,,,,,,,,,,2013
2013040266,4,40266,1,2,5,4,5,4,45,12,1,1,0,4,3,82,881,82881,63,2010,1FVACXBS9ADA,1,F,V,A,C,X,B,S,9,A,D,A,0,0,88,None,None,3,2,96,1,0,0,0,0,0,7,5,998,0,0,0,6,2,5,12,41,0,0,1,4,85044,6,1,0,0,3,3,74,200,0,0,0,0,0,0,0,0,0,0,27,0,0,0,3,5,65,1,2,2,1,0,0,15,10,1,1,2,32,,,,0,0,,,,,,,,,,,,,,,,,,,,,,,,,2013
2013040266,4,40266,2,2,1,4,5,4,45,12,1,1,0,4,1,37,705,37705,80,2002,JH2PC21342M3,J,H,2,P,C,2,1,3,4,2,M,3,0,0,0,Not Applicable,Not Applicable,0,0,0,1,0,0,0,0,0,0,0,998,0,0,0,12,6,2,12,0,0,0,1,4,85257,6,1,0,0,3,3,70,190,0,0,0,0,0,0,0,0,0,9,99,99,99,99,3,5,65,1,1,2,1,0,0,1,61,4,2,3,32,,,,1,0,,,,,,,,,,,,,,,,,,,,,,,,,2013
2013040267,4,40267,1,1,2,4,5,9,35,1,0,1,0,4,2,7,482,7482,31,2006,1D7HU18N96S5,1,D,7,H,U,1,8,N,9,6,S,5,0,0,0,Not Applicable,Not Applicable,0,0,0,1,0,0,0,0,0,0,0,998,0,1,5,0,6,2,1,0,0,0,1,4,85941,6,1,0,0,3,0,68,170,0,0,0,0,0,0,0,0,0,4,0,0,0,0,1,2,55,3,2,2,1,0,0,14,13,1,1,4,1,,,,1,1,,,,,,,,,,,,,,,,,,,,,,,,,2013
2013040268,4,40268,1,1,1,4,5,14,8,1,0,1,0,4,1,12,473,12473,30,2001,1FMZU67E31UC,1,F,M,Z,U,6,7,E,3,1,U,C,0,0,0,Not Applicable,Not Applicable,0,0,0,1,0,0,0,0,0,0,0,998,0,1,1,0,6,2,1,0,0,0,1,4,85242,6,1,0,0,3,0,73,220,0,0,0,0,0,0,0,0,0,4,33,0,0,0,1,2,65,1,6,2,1,0,0,6,6,6,3,2,98,,,,1,0,,,,,,,,,,,,,,,,,,,,,,,,,2013
2013040269,4,40269,1,2,1,5,5,14,23,12,99,1,0,92,0,37,703,37703,83,2012,JH2ME1032CK8,J,H,2,M,E,1,0,3,2,C,K,8,0,0,0,Not Applicable,Not Applicable,0,0,0,1,0,0,0,0,0,0,0,20,0,0,0,99,2,3,12,0,0,0,1,4,86401,0,0,0,0,0,0,60,100,0,0,0,0,0,0,0,0,0,0,99,99,99,99,1,2,0,1,1,5,1,0,0,1,99,1,1,7,98,,,,0,0,,,,,,,,,,,,,,,,,,,,,,,,,2013
2013040269,4,40269,2,2,1,5,5,14,23,12,99,1,0,92,0,37,703,37703,83,2013,9C2KE0218DR1,9,C,2,K,E,0,2,1,8,D,R,1,0,0,0,Not Applicable,Not Applicable,0,0,0,1,0,0,0,0,0,0,0,20,0,0,0,99,2,3,12,0,0,0,1,4,86401,0,0,0,0,0,0,56,58,0,0,0,0,0,0,0,0,0,0,0,0,0,0,1,2,0,1,1,5,1,0,0,1,64,1,1,1,98,,,,1,0,,,,,,,,,,,,,,,,,,,,,,,,,2013
2013040270,4,40270,1,2,1,6,5,17,10,12,1,1,0,6,3,51,881,51881,66,2013,4V4MC9EG6DN1,4,V,4,M,C,9,E,G,6,D,N,1,1,3,57,0022106,570022106,3,6,2,2,2,1203,3,1,0,0,0,64,0,0,0,12,6,2,14,0,0,0,1,4,85364,6,1,6,1,3,0,70,230,0,0,0,0,0,0,0,0,0,0,91,0,0,0,2,2,75,1,1,2,1,50,3,1,50,1,1,1,42,,,,0,0,,,,,,,,,,,,,,,,,,,,,,,,,2013
2013040270,4,40270,2,2,0,6,5,17,10,12,1,1,0,4,6,12,16,12016,4,2008,2FAHP71V38X1,2,F,A,H,P,7,1,V,3,8,X,1,0,0,0,Not Applicable,Not Applicable,0,0,0,1,0,0,0,0,0,0,0,0,0,1,5,6,6,2,12,41,0,0,0,0,99997,7,6,97,7,6,7,998,997,998,998,998,998,998,98,9998,98,9998,8,20,0,0,0,2,2,75,1,1,2,1,0,0,0,53,0,0,0,42,,,,0,0,,,,,,,,,,,,,,,,,,,,,,,,,2013
2013040271,4,40271,1,1,1,8,5,9,28,1,0,1,0,6,1,49,40,49040,4,2003,4T1BE32K93U2,4,T,1,B,E,3,2,K,9,3,U,2,0,0,0,Not Applicable,Not Applicable,0,0,0,1,0,0,0,0,0,0,0,65,0,1,5,0,6,2,1,0,0,0,1,6,93314,6,1,0,0,3,0,58,107,0,0,0,0,0,0,0,0,0,0,0,0,0,0,2,2,65,1,1,2,1,0,0,1,12,99,9,4,2,,,,1,0,,,,,,,,,,,,,,,,,,,,,,,,,2013
2013040272,4,40272,1,1,1,9,5,1,35,24,0,1,0,4,1,37,705,37705,80,2003,JH2PC37033M0,J,H,2,P,C,3,7,0,3,3,M,0,0,0,0,Not Applicable,Not Applicable,0,0,0,1,0,0,0,0,0,0,0,999,0,0,0,81,6,2,24,0,0,0,1,4,85756,6,1,0,0,3,0,70,130,0,0,0,1,0,1,2011,1,2011,4,0,0,0,0,3,2,45,1,1,2,1,0,0,1,13,99,1,4,1,,,,1,1,,,,,,,,,,,,,,,,,,,,,,,,,2013
2013040273,4,40273,1,1,4,9,5,10,24,1,0,1,0,4,2,7,482,7482,31,1998,1B7KF23Z0WJ1,1,B,7,K,F,2,3,Z,0,W,J,1,0,0,0,Not Applicable,Not Applicable,0,0,0,1,0,0,0,0,0,0,0,998,0,1,5,0,6,2,1,0,0,0,1,4,86004,2,1,0,0,2,3,68,180,0,0,0,0,0,0,0,0,0,0,24,0,0,0,1,2,65,3,1,2,1,0,0,14,13,1,9,4,7,,,,1,1,,,,,,,,,,,,,,,,,,,,,,,,,2013
2013040274,4,40274,1,2,3,9,5,15,29,12,2,1,0,32,1,38,402,38402,14,2002,4S2CK58W7243,4,S,2,C,K,5,8,W,7,2,4,3,0,0,0,Not Applicable,Not Applicable,0,0,0,1,0,0,0,0,0,0,0,50,0,0,0,12,6,2,12,0,0,0,1,6,92363,6,1,0,0,3,0,64,190,0,0,0,0,0,0,0,0,0,0,28,0,0,0,5,4,45,1,5,2,1,0,0,1,10,1,1,1,50,,,,2,0,,,,,,,,,,,,,,,,,,,,,,,,,2013
2013040274,4,40274,2,2,1,9,5,15,29,12,2,1,0,4,3,23,481,23481,31,2001,1GTHK23G71F1,1,G,T,H,K,2,3,G,7,1,F,1,1,3,0,Not Applicable,Not Applicable,0,0,0,1,0,0,0,0,0,0,0,45,0,0,0,12,6,2,12,0,0,0,1,4,86442,1,1,0,0,2,0,69,175,0,4,1,0,0,9,2010,11,2012,0,0,0,0,0,5,4,45,1,6,2,1,0,0,1,62,4,2,1,51,,,,0,0,,,,,,,,,,,,,,,,,,,,,,,,,2013
2013040275,4,40275,1,1,1,10,5,7,17,42,0,1,0,4,2,37,31,37031,2,1999,1HGEJ7125XL0,1,H,G,E,J,7,1,2,5,X,L,0,0,0,0,Not Applicable,Not Applicable,0,0,0,1,0,0,0,0,0,0,0,65,0,0,0,12,6,2,42,0,0,0,1,4,85706,6,1,0,0,3,0,71,158,0,0,0,2,0,2,2012,9,2012,0,99,99,99,99,2,2,65,1,1,2,1,0,0,1,13,1,1,4,1,,,,1,0,,,,,,,,,,,,,,,,,,,,,,,,,2013
2013040276,4,40276,1,1,1,11,5,13,50,34,0,1,0,4,1,72,706,72706,80,2004,1HD1GNW144K3,1,H,D,1,G,N,W,1,4,4,K,3,0,0,0,Not Applicable,Not Applicable,0,0,0,1,0,0,0,0,0,0,0,55,0,0,0,12,6,2,1,0,0,0,1,4,85021,6,1,0,0,2,0,70,185,0,0,0,0,0,0,0,0,0,0,0,0,0,0,3,2,55,2,6,2,1,0,0,14,12,1,1,4,6,,,,1,1,,,,,,,,,,,,,,,,,,,,,,,,,2013
2013040277,4,40277,1,1,3,12,5,20,6,8,0,1,0,4,1,12,441,12441,20,1989,1FMCA11U8KZB,1,F,M,C,A,1,1,U,8,K,Z,B,0,0,0,Not Applicable,Not Applicable,0,0,0,1,0,0,0,0,0,0,0,31,0,0,0,12,6,2,8,0,0,0,1,4,85031,6,1,0,0,3,0,65,220,0,0,0,0,0,0,0,0,0,0,0,0,0,0,5,5,40,1,1,2,1,0,0,1,80,1,1,1,13,,,,0,0,,,,,,,,,,,,,,,,,,,,,,,,,2013
2013040278,4,40278,1,2,5,12,5,20,41,12,2,1,0,4,1,12,481,12481,31,2006,1FTPW14576KB,1,F,T,P,W,1,4,5,7,6,K,B,0,0,0,Not Applicable,Not Applicable,0,0,0,1,0,0,0,0,0,0,0,998,0,1,1,12,6,2,12,0,0,0,1,4,85648,6,1,0,0,3,0,71,187,0,1,0,0,0,11,2010,11,2010,3,28,0,0,0,1,2,30,1,4,1,1,40,3,1,10,99,9,2,50,,,,1,1,,,,,,,,,,,,,,,,,,,,,,,,,2013
2013040278,4,40278,2,2,4,12,5,20,41,12,2,1,1,4,1,12,401,12401,14,2002,1FMZU73W12ZA,1,F,M,Z,U,7,3,W,1,2,Z,A,0,0,0,Not Applicable,Not Applicable,0,0,0,1,0,0,0,0,0,0,0,998,0,0,0,12,6,2,12,0,0,0,1,4,85648,6,1,0,0,3,3,68,165,0,1,0,1,0,9,2012,9,2012,0,0,0,0,0,1,2,30,1,2,1,1,40,3,1,62,99,1,1,51,,,,1,0,,,,,,,,,,,,,,,,,,,,,,,,,2013
2013040279,4,40279,1,2,1,13,5,18,0,12,1,1,0,4,1,71,706,71706,80,2006,ZDM1RAANX6B0,Z,D,M,1,R,A,A,N,X,6,B,0,0,0,0,Not Applicable,Not Applicable,0,0,0,1,0,0,0,0,0,0,0,998,0,0,0,12,6,2,12,0,0,0,1,4,85286,6,1,0,0,3,3,71,160,0,0,0,0,0,0,0,0,0,4,0,0,0,0,3,6,65,1,1,2,1,0,0,15,11,99,1,2,32,,,,1,0,,,,,,,,,,,,,,,,,,,,,,,,,2013
2013040279,4,40279,2,2,1,13,5,18,0,12,1,1,0,4,1,12,402,12402,14,2009,1FMCU027X9KA,1,F,M,C,U,0,2,7,X,9,K,A,0,0,0,Not Applicable,Not Applicable,0,0,0,1,0,0,0,0,0,0,0,10,0,0,0,6,4,3,12,0,0,0,1,4,85007,6,1,0,0,3,3,71,210,0,0,0,1,0,5,2011,5,2011,0,0,0,0,0,3,6,65,1,1,2,1,0,0,1,60,1,1,1,32,,,,0,0,,,,,,,,,,,,,,,,,,,,,,,,,2013