accident_id,STATE,ST_CASE,VEH_NO,VE_FORMS,NUMOCCS,DAY,MONTH,HOUR,MINUTE,HARM_EV,MAN_COLL,UNITTYPE,HIT_RUN,REG_STAT,OWNER,MAKE,MODEL,MAK_MOD,BODY_TYP,MOD_YEAR,VIN,VIN_1,VIN_2,VIN_3,VIN_4,VIN_5,VIN_6,VIN_7,VIN_8,VIN_9,VIN_10,VIN_11,VIN_12,TOW_VEH,J_KNIFE,MCARR_I1,MCARR_I2,MCARR_ID,GVWR,V_CONFIG,CARGO_BT,HAZ_INV,HAZ_PLAC,HAZ_ID,HAZ_CNO,HAZ_REL,BUS_USE,SPEC_USE,EMER_USE,TRAV_SP,UNDERIDE,ROLLOVER,ROLINLOC,IMPACT1,DEFORMED,TOWED,M_HARM,VEH_SC1,VEH_SC2,FIRE_EXP,DR_PRES,L_STATE,DR_ZIP,L_STATUS,L_TYPE,CDL_STAT,L_ENDORS,L_COMPL,L_RESTRI,DR_HGT,DR_WGT,PREV_ACC,PREV_SUS,PREV_DWI,PREV_SPD,PREV_OTH,FIRST_MO,FIRST_YR,LAST_MO,LAST_YR,SPEEDREL,DR_SF1,DR_SF2,DR_SF3,DR_SF4,VTRAFWAY,VNUM_LAN,VSPD_LIM,VALIGN,VPROFILE,VPAVETYP,VSURCOND,VTRAFCON,VTCONT_F,P_CRASH1,P_CRASH2,P_CRASH3,PCRASH4,PCRASH5,ACC_TYPE,TRLR1VIN,TRLR2VIN,TRLR3VIN,DEATHS,DR_DRINK,VINTYPE,VINMAKE,VINA_MOD,VIN_BT,VINMODYR,VIN_LNGT,VIN_WGT,WGTCD_TR,WHLBS_LG,WHLBS_SH,SER_TR,FUELCODE,MCYCL_DS,CARBUR,CYLINDER,DISPLACE,MCYCL_CY,MCYCL_WT,TIRE_SZE,TON_RAT,TRK_WT,TRKWTVAR,VIN_REST,WHLDRWHL,Year
2013040280,4,40280,1,2,1,16,5,11,12,12,6,1,0,53,1,13,1,13001,4,2007,1LNHM82V37Y6,1,L,N,H,M,8,2,V,3,7,Y,6,0,0,0,Not Applicable,Not Applicable,0,0,0,1,0,0,0,0,0,0,0,5,0,0,0,82,6,2,12,0,0,0,1,53,99205,6,1,0,0,3,3,70,185,0,0,0,1,0,6,2011,6,2011,0,48,0,0,0,5,4,45,1,1,2,1,2,3,11,15,1,1,1,68,,,,0,0,,,,,,,,,,,,,,,,,,,,,,,,,2013
2013040280,4,40280,2,2,1,16,5,11,12,12,6,1,0,4,1,72,706,72706,80,2008,1HD1KB4138Y6,1,H,D,1,K,B,4,1,3,8,Y,6,0,0,0,Not Applicable,Not Applicable,0,0,0,1,0,0,0,0,0,0,0,35,0,0,0,12,6,2,12,0,0,0,1,4,85203,6,1,0,0,3,0,66,160,0,0,0,0,0,0,0,0,0,0,0,0,0,0,5,4,45,1,1,2,1,2,3,1,62,1,1,1,69,,,,1,0,,,,,,,,,,,,,,,,,,,,,,,,,2013
2013040281,4,40281,1,1,1,15,5,23,43,35,0,1,0,6,2,35,50,35050,5,2009,3N1BC13EX9L3,3,N,1,B,C,1,3,E,X,9,L,3,0,0,0,Not Applicable,Not Applicable,0,0,0,1,0,0,0,0,0,0,0,998,0,1,5,12,6,2,1,0,0,0,1,6,95037,6,1,0,0,3,0,70,150,0,0,0,0,1,12,2011,12,2011,4,0,0,0,0,1,3,45,3,6,2,1,40,3,14,13,1,1,4,1,,,,1,0,,,,,,,,,,,,,,,,,,,,,,,,,2013
2013040282,4,40282,1,2,2,16,5,9,13,12,6,1,0,55,1,37,32,37032,4,2009,1HGCP36889A0,1,H,G,C,P,3,6,8,8,9,A,0,0,0,0,Not Applicable,Not Applicable,0,0,0,1,0,0,0,0,0,0,0,40,0,0,0,12,6,2,12,0,0,0,1,55,54665,6,1,0,0,3,3,66,178,0,0,0,0,0,0,0,0,0,0,39,0,0,0,5,6,40,1,1,2,1,2,3,1,17,1,1,1,88,,,,2,0,,,,,,,,,,,,,,,,,,,,,,,,,2013
2013040282,4,40282,2,2,1,16,5,9,13,12,6,1,0,4,3,20,421,20421,15,2011,1GNLC2E08BR2,1,G,N,L,C,2,E,0,8,B,R,2,0,0,0,Not Applicable,Not Applicable,0,0,0,1,0,0,0,0,0,0,0,15,0,0,0,62,6,2,12,0,0,0,1,4,99999,6,1,0,0,3,0,72,190,0,0,0,0,0,0,0,0,0,0,16,0,0,0,1,2,30,1,1,2,1,2,3,1,66,1,1,1,89,,,,0,0,,,,,,,,,,,,,,,,,,,,,,,,,2013
2013040283,4,40283,1,2,1,16,5,21,1,12,99,1,0,4,2,53,705,53705,80,2007,JS1GN7DA2721,J,S,1,G,N,7,D,A,2,7,2,1,0,0,0,Not Applicable,Not Applicable,0,0,0,1,0,0,0,0,0,0,0,90,0,0,0,99,6,2,12,0,0,0,1,4,85201,0,0,0,0,0,0,67,150,0,0,0,0,0,0,0,0,0,4,0,0,0,0,5,4,35,1,1,2,1,2,3,1,17,99,9,1,69,,,,1,0,,,,,,,,,,,,,,,,,,,,,,,,,2013
2013040283,4,40283,2,2,2,16,5,21,1,12,99,1,0,26,2,12,37,12037,4,2000,1FAFP34PXYW3,1,F,A,F,P,3,4,P,X,Y,W,3,0,0,0,Not Applicable,Not Applicable,0,0,0,1,0,0,0,0,0,0,0,10,0,0,0,99,6,2,12,0,0,0,1,26,49840,6,1,0,0,3,0,65,170,0,0,0,1,0,3,2011,3,2011,0,0,0,0,0,5,4,35,1,1,2,1,2,3,11,63,1,1,1,68,,,,0,0,,,,,,,,,,,,,,,,,,,,,,,,,2013
2013040284,4,40284,1,1,1,18,5,17,5,30,0,1,0,4,2,41,471,41471,30,2005,4F4YR46U55PM,4,F,4,Y,R,4,6,U,5,5,P,M,0,0,0,Not Applicable,Not Applicable,0,0,0,1,0,0,0,0,0,0,0,70,0,1,5,99,6,2,30,0,0,0,1,4,85602,6,1,0,0,3,0,59,163,0,0,0,2,0,3,2012,4,2012,4,0,0,0,0,1,2,45,2,1,2,1,0,0,14,12,99,1,4,6,,,,1,1,,,,,,,,,,,,,,,,,,,,,,,,,2013
2013040285,4,40285,1,1,1,19,5,10,49,1,0,1,0,4,2,72,706,72706,80,2002,1HD1BHY152Y0,1,H,D,1,B,H,Y,1,5,2,Y,0,0,0,0,Not Applicable,Not Applicable,0,0,0,1,0,0,0,0,0,0,0,50,0,0,0,0,6,2,1,0,0,0,1,4,85132,6,1,0,0,3,0,71,250,0,0,0,0,0,0,0,0,0,0,0,0,0,0,1,3,55,1,5,2,1,0,0,1,13,99,9,4,2,,,,1,0,,,,,,,,,,,,,,,,,,,,,,,,,2013
2013040286,4,40286,1,2,2,19,5,22,37,5,0,1,0,4,1,63,402,63402,14,2009,KNDJD7358958,K,N,D,J,D,7,3,5,8,9,5,8,0,0,0,Not Applicable,Not Applicable,0,0,0,1,0,0,0,0,0,0,0,998,0,0,0,0,0,5,5,0,0,0,1,4,85353,6,1,0,0,3,0,67,175,0,0,0,0,0,0,0,0,0,0,0,0,0,0,3,5,65,1,1,2,1,0,0,1,98,1,1,1,0,,,,1,1,,,,,,,,,,,,,,,,,,,,,,,,,2013
2013040286,4,40286,2,2,1,19,5,22,37,5,0,1,0,4,1,30,42,30042,3,2006,9BWDE61JX640,9,B,W,D,E,6,1,J,X,6,4,0,0,0,0,Not Applicable,Not Applicable,0,0,0,1,0,0,0,0,0,0,0,998,0,0,0,12,2,5,54,0,0,0,1,4,85379,6,1,0,0,3,0,68,165,1,1,0,0,3,9,2011,4,2012,0,89,0,0,0,3,5,65,1,1,2,1,0,0,1,90,1,1,1,98,,,,0,0,,,,,,,,,,,,,,,,,,,,,,,,,2013
2013040287,4,40287,1,1,1,20,5,0,34,43,0,1,0,4,2,23,481,23481,31,1989,1GTDC14K6KZ5,1,G,T,D,C,1,4,K,6,K,Z,5,0,0,0,Not Applicable,Not Applicable,0,0,0,1,0,0,0,0,0,0,0,40,0,1,3,12,6,2,1,0,0,0,1,4,85358,0,0,0,0,0,0,999,999,0,0,0,0,0,0,0,0,0,4,0,0,0,0,2,1,98,1,1,5,1,0,0,1,10,1,1,4,6,,,,1,1,,,,,,,,,,,,,,,,,,,,,,,,,2013
2013040288,4,40288,1,2,2,22,5,13,18,12,2,1,0,4,2,35,47,35047,4,2006,1N4AL11D56N3,1,N,4,A,L,1,1,D,5,6,N,3,0,0,0,Not Applicable,Not Applicable,0,0,0,1,0,0,0,0,0,0,0,15,0,0,0,12,6,2,12,0,0,0,1,4,85335,6,1,0,0,3,0,61,115,0,0,0,0,1,5,2012,5,2012,0,39,0,0,0,2,2,45,1,1,1,1,2,3,11,15,99,1,1,68,,,,1,0,,,,,,,,,,,,,,,,,,,,,,,,,2013
2013040288,4,40288,2,2,3,22,5,13,18,12,2,1,0,4,2,20,2,20002,4,2006,2G1WD58C9694,2,G,1,W,D,5,8,C,9,6,9,4,0,0,0,Not Applicable,Not Applicable,0,0,0,1,0,0,0,0,0,0,0,45,0,0,0,12,6,2,12,0,0,0,1,4,85353,6,1,0,0,3,0,68,150,0,0,0,0,0,0,0,0,0,0,0,0,0,0,2,2,45,1,1,1,1,2,2,1,62,99,1,1,69,,,,0,0,,,,,,,,,,,,,,,,,,,,,,,,,2013
2013040289,4,40289,1,1,2,23,5,21,30,15,0,1,0,4,2,53,402,53402,14,1997,2S3TA02C7V64,2,S,3,T,A,0,2,C,7,V,6,4,0,0,0,Not Applicable,Not Applicable,0,0,0,1,0,0,0,0,0,0,0,40,0,0,0,12,4,5,15,0,0,0,1,4,85743,6,1,0,0,3,0,70,195,0,0,0,0,1,1,2013,1,2013,0,0,0,0,0,5,2,45,1,1,2,1,0,0,1,80,4,9,1,13,,,,0,0,,,,,,,,,,,,,,,,,,,,,,,,,2013
2013040290,4,40290,1,2,1,25,5,7,16,12,6,1,0,4,1,49,44,49044,2,2006,4T1CA30P96U0,4,T,1,C,A,3,0,P,9,6,U,0,0,0,0,Not Applicable,Not Applicable,0,0,0,1,0,0,0,0,0,0,0,20,0,0,0,12,6,2,12,0,0,0,1,4,85351,6,1,0,0,3,3,66,125,0,0,0,0,1,11,2010,11,2010,0,39,0,0,0,1,2,30,1,1,2,1,20,3,1,17,1,1,1,88,,,,0,0,,,,,,,,,,,,,,,,,,,,,,,,,2013
2013040290,4,40290,2,2,1,25,5,7,16,12,6,1,0,4,1,98,998,98998,95,2004,1S9SA112X4Y7,1,S,9,S,A,1,1,2,X,4,Y,7,0,0,0,Not Applicable,Not Applicable,0,0,0,1,0,0,0,0,0,0,0,25,0,0,0,62,6,2,12,0,0,0,1,4,85351,6,1,0,0,3,3,72,200,0,0,0,0,0,0,0,0,0,0,0,0,0,0,2,2,30,1,1,2,1,0,0,1,66,99,1,1,89,,,,1,0,,,,,,,,,,,,,,,,,,,,,,,,,2013
2013040291,4,40291,1,1,1,26,5,18,0,1,0,1,0,4,1,49,43,49043,4,2000,4T1BF28B2YU0,4,T,1,B,F,2,8,B,2,Y,U,0,0,0,0,Not Applicable,Not Applicable,0,0,0,1,0,0,0,0,0,0,0,998,0,1,5,0,6,2,1,0,0,0,1,4,85614,6,1,0,0,3,3,70,165,0,0,0,0,0,0,0,0,0,4,58,0,0,0,2,2,75,1,1,2,1,0,0,1,13,1,1,4,1,,,,1,1,,,,,,,,,,,,,,,,,,,,,,,,,2013
2013040293,4,40293,1,2,1,29,5,14,4,12,6,1,0,48,1,13,1,13001,4,2004,1LNHM81W54Y6,1,L,N,H,M,8,1,W,5,4,Y,6,0,0,0,Not Applicable,Not Applicable,0,0,0,1,0,0,0,0,0,0,0,998,0,0,0,12,6,2,12,0,0,0,1,48,79922,6,1,0,0,3,3,72,220,0,1,0,1,0,2,2012,1,2013,0,28,0,0,0,1,2,65,1,1,2,1,0,0,1,10,99,1,2,64,,,,1,0,,,,,,,,,,,,,,,,,,,,,,,,,2013
2013040293,4,40293,2,2,1,29,5,14,4,12,6,1,0,17,3,82,881,82881,66,2004,1FUJBBCK64LN,1,F,U,J,B,B,C,K,6,4,L,N,1,1,57,241572,57241572,3,6,1,1,0,0,0,0,0,0,0,998,0,0,0,11,6,2,12,0,0,0,1,48,79821,6,1,6,0,3,0,999,999,0,0,0,0,0,0,0,0,0,0,0,0,0,0,1,2,65,1,1,2,1,0,0,1,62,7,1,4,65,,,,0,0,,,,,,,,,,,,,,,,,,,,,,,,,2013
2013040294,4,40294,1,1,3,29,5,20,34,11,0,1,0,4,1,20,13,20013,5,1982,1G1AB68C1CA1,1,G,1,A,B,6,8,C,1,C,A,1,0,0,0,Not Applicable,Not Applicable,0,0,0,1,0,0,0,0,0,0,0,998,0,0,0,12,6,2,11,0,0,0,1,4,86047,6,1,0,0,3,3,70,225,0,0,0,0,0,0,0,0,0,0,0,0,0,0,1,2,65,1,1,2,1,0,0,1,87,99,1,1,13,,,,1,0,,,,,,,,,,,,,,,,,,,,,,,,,2013
2013040295,4,40295,1,2,1,30,5,4,9,12,2,1,0,4,1,20,481,20481,31,1994,2GCEK19Z4R11,2,G,C,E,K,1,9,Z,4,R,1,1,0,0,0,Not Applicable,Not Applicable,0,0,0,1,0,0,0,0,0,0,0,998,0,0,0,12,6,2,2,0,0,1,1,4,85606,6,1,0,0,3,3,66,115,0,0,0,2,0,9,2012,3,2013,0,28,0,0,0,1,2,65,1,1,2,1,0,0,1,10,99,1,2,50,,,,1,0,,,,,,,,,,,,,,,,,,,,,,,,,2013
2013040295,4,40295,2,2,7,30,5,4,9,12,2,1,0,4,1,12,461,12461,21,2006,1FBNE31L96HA,1,F,B,N,E,3,1,L,9,6,H,A,0,0,0,Not Applicable,Not Applicable,0,0,0,1,0,0,0,0,0,0,0,998,0,1,5,12,6,2,1,0,0,0,1,4,85607,6,1,0,0,3,0,67,190,0,0,0,0,0,0,0,0,0,0,0,0,0,0,1,2,65,1,1,2,1,0,0,1,62,99,1,1,51,,,,3,0,,,,,,,,,,,,,,,,,,,,,,,,,2013
2013040296,4,40296,1,1,1,31,5,7,50,1,0,1,0,4,3,20,881,20881,61,2006,1GBE4C1296F4,1,G,B,E,4,C,1,2,9,6,F,4,0,0,57,1932608,571932608,2,1,97,1,0,0,0,0,0,0,0,998,0,1,1,0,6,9,1,0,0,0,1,4,85041,6,1,0,0,3,3,68,185,0,0,0,0,0,0,0,0,0,0,0,0,0,0,1,2,50,3,2,2,1,40,3,14,13,7,3,6,98,,,,1,1,,,,,,,,,,,,,,,,,,,,,,,,,2013
2013040297,4,40297,1,1,2,31,5,20,10,8,0,1,0,4,2,24,401,24401,14,2003,5GZCZ63B83S8,5,G,Z,C,Z,6,3,B,8,3,S,8,0,0,0,Not Applicable,Not Applicable,0,0,0,1,0,0,0,0,0,0,0,35,0,0,0,12,4,5,8,0,0,0,1,4,85745,6,1,0,0,3,0,60,130,0,0,0,1,0,1,2013,1,2013,0,0,0,0,0,1,2,35,1,1,2,1,0,0,1,80,99,9,1,13,,,,0,0,,,,,,,,,,,,,,,,,,,,,,,,,2013
2013040298,4,40298,1,2,1,5,5,22,4,12,1,1,0,4,1,98,881,98881,66,1966,4J8597,4,J,8,5,9,7,,,,,,,1,1,88,None,None,3,6,1,1,0,0,0,0,0,0,0,998,0,1,1,6,6,2,12,0,0,0,1,4,85255,6,1,0,0,3,0,74,225,0,0,0,0,0,0,0,0,0,0,99,99,99,99,2,2,75,1,5,2,1,0,0,1,53,1,1,1,25,,,,1,0,,,,,,,,,,,,,,,,,,,,,,,,,2013
2013040298,4,40298,2,2,1,5,5,22,4,12,1,1,0,47,3,84,881,84881,66,2008,2HSCWAPR28C5,2,H,S,C,W,A,P,R,2,8,C,5,1,1,57,2090773,572090773,3,6,1,1,0,0,0,0,0,0,0,69,0,0,0,12,6,2,12,0,0,1,1,6,91306,6,1,1,0,2,0,67,175,0,2,0,0,1,5,2010,4,2013,0,84,0,0,0,2,2,75,1,5,2,1,0,0,1,51,8,9,1,24,,,,0,0,,,,,,,,,,,,,,,,,,,,,,,,,2013
2013040299,4,40299,1,1,1,11,5,13,1,1,0,1,0,4,1,12,401,12401,14,1999,1FMYU22E6XUA,1,F,M,Y,U,2,2,E,6,X,U,A,0,0,0,Not Applicable,Not Applicable,0,0,0,1,0,0,0,0,0,0,0,998,0,1,1,0,6,2,1,0,0,0,1,4,85323,6,1,0,0,3,0,63,180,0,0,0,0,0,0,0,0,0,4,80,0,0,0,2,3,75,1,1,2,1,0,0,1,1,7,3,6,98,,,,1,0,,,,,,,,,,,,,,,,,,,,,,,,,2013
2013040300,4,40300,1,1,2,21,5,4,8,35,0,1,0,4,1,12,481,12481,31,2004,1FTNW21PX4EC,1,F,T,N,W,2,1,P,X,4,E,C,0,0,0,Not Applicable,Not Applicable,0,0,0,1,0,0,0,0,0,0,0,998,0,1,5,99,6,2,1,0,0,0,1,4,85901,1,1,6,0,2,0,69,220,0,3,0,0,1,8,2011,9,2012,4,0,0,0,0,2,2,75,2,1,2,1,0,0,14,6,7,3,4,2,,,,1,1,,,,,,,,,,,,,,,,,,,,,,,,,2013
2013040301,4,40301,1,2,2,1,5,10,20,12,6,1,0,4,2,37,402,37402,14,1998,JHLRD1867WC0,J,H,L,R,D,1,8,6,7,W,C,0,0,0,0,Not Applicable,Not Applicable,0,0,0,1,0,0,0,0,0,0,0,10,0,0,0,62,6,2,12,0,0,0,1,4,85338,6,1,0,0,3,3,56,116,0,0,0,0,0,0,0,0,0,0,38,0,0,0,0,0,0,0,0,0,0,20,3,1,17,1,1,1,89,,,,1,0,,,,,,,,,,,,,,,,,,,,,,,,,2013
2013040301,4,40301,2,2,3,1,5,10,20,12,6,1,0,4,2,7,482,7482,31,2006,3D7LL38C56G1,3,D,7,L,L,3,8,C,5,6,G,1,0,0,0,Not Applicable,Not Applicable,0,0,0,1,0,0,0,0,0,0,0,45,0,0,0,12,6,2,12,0,0,0,1,4,85354,6,1,0,0,3,0,62,180,0,0,0,0,0,0,0,0,0,0,0,0,0,0,1,2,45,1,1,2,1,0,0,1,71,1,1,1,88,,,,0,0,,,,,,,,,,,,,,,,,,,,,,,,,2013
2013040302,4,40302,1,1,1,19,5,16,52,8,0,1,0,4,1,20,16,20016,2,2003,1G1JC12F3373,1,G,1,J,C,1,2,F,3,3,7,3,0,0,0,Not Applicable,Not Applicable,0,0,0,1,0,0,0,0,0,0,0,998,0,0,0,12,6,2,8,0,0,0,1,4,85303,6,1,0,0,3,0,63,210,0,0,0,0,0,0,0,0,0,0,0,0,0,0,5,4,40,1,1,2,1,2,3,1,80,1,1,1,13,,,,0,0,,,,,,,,,,,,,,,,,,,,,,,,,2013
2013040303,4,40303,1,2,1,12,5,15,36,12,6,1,0,4,1,12,401,12401,14,2006,1FMEU64836ZA,1,F,M,E,U,6,4,8,3,6,Z,A,0,0,0,Not Applicable,Not Applicable,0,0,0,1,0,0,0,0,0,0,0,24,0,0,0,83,6,2,12,0,0,0,1,4,85286,6,1,0,0,3,3,73,180,0,0,0,0,1,6,2011,6,2011,0,48,0,0,0,5,4,50,1,3,2,1,2,3,11,15,1,1,1,68,,,,0,0,,,,,,,,,,,,,,,,,,,,,,,,,2013
2013040303,4,40303,2,2,1,12,5,15,36,12,6,1,0,4,1,37,705,37705,80,2006,JH2PC37026M3,J,H,2,P,C,3,7,0,2,6,M,3,0,0,0,Not Applicable,Not Applicable,0,0,0,1,0,0,0,0,0,0,0,78,0,0,0,12,6,2,12,0,0,0,1,4,85021,6,1,0,0,3,3,71,155,0,0,0,2,0,4,2013,4,2013,3,89,0,0,0,5,4,50,1,3,2,1,2,3,1,62,3,2,1,69,,,,1,0,,,,,,,,,,,,,,,,,,,,,,,,,2013
2013040304,4,40304,1,1,2,25,5,12,46,1,0,1,0,4,1,35,472,35472,30,2009,1N6AD07U49C4,1,N,6,A,D,0,7,U,4,9,C,4,0,0,0,Not Applicable,Not Applicable,0,0,0,1,0,0,0,0,0,0,0,60,0,1,5,0,6,2,1,0,0,0,1,4,85541,6,1,0,0,3,0,74,220,0,0,0,0,0,0,0,0,0,0,58,0,0,0,2,2,65,1,5,2,1,0,0,1,9,7,9,4,2,,,,1,1,,,,,,,,,,,,,,,,,,,,,,,,,2013
2013040305,4,40305,1,1,6,11,5,22,26,5,0,1,0,4,2,12,471,12471,30,2001,1FTYR14V21PB,1,F,T,Y,R,1,4,V,2,1,P,B,0,0,0,Not Applicable,Not Applicable,0,0,0,1,0,0,0,0,0,0,0,25,0,0,0,0,0,3,5,0,0,0,1,4,85379,6,1,0,0,3,0,67,140,0,0,0,0,0,0,0,0,0,0,99,99,99,99,1,2,25,1,1,2,1,0,0,1,98,1,1,1,0,,,,1,0,,,,,,,,,,,,,,,,,,,,,,,,,2013
2013040306,4,40306,1,2,1,21,5,3,31,8,0,1,0,4,2,22,20,22020,4,2005,2G2WP5225512,2,G,2,W,P,5,2,2,5,5,1,2,0,0,0,Not Applicable,Not Applicable,0,0,0,1,0,0,0,0,0,0,0,50,0,0,0,12,6,2,8,0,0,0,1,4,85338,6,1,6,0,3,3,71,250,0,2,0,0,0,7,2010,8,2010,0,0,0,0,0,1,2,50,1,1,2,1,0,0,1,80,1,1,1,13,,,,0,0,,,,,,,,,,,,,,,,,,,,,,,,,2013
2013040306,4,40306,2,2,1,21,5,3,31,8,0,1,0,4,1,49,32,49032,4,2005,1NXBR32E95Z3,1,N,X,B,R,3,2,E,9,5,Z,3,0,0,0,Not Applicable,Not Applicable,0,0,0,1,0,0,0,0,0,0,0,50,0,0,0,12,4,3,8,0,0,0,1,4,85323,6,1,0,0,3,0,63,173,0,0,0,0,0,0,0,0,0,0,0,0,0,0,1,2,50,1,1,2,1,0,0,1,80,1,1,1,98,,,,0,0,,,,,,,,,,,,,,,,,,,,,,,,,2013
2013040307,4,40307,1,1,1,26,5,21,26,31,0,1,0,4,2,35,49,35049,6,2004,JN8AZ08T64W2,J,N,8,A,Z,0,8,T,6,4,W,2,0,0,0,Not Applicable,Not Applicable,0,0,0,1,0,0,0,0,0,0,0,55,0,0,0,12,6,2,38,0,0,0,1,4,85718,6,1,0,0,3,0,73,190,0,0,0,0,0,0,0,0,0,4,0,0,0,0,1,2,40,1,1,2,1,20,3,1,14,1,1,4,14,,,,1,0,,,,,,,,,,,,,,,,,,,,,,,,,2013
2013040308,4,40308,1,2,2,1,5,12,13,33,0,1,0,53,1,7,880,7880,67,1999,1B7MC3362XJ5,1,B,7,M,C,3,3,6,2,X,J,5,2,1,88,None,None,2,4,97,1,0,0,0,0,0,0,0,55,1,0,0,12,6,2,12,0,0,0,1,53,99403,6,1,0,0,3,0,66,165,0,0,0,0,0,0,0,0,0,0,38,0,0,0,4,1,35,2,1,2,1,21,3,14,12,1,1,4,6,,,,2,0,,,,,,,,,,,,,,,,,,,,,,,,,2013
2013040308,4,40308,2,2,2,1,5,12,13,33,0,1,0,28,3,82,881,82881,66,2007,1FUJA6CK87LW,1,F,U,J,A,6,C,K,8,7,L,W,1,1,57,0219224,570219224,3,6,1,1,0,0,0,0,0,0,0,20,0,0,0,3,4,5,12,0,0,0,1,28,39082,6,1,6,0,3,0,70,180,98,0,0,0,0,0,0,0,0,0,0,0,0,0,4,1,35,3,1,2,1,21,3,14,68,1,1,1,98,,,,0,0,,,,,,,,,,,,,,,,,,,,,,,,,2013
2013040309,4,40309,1,1,2,4,5,16,40,1,0,1,0,4,1,72,706,72706,80,1997,1HD1BJL5XVY0,1,H,D,1,B,J,L,5,X,V,Y,0,0,0,0,Not Applicable,Not Applicable,0,0,0,1,0,0,0,0,0,0,0,998,0,0,0,0,2,3,1,0,0,0,1,4,85234,6,1,0,0,2,3,70,200,0,0,0,1,0,5,2013,5,2013,4,91,0,0,0,2,2,55,1,1,2,1,3,3,1,6,3,2,1,98,,,,1,1,,,,,,,,,,,,,,,,,,,,,,,,,2013
2013040310,4,40310,1,1,2,1,6,0,35,1,0,1,0,4,1,72,706,72706,80,2003,1HD1FCW183Y6,1,H,D,1,F,C,W,1,8,3,Y,6,0,0,0,Not Applicable,Not Applicable,0,0,0,1,0,0,0,0,0,0,0,55,0,0,0,0,6,2,1,0,0,0,1,4,85901,6,1,0,0,3,0,67,220,0,0,0,1,0,10,2011,10,2011,4,39,0,0,0,1,2,50,2,1,2,1,20,3,14,6,1,9,3,98,,,,1,1,,,,,,,,,,,,,,,,,,,,,,,,,2013
2013040311,4,40311,1,1,1,1,6,22,43,33,0,1,0,4,1,37,705,37705,80,2001,JH2PC35061M2,J,H,2,P,C,3,5,0,6,1,M,2,0,0,0,Not Applicable,Not Applicable,0,0,0,1,0,0,0,0,0,0,0,40,0,0,0,12,4,3,24,0,0,0,1,4,85730,6,1,0,0,3,0,66,180,0,0,0,0,0,0,0,0,0,4,0,0,0,0,4,2,40,2,1,2,1,0,0,14,9,99,9,4,7,,,,1,0,,,,,,,,,,,,,,,,,,,,,,,,,2013
2013040312,4,40312,1,2,1,2,6,17,50,12,6,1,0,4,2,37,705,37705,80,2005,JH2RC44505M8,J,H,2,R,C,4,4,5,0,5,M,8,0,0,0,Not Applicable,Not Applicable,0,0,0,1,0,0,0,0,0,0,0,998,0,0,0,12,6,2,12,0,0,0,1,4,85501,6,1,0,0,3,0,67,150,0,0,0,1,0,7,2012,7,2012,4,28,0,0,0,1,2,35,2,1,2,1,0,0,14,10,99,9,2,64,,,,1,0,,,,,,,,,,,,,,,,,,,,,,,,,2013
2013040312,4,40312,2,2,1,2,6,17,50,12,6,1,0,4,1,12,481,12481,31,2008,1FTPX12578FB,1,F,T,P,X,1,2,5,7,8,F,B,0,0,0,Not Applicable,Not Applicable,0,0,0,1,0,0,0,0,0,0,0,35,0,0,0,61,6,2,12,32,0,0,1,4,85539,6,1,0,0,3,3,76,280,0,0,0,1,0,5,2011,5,2011,0,0,0,0,0,1,2,35,3,1,2,1,0,0,14,62,99,9,1,65,,,,0,0,,,,,,,,,,,,,,,,,,,,,,,,,2013
2013040313,4,40313,1,1,1,3,6,3,55,42,0,1,0,4,1,14,38,14038,3,2000,1ZWFT61L3Y56,1,Z,W,F,T,6,1,L,3,Y,5,6,0,0,0,Not Applicable,Not Applicable,0,0,0,1,0,0,0,0,0,0,0,65,0,0,0,61,6,2,42,0,0,0,1,4,85203,6,1,0,0,3,3,62,150,0,0,0,0,0,0,0,0,0,4,0,0,0,0,3,5,65,1,1,2,1,0,0,1,9,1,5,4,2,,,,1,1,,,,,,,,,,,,,,,,,,,,,,,,,2013
2013040314,4,40314,1,1,1,3,6,11,56,1,0,1,0,4,2,37,706,37706,80,2006,JH2SC57096M2,J,H,2,S,C,5,7,0,9,6,M,2,0,0,0,Not Applicable,Not Applicable,0,0,0,1,0,0,0,0,0,0,0,44,0,0,0,0,6,2,1,0,0,0,1,4,85648,6,1,6,0,2,0,66,175,0,2,0,0,0,3,2011,4,2011,4,0,0,0,0,1,2,30,1,1,2,1,0,0,1,6,3,2,1,98,,,,1,0,,,,,,,,,,,,,,,,,,,,,,,,,2013
2013040315,4,40315,1,2,1,4,6,18,48,12,6,1,0,4,1,49,472,49472,30,2002,5TESN92N02Z0,5,T,E,S,N,9,2,N,0,2,Z,0,0,0,0,Not Applicable,Not Applicable,0,0,0,1,0,0,0,0,0,0,0,5,0,0,0,61,6,2,12,0,0,0,1,4,85006,6,1,0,0,3,3,63,120,0,0,0,0,0,0,0,0,0,0,89,48,0,0,2,2,75,1,1,2,1,0,0,11,15,1,1,2,72,,,,1,0,,,,,,,,,,,,,,,,,,,,,,,,,2013
2013040315,4,40315,2,2,1,4,6,18,48,12,6,1,0,6,3,51,881,51881,66,2005,4V4NC9TG55N3,4,V,4,N,C,9,T,G,5,5,N,3,1,1,57,1567291,571567291,3,6,1,1,0,0,0,0,0,0,0,60,1,0,0,12,6,2,12,0,0,0,1,6,95356,6,1,6,0,3,0,71,160,0,0,0,0,1,7,2012,7,2012,0,0,0,0,0,2,2,75,1,1,2,1,0,0,1,61,1,1,1,73,,,,0,0,,,,,,,,,,,,,,,,,,,,,,,,,2013
2013040316,4,40316,1,1,4,6,6,22,39,35,0,1,0,32,4,12,16,12016,4,2011,2FABP7EV6BX1,2,F,A,B,P,7,E,V,6,B,X,1,0,0,0,Not Applicable,Not Applicable,0,0,0,1,0,0,0,0,0,0,0,998,0,1,5,12,6,2,1,0,0,0,1,4,85634,6,1,0,0,3,3,63,280,0,0,0,0,0,0,0,0,0,5,58,0,0,0,1,2,65,3,1,2,1,0,0,14,6,6,4,4,7,,,,2,1,,,,,,,,,,,,,,,,,,,,,,,,,2013
2013040317,4,40317,1,2,2,8,6,6,40,12,6,1,0,4,1,12,471,12471,30,2000,1FTYR10C4YPC,1,F,T,Y,R,1,0,C,4,Y,P,C,0,0,0,Not Applicable,Not Applicable,0,0,0,1,0,0,0,0,0,0,0,40,0,0,0,82,6,2,12,0,0,0,1,4,85020,6,1,0,0,3,3,66,160,0,0,0,0,0,0,0,0,0,0,39,0,0,0,5,4,40,1,1,2,1,2,3,1,17,1,1,1,87,,,,1,0,,,,,,,,,,,,,,,,,,,,,,,,,2013