accident_id,STATE,ST_CASE,VEH_NO,VE_FORMS,NUMOCCS,DAY,MONTH,HOUR,MINUTE,HARM_EV,MAN_COLL,UNITTYPE,HIT_RUN,REG_STAT,OWNER,MAKE,MODEL,MAK_MOD,BODY_TYP,MOD_YEAR,VIN,VIN_1,VIN_2,VIN_3,VIN_4,VIN_5,VIN_6,VIN_7,VIN_8,VIN_9,VIN_10,VIN_11,VIN_12,TOW_VEH,J_KNIFE,MCARR_I1,MCARR_I2,MCARR_ID,GVWR,V_CONFIG,CARGO_BT,HAZ_INV,HAZ_PLAC,HAZ_ID,HAZ_CNO,HAZ_REL,BUS_USE,SPEC_USE,EMER_USE,TRAV_SP,UNDERIDE,ROLLOVER,ROLINLOC,IMPACT1,DEFORMED,TOWED,M_HARM,VEH_SC1,VEH_SC2,FIRE_EXP,DR_PRES,L_STATE,DR_ZIP,L_STATUS,L_TYPE,CDL_STAT,L_ENDORS,L_COMPL,L_RESTRI,DR_HGT,DR_WGT,PREV_ACC,PREV_SUS,PREV_DWI,PREV_SPD,PREV_OTH,FIRST_MO,FIRST_YR,LAST_MO,LAST_YR,SPEEDREL,DR_SF1,DR_SF2,DR_SF3,DR_SF4,VTRAFWAY,VNUM_LAN,VSPD_LIM,VALIGN,VPROFILE,VPAVETYP,VSURCOND,VTRAFCON,VTCONT_F,P_CRASH1,P_CRASH2,P_CRASH3,PCRASH4,PCRASH5,ACC_TYPE,TRLR1VIN,TRLR2VIN,TRLR3VIN,DEATHS,DR_DRINK,VINTYPE,VINMAKE,VINA_MOD,VIN_BT,VINMODYR,VIN_LNGT,VIN_WGT,WGTCD_TR,WHLBS_LG,WHLBS_SH,SER_TR,FUELCODE,MCYCL_DS,CARBUR,CYLINDER,DISPLACE,MCYCL_CY,MCYCL_WT,TIRE_SZE,TON_RAT,TRK_WT,TRKWTVAR,VIN_REST,WHLDRWHL,Year
2013040317,4,40317,2,2,3,8,6,6,40,12,6,1,0,4,1,7,26,7026,4,2009,1B3LC46B19N5,1,B,3,L,C,4,6,B,1,9,N,5,0,0,0,Not Applicable,Not Applicable,0,0,0,1,0,0,0,0,0,0,0,40,0,0,0,12,6,2,12,0,0,0,1,4,85253,6,1,0,0,3,3,69,250,0,1,0,0,0,10,2010,10,2010,0,0,0,0,0,5,4,40,1,1,2,1,2,3,1,66,1,1,1,86,,,,0,0,,,,,,,,,,,,,,,,,,,,,,,,,2013
2013040318,4,40318,1,1,1,8,6,15,53,1,0,1,0,4,1,72,706,72706,80,1995,1HD1DFL16SY5,1,H,D,1,D,F,L,1,6,S,Y,5,0,0,0,Not Applicable,Not Applicable,0,0,0,1,0,0,0,0,0,0,0,998,0,0,0,0,6,2,1,0,0,0,1,4,86004,6,1,0,0,2,3,71,195,0,0,0,1,0,10,2011,10,2011,4,0,0,0,0,1,2,50,3,1,2,1,0,0,6,13,99,1,4,3,,,,1,1,,,,,,,,,,,,,,,,,,,,,,,,,2013
2013040319,4,40319,1,1,2,9,6,3,34,8,0,1,0,49,2,23,421,23421,15,2004,1GKEK13Z94J2,1,G,K,E,K,1,3,Z,9,4,J,2,0,0,0,Not Applicable,Not Applicable,0,0,0,1,0,0,0,0,0,0,0,78,0,0,0,12,6,2,8,0,0,0,1,49,84770,6,1,0,0,3,0,73,214,98,0,0,0,0,0,0,0,0,0,0,0,0,0,2,2,75,1,1,2,1,0,0,1,80,1,1,1,13,,,,0,0,,,,,,,,,,,,,,,,,,,,,,,,,2013
2013040320,4,40320,1,1,1,9,6,8,38,33,0,1,0,4,2,72,706,72706,80,2001,1HD1BWB111Y0,1,H,D,1,B,W,B,1,1,1,Y,0,0,0,0,Not Applicable,Not Applicable,0,0,0,1,0,0,0,0,0,0,0,12,0,0,0,12,6,2,33,0,0,0,1,4,85053,6,1,0,0,3,0,71,235,0,0,0,1,0,1,2011,1,2011,0,48,0,0,0,2,2,40,1,1,2,1,0,0,11,15,1,1,4,98,,,,1,1,,,,,,,,,,,,,,,,,,,,,,,,,2013
2013040321,4,40321,1,1,1,11,6,16,35,38,0,1,0,4,1,49,401,49401,14,2005,JTEZU14R3580,J,T,E,Z,U,1,4,R,3,5,8,0,0,0,0,Not Applicable,Not Applicable,0,0,0,1,0,0,0,0,0,0,0,65,0,0,0,12,6,2,38,0,0,0,1,4,85603,6,1,0,0,3,3,72,160,0,0,0,0,0,0,0,0,0,9,99,99,99,99,1,2,65,2,1,2,1,0,0,14,12,1,1,4,6,,,,1,0,,,,,,,,,,,,,,,,,,,,,,,,,2013
2013040322,4,40322,1,2,1,12,6,12,22,12,6,1,0,4,1,20,17,20017,4,1987,1G1AW51W5H61,1,G,1,A,W,5,1,W,5,H,6,1,0,0,0,Not Applicable,Not Applicable,0,0,0,1,0,0,0,0,0,0,0,15,0,0,0,9,6,2,12,0,0,0,1,4,85208,6,1,0,0,3,0,61,135,0,0,0,0,0,0,0,0,0,0,38,0,0,0,1,2,25,1,1,2,1,20,3,1,17,1,1,1,89,,,,1,0,,,,,,,,,,,,,,,,,,,,,,,,,2013
2013040322,4,40322,2,2,1,12,6,12,22,12,6,1,0,4,2,49,403,49403,14,2005,JTEDP21A8500,J,T,E,D,P,2,1,A,8,5,0,0,0,0,0,Not Applicable,Not Applicable,0,0,0,1,0,0,0,0,0,0,0,46,0,0,0,12,6,2,12,0,0,0,1,4,85207,6,1,0,0,3,0,64,200,0,0,0,0,0,0,0,0,0,0,0,0,0,0,2,2,50,1,1,2,1,0,0,1,66,1,1,1,88,,,,0,0,,,,,,,,,,,,,,,,,,,,,,,,,2013
2013040323,4,40323,1,1,3,13,6,16,4,1,0,1,0,4,2,12,401,12401,14,1998,1FMZU32E7WZC,1,F,M,Z,U,3,2,E,7,W,Z,C,0,0,0,Not Applicable,Not Applicable,0,0,0,1,0,0,0,0,0,0,0,75,0,1,5,0,6,2,1,0,0,0,1,4,85301,0,0,0,0,0,0,999,999,0,0,0,0,0,0,0,0,0,0,80,0,0,0,2,2,75,1,1,2,1,0,0,1,1,99,9,4,2,,,,1,0,,,,,,,,,,,,,,,,,,,,,,,,,2013
2013040324,4,40324,1,1,1,13,6,21,29,42,0,1,0,4,1,7,472,7472,30,2001,1B7GL22X61S1,1,B,7,G,L,2,2,X,6,1,S,1,0,0,0,Not Applicable,Not Applicable,0,0,0,1,0,0,0,0,0,0,0,998,0,0,0,99,6,2,39,0,0,0,1,4,85035,0,0,0,0,0,0,66,180,0,0,0,0,0,0,0,0,0,0,99,99,99,99,3,6,65,1,1,2,1,0,0,99,9,99,5,4,2,,,,1,0,,,,,,,,,,,,,,,,,,,,,,,,,2013
2013040325,4,40325,1,1,1,16,6,6,59,1,0,1,0,4,1,12,17,12017,4,1996,1FALP52UXTG1,1,F,A,L,P,5,2,U,X,T,G,1,0,0,0,Not Applicable,Not Applicable,0,0,0,1,0,0,0,0,0,0,0,70,0,1,5,0,6,2,1,0,0,0,1,4,85711,6,1,0,0,3,0,67,295,0,0,0,2,0,1,2013,5,2013,4,0,0,0,0,1,2,50,1,1,2,1,0,0,1,13,1,1,4,1,,,,1,0,,,,,,,,,,,,,,,,,,,,,,,,,2013
2013040326,4,40326,1,2,1,16,6,17,10,12,1,1,0,4,1,35,43,35043,4,2004,3N1CB51D14L4,3,N,1,C,B,5,1,D,1,4,L,4,0,0,0,Not Applicable,Not Applicable,0,0,0,1,0,0,0,0,0,0,0,0,0,0,0,6,6,2,12,0,0,0,1,4,85208,6,1,0,0,3,0,65,165,1,0,0,1,0,11,2011,1,2012,0,99,99,99,99,3,6,65,1,1,2,1,0,0,5,53,1,1,1,21,,,,1,0,,,,,,,,,,,,,,,,,,,,,,,,,2013
2013040326,4,40326,2,2,1,16,6,17,10,12,1,1,0,4,1,12,3,12003,1,2000,1FAFP4440YF2,1,F,A,F,P,4,4,4,0,Y,F,2,0,0,0,Not Applicable,Not Applicable,0,0,0,1,0,0,0,0,0,0,0,70,0,0,0,12,6,2,12,0,0,0,1,4,85225,6,1,0,0,3,0,67,165,0,0,0,1,0,2,2013,2,2013,0,0,0,0,0,3,6,65,1,1,2,1,0,0,1,50,1,1,1,20,,,,0,0,,,,,,,,,,,,,,,,,,,,,,,,,2013
2013040327,4,40327,1,1,1,17,6,9,3,1,0,1,0,6,1,72,706,72706,80,2007,1HD1FC4307Y6,1,H,D,1,F,C,4,3,0,7,Y,6,1,1,0,Not Applicable,Not Applicable,0,0,0,1,0,0,0,0,0,0,0,998,0,0,0,0,6,2,1,0,0,0,1,6,92410,6,1,0,0,3,0,71,205,0,0,0,0,1,5,2012,5,2012,0,0,0,0,0,6,1,75,2,1,2,1,0,0,14,12,1,1,4,6,,,,1,0,,,,,,,,,,,,,,,,,,,,,,,,,2013
2013040328,4,40328,1,2,1,17,6,13,47,12,2,1,0,32,4,72,706,72706,80,2013,1HD1FCM1XDB6,1,H,D,1,F,C,M,1,X,D,B,6,0,0,0,Not Applicable,Not Applicable,0,0,0,1,0,0,0,0,0,0,0,65,0,0,0,12,9,2,12,0,0,0,1,97,0,6,1,99,0,9,9,67,180,99,99,99,99,99,99,9999,99,9999,0,28,35,0,0,1,2,65,1,1,2,1,0,0,6,54,99,1,2,50,,,,1,0,,,,,,,,,,,,,,,,,,,,,,,,,2013
2013040328,4,40328,2,2,5,17,6,13,47,12,2,1,0,5,1,23,421,23421,15,2003,1GKFK16Z33J3,1,G,K,F,K,1,6,Z,3,3,J,3,0,0,0,Not Applicable,Not Applicable,0,0,0,1,0,0,0,0,0,0,0,55,0,0,0,12,6,2,12,0,0,0,1,5,72644,6,1,0,0,3,0,67,150,0,0,0,0,0,0,0,0,0,0,0,0,0,0,1,2,65,1,1,2,1,0,0,1,54,3,2,1,51,,,,0,0,,,,,,,,,,,,,,,,,,,,,,,,,2013
2013040329,4,40329,1,1,1,17,6,19,6,1,0,1,0,4,1,20,481,20481,31,2007,1GCEC14VX7E1,1,G,C,E,C,1,4,V,X,7,E,1,0,0,0,Not Applicable,Not Applicable,0,0,0,1,0,0,0,0,0,0,0,998,0,1,5,0,6,2,1,0,0,0,1,4,86045,6,1,0,0,3,0,70,210,0,0,0,0,0,0,0,0,0,4,58,0,0,0,2,2,65,1,1,2,1,0,0,1,9,99,5,4,7,,,,1,1,,,,,,,,,,,,,,,,,,,,,,,,,2013
2013040330,4,40330,1,1,2,21,6,22,29,43,0,1,0,4,1,35,48,35048,1,2004,JN1AZ36D34T1,J,N,1,A,Z,3,6,D,3,4,T,1,0,0,0,Not Applicable,Not Applicable,0,0,0,1,0,0,0,0,0,0,0,998,0,0,0,2,6,2,2,0,0,1,1,4,85364,6,1,0,0,3,0,68,138,0,0,0,0,1,9,2011,9,2011,0,0,0,0,0,1,2,50,1,1,2,1,0,0,99,9,99,4,4,7,,,,1,1,,,,,,,,,,,,,,,,,,,,,,,,,2013
2013040331,4,40331,1,1,2,27,6,21,59,1,0,1,0,4,1,20,22,20022,4,2006,1G1AK58F7676,1,G,1,A,K,5,8,F,7,6,7,6,0,0,0,Not Applicable,Not Applicable,0,0,0,1,0,0,0,0,0,0,0,998,0,1,5,0,6,2,1,0,0,0,1,4,86332,1,1,0,0,2,0,69,160,0,1,1,0,0,11,2010,12,2010,4,0,0,0,0,1,2,55,3,6,2,1,0,0,14,13,99,9,4,7,,,,1,1,,,,,,,,,,,,,,,,,,,,,,,,,2013
2013040332,4,40332,1,1,1,28,6,0,30,38,0,1,0,4,2,7,482,7482,31,1999,3B7KC2665XM5,3,B,7,K,C,2,6,6,5,X,M,5,0,0,0,Not Applicable,Not Applicable,0,0,0,1,0,0,0,0,0,0,0,998,0,1,9,99,6,2,1,0,0,0,1,4,85607,6,1,0,0,3,0,71,180,0,0,0,1,0,9,2010,9,2010,4,58,0,0,0,1,2,65,3,1,2,1,0,0,14,13,1,9,4,7,,,,1,1,,,,,,,,,,,,,,,,,,,,,,,,,2013
2013040333,4,40333,1,1,2,28,6,13,34,38,0,1,0,4,1,18,22,18022,4,2010,1G4GB5EG1AF3,1,G,4,G,B,5,E,G,1,A,F,3,0,0,0,Not Applicable,Not Applicable,0,0,0,1,0,0,0,0,0,0,0,998,0,0,0,12,6,2,35,0,0,0,1,4,85711,6,1,0,0,3,3,63,115,0,0,0,0,0,0,0,0,0,4,0,0,0,0,2,2,75,2,5,2,1,40,3,14,13,2,1,4,1,,,,1,0,,,,,,,,,,,,,,,,,,,,,,,,,2013
2013040334,4,40334,1,1,1,28,6,20,42,8,0,1,0,4,1,21,23,21023,4,2001,1G3WH52H51F1,1,G,3,W,H,5,2,H,5,1,F,1,0,0,0,Not Applicable,Not Applicable,0,0,0,1,0,0,0,0,0,0,0,998,0,0,0,12,6,2,8,32,0,0,1,4,85712,6,1,0,0,3,3,66,195,0,0,0,1,0,10,2010,10,2010,0,0,0,0,0,2,3,40,1,1,2,1,0,0,1,80,4,1,1,13,,,,0,0,,,,,,,,,,,,,,,,,,,,,,,,,2013
2013040335,4,40335,1,1,2,29,6,13,11,1,0,1,0,4,1,72,706,72706,80,2007,1HD1FR4137Y6,1,H,D,1,F,R,4,1,3,7,Y,6,0,0,0,Not Applicable,Not Applicable,0,0,0,1,0,0,0,0,0,0,0,65,0,0,0,0,6,2,1,0,0,0,1,4,85139,6,1,0,0,3,0,76,220,0,0,0,0,0,0,0,0,0,0,0,0,0,0,2,2,65,2,6,2,1,0,0,14,12,1,1,4,6,,,,1,0,,,,,,,,,,,,,,,,,,,,,,,,,2013
2013040336,4,40336,1,2,2,30,6,2,30,12,2,1,0,4,2,20,4,20004,2,1991,1G1YY2380M51,1,G,1,Y,Y,2,3,8,0,M,5,1,0,0,0,Not Applicable,Not Applicable,0,0,0,1,0,0,0,0,0,0,0,50,0,0,0,12,6,2,12,0,0,0,1,4,85735,6,1,0,0,3,0,70,205,0,0,0,0,0,0,0,0,0,4,28,0,0,0,1,2,30,1,4,2,1,0,0,1,6,99,5,2,50,,,,2,1,,,,,,,,,,,,,,,,,,,,,,,,,2013
2013040336,4,40336,2,2,2,30,6,2,30,12,2,1,0,4,1,37,31,37031,2,2001,1HGEM22991L0,1,H,G,E,M,2,2,9,9,1,L,0,0,0,0,Not Applicable,Not Applicable,0,0,0,1,0,0,0,0,0,0,0,30,0,0,0,12,6,2,12,0,0,0,1,4,85750,6,1,0,0,3,3,67,140,0,0,0,0,0,0,0,0,0,0,0,0,0,0,1,2,30,1,4,2,1,0,0,1,62,99,1,1,51,,,,0,0,,,,,,,,,,,,,,,,,,,,,,,,,2013
2013040337,4,40337,1,1,1,4,6,4,30,59,0,1,0,4,1,52,46,52046,4,2009,JA3AU26U69U0,J,A,3,A,U,2,6,U,6,9,U,0,0,0,0,Not Applicable,Not Applicable,0,0,0,1,0,0,0,0,0,0,0,65,0,1,5,12,6,2,1,32,0,0,1,4,85282,6,1,0,0,3,0,78,265,0,0,0,0,0,0,0,0,0,0,0,0,0,0,3,6,65,1,3,2,1,0,0,1,9,1,9,4,2,,,,1,0,,,,,,,,,,,,,,,,,,,,,,,,,2013
2013040338,4,40338,1,2,1,3,5,17,15,12,1,1,0,6,2,72,706,72706,80,2004,1HD1BWB324Y0,1,H,D,1,B,W,B,3,2,4,Y,0,0,0,0,Not Applicable,Not Applicable,0,0,0,1,0,0,0,0,0,0,0,30,0,0,0,12,6,9,12,0,0,0,1,6,92392,6,1,3,0,3,0,68,130,0,0,0,0,0,0,0,0,0,0,26,0,0,0,5,4,40,1,1,2,1,0,0,4,51,4,2,1,24,,,,1,1,,,,,,,,,,,,,,,,,,,,,,,,,2013
2013040338,4,40338,2,2,1,3,5,17,15,12,1,1,0,4,1,72,706,72706,80,2006,1HD1FFW106Y6,1,H,D,1,F,F,W,1,0,6,Y,6,0,0,0,Not Applicable,Not Applicable,0,0,0,1,0,0,0,0,0,0,0,30,0,0,0,6,8,5,12,0,0,0,1,4,85303,6,1,0,0,3,0,68,170,0,0,0,0,0,0,0,0,0,0,0,0,0,0,5,4,40,1,1,2,1,0,0,11,53,1,1,1,26,,,,0,0,,,,,,,,,,,,,,,,,,,,,,,,,2013
2013040339,4,40339,1,2,1,2,5,4,49,12,6,1,0,4,1,72,706,72706,80,2009,1HD1CZ3109K4,1,H,D,1,C,Z,3,1,0,9,K,4,0,0,0,Not Applicable,Not Applicable,0,0,0,1,0,0,0,0,0,0,0,70,0,0,0,1,6,2,12,0,0,0,1,4,85201,6,1,0,0,3,0,72,190,0,2,0,0,0,10,2012,1,2013,3,0,0,0,0,5,6,45,1,1,2,1,0,0,1,62,1,1,1,69,,,,1,0,,,,,,,,,,,,,,,,,,,,,,,,,2013
2013040339,4,40339,2,2,2,2,5,4,49,12,6,1,0,4,1,18,20,18020,4,1996,2G4WF52K1T14,2,G,4,W,F,5,2,K,1,T,1,4,0,0,0,Not Applicable,Not Applicable,0,0,0,1,0,0,0,0,0,0,0,18,0,0,0,12,6,2,12,0,0,0,1,4,85037,6,1,0,0,3,1,67,160,0,0,0,0,0,0,0,0,0,0,0,0,0,0,5,6,45,1,1,2,1,0,0,11,15,1,1,1,68,,,,0,0,,,,,,,,,,,,,,,,,,,,,,,,,2013
2013040340,4,40340,1,1,7,4,5,20,36,1,0,1,0,4,2,12,401,12401,14,1996,1FMDU32X6TZA,1,F,M,D,U,3,2,X,6,T,Z,A,0,0,0,Not Applicable,Not Applicable,0,0,0,1,0,0,0,0,0,0,0,998,0,1,1,0,6,2,1,0,0,0,1,4,85929,6,1,0,0,3,0,65,180,0,0,0,1,0,9,2011,9,2011,4,58,28,0,0,1,2,45,2,5,2,1,40,3,14,6,7,3,2,98,,,,1,0,,,,,,,,,,,,,,,,,,,,,,,,,2013
2013040341,4,40341,1,1,1,5,5,23,15,8,0,1,1,4,1,20,37,20037,4,2004,1G1ND52F74M6,1,G,1,N,D,5,2,F,7,4,M,6,0,0,0,Not Applicable,Not Applicable,0,0,0,1,0,0,0,0,0,0,0,35,0,0,0,12,2,5,8,0,0,0,1,4,85044,6,1,0,0,3,3,71,140,0,0,0,0,0,0,0,0,0,0,0,0,0,0,5,5,35,1,1,2,1,0,0,1,80,1,1,1,13,,,,0,1,,,,,,,,,,,,,,,,,,,,,,,,,2013
2013040342,4,40342,1,1,1,7,5,99,99,99,99,1,9,99,9,99,999,99999,99,9999,Unknown,9,9,9,9,9,9,9,9,9,9,9,9,0,0,0,Not Applicable,Not Applicable,0,0,0,1,0,0,0,0,0,0,0,999,0,0,0,99,9,9,99,0,0,0,1,4,86040,6,1,0,0,3,3,66,170,0,0,0,0,0,0,0,0,0,9,99,99,99,99,9,9,99,9,9,9,99,99,9,99,99,99,9,9,99,,,,1,0,,,,,,,,,,,,,,,,,,,,,,,,,2013
2013040343,4,40343,1,2,3,8,5,7,50,12,2,1,0,4,1,12,13,12013,4,1999,1FAFP13P2XW2,1,F,A,F,P,1,3,P,2,X,W,2,0,0,0,Not Applicable,Not Applicable,0,0,0,1,0,0,0,0,0,0,0,30,0,0,0,12,6,2,12,0,0,0,1,4,86326,6,1,0,0,3,0,70,179,0,0,0,0,0,0,0,0,0,0,28,0,0,0,1,2,40,1,1,2,1,0,0,1,54,7,1,2,52,,,,1,0,,,,,,,,,,,,,,,,,,,,,,,,,2013
2013040343,4,40343,2,2,1,8,5,7,50,12,2,1,0,4,3,12,481,12481,31,2008,1FTVF14558KE,1,F,T,V,F,1,4,5,5,8,K,E,0,0,0,Not Applicable,Not Applicable,0,0,0,1,0,0,0,0,0,0,0,40,0,0,0,12,6,2,12,0,0,0,1,4,86335,6,1,0,0,3,0,73,250,0,0,0,1,0,7,2010,7,2010,0,0,0,0,0,1,2,40,1,1,2,1,0,0,1,54,6,1,2,52,,,,0,0,,,,,,,,,,,,,,,,,,,,,,,,,2013
2013040344,4,40344,1,2,1,8,5,15,11,12,1,1,0,4,1,59,32,59032,4,2004,JTHBN36F0401,J,T,H,B,N,3,6,F,0,4,0,1,0,0,0,Not Applicable,Not Applicable,0,0,0,1,0,0,0,0,0,0,0,50,1,0,0,12,6,2,12,0,0,0,1,4,85377,6,1,0,0,3,3,64,137,0,0,0,0,0,0,0,0,0,4,0,0,0,0,2,2,50,1,5,2,1,40,3,1,50,1,1,1,20,,,,1,0,,,,,,,,,,,,,,,,,,,,,,,,,2013
2013040344,4,40344,2,2,2,8,5,15,11,12,1,1,0,4,3,38,882,38882,61,2010,JALC4W164A70,J,A,L,C,4,W,1,6,4,A,7,0,0,0,99,Unknown,Unknown,2,1,3,1,0,0,0,0,0,0,0,0,0,0,0,6,6,2,12,39,0,0,1,4,85345,6,1,0,0,3,0,70,210,0,0,0,0,0,0,0,0,0,0,0,0,0,0,2,2,50,1,5,2,1,0,0,5,53,1,1,1,21,,,,0,0,,,,,,,,,,,,,,,,,,,,,,,,,2013
2013040345,4,40345,1,1,1,23,5,3,30,9,0,1,1,4,2,24,1,24001,4,2001,1G8ZH528X1Z2,1,G,8,Z,H,5,2,8,X,1,Z,2,0,0,0,Not Applicable,Not Applicable,0,0,0,1,0,0,0,0,0,0,0,40,0,0,0,12,4,5,9,0,0,0,1,4,85719,0,0,0,0,0,0,65,220,0,1,0,0,0,5,2012,5,2012,0,39,0,0,0,2,1,40,1,1,2,1,3,3,1,83,4,2,1,13,,,,0,1,,,,,,,,,,,,,,,,,,,,,,,,,2013
2013040346,4,40346,1,1,5,5,5,7,58,41,0,1,0,4,2,55,36,55036,4,2009,KMHCN46C29U3,K,M,H,C,N,4,6,C,2,9,U,3,0,0,0,Not Applicable,Not Applicable,0,0,0,1,0,0,0,0,0,0,0,90,0,1,9,61,6,2,1,0,0,0,1,4,86503,0,0,0,0,0,0,999,999,0,0,0,0,0,0,0,0,0,3,0,0,0,0,1,2,55,1,6,2,1,0,0,1,12,1,1,4,6,,,,1,1,,,,,,,,,,,,,,,,,,,,,,,,,2013
2013040347,4,40347,1,2,1,9,5,18,55,12,6,1,0,4,1,53,705,53705,80,2004,JS1GN7CA2421,J,S,1,G,N,7,C,A,2,4,2,1,0,0,0,Not Applicable,Not Applicable,0,0,0,1,0,0,0,0,0,0,0,998,0,0,0,12,6,2,12,0,0,1,1,4,85301,6,1,0,0,3,0,73,166,0,0,0,1,2,1,2012,3,2013,3,0,0,0,0,5,5,40,1,1,2,1,0,0,1,72,4,2,3,83,,,,1,0,,,,,,,,,,,,,,,,,,,,,,,,,2013
2013040347,4,40347,2,2,1,9,5,18,55,12,6,1,1,99,9,99,999,99999,99,9999,Unknown,9,9,9,9,9,9,9,9,9,9,9,9,0,0,0,Not Applicable,Not Applicable,0,0,0,1,0,0,0,0,0,0,0,999,0,0,0,61,9,5,12,0,0,0,1,99,99999,9,9,99,0,9,9,999,999,99,99,99,99,99,99,9999,99,9999,0,38,0,0,0,0,0,0,0,0,0,0,0,0,11,15,1,1,1,82,,,,0,0,,,,,,,,,,,,,,,,,,,,,,,,,2013
2013040348,4,40348,1,1,1,9,5,20,42,8,0,1,0,4,1,42,42,42042,4,2011,WDDGF5EB0BR1,W,D,D,G,F,5,E,B,0,B,R,1,0,0,0,Not Applicable,Not Applicable,0,0,0,1,0,0,0,0,0,0,0,39,0,0,0,12,2,5,8,0,0,0,1,4,85018,6,1,0,0,3,0,68,145,0,0,0,0,0,0,0,0,0,0,0,0,0,0,5,5,40,1,1,2,1,0,0,1,80,4,1,3,13,,,,0,0,,,,,,,,,,,,,,,,,,,,,,,,,2013
2013040349,4,40349,1,2,1,10,5,6,50,12,6,1,0,4,1,76,706,76706,80,2009,JYAVP22E99A0,J,Y,A,V,P,2,2,E,9,9,A,0,0,0,0,Not Applicable,Not Applicable,0,0,0,1,0,0,0,0,0,0,0,78,0,0,0,12,6,2,12,0,0,0,1,4,85339,6,1,0,0,3,0,71,220,0,0,0,0,0,0,0,0,0,3,0,0,0,0,2,3,35,1,1,2,1,2,3,1,62,1,1,1,69,,,,1,0,,,,,,,,,,,,,,,,,,,,,,,,,2013
2013040349,4,40349,2,2,1,10,5,6,50,12,6,1,0,4,1,63,33,63033,5,2007,KNAFE1623750,K,N,A,F,E,1,6,2,3,7,5,0,0,0,0,Not Applicable,Not Applicable,0,0,0,1,0,0,0,0,0,0,0,13,0,0,0,82,6,2,12,0,0,0,1,4,85382,6,1,0,0,3,3,67,250,0,0,0,0,0,0,0,0,0,0,0,0,0,0,2,3,35,1,1,2,1,2,3,11,15,1,1,1,68,,,,0,0,,,,,,,,,,,,,,,,,,,,,,,,,2013
2013040350,4,40350,1,2,1,11,5,15,46,12,1,1,0,4,1,50,705,50705,80,2002,SMT800GE82J1,S,M,T,8,0,0,G,E,8,2,J,1,0,0,0,Not Applicable,Not Applicable,0,0,0,1,0,0,0,0,0,0,0,998,0,0,0,12,6,2,12,0,0,0,1,4,85302,6,1,6,0,3,0,70,165,0,0,0,0,0,0,0,0,0,4,0,0,0,0,5,5,35,1,1,2,1,0,0,15,51,1,1,2,32,,,,1,1,,,,,,,,,,,,,,,,,,,,,,,,,2013
2013040350,4,40350,2,2,1,11,5,15,46,12,1,1,0,4,1,35,471,35471,30,1989,1N6HD16Y9KC3,1,N,6,H,D,1,6,Y,9,K,C,3,0,0,0,Not Applicable,Not Applicable,0,0,0,1,0,0,0,0,0,0,0,998,0,0,0,6,6,2,12,0,0,0,1,4,85301,6,1,0,0,3,0,72,190,0,0,0,0,0,0,0,0,0,0,0,0,0,0,5,5,35,1,1,2,1,0,0,15,53,7,1,2,32,,,,0,0,,,,,,,,,,,,,,,,,,,,,,,,,2013
2013040351,4,40351,1,1,1,12,5,9,10,1,0,1,0,92,0,98,734,98734,90,2007,2BVEMSF167V0,2,B,V,E,M,S,F,1,6,7,V,0,0,0,0,Not Applicable,Not Applicable,0,0,0,1,0,0,0,0,0,0,0,18,0,1,5,0,0,5,42,0,0,0,1,4,85901,2,1,0,0,2,3,68,153,0,3,0,0,0,12,2011,5,2012,4,0,0,0,0,1,2,25,3,6,5,1,0,0,14,6,99,9,4,2,,,,1,1,,,,,,,,,,,,,,,,,,,,,,,,,2013
2013040352,4,40352,1,1,1,12,5,18,50,8,0,1,0,4,1,12,481,12481,31,1996,1FTJW35GXTEB,1,F,T,J,W,3,5,G,X,T,E,B,0,0,0,Not Applicable,Not Applicable,0,0,0,1,0,0,0,0,0,0,0,19,0,0,0,12,0,5,8,35,0,0,1,4,85023,6,1,0,0,3,0,62,125,0,0,0,0,0,0,0,0,0,0,0,0,0,0,5,5,40,1,1,2,1,0,0,15,80,1,1,2,13,,,,0,0,,,,,,,,,,,,,,,,,,,,,,,,,2013
2013040353,4,40353,1,1,2,13,5,3,51,30,0,1,1,4,2,20,2,20002,4,2006,1G1ZT53856F2,1,G,1,Z,T,5,3,8,5,6,F,2,0,0,0,Not Applicable,Not Applicable,0,0,0,1,0,0,0,0,0,0,0,65,0,0,0,12,6,2,8,0,0,0,1,4,85009,6,1,0,0,3,0,62,140,0,0,0,0,0,0,0,0,0,3,91,39,0,0,5,6,40,1,1,2,1,2,3,1,6,7,3,4,2,,,,0,1,,,,,,,,,,,,,,,,,,,,,,,,,2013
2013040354,4,40354,1,2,2,13,5,17,22,1,0,1,0,4,1,49,401,49401,14,1998,JT3GN86R2W00,J,T,3,G,N,8,6,R,2,W,0,0,0,0,0,Not Applicable,Not Applicable,0,0,0,1,0,0,0,0,0,0,0,10,0,0,0,83,6,2,12,0,0,0,1,4,85339,6,1,0,0,3,0,62,110,0,0,0,0,0,0,0,0,0,0,38,0,0,0,2,3,40,1,1,2,1,2,3,11,15,1,1,1,98,,,,0,0,,,,,,,,,,,,,,,,,,,,,,,,,2013
2013040354,4,40354,2,2,1,13,5,17,22,1,0,1,0,4,1,73,705,73705,80,2013,JKAEXEE1XDDA,J,K,A,E,X,E,E,1,X,D,D,A,0,0,0,Not Applicable,Not Applicable,0,0,0,1,0,0,0,0,0,0,0,42,0,0,0,0,6,2,12,0,0,0,1,4,85345,6,1,0,0,3,0,73,145,0,0,0,0,0,0,0,0,0,0,0,0,0,0,2,3,40,1,1,2,1,2,3,1,62,3,2,1,98,,,,1,0,,,,,,,,,,,,,,,,,,,,,,,,,2013
2013040355,4,40355,1,1,1,14,5,6,52,8,0,1,0,4,1,22,32,22032,6,2005,5Y2SL638X5Z4,5,Y,2,S,L,6,3,8,X,5,Z,4,0,0,0,Not Applicable,Not Applicable,0,0,0,1,0,0,0,0,0,0,0,40,0,0,0,12,6,2,8,0,0,0,1,4,85381,6,1,0,0,3,0,66,160,0,0,0,0,0,0,0,0,0,0,0,0,0,0,5,5,40,1,1,2,1,2,3,11,80,1,1,1,13,,,,0,0,,,,,,,,,,,,,,,,,,,,,,,,,2013