accident_id,STATE,ST_CASE,VEH_NO,VE_FORMS,NUMOCCS,DAY,MONTH,HOUR,MINUTE,HARM_EV,MAN_COLL,UNITTYPE,HIT_RUN,REG_STAT,OWNER,MAKE,MODEL,MAK_MOD,BODY_TYP,MOD_YEAR,VIN,VIN_1,VIN_2,VIN_3,VIN_4,VIN_5,VIN_6,VIN_7,VIN_8,VIN_9,VIN_10,VIN_11,VIN_12,TOW_VEH,J_KNIFE,MCARR_I1,MCARR_I2,MCARR_ID,GVWR,V_CONFIG,CARGO_BT,HAZ_INV,HAZ_PLAC,HAZ_ID,HAZ_CNO,HAZ_REL,BUS_USE,SPEC_USE,EMER_USE,TRAV_SP,UNDERIDE,ROLLOVER,ROLINLOC,IMPACT1,DEFORMED,TOWED,M_HARM,VEH_SC1,VEH_SC2,FIRE_EXP,DR_PRES,L_STATE,DR_ZIP,L_STATUS,L_TYPE,CDL_STAT,L_ENDORS,L_COMPL,L_RESTRI,DR_HGT,DR_WGT,PREV_ACC,PREV_SUS,PREV_DWI,PREV_SPD,PREV_OTH,FIRST_MO,FIRST_YR,LAST_MO,LAST_YR,SPEEDREL,DR_SF1,DR_SF2,DR_SF3,DR_SF4,VTRAFWAY,VNUM_LAN,VSPD_LIM,VALIGN,VPROFILE,VPAVETYP,VSURCOND,VTRAFCON,VTCONT_F,P_CRASH1,P_CRASH2,P_CRASH3,PCRASH4,PCRASH5,ACC_TYPE,TRLR1VIN,TRLR2VIN,TRLR3VIN,DEATHS,DR_DRINK,VINTYPE,VINMAKE,VINA_MOD,VIN_BT,VINMODYR,VIN_LNGT,VIN_WGT,WGTCD_TR,WHLBS_LG,WHLBS_SH,SER_TR,FUELCODE,MCYCL_DS,CARBUR,CYLINDER,DISPLACE,MCYCL_CY,MCYCL_WT,TIRE_SZE,TON_RAT,TRK_WT,TRKWTVAR,VIN_REST,WHLDRWHL,Year
2013040356,4,40356,1,1,1,19,5,3,36,8,0,1,1,4,1,12,422,12422,15,2000,1FMPU18L7YLA,1,F,M,P,U,1,8,L,7,Y,L,A,0,0,0,Not Applicable,Not Applicable,0,0,0,1,0,0,0,0,0,0,0,29,0,0,0,12,2,5,8,35,0,0,1,4,85378,6,1,0,0,3,0,68,210,0,0,0,0,0,0,0,0,0,0,91,0,0,0,5,5,40,1,1,2,1,50,3,1,80,1,1,1,13,,,,0,1,,,,,,,,,,,,,,,,,,,,,,,,,2013
2013040357,4,40357,1,1,1,24,5,20,26,9,0,1,1,99,9,20,499,20499,39,9999,Unknown,9,9,9,9,9,9,9,9,9,9,9,9,0,0,0,Not Applicable,Not Applicable,0,0,0,1,0,0,0,0,0,0,0,35,0,0,0,12,2,5,9,0,0,0,1,99,99999,9,9,99,0,9,9,999,999,99,99,99,99,99,99,9999,99,9999,0,99,99,99,99,5,5,40,1,1,2,1,0,0,1,83,99,1,1,13,,,,0,0,,,,,,,,,,,,,,,,,,,,,,,,,2013
2013040358,4,40358,1,1,1,19,5,2,40,33,0,1,0,4,2,7,28,7028,2,2012,2C3CDYAG5CH2,2,C,3,C,D,Y,A,G,5,C,H,2,0,0,0,Not Applicable,Not Applicable,0,0,0,1,0,0,0,0,0,0,0,79,0,0,0,12,6,2,38,0,0,0,1,4,85209,6,1,0,0,3,0,73,130,0,0,0,0,0,0,0,0,0,4,0,0,0,0,1,2,25,2,1,2,1,0,0,14,6,99,9,4,7,,,,1,0,,,,,,,,,,,,,,,,,,,,,,,,,2013
2013040359,4,40359,1,1,2,19,5,4,45,38,0,1,0,4,3,22,441,22441,20,2005,1GMDV03L65D2,1,G,M,D,V,0,3,L,6,5,D,2,0,0,0,Not Applicable,Not Applicable,0,0,0,1,0,0,0,0,0,1,0,998,0,1,6,12,6,2,1,0,0,1,1,4,85029,6,1,0,0,3,0,68,290,0,0,0,0,0,0,0,0,0,0,91,0,0,0,2,2,65,1,1,2,1,0,0,1,13,1,1,4,1,,,,1,0,,,,,,,,,,,,,,,,,,,,,,,,,2013
2013040360,4,40360,1,1,1,20,5,17,25,33,0,1,0,4,1,20,421,20421,15,2003,1GNEC13T23J2,1,G,N,E,C,1,3,T,2,3,J,2,0,0,0,Not Applicable,Not Applicable,0,0,0,1,0,0,0,0,0,0,0,99,0,1,5,99,6,2,1,0,0,0,1,4,85131,1,1,0,0,2,0,67,190,0,2,0,0,0,4,2011,10,2011,5,99,99,99,99,5,4,45,1,1,2,1,0,0,1,6,99,9,4,2,,,,1,1,,,,,,,,,,,,,,,,,,,,,,,,,2013
2013040361,4,40361,1,1,2,24,5,22,18,8,0,1,0,4,1,6,43,6043,1,2008,1C3LC55R08N6,1,C,3,L,C,5,5,R,0,8,N,6,0,0,0,Not Applicable,Not Applicable,0,0,0,1,0,0,0,0,0,0,0,40,0,0,0,12,2,3,8,0,0,0,1,4,85206,6,1,0,0,3,0,60,140,0,0,0,0,0,0,0,0,0,0,0,0,0,0,3,2,45,1,1,2,1,0,0,1,80,1,1,1,13,,,,0,0,,,,,,,,,,,,,,,,,,,,,,,,,2013
2013040362,4,40362,1,1,1,25,5,14,10,33,0,1,0,4,2,12,481,12481,31,1977,F10GRY02362,F,1,0,G,R,Y,0,2,3,6,2,,0,0,0,Not Applicable,Not Applicable,0,0,0,1,0,0,0,0,0,0,0,998,0,0,0,12,6,2,30,0,0,0,1,4,85208,1,1,0,0,2,3,71,175,0,3,0,0,0,8,2010,7,2011,4,0,0,0,0,5,5,45,1,1,2,1,0,0,99,99,99,9,4,99,,,,1,0,,,,,,,,,,,,,,,,,,,,,,,,,2013
2013040363,4,40363,1,2,3,27,5,21,27,33,0,1,0,4,1,24,6,24006,6,2003,1G8JW84R93Y5,1,G,8,J,W,8,4,R,9,3,Y,5,0,0,0,Not Applicable,Not Applicable,0,0,0,1,0,0,0,0,0,0,0,50,0,0,0,12,6,2,12,0,0,0,1,4,85730,6,1,0,0,3,0,69,171,0,1,0,0,0,5,2012,5,2012,5,99,99,99,99,2,3,40,3,1,2,1,0,0,14,6,99,9,4,7,,,,1,0,,,,,,,,,,,,,,,,,,,,,,,,,2013
2013040363,4,40363,2,2,2,27,5,21,27,33,0,1,0,4,1,7,482,7482,31,1997,3B7HC13Y9VG7,3,B,7,H,C,1,3,Y,9,V,G,7,0,0,0,Not Applicable,Not Applicable,0,0,0,1,0,0,0,0,0,0,0,45,0,0,0,12,6,2,12,0,0,0,1,4,85711,6,1,0,0,3,0,68,210,0,1,0,1,1,6,2010,12,2011,0,89,0,0,0,2,3,40,2,1,2,1,0,0,14,64,99,9,1,98,,,,0,0,,,,,,,,,,,,,,,,,,,,,,,,,2013
2013040364,4,40364,1,1,3,10,6,13,39,1,0,1,0,4,1,12,481,12481,31,1998,2FTZX1720WCA,2,F,T,Z,X,1,7,2,0,W,C,A,0,0,0,Not Applicable,Not Applicable,0,0,0,1,0,0,0,0,0,0,0,65,0,1,2,0,6,2,1,0,0,0,1,4,85730,6,1,0,0,3,0,68,170,0,0,0,0,0,0,0,0,0,4,80,0,0,0,1,2,65,1,6,2,1,0,0,1,1,9,3,4,2,,,,1,0,,,,,,,,,,,,,,,,,,,,,,,,,2013
2013040365,4,40365,1,3,3,13,6,23,59,8,0,1,0,6,1,35,43,35043,4,1994,1N4EB31P6RC8,1,N,4,E,B,3,1,P,6,R,C,8,0,0,0,Not Applicable,Not Applicable,0,0,0,1,0,0,0,0,0,0,0,65,0,0,0,12,6,2,8,0,0,0,1,6,91761,6,1,6,0,3,0,62,165,0,0,0,0,0,0,0,0,0,0,0,0,0,0,3,5,65,1,1,2,1,0,0,1,80,1,1,1,13,,,,0,0,,,,,,,,,,,,,,,,,,,,,,,,,2013
2013040365,4,40365,2,3,2,13,6,23,59,8,0,1,0,18,3,51,881,51881,66,2005,4V4NC9GH05N3,4,V,4,N,C,9,G,H,0,5,N,3,1,1,57,989784,57989784,3,6,1,1,0,0,0,0,0,0,0,65,0,0,0,12,6,2,12,0,0,0,1,13,30157,6,1,6,0,3,0,73,202,98,0,0,0,0,0,0,0,0,4,91,0,0,0,3,5,65,1,1,2,1,0,0,1,60,1,1,1,98,,,,0,0,,,,,,,,,,,,,,,,,,,,,,,,,2013
2013040365,4,40365,3,3,3,13,6,23,59,8,0,1,0,4,1,37,32,37032,4,2010,1HGCP2F30AA0,1,H,G,C,P,2,F,3,0,A,A,0,0,0,0,Not Applicable,Not Applicable,0,0,0,1,0,0,0,0,0,0,0,65,0,0,0,14,2,5,73,0,0,0,1,4,85382,6,1,0,0,3,3,68,160,0,0,0,1,0,6,2012,6,2012,0,89,0,0,0,3,5,65,1,1,2,1,0,0,1,90,1,1,1,98,,,,0,0,,,,,,,,,,,,,,,,,,,,,,,,,2013
2013040367,4,40367,1,1,4,10,5,19,44,5,0,1,0,4,1,76,998,76998,95,1989,JA2000157,J,A,2,0,0,0,1,5,7,,,,0,0,0,Not Applicable,Not Applicable,0,0,0,1,0,0,0,0,0,0,0,998,0,0,0,0,0,3,5,0,0,0,1,4,85750,6,1,0,0,3,0,73,215,0,0,0,0,0,0,0,0,0,0,99,99,99,99,1,2,98,1,1,5,1,20,3,11,98,1,1,1,0,,,,1,1,,,,,,,,,,,,,,,,,,,,,,,,,2013
2013040368,4,40368,1,2,1,17,6,23,21,12,1,1,1,4,1,23,431,23431,16,1988,1GKEV16K7JF5,1,G,K,E,V,1,6,K,7,J,F,5,0,0,0,Not Applicable,Not Applicable,0,0,0,1,0,0,0,0,0,0,0,998,0,1,1,12,6,2,12,0,0,0,1,4,85226,6,1,0,0,3,0,72,150,0,0,0,0,0,0,0,0,0,4,91,0,0,0,3,4,65,1,5,2,1,0,0,1,51,1,1,1,24,,,,0,1,,,,,,,,,,,,,,,,,,,,,,,,,2013
2013040368,4,40368,2,2,1,17,6,23,21,12,1,1,0,4,2,12,17,12017,4,1999,1FAFP52U7XA3,1,F,A,F,P,5,2,U,7,X,A,3,0,0,0,Not Applicable,Not Applicable,0,0,0,1,0,0,0,0,0,0,0,45,0,0,0,6,6,2,12,0,0,0,1,4,85006,6,1,0,0,2,0,73,165,0,7,0,0,0,8,2011,10,2012,0,0,0,0,0,3,4,65,1,5,2,1,0,0,1,53,1,1,1,25,,,,1,0,,,,,,,,,,,,,,,,,,,,,,,,,2013
2013040369,4,40369,1,1,2,23,6,21,59,8,0,1,0,35,2,21,441,21441,20,1997,1GHDX03EXVD2,1,G,H,D,X,0,3,E,X,V,D,2,0,0,0,Not Applicable,Not Applicable,0,0,0,1,0,0,0,0,0,0,0,33,0,0,0,12,2,5,8,0,0,0,1,35,87114,6,1,0,0,3,0,65,125,98,0,0,0,0,0,0,0,0,0,0,0,0,0,5,5,40,1,1,2,1,0,0,1,80,1,1,1,13,,,,0,0,,,,,,,,,,,,,,,,,,,,,,,,,2013
2013040370,4,40370,1,2,1,8,6,2,45,12,1,1,0,4,2,64,32,64032,4,2000,KLAJC52Z4YK4,K,L,A,J,C,5,2,Z,4,Y,K,4,0,0,0,Not Applicable,Not Applicable,0,0,0,1,0,0,0,0,0,0,0,85,3,0,0,12,6,2,12,0,0,0,1,4,85204,0,0,0,0,0,0,68,165,0,0,0,0,0,0,0,0,0,4,0,0,0,0,3,6,65,1,1,2,1,0,0,1,51,1,1,1,24,,,,1,1,,,,,,,,,,,,,,,,,,,,,,,,,2013
2013040370,4,40370,2,2,1,8,6,2,45,12,1,1,0,4,3,87,881,87881,63,2002,1NPAL0EX32D5,1,N,P,A,L,0,E,X,3,2,D,5,0,0,57,0072341,570072341,3,2,4,1,0,0,0,0,0,0,0,55,0,0,0,6,6,2,12,0,0,0,1,4,85207,6,1,6,0,3,0,72,210,0,0,0,0,0,0,0,0,0,0,0,0,0,0,3,6,65,1,1,2,1,0,0,1,53,1,1,1,25,,,,0,0,,,,,,,,,,,,,,,,,,,,,,,,,2013
2013040372,4,40372,1,4,1,25,5,10,5,12,2,1,0,4,1,37,403,37403,14,2004,5J6YH28544L0,5,J,6,Y,H,2,8,5,4,4,L,0,0,0,0,Not Applicable,Not Applicable,0,0,0,1,0,0,0,0,0,0,0,998,0,0,0,12,6,2,12,32,0,0,1,4,85324,6,1,0,0,3,3,66,216,0,0,0,0,0,0,0,0,0,0,89,51,0,0,3,2,65,1,5,2,1,0,0,1,54,1,1,1,50,,,,1,0,,,,,,,,,,,,,,,,,,,,,,,,,2013
2013040372,4,40372,2,4,2,25,5,10,5,12,2,1,0,4,1,37,31,37031,4,2002,1HGES16542L0,1,H,G,E,S,1,6,5,4,2,L,0,0,0,0,Not Applicable,Not Applicable,0,0,0,1,0,0,0,0,0,0,0,998,0,0,0,12,6,2,12,0,0,0,1,4,86004,6,1,0,0,3,0,68,197,0,0,0,0,0,0,0,0,0,0,0,0,0,0,3,2,65,1,6,2,1,0,0,1,54,1,1,1,51,,,,1,0,,,,,,,,,,,,,,,,,,,,,,,,,2013
2013040372,4,40372,3,4,4,25,5,10,5,12,2,1,0,4,1,37,421,37421,15,2013,5FNYF4H58DB0,5,F,N,Y,F,4,H,5,8,D,B,0,0,0,0,Not Applicable,Not Applicable,0,0,0,1,0,0,0,0,0,0,0,998,0,0,0,99,4,3,12,0,0,0,1,4,86004,6,1,0,0,3,0,71,235,0,0,0,0,0,0,0,0,0,0,0,0,0,0,3,2,65,1,6,2,1,0,0,1,13,3,2,4,98,,,,0,0,,,,,,,,,,,,,,,,,,,,,,,,,2013
2013040372,4,40372,4,4,4,25,5,10,5,12,2,1,0,4,2,35,43,35043,4,2006,3N1CB51D46L5,3,N,1,C,B,5,1,D,4,6,L,5,0,0,0,Not Applicable,Not Applicable,0,0,0,1,0,0,0,0,0,0,0,998,0,0,0,12,4,3,12,0,0,0,1,4,85210,6,1,0,0,3,0,64,175,0,0,0,0,0,0,0,0,0,0,89,0,0,0,3,2,65,1,6,2,1,0,0,1,13,9,2,4,98,,,,0,0,,,,,,,,,,,,,,,,,,,,,,,,,2013
2013040373,4,40373,1,1,1,3,7,17,32,9,0,1,0,6,3,84,881,84881,66,2004,3HSCEAPR34N0,3,H,S,C,E,A,P,R,3,4,N,0,1,1,57,753210,57753210,3,6,1,1,0,0,0,0,0,0,0,17,0,0,0,2,0,5,9,0,0,0,1,6,90813,6,1,6,0,3,0,66,205,0,0,0,0,0,0,0,0,0,0,0,0,0,0,5,4,35,1,1,2,1,2,3,10,83,1,1,1,13,,,,0,0,,,,,,,,,,,,,,,,,,,,,,,,,2013
2013040374,4,40374,1,1,1,3,7,21,38,1,0,1,0,4,2,53,402,53402,14,2002,JS3TD62V8241,J,S,3,T,D,6,2,V,8,2,4,1,0,0,0,Not Applicable,Not Applicable,0,0,0,1,0,0,0,0,0,0,0,998,0,1,5,0,6,2,42,0,0,0,1,4,85901,6,1,0,0,3,3,65,240,0,0,0,0,0,0,0,0,0,0,0,0,0,0,1,2,65,3,6,2,1,0,0,14,13,1,1,4,1,,,,1,0,,,,,,,,,,,,,,,,,,,,,,,,,2013
2013040375,4,40375,1,1,2,4,7,11,57,1,0,1,0,4,2,12,481,12481,31,2002,1FTRX17W02NB,1,F,T,R,X,1,7,W,0,2,N,B,0,0,0,Not Applicable,Not Applicable,0,0,0,1,0,0,0,0,0,0,0,998,0,1,5,0,6,2,1,0,0,0,1,4,85018,6,1,0,0,3,0,62,160,0,0,0,0,0,0,0,0,0,4,0,0,0,0,1,2,65,1,1,2,1,0,0,1,13,99,9,4,7,,,,1,1,,,,,,,,,,,,,,,,,,,,,,,,,2013
2013040376,4,40376,1,1,1,5,7,18,8,8,0,1,0,4,1,52,46,52046,4,2004,JA3AJ66F44U0,J,A,3,A,J,6,6,F,4,4,U,0,0,0,0,Not Applicable,Not Applicable,0,0,0,1,0,0,0,0,0,0,0,45,0,0,0,12,2,5,8,0,0,0,1,4,85225,6,1,0,0,3,3,67,180,0,0,0,0,0,0,0,0,0,0,0,0,0,0,5,6,45,1,1,2,1,0,0,1,80,1,1,1,13,,,,0,0,,,,,,,,,,,,,,,,,,,,,,,,,2013
2013040377,4,40377,1,1,2,6,7,11,51,1,0,1,0,32,1,22,20,22020,4,1996,1G2WJ52M1TF2,1,G,2,W,J,5,2,M,1,T,F,2,0,0,0,Not Applicable,Not Applicable,0,0,0,1,0,0,0,0,0,0,0,998,0,1,3,0,6,2,1,0,0,0,1,32,89403,6,1,0,0,3,0,59,120,0,0,0,0,0,0,0,0,0,0,99,99,99,99,2,2,75,1,1,2,1,0,0,1,12,1,1,4,6,,,,2,0,,,,,,,,,,,,,,,,,,,,,,,,,2013
2013040378,4,40378,1,1,3,6,7,14,35,1,0,1,0,6,4,2,407,2407,14,9999,1C4NJPBA3ED5,1,C,4,N,J,P,B,A,3,E,D,5,0,0,0,Not Applicable,Not Applicable,0,0,0,1,0,0,0,0,0,0,0,78,0,1,5,0,6,2,32,0,0,0,1,97,0,9,9,99,0,9,9,999,999,99,99,99,99,99,99,9999,99,9999,4,53,0,0,0,1,2,55,1,5,2,1,0,0,1,13,1,1,4,1,,,,1,0,,,,,,,,,,,,,,,,,,,,,,,,,2013
2013040379,4,40379,1,2,1,7,7,6,54,12,7,1,0,4,1,37,402,37402,14,2010,5J6RE3H71AL0,5,J,6,R,E,3,H,7,1,A,L,0,0,0,0,Not Applicable,Not Applicable,0,0,0,1,0,0,0,0,0,0,0,60,0,0,0,61,4,5,12,0,0,0,1,4,85248,6,1,0,0,3,0,66,155,0,0,0,0,0,0,0,0,0,0,84,0,0,0,3,5,65,1,1,2,1,0,0,1,61,6,9,2,47,,,,0,0,,,,,,,,,,,,,,,,,,,,,,,,,2013
2013040379,4,40379,2,2,4,7,7,6,54,12,7,1,0,4,1,49,482,49482,31,2006,5TBET34166S5,5,T,B,E,T,3,4,1,6,6,S,5,0,0,0,Not Applicable,Not Applicable,0,0,0,1,0,0,0,0,0,0,0,65,0,1,1,81,6,2,1,0,0,0,1,4,85706,6,1,0,0,3,0,73,245,0,0,0,0,0,0,0,0,0,0,0,0,0,0,3,5,65,1,1,2,1,0,0,1,61,1,1,1,45,,,,1,0,,,,,,,,,,,,,,,,,,,,,,,,,2013
2013040380,4,40380,1,3,1,7,7,7,52,12,1,1,0,19,3,84,881,84881,66,2013,1HSDJSJR8DH3,1,H,S,D,J,S,J,R,8,D,H,3,1,1,57,0149350,570149350,3,6,1,1,0,0,0,0,0,0,0,998,0,1,5,12,6,2,12,0,0,0,1,4,85225,6,1,6,0,3,0,67,180,0,0,0,0,0,0,0,0,0,4,0,0,0,0,5,4,45,1,1,2,1,0,0,1,50,1,1,1,32,,,,0,0,,,,,,,,,,,,,,,,,,,,,,,,,2013
2013040380,4,40380,2,3,0,7,7,7,52,12,1,1,0,4,6,7,482,7482,31,2001,3B7HC13Z41G7,3,B,7,H,C,1,3,Z,4,1,G,7,0,0,0,Not Applicable,Not Applicable,0,0,0,1,0,0,0,0,0,0,0,0,0,1,5,6,6,2,12,32,0,0,0,0,99997,7,6,97,7,6,7,998,997,998,998,998,998,998,98,9998,98,9998,8,20,0,0,0,5,4,45,1,1,2,1,0,0,0,53,0,0,0,32,,,,0,0,,,,,,,,,,,,,,,,,,,,,,,,,2013
2013040380,4,40380,3,3,0,7,7,7,52,12,1,1,0,4,6,72,706,72706,80,2001,1HD4CJM121K1,1,H,D,4,C,J,M,1,2,1,K,1,0,0,0,Not Applicable,Not Applicable,0,0,0,1,0,0,0,0,0,0,0,0,0,0,0,6,6,2,12,0,0,0,0,0,99997,7,6,97,7,6,7,998,997,998,998,998,998,998,98,9998,98,9998,8,20,0,0,0,5,4,45,1,1,2,1,0,0,0,53,0,0,0,98,,,,0,0,,,,,,,,,,,,,,,,,,,,,,,,,2013
2013040381,4,40381,1,2,9,7,7,9,53,12,6,1,0,4,1,63,441,63441,20,2005,KNDUP1325566,K,N,D,U,P,1,3,2,5,5,6,6,0,0,0,Not Applicable,Not Applicable,0,0,0,1,0,0,0,0,0,0,0,35,0,0,0,81,6,2,19,0,0,0,1,4,85706,6,1,0,0,3,0,65,160,0,3,0,4,2,7,2010,1,2013,0,39,0,0,0,2,3,35,1,1,2,1,2,3,1,17,1,1,1,87,,,,0,0,,,,,,,,,,,,,,,,,,,,,,,,,2013
2013040381,4,40381,2,2,1,7,7,9,53,12,6,1,0,4,1,55,36,55036,4,2011,KMHCN4AC2BU5,K,M,H,C,N,4,A,C,2,B,U,5,0,0,0,Not Applicable,Not Applicable,0,0,0,1,0,0,0,0,0,0,0,35,0,0,0,12,6,2,12,0,0,0,1,4,85706,6,1,0,0,3,0,70,145,1,0,0,3,2,7,2010,2,2012,0,91,0,0,0,1,2,35,1,1,2,1,2,3,1,66,1,1,1,86,,,,0,0,,,,,,,,,,,,,,,,,,,,,,,,,2013
2013040382,4,40382,1,1,1,8,7,16,41,8,0,1,0,4,1,12,481,12481,31,2002,1FTRW08L52KC,1,F,T,R,W,0,8,L,5,2,K,C,0,0,0,Not Applicable,Not Applicable,0,0,0,1,0,0,0,0,0,0,0,20,0,0,0,12,0,3,8,0,0,0,1,4,86004,6,1,0,0,3,0,67,200,0,0,0,0,2,8,2010,12,2011,0,0,0,0,0,1,2,25,1,1,2,1,0,0,1,80,1,1,1,13,,,,0,0,,,,,,,,,,,,,,,,,,,,,,,,,2013
2013040383,4,40383,1,1,1,9,7,1,46,8,0,1,0,26,1,51,881,51881,66,1998,4VG7DBCJ1WN7,4,V,G,7,D,B,C,J,1,W,N,7,1,1,57,1198835,571198835,3,6,1,1,0,0,0,0,0,0,0,55,0,0,0,12,2,5,8,0,0,0,1,26,48371,6,1,6,0,3,0,70,170,0,0,0,1,0,12,2011,12,2011,0,0,0,0,0,2,2,65,1,1,2,1,0,0,1,80,1,1,1,13,,,,0,0,,,,,,,,,,,,,,,,,,,,,,,,,2013
2013040384,4,40384,1,1,1,9,7,21,17,8,0,1,0,4,1,37,402,37402,14,2001,JHLRD284X1C0,J,H,L,R,D,2,8,4,X,1,C,0,0,0,0,Not Applicable,Not Applicable,0,0,0,1,0,0,0,0,0,0,0,30,0,0,0,12,2,5,8,0,0,0,1,4,85013,6,1,0,0,3,1,65,155,0,0,0,0,0,0,0,0,0,0,0,0,0,0,1,2,30,1,1,2,1,0,0,1,80,1,1,1,13,,,,0,0,,,,,,,,,,,,,,,,,,,,,,,,,2013
2013040385,4,40385,1,2,3,12,7,22,57,1,0,1,0,4,1,37,441,37441,20,2011,5FNRL5H47BB0,5,F,N,R,L,5,H,4,7,B,B,0,0,0,0,Not Applicable,Not Applicable,0,0,0,1,0,0,0,0,0,0,0,15,0,0,0,82,6,2,12,0,0,0,1,4,85345,6,1,0,0,3,0,70,230,0,0,0,1,0,12,2010,12,2010,0,39,0,0,0,5,4,40,1,1,2,1,2,3,11,15,1,1,1,98,,,,0,0,,,,,,,,,,,,,,,,,,,,,,,,,2013
2013040385,4,40385,2,2,1,12,7,22,57,1,0,1,0,4,1,73,705,73705,80,2002,JKAZX4J132A0,J,K,A,Z,X,4,J,1,3,2,A,0,0,0,0,Not Applicable,Not Applicable,0,0,0,1,0,0,0,0,0,0,0,45,0,0,0,0,6,2,12,0,0,0,1,4,85304,6,1,0,0,3,3,66,171,0,0,0,0,0,0,0,0,0,0,0,0,0,0,5,4,40,1,1,2,1,2,3,1,62,98,1,1,98,,,,1,0,,,,,,,,,,,,,,,,,,,,,,,,,2013
2013040386,4,40386,1,1,6,14,7,15,49,1,0,1,0,6,2,12,422,12422,15,2002,1FMRU15W62LA,1,F,M,R,U,1,5,W,6,2,L,A,0,0,0,Not Applicable,Not Applicable,0,0,0,1,0,0,0,0,0,0,0,75,0,1,1,0,6,2,1,0,0,0,1,6,87108,6,1,0,0,3,3,67,135,0,1,0,1,2,6,2012,11,2012,4,84,58,0,0,2,2,75,1,1,2,1,0,0,1,6,8,9,6,98,,,,1,0,,,,,,,,,,,,,,,,,,,,,,,,,2013
2013040387,4,40387,1,1,1,15,7,16,46,8,0,1,0,4,3,20,421,20421,15,2011,1GNSK2E0XBR3,1,G,N,S,K,2,E,0,X,B,R,3,0,0,0,Not Applicable,Not Applicable,0,0,0,1,0,0,0,0,0,0,0,999,0,0,0,12,9,3,8,0,0,0,1,4,85714,6,1,0,0,3,0,71,165,0,0,0,0,0,0,0,0,0,9,16,0,0,0,5,4,40,1,1,2,1,0,0,1,80,6,9,3,13,,,,0,0,,,,,,,,,,,,,,,,,,,,,,,,,2013
2013040388,4,40388,1,1,2,17,7,17,8,35,0,1,0,4,1,12,481,12481,31,1999,1FTZF0721XKA,1,F,T,Z,F,0,7,2,1,X,K,A,0,0,0,Not Applicable,Not Applicable,0,0,0,1,0,0,0,0,0,0,0,55,0,1,1,81,6,2,1,32,0,0,1,4,86320,6,1,0,0,3,0,63,250,0,0,0,0,0,0,0,0,0,4,58,0,0,0,1,2,45,2,5,2,1,0,0,14,6,99,9,4,7,,,,1,1,,,,,,,,,,,,,,,,,,,,,,,,,2013
2013040390,4,40390,1,2,5,21,7,13,57,12,6,1,0,6,1,12,481,12481,31,2002,1FTNW21F72EB,1,F,T,N,W,2,1,F,7,2,E,B,0,0,0,Not Applicable,Not Applicable,0,0,0,1,0,0,0,0,0,0,0,75,0,0,0,12,6,2,12,0,0,0,1,6,95993,6,1,6,0,3,0,75,225,0,0,0,0,0,0,0,0,0,0,80,0,0,0,2,2,75,1,1,2,1,0,0,1,1,99,9,4,98,,,,1,0,,,,,,,,,,,,,,,,,,,,,,,,,2013
2013040390,4,40390,2,2,2,21,7,13,57,12,6,1,0,48,3,51,881,51881,66,2013,4V4NC9TG5DN1,4,V,4,N,C,9,T,G,5,D,N,1,1,3,57,225397,57225397,3,6,1,1,0,0,0,0,0,0,0,75,0,0,0,62,6,2,12,0,0,0,1,48,75423,6,1,6,0,3,0,999,999,0,0,0,0,0,0,0,0,0,0,0,0,0,0,2,2,75,1,1,2,1,0,0,1,62,4,1,1,98,,,,0,0,,,,,,,,,,,,,,,,,,,,,,,,,2013
2013040391,4,40391,1,2,1,21,7,22,41,12,1,1,0,4,1,51,43,51043,4,1998,YV1LS5543W14,Y,V,1,L,S,5,5,4,3,W,1,4,0,0,0,Not Applicable,Not Applicable,0,0,0,1,0,0,0,0,0,0,0,999,0,0,0,12,6,2,12,0,0,0,1,4,86401,6,1,0,0,3,0,72,280,0,0,0,3,0,7,2012,9,2012,4,91,0,0,0,2,2,55,1,1,2,1,0,0,1,51,1,1,1,24,,,,0,1,,,,,,,,,,,,,,,,,,,,,,,,,2013
2013040391,4,40391,2,2,2,21,7,22,41,12,1,1,0,4,1,12,471,12471,30,1990,1FTCR11A4LUC,1,F,T,C,R,1,1,A,4,L,U,C,0,0,0,Not Applicable,Not Applicable,0,0,0,1,0,0,0,0,0,0,0,999,0,1,3,6,6,2,1,0,0,0,1,4,86401,6,1,0,0,3,0,70,200,0,0,0,0,0,0,0,0,0,0,0,0,0,0,2,2,55,1,1,2,1,0,0,1,53,1,1,1,25,,,,1,0,,,,,,,,,,,,,,,,,,,,,,,,,2013
2013040392,4,40392,1,2,1,22,7,9,20,12,6,1,0,4,1,72,706,72706,80,2003,1HD1BWB463Y0,1,H,D,1,B,W,B,4,6,3,Y,0,0,0,0,Not Applicable,Not Applicable,0,0,0,1,0,0,0,0,0,0,0,998,0,0,0,81,6,2,12,0,0,0,1,4,85234,6,1,0,0,3,3,68,200,0,0,0,0,0,0,0,0,0,0,27,0,0,0,3,4,65,1,1,2,1,0,0,15,11,1,1,2,48,,,,1,0,,,,,,,,,,,,,,,,,,,,,,,,,2013
2013040392,4,40392,2,2,1,22,7,9,20,12,6,1,0,4,3,20,481,20481,31,2011,1GC1KXC81BF1,1,G,C,1,K,X,C,8,1,B,F,1,0,0,0,Not Applicable,Not Applicable,0,0,0,1,0,0,0,0,0,0,0,998,0,0,0,12,6,2,12,0,0,0,1,4,85203,6,1,0,0,3,0,73,260,0,0,0,0,0,0,0,0,0,0,0,0,0,0,3,4,65,1,1,2,1,0,0,1,60,1,1,1,48,,,,0,0,,,,,,,,,,,,,,,,,,,,,,,,,2013
2013040393,4,40393,1,2,1,23,7,5,15,12,1,1,0,4,3,52,882,52882,61,1999,JW6BBF1H2XL0,J,W,6,B,B,F,1,H,2,X,L,0,0,0,88,None,None,2,1,1,1,0,0,0,0,0,0,0,65,0,0,0,12,6,2,12,0,0,0,1,4,85242,6,1,0,0,2,3,65,190,0,0,0,1,0,3,2013,3,2013,4,84,0,0,0,3,7,65,1,1,2,1,0,0,1,50,1,1,1,32,,,,1,0,,,,,,,,,,,,,,,,,,,,,,,,,2013