accident_id,STATE,ST_CASE,VEH_NO,VE_FORMS,NUMOCCS,DAY,MONTH,HOUR,MINUTE,HARM_EV,MAN_COLL,UNITTYPE,HIT_RUN,REG_STAT,OWNER,MAKE,MODEL,MAK_MOD,BODY_TYP,MOD_YEAR,VIN,VIN_1,VIN_2,VIN_3,VIN_4,VIN_5,VIN_6,VIN_7,VIN_8,VIN_9,VIN_10,VIN_11,VIN_12,TOW_VEH,J_KNIFE,MCARR_I1,MCARR_I2,MCARR_ID,GVWR,V_CONFIG,CARGO_BT,HAZ_INV,HAZ_PLAC,HAZ_ID,HAZ_CNO,HAZ_REL,BUS_USE,SPEC_USE,EMER_USE,TRAV_SP,UNDERIDE,ROLLOVER,ROLINLOC,IMPACT1,DEFORMED,TOWED,M_HARM,VEH_SC1,VEH_SC2,FIRE_EXP,DR_PRES,L_STATE,DR_ZIP,L_STATUS,L_TYPE,CDL_STAT,L_ENDORS,L_COMPL,L_RESTRI,DR_HGT,DR_WGT,PREV_ACC,PREV_SUS,PREV_DWI,PREV_SPD,PREV_OTH,FIRST_MO,FIRST_YR,LAST_MO,LAST_YR,SPEEDREL,DR_SF1,DR_SF2,DR_SF3,DR_SF4,VTRAFWAY,VNUM_LAN,VSPD_LIM,VALIGN,VPROFILE,VPAVETYP,VSURCOND,VTRAFCON,VTCONT_F,P_CRASH1,P_CRASH2,P_CRASH3,PCRASH4,PCRASH5,ACC_TYPE,TRLR1VIN,TRLR2VIN,TRLR3VIN,DEATHS,DR_DRINK,VINTYPE,VINMAKE,VINA_MOD,VIN_BT,VINMODYR,VIN_LNGT,VIN_WGT,WGTCD_TR,WHLBS_LG,WHLBS_SH,SER_TR,FUELCODE,MCYCL_DS,CARBUR,CYLINDER,DISPLACE,MCYCL_CY,MCYCL_WT,TIRE_SZE,TON_RAT,TRK_WT,TRKWTVAR,VIN_REST,WHLDRWHL,Year
2013040393,4,40393,2,2,0,23,7,5,15,12,1,1,0,4,6,51,881,51881,63,1998,4VHJCMPF8WN8,4,V,H,J,C,M,P,F,8,W,N,8,0,0,57,827166,57827166,3,2,96,1,0,0,0,0,0,0,0,0,0,0,0,6,6,2,12,0,0,0,0,0,99997,7,6,97,7,6,7,998,997,998,998,998,998,998,98,9998,98,9998,8,20,0,0,0,3,7,65,1,1,2,1,0,0,0,53,0,0,0,32,,,,0,0,,,,,,,,,,,,,,,,,,,,,,,,,2013
2013040394,4,40394,1,2,1,28,7,12,20,12,1,1,0,6,1,76,706,76706,80,2008,JYAVP04Y48A0,J,Y,A,V,P,0,4,Y,4,8,A,0,0,0,0,Not Applicable,Not Applicable,0,0,0,1,0,0,0,0,0,0,0,998,0,0,0,12,6,2,12,0,0,0,1,6,93534,6,1,0,0,3,3,71,260,0,0,0,0,0,0,0,0,0,4,0,0,0,0,2,2,55,1,1,2,1,0,0,15,51,3,2,1,24,,,,1,0,,,,,,,,,,,,,,,,,,,,,,,,,2013
2013040394,4,40394,2,2,4,28,7,12,20,12,1,1,0,6,4,35,401,35401,14,2013,5N1AR2MM9DC6,5,N,1,A,R,2,M,M,9,D,C,6,0,0,0,Not Applicable,Not Applicable,0,0,0,1,0,0,0,0,0,0,0,998,0,0,0,6,6,2,12,0,0,0,1,97,0,9,9,99,0,9,9,999,999,99,99,99,99,99,99,9999,99,9999,0,0,0,0,0,2,2,55,1,1,2,1,0,0,1,53,1,1,1,25,,,,0,0,,,,,,,,,,,,,,,,,,,,,,,,,2013
2013040395,4,40395,1,2,1,29,7,3,47,12,1,1,1,4,1,20,19,20019,4,1988,1G1LT51W3JE6,1,G,1,L,T,5,1,W,3,J,E,6,0,0,0,Not Applicable,Not Applicable,0,0,0,1,0,0,0,0,0,0,0,45,0,0,0,12,2,5,12,0,0,0,1,4,86406,6,1,0,0,3,3,63,120,0,0,0,0,1,10,2012,10,2012,3,0,0,0,0,1,2,15,1,6,2,1,40,3,1,51,1,1,1,24,,,,0,1,,,,,,,,,,,,,,,,,,,,,,,,,2013
2013040395,4,40395,2,2,1,29,7,3,47,12,1,1,0,92,0,98,702,98702,81,9999,A412F119746,A,4,1,2,F,1,1,9,7,4,6,,0,0,0,Not Applicable,Not Applicable,0,0,0,1,0,0,0,0,0,0,0,13,0,0,0,6,6,2,12,0,0,0,1,4,86404,6,1,0,0,3,0,66,130,0,0,0,0,0,0,0,0,0,0,0,0,0,0,1,2,15,1,6,2,1,40,3,1,53,1,1,1,25,,,,1,0,,,,,,,,,,,,,,,,,,,,,,,,,2013
2013040396,4,40396,1,1,2,17,2,99,99,1,0,1,9,99,9,99,999,99999,99,9999,Unknown,9,9,9,9,9,9,9,9,9,9,9,9,0,0,0,Not Applicable,Not Applicable,0,0,0,1,0,0,0,0,0,0,0,999,0,1,2,0,9,9,1,0,0,0,1,99,99999,9,9,99,0,9,9,999,999,99,99,99,99,99,99,9999,99,9999,9,58,0,0,0,9,9,99,9,9,9,99,0,0,99,9,99,9,4,99,,,,1,0,,,,,,,,,,,,,,,,,,,,,,,,,2013
2013040397,4,40397,1,1,1,5,6,14,15,41,0,1,0,4,4,98,734,98734,90,2013,4XAMH46A8DA0,4,X,A,M,H,4,6,A,8,D,A,0,0,0,0,Not Applicable,Not Applicable,0,0,0,1,0,0,0,0,0,0,0,998,0,1,5,12,4,3,1,0,0,0,1,34,7057,6,1,0,0,3,0,62,110,0,0,0,0,0,0,0,0,0,0,99,99,99,99,1,2,0,1,4,5,1,0,0,1,12,1,1,4,6,,,,1,0,,,,,,,,,,,,,,,,,,,,,,,,,2013
2013040398,4,40398,1,3,1,20,6,14,41,12,6,1,0,4,1,37,471,37471,30,2010,5FPYK1F50AB0,5,F,P,Y,K,1,F,5,0,A,B,0,0,0,0,Not Applicable,Not Applicable,0,0,0,1,0,0,0,0,0,0,0,45,0,0,0,12,6,2,12,0,0,0,1,4,85260,6,1,0,0,3,0,72,180,0,0,0,1,0,5,2011,5,2011,0,89,39,0,0,2,3,45,1,1,2,1,2,3,1,17,99,1,1,86,,,,0,0,,,,,,,,,,,,,,,,,,,,,,,,,2013
2013040398,4,40398,2,3,1,20,6,14,41,12,6,1,0,4,1,20,481,20481,31,2013,1GCRCSE04DZ2,1,G,C,R,C,S,E,0,4,D,Z,2,0,0,0,Not Applicable,Not Applicable,0,0,0,1,0,0,0,0,0,0,0,25,0,0,0,3,6,2,12,0,0,0,1,4,85085,6,1,0,0,3,3,73,190,0,0,0,0,0,0,0,0,0,0,0,0,0,0,5,4,25,1,1,2,1,2,3,1,66,1,1,1,87,,,,0,0,,,,,,,,,,,,,,,,,,,,,,,,,2013
2013040398,4,40398,3,3,1,20,6,14,41,12,6,1,0,4,1,35,32,35032,2,1998,JN1AS44D3WW1,J,N,1,A,S,4,4,D,3,W,W,1,0,0,0,Not Applicable,Not Applicable,0,0,0,1,0,0,0,0,0,0,0,25,0,0,0,62,6,2,12,0,0,0,1,4,85260,6,1,0,0,3,0,72,180,0,0,0,0,0,0,0,0,0,0,0,0,0,0,5,4,25,1,1,2,1,2,3,11,62,99,1,1,98,,,,1,1,,,,,,,,,,,,,,,,,,,,,,,,,2013
2013040399,4,40399,1,1,5,4,7,7,12,1,0,1,0,4,2,23,481,23481,31,2000,1GTGK29U5YE3,1,G,T,G,K,2,9,U,5,Y,E,3,0,0,0,Not Applicable,Not Applicable,0,0,0,1,0,0,0,0,0,0,0,62,0,1,5,0,6,2,1,32,0,0,1,4,85053,0,0,0,0,0,0,70,110,0,7,0,1,0,5,2012,5,2013,4,0,0,0,0,1,2,45,2,1,2,1,0,0,14,6,1,9,4,2,,,,1,0,,,,,,,,,,,,,,,,,,,,,,,,,2013
2013040400,4,40400,1,1,2,23,6,3,41,35,0,1,1,4,2,12,401,12401,14,1995,1FMEU15H5SLA,1,F,M,E,U,1,5,H,5,S,L,A,0,0,0,Not Applicable,Not Applicable,0,0,0,1,0,0,0,0,0,0,0,998,0,1,5,12,6,2,1,0,0,0,1,4,85746,0,0,0,0,0,0,73,160,0,0,0,0,0,0,0,0,0,4,91,0,0,0,1,2,98,1,1,5,1,0,0,1,6,4,4,4,7,,,,1,1,,,,,,,,,,,,,,,,,,,,,,,,,2013
2013040401,4,40401,1,2,1,4,7,22,59,12,2,1,0,4,1,12,13,12013,2,2003,3FAFP11363R1,3,F,A,F,P,1,1,3,6,3,R,1,0,0,0,Not Applicable,Not Applicable,0,0,0,1,0,0,0,0,0,0,0,45,0,0,0,12,6,2,12,0,0,0,1,4,85206,6,1,0,0,3,3,65,120,0,1,0,1,1,12,2011,9,2012,0,28,0,0,0,5,4,45,1,1,2,1,0,0,1,10,1,1,2,50,,,,1,0,,,,,,,,,,,,,,,,,,,,,,,,,2013
2013040401,4,40401,2,2,1,4,7,22,59,12,2,1,0,4,2,35,47,35047,4,1999,1N4DL01DXXC2,1,N,4,D,L,0,1,D,X,X,C,2,0,0,0,Not Applicable,Not Applicable,0,0,0,1,0,0,0,0,0,0,0,45,0,0,0,12,6,2,12,0,0,0,1,4,85203,6,1,0,0,3,0,60,123,0,0,0,0,0,0,0,0,0,0,0,0,0,0,5,4,45,1,1,2,1,0,0,1,62,3,2,1,51,,,,0,0,,,,,,,,,,,,,,,,,,,,,,,,,2013
2013040402,4,40402,1,1,1,5,7,16,5,1,0,1,0,4,2,20,421,20421,15,2001,1GNEK13T11R1,1,G,N,E,K,1,3,T,1,1,R,1,0,0,0,Not Applicable,Not Applicable,0,0,0,1,0,0,0,0,0,0,0,998,0,1,5,0,6,2,1,0,0,0,1,4,85712,1,1,0,0,2,0,68,196,1,6,0,0,0,7,2010,11,2011,4,37,0,0,0,1,2,55,1,1,2,2,0,0,1,13,1,1,4,1,,,,1,0,,,,,,,,,,,,,,,,,,,,,,,,,2013
2013040403,4,40403,1,1,5,26,7,21,16,1,0,1,0,6,2,76,998,76998,97,2006,5Y4AM08Y16A0,5,Y,4,A,M,0,8,Y,1,6,A,0,0,0,0,Not Applicable,Not Applicable,0,0,0,1,0,0,0,0,0,0,0,22,0,1,5,0,2,3,1,0,0,0,1,6,91709,0,0,0,0,0,0,999,999,0,0,0,0,0,0,0,0,0,4,58,24,52,0,1,2,98,1,1,2,1,0,0,1,6,99,5,4,7,,,,1,0,,,,,,,,,,,,,,,,,,,,,,,,,2013
2013040404,4,40404,1,2,1,28,4,19,57,12,1,1,0,4,1,39,32,39032,4,1992,SAJMY1742NC6,S,A,J,M,Y,1,7,4,2,N,C,6,0,0,0,Not Applicable,Not Applicable,0,0,0,1,0,0,0,0,0,0,0,81,0,0,0,12,6,2,12,0,0,0,1,4,86323,6,1,0,0,3,0,73,200,0,1,0,1,0,3,2011,9,2012,3,91,0,0,0,1,2,65,1,6,2,1,0,0,2,51,3,2,1,24,,,,0,1,,,,,,,,,,,,,,,,,,,,,,,,,2013
2013040404,4,40404,2,2,1,28,4,19,57,12,1,1,0,4,1,20,4,20004,2,1994,1G1YY22P1R51,1,G,1,Y,Y,2,2,P,1,R,5,1,0,0,0,Not Applicable,Not Applicable,0,0,0,1,0,0,0,0,0,0,0,44,0,1,5,6,6,2,1,0,0,0,1,4,86323,6,1,0,0,3,3,72,155,0,0,0,0,0,0,0,0,0,0,0,0,0,0,1,2,65,1,6,2,1,0,0,1,53,1,1,1,25,,,,1,0,,,,,,,,,,,,,,,,,,,,,,,,,2013
2013040405,4,40405,1,2,1,12,6,20,48,12,1,1,0,4,1,73,706,73706,80,2002,JKAZG9B122B5,J,K,A,Z,G,9,B,1,2,2,B,5,0,0,0,Not Applicable,Not Applicable,0,0,0,1,0,0,0,0,0,0,0,65,0,0,0,12,6,2,12,0,0,0,1,4,85203,6,1,0,0,3,3,71,220,0,0,0,0,0,0,0,0,0,9,99,99,99,99,2,3,45,1,1,2,1,0,0,1,51,99,9,1,32,,,,1,0,,,,,,,,,,,,,,,,,,,,,,,,,2013
2013040405,4,40405,2,2,2,12,6,20,48,12,1,1,0,4,2,20,443,20443,20,2001,1GNDX03E61D1,1,G,N,D,X,0,3,E,6,1,D,1,0,0,0,Not Applicable,Not Applicable,0,0,0,1,0,0,0,0,0,0,0,35,0,0,0,6,2,8,12,0,0,0,1,4,85201,6,1,0,0,3,0,66,230,0,0,0,0,0,0,0,0,0,0,0,0,0,0,2,3,45,1,1,2,1,0,0,15,53,1,1,3,32,,,,0,0,,,,,,,,,,,,,,,,,,,,,,,,,2013
2013040406,4,40406,1,2,1,26,6,20,8,12,2,1,0,4,2,20,481,20481,31,2006,2GCEK19B4611,2,G,C,E,K,1,9,B,4,6,1,1,0,0,0,Not Applicable,Not Applicable,0,0,0,1,0,0,0,0,0,0,0,45,0,0,0,12,6,2,12,0,0,0,1,4,85205,6,1,0,0,3,0,69,245,0,0,0,0,0,0,0,0,0,0,28,0,0,0,5,4,45,1,1,2,1,0,0,1,10,99,9,2,50,,,,1,1,,,,,,,,,,,,,,,,,,,,,,,,,2013
2013040406,4,40406,2,2,3,26,6,20,8,12,2,1,0,4,1,35,401,35401,14,2005,5N1AR18U95C7,5,N,1,A,R,1,8,U,9,5,C,7,0,0,0,Not Applicable,Not Applicable,0,0,0,1,0,0,0,0,0,0,0,45,0,0,0,12,6,2,12,32,0,0,1,4,85205,6,1,0,0,3,3,65,160,0,0,0,0,0,0,0,0,0,0,0,0,0,0,5,4,45,1,1,2,1,0,0,1,62,99,9,1,51,,,,2,0,,,,,,,,,,,,,,,,,,,,,,,,,2013
2013040407,4,40407,1,1,2,28,6,2,10,35,0,1,0,35,2,49,44,49044,2,2002,2T1CE22P52C0,2,T,1,C,E,2,2,P,5,2,C,0,0,0,0,Not Applicable,Not Applicable,0,0,0,1,0,0,0,0,0,0,0,55,0,1,5,81,6,2,1,0,0,0,1,35,88007,6,1,0,0,3,0,74,170,98,0,0,0,0,0,0,0,0,4,0,0,0,0,1,2,50,3,1,2,1,0,0,14,13,1,1,4,1,,,,2,1,,,,,,,,,,,,,,,,,,,,,,,,,2013
2013040408,4,40408,1,1,2,29,6,10,36,1,0,1,0,4,1,12,423,12423,16,2000,1FMNU42F0YED,1,F,M,N,U,4,2,F,0,Y,E,D,0,0,0,Not Applicable,Not Applicable,0,0,0,1,0,0,0,0,0,0,0,75,0,1,4,0,6,2,1,0,0,0,1,4,85308,6,1,6,0,3,3,74,216,0,0,0,0,0,0,0,0,0,0,80,0,0,0,2,2,75,1,1,2,1,0,0,1,1,99,3,4,2,,,,1,0,,,,,,,,,,,,,,,,,,,,,,,,,2013
2013040409,4,40409,1,2,1,30,6,12,34,12,1,1,0,39,1,72,706,72706,80,2005,1HD1FRW185Y6,1,H,D,1,F,R,W,1,8,5,Y,6,0,0,0,Not Applicable,Not Applicable,0,0,0,1,0,0,0,0,0,0,0,998,0,0,0,12,6,2,12,0,0,0,1,39,43212,6,1,0,0,3,0,70,145,0,0,0,1,0,10,2012,10,2012,4,0,0,0,0,2,2,55,1,1,2,1,40,3,1,51,1,1,1,24,,,,1,0,,,,,,,,,,,,,,,,,,,,,,,,,2013
2013040409,4,40409,2,2,2,30,6,12,34,12,1,1,0,37,3,82,881,82881,66,2013,1FUJGLDR1DLB,1,F,U,J,G,L,D,R,1,D,L,B,1,1,57,0257768,570257768,3,6,1,1,0,0,0,0,0,0,0,998,0,0,0,6,2,5,12,0,0,0,1,37,27597,6,1,6,0,3,0,72,999,0,0,0,0,0,0,0,0,0,0,0,0,0,0,2,2,55,1,1,2,1,40,3,1,53,1,1,1,25,,,,0,0,,,,,,,,,,,,,,,,,,,,,,,,,2013
2013040410,4,40410,1,1,1,2,6,8,30,1,0,1,0,99,9,99,999,99999,99,9999,Unknown,9,9,9,9,9,9,9,9,9,9,9,9,0,0,0,Not Applicable,Not Applicable,0,0,0,1,0,0,0,0,0,0,0,999,0,1,9,0,9,9,1,0,0,0,1,4,86045,6,1,0,0,3,0,75,180,0,0,0,0,0,0,0,0,0,9,99,99,99,99,9,9,99,9,9,2,99,0,0,99,99,99,9,9,99,,,,1,0,,,,,,,,,,,,,,,,,,,,,,,,,2013
2013040411,4,40411,1,1,1,5,6,2,50,8,0,1,1,99,9,49,482,49482,31,2013,Unknown,9,9,9,9,9,9,9,9,9,9,9,9,0,0,0,Not Applicable,Not Applicable,0,0,0,1,0,0,0,0,0,0,0,999,0,0,0,12,2,5,8,0,0,0,1,99,99999,9,9,99,0,9,9,999,999,99,99,99,99,99,99,9999,99,9999,9,99,99,99,99,5,4,40,1,1,2,1,0,0,1,80,99,9,3,13,,,,0,0,,,,,,,,,,,,,,,,,,,,,,,,,2013
2013040412,4,40412,1,1,1,8,6,0,58,8,0,1,1,99,9,99,999,99999,99,9999,Unknown,9,9,9,9,9,9,9,9,9,9,9,9,0,0,0,Not Applicable,Not Applicable,0,0,0,1,0,0,0,0,0,0,0,998,0,0,0,12,9,5,8,0,0,0,1,99,99999,9,9,99,0,9,9,999,999,99,99,99,99,99,99,9999,99,9999,9,99,99,99,99,1,4,55,8,1,8,99,0,0,99,82,99,9,9,13,,,,0,0,,,,,,,,,,,,,,,,,,,,,,,,,2013
2013040413,4,40413,1,1,1,8,6,2,33,39,0,1,1,4,2,51,42,51042,4,1993,YV1LS5509P20,Y,V,1,L,S,5,5,0,9,P,2,0,0,0,0,Not Applicable,Not Applicable,0,0,0,1,0,0,0,0,0,0,0,25,0,0,0,12,6,2,2,0,0,1,1,4,85304,4,1,0,0,2,0,65,125,0,0,0,0,0,0,0,0,0,4,39,0,0,0,1,2,25,1,1,2,1,20,3,1,14,1,1,4,14,,,,1,1,,,,,,,,,,,,,,,,,,,,,,,,,2013
2013040414,4,40414,1,1,2,8,6,2,40,1,0,1,0,4,2,20,481,20481,31,2000,1GCEK19T6YE1,1,G,C,E,K,1,9,T,6,Y,E,1,0,0,0,Not Applicable,Not Applicable,0,0,0,1,0,0,0,0,0,0,0,998,0,1,5,0,6,2,1,0,0,0,1,4,86033,6,1,0,0,3,0,73,160,0,0,0,0,0,0,0,0,0,0,58,0,0,0,1,2,55,1,1,2,1,0,0,1,8,99,9,4,7,,,,1,1,,,,,,,,,,,,,,,,,,,,,,,,,2013
2013040415,4,40415,1,1,1,11,6,15,9,8,0,1,9,99,9,99,999,99999,99,9999,Unknown,9,9,9,9,9,9,9,9,9,9,9,9,0,0,0,Not Applicable,Not Applicable,0,0,0,1,0,0,0,0,0,0,0,999,0,0,0,99,9,9,8,0,0,0,1,99,99999,9,9,99,0,9,9,999,999,99,99,99,99,99,99,9999,99,9999,9,99,99,99,99,9,9,99,9,9,2,99,99,9,99,82,99,9,9,13,,,,0,0,,,,,,,,,,,,,,,,,,,,,,,,,2013
2013040416,4,40416,1,2,6,13,6,23,13,12,6,1,0,4,1,49,442,49442,20,2005,5TDZA22C35S3,5,T,D,Z,A,2,2,C,3,5,S,3,0,0,0,Not Applicable,Not Applicable,0,0,0,1,0,0,0,0,0,0,0,45,0,0,0,12,6,2,12,0,0,0,1,4,85210,6,1,0,0,3,3,63,156,0,0,0,0,0,0,0,0,0,9,99,99,99,99,2,2,45,1,1,2,1,2,3,1,17,1,1,1,86,,,,0,0,,,,,,,,,,,,,,,,,,,,,,,,,2013
2013040416,4,40416,2,2,5,13,6,23,13,12,6,1,0,4,1,23,481,23481,31,1992,2GTFK29K1N15,2,G,T,F,K,2,9,K,1,N,1,5,1,1,0,Not Applicable,Not Applicable,0,0,0,1,0,0,0,0,0,0,0,45,0,1,1,83,6,2,12,0,0,0,1,4,85233,0,0,0,0,0,0,65,230,0,0,0,0,0,0,0,0,0,0,99,99,99,99,2,2,45,1,1,2,1,2,3,1,66,1,1,1,87,,,,1,1,,,,,,,,,,,,,,,,,,,,,,,,,2013
2013040417,4,40417,1,1,5,14,6,3,58,35,0,1,0,4,2,20,481,20481,31,2001,2GCEC19TX113,2,G,C,E,C,1,9,T,X,1,1,3,0,0,0,Not Applicable,Not Applicable,0,0,0,1,0,0,0,0,0,0,0,50,0,1,5,99,6,2,1,0,0,0,1,4,85349,6,1,0,0,3,3,70,165,0,0,0,0,0,0,0,0,0,0,91,58,0,0,1,2,98,1,1,5,1,0,0,1,9,6,9,4,7,,,,1,1,,,,,,,,,,,,,,,,,,,,,,,,,2013
2013040419,4,40419,1,1,1,19,6,16,51,1,0,1,0,4,1,73,706,73706,80,2004,JKBVNAL184A0,J,K,B,V,N,A,L,1,8,4,A,0,0,0,0,Not Applicable,Not Applicable,0,0,0,1,0,0,0,0,0,0,0,56,0,0,0,0,6,2,1,0,0,0,1,4,85207,6,1,0,0,2,3,73,278,0,0,0,1,0,8,2011,8,2011,0,0,0,0,0,2,2,45,1,1,2,1,0,0,1,67,3,2,1,98,,,,1,0,,,,,,,,,,,,,,,,,,,,,,,,,2013
2013040420,4,40420,1,1,1,21,6,21,3,8,0,1,0,53,1,20,20,20020,4,1999,2G1WL52M7X11,2,G,1,W,L,5,2,M,7,X,1,1,0,0,0,Not Applicable,Not Applicable,0,0,0,1,0,0,0,0,0,0,0,35,0,0,0,12,2,3,8,0,0,0,1,53,98620,3,1,0,0,2,3,64,125,0,0,0,0,0,0,0,0,0,0,38,0,0,0,5,4,35,1,1,2,1,0,0,1,80,1,1,1,13,,,,0,0,,,,,,,,,,,,,,,,,,,,,,,,,2013
2013040421,4,40421,1,1,2,22,6,19,10,1,0,1,9,99,9,99,999,99999,99,9999,Unknown,9,9,9,9,9,9,9,9,9,9,9,9,0,0,0,Not Applicable,Not Applicable,0,0,0,1,0,0,0,0,0,0,0,999,0,1,9,0,9,9,1,0,0,0,1,99,99999,9,9,99,0,9,9,999,999,99,99,99,99,99,99,9999,99,9999,9,99,99,99,99,9,9,99,9,9,9,99,99,9,99,99,99,9,9,99,,,,1,0,,,,,,,,,,,,,,,,,,,,,,,,,2013
2013040422,4,40422,1,1,1,22,6,20,39,30,0,1,0,4,1,18,5,18005,2,1997,1G4GD2216V47,1,G,4,G,D,2,2,1,6,V,4,7,0,0,0,Not Applicable,Not Applicable,0,0,0,1,0,0,0,0,0,0,0,50,0,0,0,12,6,2,42,0,0,0,1,4,85749,6,1,0,0,3,0,71,185,0,0,0,1,0,11,2012,11,2012,4,0,0,0,0,1,2,40,1,1,2,1,0,0,1,13,1,1,4,1,,,,1,0,,,,,,,,,,,,,,,,,,,,,,,,,2013
2013040423,4,40423,1,1,1,26,6,10,28,8,0,1,0,4,1,20,481,20481,31,2012,1GCRCPEX3CZ1,1,G,C,R,C,P,E,X,3,C,Z,1,0,0,0,Not Applicable,Not Applicable,0,0,0,1,0,0,0,0,0,0,0,10,0,0,0,12,0,5,8,0,0,0,1,4,86045,6,1,0,0,3,3,68,168,0,0,0,0,0,0,0,0,0,0,0,0,0,0,0,0,0,0,0,0,0,0,0,10,98,1,1,5,98,,,,0,0,,,,,,,,,,,,,,,,,,,,,,,,,2013
2013040424,4,40424,1,1,1,30,6,99,99,99,0,1,0,99,9,99,999,99999,99,9999,Unknown,9,9,9,9,9,9,9,9,9,9,9,9,0,0,0,Not Applicable,Not Applicable,0,0,0,1,0,0,0,0,0,0,0,999,0,0,0,99,9,9,99,0,0,1,1,4,86022,6,1,0,0,3,0,62,142,0,0,0,1,1,6,2012,6,2012,9,99,99,99,99,9,9,99,9,9,9,99,99,9,99,99,99,9,9,99,,,,1,0,,,,,,,,,,,,,,,,,,,,,,,,,2013
2013040425,4,40425,1,1,1,16,7,4,50,25,0,1,0,6,1,55,35,55035,4,2010,KMHDU4AD7AU0,K,M,H,D,U,4,A,D,7,A,U,0,0,0,0,Not Applicable,Not Applicable,0,0,0,1,0,0,0,0,0,0,0,65,0,0,0,82,6,2,25,0,0,0,1,6,92688,6,1,0,0,3,3,71,160,0,0,0,0,4,12,2010,2,2013,9,99,99,99,99,3,4,65,1,1,2,1,0,0,1,9,99,9,4,2,,,,1,0,,,,,,,,,,,,,,,,,,,,,,,,,2013
2013040426,4,40426,1,1,1,20,7,0,50,8,0,1,0,4,2,20,421,20421,15,1989,1GNCT18Z0K82,1,G,N,C,T,1,8,Z,0,K,8,2,0,0,0,Not Applicable,Not Applicable,0,0,0,1,0,0,0,0,0,0,0,35,0,0,0,12,2,3,8,0,0,0,1,4,85037,1,1,0,0,2,0,68,160,2,3,0,0,1,7,2012,6,2013,0,91,0,0,0,5,7,45,1,1,2,2,0,0,1,80,6,1,3,13,,,,0,1,,,,,,,,,,,,,,,,,,,,,,,,,2013
2013040427,4,40427,1,1,1,25,7,10,29,9,0,1,0,4,1,23,481,23481,31,2001,2GTEC19TX112,2,G,T,E,C,1,9,T,X,1,1,2,0,0,0,Not Applicable,Not Applicable,0,0,0,1,0,0,0,0,0,0,0,45,0,0,0,12,2,5,9,0,0,0,1,4,85232,3,1,0,0,2,3,68,152,0,0,0,0,0,0,0,0,0,0,26,91,0,0,1,2,50,1,1,2,1,0,0,1,83,1,1,1,13,,,,0,0,,,,,,,,,,,,,,,,,,,,,,,,,2013
2013040428,4,40428,1,2,1,2,7,14,45,12,6,1,0,48,1,72,706,72706,80,2010,1HD1GM411AC3,1,H,D,1,G,M,4,1,1,A,C,3,0,0,0,Not Applicable,Not Applicable,0,0,0,1,0,0,0,0,0,0,0,30,0,0,0,12,6,2,12,0,0,0,1,48,77061,6,1,0,0,3,0,999,999,2,0,0,0,0,12,2010,7,2011,0,39,48,0,0,4,2,40,1,1,1,1,2,3,11,15,99,9,1,68,,,,1,0,,,,,,,,,,,,,,,,,,,,,,,,,2013
2013040428,4,40428,2,2,3,2,7,14,45,12,6,1,0,4,1,12,481,12481,31,2003,1FTNW21F33EA,1,F,T,N,W,2,1,F,3,3,E,A,0,0,0,Not Applicable,Not Applicable,0,0,0,1,0,0,0,0,0,0,0,40,0,0,0,62,6,2,12,0,0,0,1,4,85086,6,1,0,0,3,3,64,118,0,0,0,0,0,0,0,0,0,0,0,0,0,0,4,3,40,1,1,1,1,2,3,1,62,1,1,1,69,,,,0,0,,,,,,,,,,,,,,,,,,,,,,,,,2013
2013040429,4,40429,1,1,1,4,7,5,9,8,0,1,0,4,1,35,47,35047,4,1997,1N4BU31D0VC1,1,N,4,B,U,3,1,D,0,V,C,1,0,0,0,Not Applicable,Not Applicable,0,0,0,1,0,0,0,0,0,0,0,30,0,0,0,12,8,5,8,0,0,0,1,4,85339,6,1,0,0,3,0,73,157,0,0,0,0,0,0,0,0,0,0,99,99,99,99,5,4,40,1,1,2,1,2,3,1,80,2,1,1,13,,,,0,0,,,,,,,,,,,,,,,,,,,,,,,,,2013
2013040430,4,40430,1,2,1,30,7,11,2,12,6,1,0,4,2,18,7,18007,4,2000,2G4WY55J6Y13,2,G,4,W,Y,5,5,J,6,Y,1,3,0,0,0,Not Applicable,Not Applicable,0,0,0,1,0,0,0,0,0,0,0,5,0,0,0,9,6,2,12,0,0,0,1,4,85208,6,1,0,0,3,3,61,125,0,0,0,2,0,4,2011,11,2011,0,48,0,0,0,5,4,45,1,1,2,1,0,0,12,10,1,1,2,98,,,,1,0,,,,,,,,,,,,,,,,,,,,,,,,,2013
2013040430,4,40430,2,2,1,30,7,11,2,12,6,1,0,4,3,49,46,49046,5,2010,JTDKN3DU5A51,J,T,D,K,N,3,D,U,5,A,5,1,0,0,0,Not Applicable,Not Applicable,0,0,0,1,0,0,0,0,0,0,0,45,0,0,0,12,6,2,12,36,0,0,1,4,85282,6,1,0,0,3,0,72,200,0,2,0,2,0,12,2010,6,2013,0,0,0,0,0,5,4,45,1,1,2,1,0,0,1,61,1,1,1,98,,,,0,0,,,,,,,,,,,,,,,,,,,,,,,,,2013
2013040431,4,40431,1,1,1,8,7,7,37,35,0,1,0,92,0,12,3,12003,1,2000,1FAFP4443YF2,1,F,A,F,P,4,4,4,3,Y,F,2,0,0,0,Not Applicable,Not Applicable,0,0,0,1,0,0,0,0,0,0,0,50,0,1,5,99,6,2,1,0,0,0,1,4,86514,0,0,0,0,0,0,66,280,0,0,0,0,0,0,0,0,0,4,0,0,0,0,1,2,98,1,8,5,1,0,0,1,5,99,9,4,7,,,,1,0,,,,,,,,,,,,,,,,,,,,,,,,,2013