accident_id,STATE,ST_CASE,VEH_NO,VE_FORMS,NUMOCCS,DAY,MONTH,HOUR,MINUTE,HARM_EV,MAN_COLL,UNITTYPE,HIT_RUN,REG_STAT,OWNER,MAKE,MODEL,MAK_MOD,BODY_TYP,MOD_YEAR,VIN,VIN_1,VIN_2,VIN_3,VIN_4,VIN_5,VIN_6,VIN_7,VIN_8,VIN_9,VIN_10,VIN_11,VIN_12,TOW_VEH,J_KNIFE,MCARR_I1,MCARR_I2,MCARR_ID,GVWR,V_CONFIG,CARGO_BT,HAZ_INV,HAZ_PLAC,HAZ_ID,HAZ_CNO,HAZ_REL,BUS_USE,SPEC_USE,EMER_USE,TRAV_SP,UNDERIDE,ROLLOVER,ROLINLOC,IMPACT1,DEFORMED,TOWED,M_HARM,VEH_SC1,VEH_SC2,FIRE_EXP,DR_PRES,L_STATE,DR_ZIP,L_STATUS,L_TYPE,CDL_STAT,L_ENDORS,L_COMPL,L_RESTRI,DR_HGT,DR_WGT,PREV_ACC,PREV_SUS,PREV_DWI,PREV_SPD,PREV_OTH,FIRST_MO,FIRST_YR,LAST_MO,LAST_YR,SPEEDREL,DR_SF1,DR_SF2,DR_SF3,DR_SF4,VTRAFWAY,VNUM_LAN,VSPD_LIM,VALIGN,VPROFILE,VPAVETYP,VSURCOND,VTRAFCON,VTCONT_F,P_CRASH1,P_CRASH2,P_CRASH3,PCRASH4,PCRASH5,ACC_TYPE,TRLR1VIN,TRLR2VIN,TRLR3VIN,DEATHS,DR_DRINK,VINTYPE,VINMAKE,VINA_MOD,VIN_BT,VINMODYR,VIN_LNGT,VIN_WGT,WGTCD_TR,WHLBS_LG,WHLBS_SH,SER_TR,FUELCODE,MCYCL_DS,CARBUR,CYLINDER,DISPLACE,MCYCL_CY,MCYCL_WT,TIRE_SZE,TON_RAT,TRK_WT,TRKWTVAR,VIN_REST,WHLDRWHL,Year
2013040432,4,40432,1,2,1,16,5,18,32,14,0,1,0,4,1,12,423,12423,16,2000,1FMNU40S6YED,1,F,M,N,U,4,0,S,6,Y,E,D,0,0,0,Not Applicable,Not Applicable,0,0,0,1,0,0,0,0,0,0,0,998,0,0,0,12,6,2,8,0,0,0,1,4,85249,6,1,0,0,3,3,67,180,0,0,0,0,0,0,0,0,0,0,0,0,0,0,3,3,65,1,1,2,1,0,0,1,11,1,1,4,1,,,,0,1,,,,,,,,,,,,,,,,,,,,,,,,,2013
2013040432,4,40432,3,2,1,16,5,18,32,14,0,1,0,4,1,55,37,55037,2,2004,KMHHM65D14U1,K,M,H,H,M,6,5,D,1,4,U,1,0,0,0,Not Applicable,Not Applicable,0,0,0,1,0,0,0,0,0,0,0,55,0,0,0,12,2,5,54,0,0,0,1,4,85209,6,1,0,0,3,0,67,131,0,0,0,1,0,11,2012,11,2012,0,89,0,0,0,3,3,65,1,1,2,1,0,0,1,98,1,1,1,98,,,,0,0,,,,,,,,,,,,,,,,,,,,,,,,,2013
2013040433,4,40433,1,1,4,10,6,22,41,1,0,1,0,6,1,12,401,12401,14,1996,1FMDU32X4TZB,1,F,M,D,U,3,2,X,4,T,Z,B,0,0,0,Not Applicable,Not Applicable,0,0,0,1,0,0,0,0,0,0,0,998,0,1,3,0,6,2,1,0,0,0,1,6,90706,3,1,0,0,2,0,69,174,0,0,0,0,1,1,2013,1,2013,4,80,0,0,0,2,2,75,1,1,2,1,0,0,1,1,99,4,4,7,,,,1,0,,,,,,,,,,,,,,,,,,,,,,,,,2013
2013040434,4,40434,1,2,1,3,7,5,47,12,6,1,0,4,2,12,471,12471,30,1997,1FTCR14X6VPA,1,F,T,C,R,1,4,X,6,V,P,A,0,0,0,Not Applicable,Not Applicable,0,0,0,1,0,0,0,0,0,0,0,15,0,0,0,12,4,3,12,0,0,0,1,4,85035,0,0,0,0,0,0,999,999,0,0,0,0,0,0,0,0,0,0,48,0,0,0,2,2,40,1,1,2,1,0,0,11,15,1,1,1,68,,,,0,0,,,,,,,,,,,,,,,,,,,,,,,,,2013
2013040434,4,40434,2,2,1,3,7,5,47,12,6,1,0,4,1,76,706,76706,80,2006,JYARP15E56A0,J,Y,A,R,P,1,5,E,5,6,A,0,0,0,0,Not Applicable,Not Applicable,0,0,0,1,0,0,0,0,0,0,0,55,0,0,0,61,6,2,12,0,0,0,1,4,85050,6,1,0,0,3,3,72,205,0,0,0,0,0,0,0,0,0,0,0,0,0,0,2,2,40,1,1,2,1,0,0,1,62,3,2,1,69,,,,1,0,,,,,,,,,,,,,,,,,,,,,,,,,2013
2013040435,4,40435,1,2,1,17,7,10,23,12,6,1,0,6,2,59,31,59031,4,1999,JT8BF28G5X50,J,T,8,B,F,2,8,G,5,X,5,0,0,0,0,Not Applicable,Not Applicable,0,0,0,1,0,0,0,0,0,0,0,20,0,0,0,12,6,2,12,0,0,0,1,4,85259,1,1,0,0,2,0,66,155,0,3,0,0,0,1,2011,2,2012,0,39,0,0,0,2,2,40,1,1,2,1,2,3,1,17,1,1,1,83,,,,0,0,,,,,,,,,,,,,,,,,,,,,,,,,2013
2013040435,4,40435,2,2,2,17,7,10,23,12,6,1,0,4,1,42,48,42048,4,2001,WDBJF65J71B2,W,D,B,J,F,6,5,J,7,1,B,2,0,0,0,Not Applicable,Not Applicable,0,0,0,1,0,0,0,0,0,0,0,30,0,0,0,9,6,2,12,0,0,0,1,4,85018,6,1,0,0,3,3,62,110,0,0,0,0,0,0,0,0,0,0,0,0,0,0,5,2,35,1,1,2,1,2,3,11,66,1,1,1,82,,,,1,0,,,,,,,,,,,,,,,,,,,,,,,,,2013
2013040436,4,40436,1,1,2,1,7,3,51,52,0,1,0,35,2,30,40,30040,4,2006,3VWPF71K66M7,3,V,W,P,F,7,1,K,6,6,M,7,0,0,0,Not Applicable,Not Applicable,0,0,0,1,0,0,0,0,0,0,0,80,0,0,0,82,6,2,52,0,0,0,1,12,33179,6,1,0,0,3,0,74,999,0,1,0,0,0,4,2013,4,2013,4,99,99,99,99,2,2,75,1,1,2,1,0,0,1,12,1,1,4,6,,,,1,0,,,,,,,,,,,,,,,,,,,,,,,,,2013
2013040437,4,40437,1,2,1,13,7,9,55,12,7,1,0,4,2,72,706,72706,80,2002,1HD1CGP372K1,1,H,D,1,C,G,P,3,7,2,K,1,0,0,0,Not Applicable,Not Applicable,0,0,0,1,0,0,0,0,0,0,0,50,0,0,0,81,6,2,12,0,0,0,1,4,85710,6,1,0,0,3,0,71,220,0,0,0,0,0,0,0,0,0,4,89,0,0,0,1,2,55,3,5,2,1,40,3,14,51,1,1,1,48,,,,1,0,,,,,,,,,,,,,,,,,,,,,,,,,2013
2013040437,4,40437,2,2,2,13,7,9,55,12,7,1,0,4,1,72,706,72706,80,2009,1HD1BX5119Y0,1,H,D,1,B,X,5,1,1,9,Y,0,0,0,0,Not Applicable,Not Applicable,0,0,0,1,0,0,0,0,0,0,0,50,0,0,0,61,6,2,12,0,0,0,1,4,85710,6,1,6,0,3,0,69,172,0,0,0,0,0,0,0,0,0,0,0,0,0,0,1,2,55,3,5,2,1,40,3,14,53,1,1,1,48,,,,0,0,,,,,,,,,,,,,,,,,,,,,,,,,2013
2013040438,4,40438,1,2,1,17,7,18,35,12,2,1,0,4,1,53,402,53402,14,1997,JS3TD21V4V41,J,S,3,T,D,2,1,V,4,V,4,1,0,0,0,Not Applicable,Not Applicable,0,0,0,1,0,0,0,0,0,0,0,55,0,0,0,12,6,2,12,32,0,0,1,4,85390,6,1,0,0,3,3,68,200,0,2,0,1,0,2,2011,3,2012,4,87,0,0,0,2,2,65,1,6,2,6,0,0,1,6,99,9,4,98,,,,1,0,,,,,,,,,,,,,,,,,,,,,,,,,2013
2013040438,4,40438,2,2,3,17,7,18,35,12,2,1,0,4,4,55,33,55033,4,2013,5NPEB4AC4DH7,5,N,P,E,B,4,A,C,4,D,H,7,0,0,0,Not Applicable,Not Applicable,0,0,0,1,0,0,0,0,0,0,0,65,0,0,0,12,6,2,12,0,0,0,1,4,86409,6,1,0,0,3,0,66,175,0,0,0,0,0,0,0,0,0,0,0,0,0,0,2,2,65,1,5,2,6,0,0,1,62,1,1,1,98,,,,0,0,,,,,,,,,,,,,,,,,,,,,,,,,2013
2013040439,4,40439,1,1,1,22,7,8,12,8,0,1,0,18,3,82,881,82881,66,2006,1FUBCYBS96HV,1,F,U,B,C,Y,B,S,9,6,H,V,1,1,57,239039,57239039,3,6,1,1,0,0,0,0,0,0,0,998,0,0,0,12,0,5,8,0,0,0,1,4,85051,6,1,6,0,3,0,67,198,0,0,0,0,0,0,0,0,0,0,0,0,0,0,2,3,40,1,1,2,1,2,3,4,80,1,1,1,13,,,,0,0,,,,,,,,,,,,,,,,,,,,,,,,,2013
2013040440,4,40440,1,2,4,25,7,15,0,12,2,1,0,4,2,12,401,12401,14,2003,1FMZU74W03UA,1,F,M,Z,U,7,4,W,0,3,U,A,0,0,0,Not Applicable,Not Applicable,0,0,0,1,0,0,0,0,0,0,0,55,0,0,0,12,6,2,12,0,0,0,1,4,85283,6,1,0,0,3,0,66,170,0,1,0,0,0,4,2012,4,2012,4,87,28,0,0,1,2,55,1,6,2,6,0,0,1,6,99,9,2,52,,,,0,0,,,,,,,,,,,,,,,,,,,,,,,,,2013
2013040440,4,40440,2,2,1,25,7,15,0,12,2,1,0,4,1,12,37,12037,4,2010,1FAHP3FN2AW1,1,F,A,H,P,3,F,N,2,A,W,1,0,0,0,Not Applicable,Not Applicable,0,0,0,1,0,0,0,0,0,0,0,55,0,0,0,12,6,2,12,0,0,0,1,4,85292,6,1,0,0,3,3,71,220,0,0,0,0,0,0,0,0,0,0,0,0,0,0,1,2,55,1,5,2,6,0,0,1,62,99,9,1,52,,,,1,0,,,,,,,,,,,,,,,,,,,,,,,,,2013
2013040441,4,40441,1,1,1,1,8,1,2,1,0,1,0,4,1,7,482,7482,31,2007,1D7HA18N47J5,1,D,7,H,A,1,8,N,4,7,J,5,0,0,0,Not Applicable,Not Applicable,0,0,0,1,0,0,0,0,0,0,0,90,0,1,5,0,6,2,1,0,0,0,1,4,85301,1,1,0,0,2,0,70,225,0,2,1,1,0,9,2010,6,2011,5,37,0,0,0,1,2,50,2,1,2,1,0,0,14,6,99,9,4,2,,,,1,1,,,,,,,,,,,,,,,,,,,,,,,,,2013
2013040442,4,40442,1,1,1,1,8,5,55,30,0,1,0,4,2,7,482,7482,31,2004,1D3HA18D94J1,1,D,3,H,A,1,8,D,9,4,J,1,0,0,0,Not Applicable,Not Applicable,0,0,0,1,0,0,0,0,0,0,0,78,0,0,0,99,6,2,38,0,0,0,1,4,85364,0,0,0,0,0,0,72,210,0,0,0,0,0,0,0,0,0,4,0,0,0,0,5,2,35,1,1,2,1,0,0,1,6,99,9,4,7,,,,1,1,,,,,,,,,,,,,,,,,,,,,,,,,2013
2013040443,4,40443,1,1,1,2,8,18,11,42,0,1,0,4,2,76,734,76734,90,2008,JY4AM14Y88C0,J,Y,4,A,M,1,4,Y,8,8,C,0,0,0,0,Not Applicable,Not Applicable,0,0,0,1,0,0,0,0,0,0,0,35,0,1,5,12,6,2,42,0,0,0,1,4,85308,1,1,0,0,2,0,65,150,0,3,1,0,0,7,2012,4,2013,4,0,0,0,0,1,2,25,2,1,5,1,0,0,14,6,99,9,4,7,,,,1,0,,,,,,,,,,,,,,,,,,,,,,,,,2013
2013040444,4,40444,1,3,1,7,8,14,10,12,2,1,0,4,2,12,481,12481,31,2001,1FTRX17LX1NA,1,F,T,R,X,1,7,L,X,1,N,A,0,0,0,Not Applicable,Not Applicable,0,0,0,1,0,0,0,0,0,0,0,45,0,0,0,12,6,2,12,0,0,0,1,4,85029,6,1,0,0,3,0,67,143,0,0,0,0,0,0,0,0,0,0,28,0,0,0,5,5,45,1,1,2,1,0,0,1,10,1,1,2,50,,,,0,0,,,,,,,,,,,,,,,,,,,,,,,,,2013
2013040444,4,40444,2,3,1,7,8,14,10,12,2,1,0,4,1,63,37,63037,6,2013,KNDJT2A58D75,K,N,D,J,T,2,A,5,8,D,7,5,0,0,0,Not Applicable,Not Applicable,0,0,0,1,0,0,0,0,0,0,0,45,0,0,0,12,6,2,12,0,0,0,1,4,85050,6,1,0,0,3,0,66,135,0,0,0,0,0,0,0,0,0,0,0,0,0,0,5,5,45,1,1,2,1,0,0,1,62,1,1,1,51,,,,1,0,,,,,,,,,,,,,,,,,,,,,,,,,2013
2013040444,4,40444,3,3,2,7,8,14,10,12,2,1,0,4,1,20,24,20024,6,2012,1GNKRFED2CJ3,1,G,N,K,R,F,E,D,2,C,J,3,0,0,0,Not Applicable,Not Applicable,0,0,0,1,0,0,0,0,0,0,0,20,0,0,0,63,4,5,12,0,0,0,1,4,85306,6,1,0,0,3,0,62,185,0,0,0,0,0,0,0,0,0,0,0,0,0,0,5,5,45,1,1,2,1,0,0,10,60,1,1,1,98,,,,0,0,,,,,,,,,,,,,,,,,,,,,,,,,2013
2013040445,4,40445,1,1,1,7,8,20,52,8,0,1,1,6,1,87,881,87881,66,2008,1XPXD49XX8D7,1,X,P,X,D,4,9,X,X,8,D,7,1,1,57,1577862,571577862,3,6,1,1,0,0,0,0,0,0,0,10,0,0,0,12,0,5,8,0,0,0,1,6,93960,6,1,6,0,3,3,73,240,1,0,0,0,0,7,2013,7,2013,0,0,0,0,0,1,2,25,1,1,2,1,0,0,1,80,1,1,1,13,,,,0,0,,,,,,,,,,,,,,,,,,,,,,,,,2013
2013040446,4,40446,1,1,1,7,8,22,38,9,0,1,1,4,1,35,473,35473,31,2006,1N6AA07A66N5,1,N,6,A,A,0,7,A,6,6,N,5,0,0,0,Not Applicable,Not Applicable,0,0,0,1,0,0,0,0,0,0,0,40,0,0,0,12,2,5,9,0,0,0,1,4,85305,6,1,0,0,3,0,71,170,0,0,0,0,1,3,2013,3,2013,4,0,0,0,0,5,4,40,1,1,2,1,0,0,1,83,1,1,1,13,,,,0,0,,,,,,,,,,,,,,,,,,,,,,,,,2013
2013040447,4,40447,1,1,2,8,8,23,34,1,0,1,0,48,1,12,481,12481,31,2007,1FTRF12247KD,1,F,T,R,F,1,2,2,4,7,K,D,0,0,0,Not Applicable,Not Applicable,0,0,0,1,0,0,0,0,0,0,0,84,0,1,3,0,6,2,1,0,0,0,1,4,85653,6,1,0,0,3,0,69,170,0,0,0,2,0,4,2013,6,2013,4,58,0,0,0,2,2,75,1,1,2,1,0,0,1,6,6,4,4,7,,,,2,1,,,,,,,,,,,,,,,,,,,,,,,,,2013
2013040448,4,40448,1,2,1,9,8,15,14,12,6,1,0,4,1,77,706,77706,80,2013,5VPMB36N2D30,5,V,P,M,B,3,6,N,2,D,3,0,0,0,0,Not Applicable,Not Applicable,0,0,0,1,0,0,0,0,0,0,0,49,0,0,0,12,6,2,12,0,0,0,1,4,85621,1,1,0,0,2,0,72,195,0,0,0,0,0,0,0,0,0,0,39,0,0,0,2,2,45,1,1,2,1,2,3,1,17,4,9,1,83,,,,1,0,,,,,,,,,,,,,,,,,,,,,,,,,2013
2013040448,4,40448,2,2,1,9,8,15,14,12,6,1,0,4,3,84,883,84883,66,1995,1HSRKAER0SH2,1,H,S,R,K,A,E,R,0,S,H,2,1,1,57,817267Z,57817267Z,3,6,1,1,0,0,0,0,0,0,0,10,0,0,0,8,2,5,12,0,0,0,1,96,0,9,9,99,0,9,9,999,999,99,99,99,99,99,99,9999,99,9999,0,0,0,0,0,1,2,45,1,1,2,1,2,3,11,66,1,1,1,82,,,,0,0,,,,,,,,,,,,,,,,,,,,,,,,,2013
2013040449,4,40449,1,1,3,9,8,22,59,8,0,1,1,4,1,12,443,12443,20,2004,2FMZA51684BA,2,F,M,Z,A,5,1,6,8,4,B,A,0,0,0,Not Applicable,Not Applicable,0,0,0,1,0,0,0,0,0,0,0,998,0,0,0,12,2,5,8,0,0,0,1,4,85746,6,1,0,0,3,0,62,120,0,0,0,0,0,0,0,0,0,9,99,99,99,99,5,4,98,1,1,2,1,0,0,1,80,1,1,1,13,,,,0,0,,,,,,,,,,,,,,,,,,,,,,,,,2013
2013040450,4,40450,1,1,1,12,8,22,21,8,0,1,1,99,9,99,999,99999,99,9999,Unknown,9,9,9,9,9,9,9,9,9,9,9,9,0,0,0,Not Applicable,Not Applicable,0,0,0,1,0,0,0,0,0,0,0,30,0,0,0,12,4,5,8,0,0,0,1,99,99999,9,9,99,0,9,9,999,999,99,99,99,99,99,99,9999,99,9999,0,99,99,99,99,5,2,30,1,1,2,1,0,0,1,80,2,1,1,13,,,,0,0,,,,,,,,,,,,,,,,,,,,,,,,,2013
2013040451,4,40451,1,2,1,12,8,22,32,12,6,1,0,4,1,37,705,37705,80,2003,JH2RC44073M7,J,H,2,R,C,4,4,0,7,3,M,7,0,0,0,Not Applicable,Not Applicable,0,0,0,1,0,0,0,0,0,0,0,50,0,0,0,12,6,2,12,0,0,0,1,4,85710,6,1,0,0,3,3,68,135,0,0,0,0,0,0,0,0,0,4,0,0,0,0,2,2,45,1,1,2,1,2,3,1,62,3,2,3,69,,,,1,0,,,,,,,,,,,,,,,,,,,,,,,,,2013
2013040451,4,40451,2,2,1,12,8,22,32,12,6,1,0,4,1,12,3,12003,2,2000,1FAFP4045YF2,1,F,A,F,P,4,0,4,5,Y,F,2,0,0,0,Not Applicable,Not Applicable,0,0,0,1,0,0,0,0,0,0,0,10,0,0,0,81,6,2,12,0,0,0,1,4,85747,6,1,0,0,3,0,70,185,0,0,0,0,0,0,0,0,0,0,48,0,0,0,2,2,45,1,1,2,1,2,3,11,15,1,1,1,68,,,,0,0,,,,,,,,,,,,,,,,,,,,,,,,,2013
2013040452,4,40452,1,2,1,13,8,5,4,33,0,1,0,4,1,53,705,53705,80,1986,JS1VP51A0G21,J,S,1,V,P,5,1,A,0,G,2,1,0,0,0,Not Applicable,Not Applicable,0,0,0,1,0,0,0,0,0,0,0,998,0,0,0,12,6,2,5,0,0,0,1,4,85283,6,1,0,0,3,0,71,200,0,0,0,0,0,0,0,0,0,4,0,0,0,0,6,1,65,2,6,1,1,21,3,14,12,1,1,4,6,,,,1,1,,,,,,,,,,,,,,,,,,,,,,,,,2013
2013040452,4,40452,2,2,1,13,8,5,4,33,0,1,0,4,1,20,481,20481,31,2007,1GCEC19X57Z1,1,G,C,E,C,1,9,X,5,7,Z,1,0,0,0,Not Applicable,Not Applicable,0,0,0,1,0,0,0,0,0,0,0,0,0,0,0,62,4,5,12,0,0,0,1,4,85258,6,1,0,0,3,3,73,220,0,0,0,0,1,8,2010,8,2010,0,0,0,0,0,2,2,45,1,1,1,1,3,3,5,65,1,1,1,98,,,,0,0,,,,,,,,,,,,,,,,,,,,,,,,,2013
2013040453,4,40453,1,1,1,13,8,12,10,59,0,1,0,4,2,12,37,12037,4,2003,1FAHP38303W1,1,F,A,H,P,3,8,3,0,3,W,1,0,0,0,Not Applicable,Not Applicable,0,0,0,1,0,0,0,0,0,0,0,998,0,0,0,12,6,2,59,0,0,0,1,4,85298,6,1,0,0,3,0,70,150,0,0,0,2,0,9,2011,10,2011,4,89,0,0,0,2,3,75,1,1,2,1,0,0,1,13,1,1,4,1,,,,1,0,,,,,,,,,,,,,,,,,,,,,,,,,2013
2013040454,4,40454,1,1,1,13,8,18,42,9,0,1,1,4,1,24,401,24401,14,2005,5GZCZ23D65S8,5,G,Z,C,Z,2,3,D,6,5,S,8,0,0,0,Not Applicable,Not Applicable,0,0,0,1,0,0,0,0,0,0,0,45,0,0,0,12,2,5,9,0,0,0,1,4,85215,6,1,0,0,3,0,69,230,0,0,0,2,0,6,2011,7,2011,0,99,99,99,99,2,1,45,2,1,2,1,0,0,14,85,99,9,3,13,,,,0,0,,,,,,,,,,,,,,,,,,,,,,,,,2013
2013040456,4,40456,1,1,3,15,8,12,23,1,0,1,0,4,2,20,401,20401,14,2000,1GNDT13W5Y23,1,G,N,D,T,1,3,W,5,Y,2,3,0,0,0,Not Applicable,Not Applicable,0,0,0,1,0,0,0,0,0,0,0,65,0,1,1,0,6,2,1,0,0,0,1,4,86023,6,1,0,0,3,0,63,220,0,0,0,0,0,0,0,0,0,4,58,0,0,0,1,2,65,1,1,2,1,0,0,1,6,7,3,6,98,,,,1,0,,,,,,,,,,,,,,,,,,,,,,,,,2013
2013040457,4,40457,1,2,1,16,8,23,24,1,0,1,0,4,2,72,706,72706,80,2003,1HD1GHV1X3K3,1,H,D,1,G,H,V,1,X,3,K,3,0,0,0,Not Applicable,Not Applicable,0,0,0,1,0,0,0,0,0,0,0,60,0,0,0,0,6,2,1,0,0,0,1,4,85140,6,1,0,0,3,0,71,185,0,0,0,1,0,5,2013,5,2013,4,85,0,0,0,3,7,65,1,1,2,1,0,0,1,78,4,9,1,98,,,,1,1,,,,,,,,,,,,,,,,,,,,,,,,,2013
2013040457,4,40457,2,2,1,16,8,23,24,1,0,1,0,4,1,76,706,76706,80,2009,JYAVP11E79A1,J,Y,A,V,P,1,1,E,7,9,A,1,0,0,0,Not Applicable,Not Applicable,0,0,0,1,0,0,0,0,0,0,0,60,0,0,0,12,0,5,54,0,0,0,1,4,85201,6,1,0,0,3,0,72,230,0,0,0,0,0,0,0,0,0,0,0,0,0,0,3,7,65,1,1,2,1,0,0,1,98,1,1,1,98,,,,0,0,,,,,,,,,,,,,,,,,,,,,,,,,2013
2013040458,4,40458,1,1,1,19,8,8,55,9,0,1,0,4,1,37,32,37032,4,2006,1HGCM66536A0,1,H,G,C,M,6,6,5,3,6,A,0,0,0,0,Not Applicable,Not Applicable,0,0,0,1,0,0,0,0,0,0,0,45,0,0,0,12,4,3,9,0,0,0,1,4,85326,6,1,0,0,3,3,76,195,1,2,0,2,1,1,2011,8,2012,4,38,0,0,0,1,2,45,1,1,2,1,0,0,1,83,1,1,1,13,,,,0,0,,,,,,,,,,,,,,,,,,,,,,,,,2013
2013040459,4,40459,1,1,1,20,8,9,38,1,0,1,0,4,1,7,482,7482,31,2007,3D7KS29A67G8,3,D,7,K,S,2,9,A,6,7,G,8,0,0,0,Not Applicable,Not Applicable,0,0,0,1,0,0,0,0,0,0,0,25,0,1,5,0,6,2,1,0,0,0,1,4,86343,6,1,0,0,3,3,62,140,0,0,0,0,0,0,0,0,0,0,0,0,0,0,1,2,25,3,4,5,1,0,0,14,9,99,9,4,2,,,,1,0,,,,,,,,,,,,,,,,,,,,,,,,,2013
2013040460,4,40460,1,1,1,24,8,20,25,1,0,1,0,4,1,77,706,77706,80,2007,5VPAB26D5730,5,V,P,A,B,2,6,D,5,7,3,0,0,0,0,Not Applicable,Not Applicable,0,0,0,1,0,0,0,0,0,0,0,50,0,0,0,0,6,2,35,0,0,0,1,4,86301,6,1,6,0,3,0,76,220,0,6,0,2,0,1,2011,5,2013,4,0,0,0,0,5,4,40,2,5,2,1,0,0,14,6,99,9,2,98,,,,1,0,,,,,,,,,,,,,,,,,,,,,,,,,2013
2013040461,4,40461,1,1,1,20,8,21,5,35,0,1,0,4,1,12,37,12037,4,2003,1FAFP33Z43W2,1,F,A,F,P,3,3,Z,4,3,W,2,0,0,0,Not Applicable,Not Applicable,0,0,0,1,0,0,0,0,0,0,0,100,0,1,5,12,6,2,1,0,0,0,1,4,85202,6,1,0,0,3,3,67,175,0,0,0,0,0,0,0,0,0,4,0,0,0,0,1,3,65,1,1,2,1,0,0,1,13,1,1,4,1,,,,1,0,,,,,,,,,,,,,,,,,,,,,,,,,2013
2013040462,4,40462,1,1,1,24,8,22,1,1,0,1,0,6,2,72,706,72706,80,2013,1HD1TC838DB9,1,H,D,1,T,C,8,3,8,D,B,9,0,0,0,Not Applicable,Not Applicable,0,0,0,1,0,0,0,0,0,0,0,80,0,0,0,0,6,2,1,0,0,0,1,95,0,9,9,99,0,9,9,65,160,99,99,99,99,99,99,9999,99,9999,3,99,99,99,99,2,2,75,1,1,2,1,0,0,15,9,1,1,2,98,,,,1,0,,,,,,,,,,,,,,,,,,,,,,,,,2013
2013040463,4,40463,1,1,1,25,8,21,34,8,0,1,0,4,1,20,2,20002,4,2011,2G1WG5EK5B12,2,G,1,W,G,5,E,K,5,B,1,2,0,0,0,Not Applicable,Not Applicable,0,0,0,1,0,0,0,0,0,0,0,998,0,0,0,12,4,5,8,0,0,0,1,4,85716,0,0,0,0,0,0,65,140,0,0,0,0,0,0,0,0,0,0,0,0,0,0,5,4,30,1,1,2,1,0,0,1,80,1,1,1,13,,,,0,0,,,,,,,,,,,,,,,,,,,,,,,,,2013
2013040464,4,40464,1,2,3,30,8,21,25,12,8,1,0,4,1,12,23,12023,4,2007,3FAHP06Z17R1,3,F,A,H,P,0,6,Z,1,7,R,1,0,0,0,Not Applicable,Not Applicable,0,0,0,1,0,0,0,0,0,0,0,65,0,0,0,82,6,2,12,0,0,0,1,4,86047,6,1,0,0,3,3,62,105,0,0,0,0,0,0,0,0,0,4,87,0,0,0,1,2,65,1,1,2,11,40,3,1,5,1,4,2,64,,,,1,0,,,,,,,,,,,,,,,,,,,,,,,,,2013
2013040464,4,40464,2,2,3,30,8,21,25,12,8,1,0,4,1,12,481,12481,31,2002,1FTRX17252NB,1,F,T,R,X,1,7,2,5,2,N,B,0,0,0,Not Applicable,Not Applicable,0,0,0,1,0,0,0,0,0,0,0,65,0,0,0,62,6,2,12,0,0,0,1,4,86054,6,1,0,0,3,3,65,150,0,0,0,0,1,8,2011,8,2011,0,0,0,0,0,1,2,65,1,1,2,2,40,3,1,62,7,1,3,65,,,,0,0,,,,,,,,,,,,,,,,,,,,,,,,,2013
2013040465,4,40465,1,2,1,31,8,12,25,12,6,1,0,4,2,12,481,12481,31,1999,1FTZF1723XKA,1,F,T,Z,F,1,7,2,3,X,K,A,0,0,0,Not Applicable,Not Applicable,0,0,0,1,0,0,0,0,0,0,0,999,0,0,0,62,6,2,12,0,0,0,1,4,86033,6,1,0,0,3,3,69,180,0,1,0,0,0,2,2013,2,2013,0,39,48,0,0,1,2,65,1,1,2,1,0,0,12,10,1,1,2,98,,,,0,1,,,,,,,,,,,,,,,,,,,,,,,,,2013
2013040465,4,40465,2,2,1,31,8,12,25,12,6,1,0,6,1,72,706,72706,80,2010,1HD1JN530AB0,1,H,D,1,J,N,5,3,0,A,B,0,0,0,0,Not Applicable,Not Applicable,0,0,0,1,0,0,0,0,0,0,0,999,0,0,0,12,6,2,12,0,0,0,1,6,93702,6,1,0,0,3,0,67,166,0,0,0,0,0,0,0,0,0,0,0,0,0,0,1,2,65,1,1,2,1,0,0,6,61,3,2,2,98,,,,1,0,,,,,,,,,,,,,,,,,,,,,,,,,2013
2013040466,4,40466,1,1,1,5,7,6,28,33,0,1,0,4,1,49,471,49471,30,1986,JT4RN50R7G01,J,T,4,R,N,5,0,R,7,G,0,1,0,0,0,Not Applicable,Not Applicable,0,0,0,1,0,0,0,0,0,0,0,999,0,0,0,12,6,2,30,0,0,0,1,4,85716,6,1,0,0,3,0,72,160,0,0,0,0,0,0,0,0,0,0,0,0,0,0,1,4,35,1,1,2,1,0,0,1,12,1,1,4,6,,,,1,1,,,,,,,,,,,,,,,,,,,,,,,,,2013
2013040467,4,40467,1,2,1,10,7,17,29,12,6,1,0,4,1,12,481,12481,31,2004,1FTNW21P64EB,1,F,T,N,W,2,1,P,6,4,E,B,0,0,0,Not Applicable,Not Applicable,0,0,0,1,0,0,0,0,0,0,0,35,0,0,0,12,6,2,12,0,0,0,1,4,85306,6,1,0,0,3,0,74,160,0,0,0,0,0,0,0,0,0,0,39,0,0,0,2,3,35,1,1,2,1,2,3,1,17,1,1,1,83,,,,0,0,,,,,,,,,,,,,,,,,,,,,,,,,2013
2013040467,4,40467,2,2,1,10,7,17,29,12,6,1,0,4,1,55,36,55036,3,2009,KMHCM36C79U1,K,M,H,C,M,3,6,C,7,9,U,1,0,0,0,Not Applicable,Not Applicable,0,0,0,1,0,0,0,0,0,0,0,14,0,0,0,9,6,2,12,0,0,0,1,4,85375,6,1,0,0,3,3,72,193,0,0,0,0,0,0,0,0,0,0,0,0,0,0,1,2,35,1,1,2,1,2,3,11,66,1,1,1,82,,,,1,0,,,,,,,,,,,,,,,,,,,,,,,,,2013
2013040468,4,40468,1,2,1,13,7,17,10,12,6,1,0,4,1,72,706,72706,80,2003,1HD1BXB163Y0,1,H,D,1,B,X,B,1,6,3,Y,0,0,0,0,Not Applicable,Not Applicable,0,0,0,1,0,0,0,0,0,0,0,998,0,0,0,12,6,2,12,0,0,0,1,4,85286,6,1,0,0,3,0,70,210,0,0,0,0,0,0,0,0,0,4,28,0,0,0,1,2,45,2,8,2,1,0,0,14,10,1,1,2,64,,,,1,0,,,,,,,,,,,,,,,,,,,,,,,,,2013
2013040468,4,40468,2,2,3,13,7,17,10,12,6,1,0,94,3,7,881,7881,61,2012,3C7WDNEL6CG2,3,C,7,W,D,N,E,L,6,C,G,2,0,0,88,None,None,2,1,96,1,0,0,0,0,0,7,2,998,0,0,0,63,6,2,12,0,0,0,1,4,85006,6,1,6,1,3,0,70,185,0,0,0,0,0,0,0,0,0,0,0,0,0,0,1,2,45,3,8,2,1,0,0,14,62,7,1,3,65,,,,0,0,,,,,,,,,,,,,,,,,,,,,,,,,2013