accident_id,STATE,ST_CASE,VEH_NO,VE_FORMS,NUMOCCS,DAY,MONTH,HOUR,MINUTE,HARM_EV,MAN_COLL,UNITTYPE,HIT_RUN,REG_STAT,OWNER,MAKE,MODEL,MAK_MOD,BODY_TYP,MOD_YEAR,VIN,VIN_1,VIN_2,VIN_3,VIN_4,VIN_5,VIN_6,VIN_7,VIN_8,VIN_9,VIN_10,VIN_11,VIN_12,TOW_VEH,J_KNIFE,MCARR_I1,MCARR_I2,MCARR_ID,GVWR,V_CONFIG,CARGO_BT,HAZ_INV,HAZ_PLAC,HAZ_ID,HAZ_CNO,HAZ_REL,BUS_USE,SPEC_USE,EMER_USE,TRAV_SP,UNDERIDE,ROLLOVER,ROLINLOC,IMPACT1,DEFORMED,TOWED,M_HARM,VEH_SC1,VEH_SC2,FIRE_EXP,DR_PRES,L_STATE,DR_ZIP,L_STATUS,L_TYPE,CDL_STAT,L_ENDORS,L_COMPL,L_RESTRI,DR_HGT,DR_WGT,PREV_ACC,PREV_SUS,PREV_DWI,PREV_SPD,PREV_OTH,FIRST_MO,FIRST_YR,LAST_MO,LAST_YR,SPEEDREL,DR_SF1,DR_SF2,DR_SF3,DR_SF4,VTRAFWAY,VNUM_LAN,VSPD_LIM,VALIGN,VPROFILE,VPAVETYP,VSURCOND,VTRAFCON,VTCONT_F,P_CRASH1,P_CRASH2,P_CRASH3,PCRASH4,PCRASH5,ACC_TYPE,TRLR1VIN,TRLR2VIN,TRLR3VIN,DEATHS,DR_DRINK,VINTYPE,VINMAKE,VINA_MOD,VIN_BT,VINMODYR,VIN_LNGT,VIN_WGT,WGTCD_TR,WHLBS_LG,WHLBS_SH,SER_TR,FUELCODE,MCYCL_DS,CARBUR,CYLINDER,DISPLACE,MCYCL_CY,MCYCL_WT,TIRE_SZE,TON_RAT,TRK_WT,TRKWTVAR,VIN_REST,WHLDRWHL,Year
2013040469,4,40469,1,2,1,27,7,1,1,12,2,1,0,4,2,20,404,20404,14,2011,2GNALBEC6B12,2,G,N,A,L,B,E,C,6,B,1,2,0,0,0,Not Applicable,Not Applicable,0,0,0,1,0,0,0,0,0,0,0,998,0,0,0,12,6,2,12,0,0,0,1,4,85128,6,1,0,0,3,0,68,175,0,0,0,0,0,0,0,0,0,0,51,0,0,0,3,2,75,1,1,2,1,0,0,1,54,99,1,2,50,,,,1,1,,,,,,,,,,,,,,,,,,,,,,,,,2013
2013040469,4,40469,2,2,99,27,7,1,1,12,2,1,0,48,3,93,981,93981,51,1995,1M8PDMPA0SP0,1,M,8,P,D,M,P,A,0,S,P,0,0,0,99,Unknown,Unknown,3,21,22,1,0,0,0,0,4,0,0,998,0,0,0,12,6,2,12,0,0,0,1,48,79936,6,1,6,1,3,0,999,999,0,0,0,0,0,0,0,0,0,0,0,0,0,0,3,2,75,1,1,2,1,0,0,1,54,6,1,2,51,,,,0,0,,,,,,,,,,,,,,,,,,,,,,,,,2013
2013040470,4,40470,1,2,2,27,7,15,11,12,6,1,0,6,4,20,25,20025,4,2013,1G1PC5SB1D72,1,G,1,P,C,5,S,B,1,D,7,2,0,0,0,Not Applicable,Not Applicable,0,0,0,1,0,0,0,0,0,0,0,20,0,0,0,82,6,2,12,0,0,0,1,97,0,9,9,99,0,9,9,999,999,99,99,99,99,99,99,9999,99,9999,0,38,0,0,0,2,3,55,1,1,1,1,3,3,11,15,1,1,1,68,,,,1,0,,,,,,,,,,,,,,,,,,,,,,,,,2013
2013040470,4,40470,2,2,1,27,7,15,11,12,6,1,0,4,1,12,481,12481,31,2006,1FTSW21P86EB,1,F,T,S,W,2,1,P,8,6,E,B,0,0,0,Not Applicable,Not Applicable,0,0,0,1,0,0,0,0,0,0,0,50,0,1,1,12,6,2,12,0,0,0,1,4,85743,6,1,0,0,3,0,74,310,0,0,0,0,0,0,0,0,0,0,0,0,0,0,2,3,55,1,1,1,1,3,3,1,62,99,1,1,69,,,,0,0,,,,,,,,,,,,,,,,,,,,,,,,,2013
2013040471,4,40471,1,1,1,3,8,22,12,8,0,1,0,4,1,49,472,49472,30,1995,4TAUN61C1SZ0,4,T,A,U,N,6,1,C,1,S,Z,0,0,0,0,Not Applicable,Not Applicable,0,0,0,1,0,0,0,0,0,0,0,35,0,0,0,12,0,5,8,0,0,0,1,4,85711,6,1,0,0,3,0,67,185,0,0,0,1,0,6,2011,6,2011,0,0,0,0,0,5,4,35,1,1,2,1,0,0,1,80,1,1,1,13,,,,0,0,,,,,,,,,,,,,,,,,,,,,,,,,2013
2013040472,4,40472,1,2,2,13,8,20,49,12,6,1,0,4,1,20,2,20002,4,2008,2G1WB58N8892,2,G,1,W,B,5,8,N,8,8,9,2,0,0,0,Not Applicable,Not Applicable,0,0,0,1,0,0,0,0,0,0,0,15,0,0,0,9,6,2,12,0,0,0,1,4,85203,6,1,0,0,3,3,70,168,0,0,0,0,0,0,0,0,0,0,39,0,0,0,1,2,35,1,1,2,1,20,3,11,15,1,1,1,82,,,,2,0,,,,,,,,,,,,,,,,,,,,,,,,,2013
2013040472,4,40472,2,2,1,13,8,20,49,12,6,1,0,4,3,82,881,82881,66,2013,1FUJC5DV5DDB,1,F,U,J,C,5,D,V,5,D,D,B,1,1,57,01103909,5701103909,3,6,1,1,0,0,0,0,0,0,0,65,0,0,0,12,6,2,12,0,0,0,1,4,85901,6,1,6,0,3,3,74,280,0,0,0,0,0,0,0,0,0,0,0,0,0,0,2,2,65,1,1,2,1,0,0,1,67,1,1,1,83,,,,0,0,,,,,,,,,,,,,,,,,,,,,,,,,2013
2013040473,4,40473,1,1,1,20,8,13,0,30,0,1,0,4,1,12,37,12037,4,2003,1FAFP34PX3W2,1,F,A,F,P,3,4,P,X,3,W,2,0,0,0,Not Applicable,Not Applicable,0,0,0,1,0,0,0,0,0,0,0,998,0,1,5,12,6,2,1,0,0,0,1,4,85120,6,1,0,0,3,3,60,170,0,0,0,0,0,0,0,0,0,0,0,0,0,0,5,4,45,1,1,2,1,3,3,1,13,1,1,4,1,,,,1,0,,,,,,,,,,,,,,,,,,,,,,,,,2013
2013040474,4,40474,1,1,7,31,8,1,46,1,0,1,0,6,2,12,422,12422,15,2006,1FMPU15536LA,1,F,M,P,U,1,5,5,3,6,L,A,0,0,0,Not Applicable,Not Applicable,0,0,0,1,0,0,0,0,0,0,0,75,0,1,3,0,6,2,1,0,0,1,1,6,92336,6,1,0,0,3,0,73,195,0,0,0,0,1,1,2012,1,2012,9,99,99,99,99,2,2,75,1,1,2,1,0,0,1,12,99,9,4,10,,,,1,0,,,,,,,,,,,,,,,,,,,,,,,,,2013
2013040475,4,40475,1,1,1,30,8,1,52,52,0,1,0,4,1,20,481,20481,31,2007,1GCEC14X07Z1,1,G,C,E,C,1,4,X,0,7,Z,1,0,0,0,Not Applicable,Not Applicable,0,0,0,1,0,0,0,0,0,0,0,998,0,1,5,63,6,2,1,0,0,0,1,4,85203,6,1,0,0,3,0,70,215,0,0,0,0,0,0,0,0,0,9,99,99,99,99,3,4,65,1,1,2,1,0,0,1,9,99,3,4,2,,,,1,1,,,,,,,,,,,,,,,,,,,,,,,,,2013
2013040476,4,40476,1,2,1,1,7,12,18,12,6,1,0,4,1,24,1,24001,4,1996,1G8ZK5274TZ3,1,G,8,Z,K,5,2,7,4,T,Z,3,0,0,0,Not Applicable,Not Applicable,0,0,0,1,0,0,0,0,0,0,0,40,0,0,0,9,6,2,12,0,0,0,1,4,85015,6,1,0,0,3,0,69,200,0,6,0,0,0,7,2010,2,2013,0,48,0,0,0,5,4,40,1,1,2,1,0,0,11,10,1,1,2,72,,,,1,0,,,,,,,,,,,,,,,,,,,,,,,,,2013
2013040476,4,40476,2,2,1,1,7,12,18,12,6,1,0,4,1,12,481,12481,31,2010,1FTFW1CV4AFC,1,F,T,F,W,1,C,V,4,A,F,C,0,0,0,Not Applicable,Not Applicable,0,0,0,1,0,0,0,0,0,0,0,40,0,0,0,12,6,2,12,0,0,0,1,4,85132,6,1,0,0,3,0,72,215,0,0,0,0,0,0,0,0,0,0,0,0,0,0,5,4,40,1,1,2,1,0,0,1,61,3,2,1,73,,,,0,0,,,,,,,,,,,,,,,,,,,,,,,,,2013
2013040477,4,40477,1,1,1,3,7,4,1,8,0,1,0,4,1,20,481,20481,31,1976,CCL146S17152,C,C,L,1,4,6,S,1,7,1,5,2,0,0,0,Not Applicable,Not Applicable,0,0,0,1,0,0,0,0,0,0,0,46,0,0,0,12,2,5,8,0,0,0,1,4,85028,6,1,0,0,3,0,68,225,0,0,0,0,0,0,0,0,0,0,0,0,0,0,2,3,40,2,1,2,1,2,3,14,80,3,2,1,13,,,,0,0,,,,,,,,,,,,,,,,,,,,,,,,,2013
2013040478,4,40478,1,1,1,6,7,20,36,8,0,1,0,4,2,49,32,49032,4,1996,2T1BB02E5TC1,2,T,1,B,B,0,2,E,5,T,C,1,0,0,0,Not Applicable,Not Applicable,0,0,0,1,0,0,0,0,0,0,0,998,0,0,0,12,6,2,8,0,0,0,1,4,85015,6,7,0,0,2,2,65,223,0,0,0,0,0,0,0,0,0,0,73,0,0,0,5,5,40,1,1,2,1,0,0,1,80,1,1,1,13,,,,0,0,,,,,,,,,,,,,,,,,,,,,,,,,2013
2013040479,4,40479,1,1,1,6,7,8,54,14,0,1,0,4,1,76,706,76706,80,2003,JYARN10E83A0,J,Y,A,R,N,1,0,E,8,3,A,0,0,0,0,Not Applicable,Not Applicable,0,0,0,1,0,0,0,0,0,0,0,39,0,0,0,12,6,2,14,0,0,0,1,4,85303,6,1,6,0,2,0,68,175,0,0,0,2,0,1,2011,9,2012,4,0,0,0,0,1,2,25,3,1,2,1,0,0,14,11,1,1,4,11,,,,1,0,,,,,,,,,,,,,,,,,,,,,,,,,2013
2013040480,4,40480,1,1,1,14,7,99,99,99,99,1,9,99,9,99,999,99999,99,9999,Unknown,9,9,9,9,9,9,9,9,9,9,9,9,0,0,0,Not Applicable,Not Applicable,0,0,0,1,0,0,0,0,0,0,0,999,0,0,0,99,9,9,99,0,0,0,1,4,85534,6,1,0,0,3,0,75,220,0,1,1,1,0,11,2012,4,2013,9,99,99,99,99,9,9,99,9,9,9,99,99,9,99,99,99,9,9,99,,,,1,1,,,,,,,,,,,,,,,,,,,,,,,,,2013
2013040481,4,40481,1,1,1,16,7,5,45,8,0,1,0,4,1,49,32,49032,4,2003,1NXBR32E93Z1,1,N,X,B,R,3,2,E,9,3,Z,1,0,0,0,Not Applicable,Not Applicable,0,0,0,1,0,0,0,0,0,0,0,25,0,0,0,12,2,5,8,0,0,0,1,4,85051,6,1,0,0,3,0,59,135,0,0,0,0,0,0,0,0,0,0,0,0,0,0,1,2,25,1,1,2,1,0,0,1,80,1,1,1,13,,,,0,0,,,,,,,,,,,,,,,,,,,,,,,,,2013
2013040482,4,40482,1,2,1,17,7,10,30,12,2,1,0,4,1,12,17,12017,4,1997,1FALP52UXVA2,1,F,A,L,P,5,2,U,X,V,A,2,0,0,0,Not Applicable,Not Applicable,0,0,0,1,0,0,0,0,0,0,0,45,0,0,0,12,6,2,12,0,0,0,1,4,86031,6,1,0,0,3,3,72,260,0,0,0,0,0,0,0,0,0,0,28,0,0,0,5,4,45,1,1,2,1,0,0,1,10,1,1,2,50,,,,0,1,,,,,,,,,,,,,,,,,,,,,,,,,2013
2013040482,4,40482,2,2,3,17,7,10,30,12,2,1,0,48,1,20,23,20023,6,2010,3GNBABDB4AS5,3,G,N,B,A,B,D,B,4,A,S,5,0,0,0,Not Applicable,Not Applicable,0,0,0,1,0,0,0,0,0,0,0,45,0,0,0,12,6,2,12,0,0,0,1,48,78541,6,1,0,0,3,3,999,999,0,0,0,0,0,0,0,0,0,0,89,0,0,0,5,4,45,1,1,2,1,0,0,1,62,1,1,1,51,,,,1,0,,,,,,,,,,,,,,,,,,,,,,,,,2013
2013040483,4,40483,1,2,2,18,7,14,47,12,6,1,0,4,1,35,39,35039,4,2010,1N4AA5AP6AC8,1,N,4,A,A,5,A,P,6,A,C,8,0,0,0,Not Applicable,Not Applicable,0,0,0,1,0,0,0,0,0,0,0,21,0,0,0,81,6,2,12,0,0,0,1,4,85339,6,1,0,0,3,0,66,145,0,0,0,0,1,5,2011,5,2011,0,38,0,0,0,2,3,45,1,1,2,1,2,3,11,15,1,1,1,68,,,,1,0,,,,,,,,,,,,,,,,,,,,,,,,,2013
2013040483,4,40483,2,2,1,18,7,14,47,12,6,1,0,6,1,34,34,34034,4,2007,WBAVA33567PG,W,B,A,V,A,3,3,5,6,7,P,G,0,0,0,Not Applicable,Not Applicable,0,0,0,1,0,0,0,0,0,0,0,45,0,0,0,12,6,2,12,0,0,0,1,4,85016,6,1,0,0,3,0,67,120,0,0,0,0,0,0,0,0,0,0,0,0,0,0,2,3,45,1,1,2,1,2,3,1,62,1,1,1,69,,,,0,0,,,,,,,,,,,,,,,,,,,,,,,,,2013
2013040485,4,40485,1,1,2,21,7,99,99,1,0,1,1,99,9,99,999,99999,99,9999,Unknown,9,9,9,9,9,9,9,9,9,9,9,9,0,0,0,Not Applicable,Not Applicable,0,0,0,1,0,0,0,0,0,0,0,999,0,1,9,0,9,9,1,0,0,0,1,99,99999,9,9,99,0,9,9,999,999,99,99,99,99,99,99,9999,99,9999,9,99,99,99,99,9,9,99,9,9,9,99,99,9,99,99,99,9,9,99,,,,1,0,,,,,,,,,,,,,,,,,,,,,,,,,2013
2013040486,4,40486,1,1,2,22,7,18,24,9,0,1,0,4,1,7,482,7482,31,1996,3B7HF13Z2TG1,3,B,7,H,F,1,3,Z,2,T,G,1,0,0,0,Not Applicable,Not Applicable,0,0,0,1,0,0,0,0,0,0,0,998,0,0,0,12,8,3,9,35,0,0,1,4,85542,6,1,0,0,3,0,72,320,0,0,0,0,0,0,0,0,0,0,91,0,0,0,1,2,98,1,1,2,1,0,0,3,83,1,1,1,13,,,,0,1,,,,,,,,,,,,,,,,,,,,,,,,,2013
2013040487,4,40487,1,2,4,22,7,14,0,12,6,1,0,4,1,20,403,20403,14,2006,1GNDT13S7622,1,G,N,D,T,1,3,S,7,6,2,2,0,0,0,Not Applicable,Not Applicable,0,0,0,1,0,0,0,0,0,0,0,34,0,0,0,12,6,2,12,0,0,0,1,4,85041,6,1,0,0,3,0,61,145,0,0,0,1,0,6,2013,6,2013,3,39,0,0,0,5,4,35,1,1,2,1,2,3,2,17,4,9,1,88,,,,0,0,,,,,,,,,,,,,,,,,,,,,,,,,2013
2013040487,4,40487,2,2,2,22,7,14,0,12,6,1,0,4,1,7,442,7442,20,1999,1B4GP44RXXB6,1,B,4,G,P,4,4,R,X,X,B,6,0,0,0,Not Applicable,Not Applicable,0,0,0,1,0,0,0,0,0,0,0,53,0,1,9,61,6,2,12,0,0,0,1,4,85040,0,0,0,0,0,0,64,150,0,0,0,0,0,0,0,0,0,0,0,0,0,0,2,2,45,1,1,2,1,2,3,1,66,1,1,1,89,,,,1,0,,,,,,,,,,,,,,,,,,,,,,,,,2013
2013040488,4,40488,1,1,2,23,7,20,23,9,0,1,0,4,3,20,441,20441,20,2000,1GCDM19W4YB1,1,G,C,D,M,1,9,W,4,Y,B,1,0,0,0,Not Applicable,Not Applicable,0,0,0,1,0,0,0,0,0,0,0,33,0,0,0,12,4,3,9,0,0,0,1,4,85031,1,1,0,0,2,3,67,280,0,1,0,3,2,10,2011,6,2013,0,91,0,0,0,5,5,35,1,1,2,1,2,3,1,83,1,1,1,13,,,,0,0,,,,,,,,,,,,,,,,,,,,,,,,,2013
2013040489,4,40489,1,1,1,27,7,2,12,8,0,1,1,99,9,99,999,99999,99,9999,Unknown,9,9,9,9,9,9,9,9,9,9,9,9,0,0,0,Not Applicable,Not Applicable,0,0,0,1,0,0,0,0,0,0,0,998,0,0,0,12,9,5,8,0,0,0,1,99,99999,9,9,99,0,9,9,999,999,99,99,99,99,99,99,9999,99,9999,9,99,99,99,99,1,2,98,1,1,8,1,0,0,1,82,99,9,9,13,,,,0,0,,,,,,,,,,,,,,,,,,,,,,,,,2013
2013040490,4,40490,1,1,4,27,7,21,25,8,0,1,0,4,2,20,482,20482,31,2004,3GNEK12T94G1,3,G,N,E,K,1,2,T,9,4,G,1,0,0,0,Not Applicable,Not Applicable,0,0,0,1,0,0,0,0,0,0,0,40,0,0,0,12,2,5,8,0,0,0,1,4,85014,6,1,0,0,3,0,67,170,0,6,0,2,2,10,2010,7,2013,0,0,0,0,0,5,5,40,1,1,2,1,0,0,1,80,4,1,1,13,,,,0,0,,,,,,,,,,,,,,,,,,,,,,,,,2013
2013040491,4,40491,1,2,1,29,7,4,12,12,2,1,0,4,1,49,32,49032,4,2005,1NXBR32E15Z4,1,N,X,B,R,3,2,E,1,5,Z,4,0,0,0,Not Applicable,Not Applicable,0,0,0,1,0,0,0,0,0,0,0,46,0,0,0,12,6,2,12,0,0,0,1,4,85043,6,1,0,0,3,0,63,160,0,0,0,0,0,0,0,0,0,0,28,0,0,0,5,5,40,1,1,2,1,0,0,1,10,1,1,2,50,,,,1,1,,,,,,,,,,,,,,,,,,,,,,,,,2013
2013040491,4,40491,2,2,2,29,7,4,12,12,2,1,0,4,2,24,401,24401,14,2003,5GZCZ33D13S8,5,G,Z,C,Z,3,3,D,1,3,S,8,0,0,0,Not Applicable,Not Applicable,0,0,0,1,0,0,0,0,0,0,0,39,0,0,0,12,6,2,12,0,0,0,1,4,85017,6,1,0,0,3,0,71,150,0,0,0,0,0,0,0,0,0,0,0,0,0,0,5,5,40,1,1,2,1,0,0,1,62,8,1,3,51,,,,0,0,,,,,,,,,,,,,,,,,,,,,,,,,2013
2013040492,4,40492,1,1,2,29,7,18,14,1,0,1,9,99,9,99,999,99999,99,9999,Unknown,9,9,9,9,9,9,9,9,9,9,9,9,0,0,0,Not Applicable,Not Applicable,0,0,0,1,0,0,0,0,0,0,0,999,0,1,9,0,9,9,1,0,0,0,1,99,99999,9,9,99,0,9,9,999,999,99,99,99,99,99,99,9999,99,9999,9,99,99,99,99,9,9,99,9,9,9,99,99,9,99,99,99,9,9,99,,,,1,0,,,,,,,,,,,,,,,,,,,,,,,,,2013
2013040493,4,40493,1,1,3,30,7,3,14,1,0,1,9,4,9,20,443,20443,20,2001,1GNDX03E81D1,1,G,N,D,X,0,3,E,8,1,D,1,0,0,0,Not Applicable,Not Applicable,0,0,0,1,0,0,0,0,0,0,0,998,0,1,9,0,6,2,1,0,0,0,1,99,99999,9,9,99,0,9,9,999,999,99,99,99,99,99,99,9999,99,9999,5,99,99,99,99,8,8,98,8,8,5,98,0,0,99,6,99,9,9,99,,,,1,0,,,,,,,,,,,,,,,,,,,,,,,,,2013
2013040494,4,40494,1,4,1,11,8,13,26,12,1,1,0,4,1,20,481,20481,31,2009,1GCEC14XX9Z1,1,G,C,E,C,1,4,X,X,9,Z,1,0,0,0,Not Applicable,Not Applicable,0,0,0,1,0,0,0,0,0,0,0,50,0,0,0,12,6,2,12,0,0,0,1,4,85206,6,1,3,0,3,3,72,180,0,5,0,0,0,3,2012,4,2013,4,91,0,0,0,5,6,40,1,1,2,1,2,3,1,50,1,1,1,20,,,,0,0,,,,,,,,,,,,,,,,,,,,,,,,,2013
2013040494,4,40494,2,4,5,11,8,13,26,12,1,1,0,4,1,35,43,35043,4,2002,3N1AB51A72L7,3,N,1,A,B,5,1,A,7,2,L,7,0,0,0,Not Applicable,Not Applicable,0,0,0,1,0,0,0,0,0,0,0,0,0,0,0,6,6,2,12,0,0,0,1,4,85201,6,1,0,0,3,3,63,134,0,0,0,0,0,0,0,0,0,0,0,0,0,0,5,6,40,1,1,2,1,2,3,5,53,1,1,1,21,,,,1,0,,,,,,,,,,,,,,,,,,,,,,,,,2013
2013040494,4,40494,3,4,4,11,8,13,26,12,1,1,0,4,1,23,422,23422,15,2004,3GKFK16Z54G2,3,G,K,F,K,1,6,Z,5,4,G,2,0,0,0,Not Applicable,Not Applicable,0,0,0,1,0,0,0,0,0,0,0,0,0,0,0,82,4,8,12,0,0,0,1,4,85008,6,1,0,0,3,0,70,175,1,5,0,1,0,11,2011,9,2012,0,0,0,0,0,5,6,40,1,1,2,1,2,3,5,61,1,1,1,98,,,,0,0,,,,,,,,,,,,,,,,,,,,,,,,,2013
2013040494,4,40494,4,4,1,11,8,13,26,12,1,1,0,4,1,52,472,52472,31,2007,1Z7HC28K27S1,1,Z,7,H,C,2,8,K,2,7,S,1,0,0,0,Not Applicable,Not Applicable,0,0,0,1,0,0,0,0,0,0,0,40,0,0,0,83,4,8,12,0,0,0,1,4,85224,6,1,0,0,3,3,63,134,0,2,0,0,1,4,2012,10,2012,0,0,0,0,0,5,6,40,1,1,2,1,2,3,1,66,99,9,3,98,,,,0,0,,,,,,,,,,,,,,,,,,,,,,,,,2013
2013040495,4,40495,1,1,2,26,8,20,52,33,0,1,0,32,4,7,26,7026,4,2013,1C3CDZAB6DN5,1,C,3,C,D,Z,A,B,6,D,N,5,0,0,0,Not Applicable,Not Applicable,0,0,0,1,0,0,0,0,0,0,0,55,0,0,0,12,6,2,30,0,0,1,1,4,85043,6,1,0,0,3,3,70,170,1,0,0,0,0,8,2013,8,2013,4,0,0,0,0,3,2,25,1,1,2,1,2,3,1,6,3,2,4,2,,,,1,1,,,,,,,,,,,,,,,,,,,,,,,,,2013
2013040496,4,40496,1,4,1,18,7,15,38,12,1,1,0,4,3,20,481,20481,31,2007,1GCEC14X27Z6,1,G,C,E,C,1,4,X,2,7,Z,6,0,0,0,Not Applicable,Not Applicable,0,0,0,1,0,0,0,0,0,0,0,55,0,0,0,12,6,2,12,0,0,0,1,4,85048,6,1,0,0,3,0,74,140,0,0,0,0,0,0,0,0,0,4,0,0,0,0,3,6,65,1,1,2,1,0,0,1,50,4,9,1,20,,,,0,0,,,,,,,,,,,,,,,,,,,,,,,,,2013
2013040496,4,40496,2,4,1,18,7,15,38,12,1,1,0,4,1,37,39,37039,5,2007,JHMGD386X7S0,J,H,M,G,D,3,8,6,X,7,S,0,0,0,0,Not Applicable,Not Applicable,0,0,0,1,0,0,0,0,0,0,0,0,0,0,0,6,6,2,12,0,0,0,1,4,85304,6,1,0,0,3,0,68,300,0,0,0,0,0,0,0,0,0,0,0,0,0,0,3,6,65,1,1,2,1,0,0,5,53,1,1,1,21,,,,1,1,,,,,,,,,,,,,,,,,,,,,,,,,2013
2013040496,4,40496,3,4,1,18,7,15,38,12,1,1,0,4,1,37,32,37032,2,2003,1HGCM72283A0,1,H,G,C,M,7,2,2,8,3,A,0,0,0,0,Not Applicable,Not Applicable,0,0,0,1,0,0,0,0,0,0,0,0,0,0,0,6,6,2,12,0,0,0,1,4,85142,6,1,0,0,3,3,67,177,0,0,0,0,0,0,0,0,0,0,0,0,0,0,3,6,65,1,1,2,1,0,0,5,50,1,1,1,98,,,,0,0,,,,,,,,,,,,,,,,,,,,,,,,,2013
2013040496,4,40496,4,4,1,18,7,15,38,12,1,1,0,4,1,37,421,37421,15,2003,2HKYF18553H5,2,H,K,Y,F,1,8,5,5,3,H,5,0,0,0,Not Applicable,Not Applicable,0,0,0,1,0,0,0,0,0,0,0,0,0,0,0,6,4,5,12,0,0,0,1,4,85048,6,1,0,0,3,0,63,145,0,0,0,0,0,0,0,0,0,0,0,0,0,0,3,6,65,1,1,2,1,0,0,5,50,1,1,1,98,,,,0,0,,,,,,,,,,,,,,,,,,,,,,,,,2013
2013040497,4,40497,1,2,2,3,8,18,24,12,7,1,0,4,2,12,481,12481,31,2002,1FTNW21F72EA,1,F,T,N,W,2,1,F,7,2,E,A,0,0,0,Not Applicable,Not Applicable,0,0,0,1,0,0,0,0,0,0,0,998,0,1,3,63,6,2,1,0,0,0,1,4,85122,6,1,6,0,3,0,70,200,0,0,0,0,0,0,0,0,0,4,80,0,0,0,2,2,75,1,1,2,1,0,0,1,1,1,9,2,45,,,,1,0,,,,,,,,,,,,,,,,,,,,,,,,,2013
2013040497,4,40497,2,2,1,3,8,18,24,12,7,1,0,4,1,20,16,20016,4,2004,1G1JC52F4473,1,G,1,J,C,5,2,F,4,4,7,3,0,0,0,Not Applicable,Not Applicable,0,0,0,1,0,0,0,0,0,0,0,998,0,0,0,82,6,2,12,0,0,0,1,4,85051,6,1,6,0,3,3,69,181,0,0,0,0,0,0,0,0,0,0,0,0,0,0,2,2,75,1,1,2,1,0,0,1,61,1,1,1,44,,,,0,0,,,,,,,,,,,,,,,,,,,,,,,,,2013
2013040498,4,40498,1,2,2,15,8,18,45,12,6,1,0,92,0,99,998,99998,97,9999,Unknown,9,9,9,9,9,9,9,9,9,9,9,9,0,0,0,Not Applicable,Not Applicable,0,0,0,1,0,0,0,0,0,0,0,10,3,0,0,62,6,2,12,0,0,0,1,4,86426,6,1,0,0,3,3,69,150,0,0,0,1,0,11,2010,11,2010,0,89,39,0,0,1,2,25,1,1,2,1,20,3,1,17,1,1,1,89,,,,1,0,,,,,,,,,,,,,,,,,,,,,,,,,2013
2013040498,4,40498,2,2,1,15,8,18,45,12,6,1,0,4,1,2,404,2404,14,2004,1J4GW58N34C2,1,J,4,G,W,5,8,N,3,4,C,2,0,0,0,Not Applicable,Not Applicable,0,0,0,1,0,0,0,0,0,0,0,25,0,0,0,12,4,5,12,0,0,0,1,4,86426,6,1,0,0,3,3,65,200,0,0,0,0,1,1,2011,1,2011,0,0,0,0,0,1,2,25,1,1,2,1,0,0,1,66,1,1,1,88,,,,0,0,,,,,,,,,,,,,,,,,,,,,,,,,2013
2013040499,4,40499,1,1,1,19,8,17,27,9,0,1,0,4,1,12,481,12481,31,1994,1FTEF15N9RLB,1,F,T,E,F,1,5,N,9,R,L,B,0,0,0,Not Applicable,Not Applicable,0,0,0,1,0,0,0,0,0,0,0,40,0,0,0,12,4,5,9,0,0,0,1,4,85029,0,0,0,0,0,0,999,999,0,0,0,0,0,0,0,0,0,0,0,0,0,0,5,5,40,1,1,2,1,0,0,1,83,3,2,1,13,,,,0,0,,,,,,,,,,,,,,,,,,,,,,,,,2013
2013040500,4,40500,1,2,1,1,8,8,12,12,6,1,0,4,2,35,421,35421,15,2010,5N1AA0ND1AN6,5,N,1,A,A,0,N,D,1,A,N,6,0,0,0,Not Applicable,Not Applicable,0,0,0,1,0,0,0,0,0,0,0,998,0,0,0,62,6,2,12,0,0,0,1,4,85085,6,1,0,0,3,0,75,185,0,0,0,0,0,0,0,0,0,0,38,0,0,0,1,2,25,1,1,2,1,20,3,11,15,1,1,1,82,,,,0,0,,,,,,,,,,,,,,,,,,,,,,,,,2013
2013040500,4,40500,2,2,1,1,8,8,12,12,6,1,0,4,2,72,706,72706,80,2005,1HD1GMW115K3,1,H,D,1,G,M,W,1,1,5,K,3,0,0,0,Not Applicable,Not Applicable,0,0,0,1,0,0,0,0,0,0,0,998,0,0,0,12,6,2,12,0,0,0,1,4,85085,6,1,0,0,3,3,69,185,0,0,0,0,0,0,0,0,0,0,0,0,0,0,2,2,55,1,1,2,1,0,0,1,67,3,9,1,83,,,,1,0,,,,,,,,,,,,,,,,,,,,,,,,,2013
2013040501,4,40501,1,3,1,31,8,13,17,12,6,1,0,4,2,49,402,49402,14,2010,JTMBF4DV4AD0,J,T,M,B,F,4,D,V,4,A,D,0,0,0,0,Not Applicable,Not Applicable,0,0,0,1,0,0,0,0,0,0,0,998,0,1,1,62,6,2,1,0,0,0,1,4,85743,6,1,0,0,3,0,67,107,0,0,0,0,0,0,0,0,0,0,38,0,0,0,1,2,25,1,1,2,1,20,3,11,15,1,1,1,82,,,,0,0,,,,,,,,,,,,,,,,,,,,,,,,,2013
2013040501,4,40501,2,3,4,31,8,13,17,12,6,1,0,4,1,35,401,35401,14,2008,5N1AR18U98C6,5,N,1,A,R,1,8,U,9,8,C,6,0,0,0,Not Applicable,Not Applicable,0,0,0,1,0,0,0,0,0,0,0,998,0,0,0,12,6,2,12,0,0,0,1,4,85714,6,1,0,0,3,0,67,160,0,0,0,0,0,0,0,0,0,0,0,0,0,0,5,2,30,1,1,2,1,0,0,1,67,99,9,1,83,,,,1,0,,,,,,,,,,,,,,,,,,,,,,,,,2013