accident_id,STATE,ST_CASE,VEH_NO,VE_FORMS,NUMOCCS,DAY,MONTH,HOUR,MINUTE,HARM_EV,MAN_COLL,UNITTYPE,HIT_RUN,REG_STAT,OWNER,MAKE,MODEL,MAK_MOD,BODY_TYP,MOD_YEAR,VIN,VIN_1,VIN_2,VIN_3,VIN_4,VIN_5,VIN_6,VIN_7,VIN_8,VIN_9,VIN_10,VIN_11,VIN_12,TOW_VEH,J_KNIFE,MCARR_I1,MCARR_I2,MCARR_ID,GVWR,V_CONFIG,CARGO_BT,HAZ_INV,HAZ_PLAC,HAZ_ID,HAZ_CNO,HAZ_REL,BUS_USE,SPEC_USE,EMER_USE,TRAV_SP,UNDERIDE,ROLLOVER,ROLINLOC,IMPACT1,DEFORMED,TOWED,M_HARM,VEH_SC1,VEH_SC2,FIRE_EXP,DR_PRES,L_STATE,DR_ZIP,L_STATUS,L_TYPE,CDL_STAT,L_ENDORS,L_COMPL,L_RESTRI,DR_HGT,DR_WGT,PREV_ACC,PREV_SUS,PREV_DWI,PREV_SPD,PREV_OTH,FIRST_MO,FIRST_YR,LAST_MO,LAST_YR,SPEEDREL,DR_SF1,DR_SF2,DR_SF3,DR_SF4,VTRAFWAY,VNUM_LAN,VSPD_LIM,VALIGN,VPROFILE,VPAVETYP,VSURCOND,VTRAFCON,VTCONT_F,P_CRASH1,P_CRASH2,P_CRASH3,PCRASH4,PCRASH5,ACC_TYPE,TRLR1VIN,TRLR2VIN,TRLR3VIN,DEATHS,DR_DRINK,VINTYPE,VINMAKE,VINA_MOD,VIN_BT,VINMODYR,VIN_LNGT,VIN_WGT,WGTCD_TR,WHLBS_LG,WHLBS_SH,SER_TR,FUELCODE,MCYCL_DS,CARBUR,CYLINDER,DISPLACE,MCYCL_CY,MCYCL_WT,TIRE_SZE,TON_RAT,TRK_WT,TRKWTVAR,VIN_REST,WHLDRWHL,Year
2013040501,4,40501,3,3,1,31,8,13,17,12,6,1,0,4,1,35,472,35472,30,2012,1N6AD0FR6CC4,1,N,6,A,D,0,F,R,6,C,C,4,0,0,0,Not Applicable,Not Applicable,0,0,0,1,0,0,0,0,0,0,0,998,0,0,0,99,4,8,12,0,0,0,1,4,85743,6,1,0,0,3,0,64,170,0,0,0,1,0,7,2013,7,2013,0,0,0,0,0,5,2,30,1,1,2,1,0,0,1,62,99,9,1,98,,,,0,0,,,,,,,,,,,,,,,,,,,,,,,,,2013
2013040502,4,40502,1,1,1,17,8,4,52,15,0,1,1,4,2,35,47,35047,4,2003,1N4AL11E33C2,1,N,4,A,L,1,1,E,3,3,C,2,0,0,0,Not Applicable,Not Applicable,0,0,0,1,0,0,0,0,0,0,0,40,0,0,0,12,4,5,15,0,0,0,1,4,85364,2,1,0,0,2,0,70,195,0,3,1,0,0,4,2012,7,2012,0,91,39,0,0,5,3,40,1,1,2,1,2,3,1,80,1,1,1,13,,,,0,0,,,,,,,,,,,,,,,,,,,,,,,,,2013
2013040503,4,40503,1,2,2,1,9,20,35,12,6,1,0,4,2,22,18,22018,4,2005,1G2NE52E95M1,1,G,2,N,E,5,2,E,9,5,M,1,0,0,0,Not Applicable,Not Applicable,0,0,0,1,0,0,0,0,0,0,0,15,0,0,0,83,4,5,12,0,0,0,1,4,85713,6,1,0,0,3,0,63,120,0,0,0,0,0,0,0,0,0,0,48,0,0,0,2,3,40,1,1,2,1,0,0,12,19,1,1,1,98,,,,0,0,,,,,,,,,,,,,,,,,,,,,,,,,2013
2013040503,4,40503,2,2,1,1,9,20,35,12,6,1,0,4,1,72,706,72706,80,2006,1HD1GP1126K3,1,H,D,1,G,P,1,1,2,6,K,3,0,0,0,Not Applicable,Not Applicable,0,0,0,1,0,0,0,0,0,0,0,35,0,0,0,12,4,3,12,0,0,0,1,4,85711,6,1,0,0,3,0,73,175,0,0,0,0,0,0,0,0,0,0,0,0,0,0,2,3,40,1,1,2,1,0,0,1,62,1,1,1,98,,,,1,1,,,,,,,,,,,,,,,,,,,,,,,,,2013
2013040504,4,40504,1,1,1,1,9,23,41,35,0,1,0,4,1,20,471,20471,30,1989,1GCBS14Z7K21,1,G,C,B,S,1,4,Z,7,K,2,1,0,0,0,Not Applicable,Not Applicable,0,0,0,1,0,0,0,0,0,0,0,80,0,1,5,12,6,2,1,0,0,0,1,4,86413,6,1,0,0,3,0,67,165,0,0,0,0,0,0,0,0,0,4,0,0,0,0,1,2,45,3,1,2,1,0,0,14,11,99,4,4,7,,,,1,1,,,,,,,,,,,,,,,,,,,,,,,,,2013
2013040505,4,40505,1,2,2,4,9,9,51,12,99,1,0,4,3,52,401,52401,14,2001,JA4MW51R31J0,J,A,4,M,W,5,1,R,3,1,J,0,0,0,0,Not Applicable,Not Applicable,0,0,0,1,0,0,0,0,0,0,0,50,0,1,1,99,6,2,2,0,0,1,1,4,85142,6,1,0,0,3,3,68,140,0,0,0,0,0,0,0,0,0,9,99,99,99,99,2,2,50,1,1,2,1,0,0,1,9,99,9,6,98,,,,2,0,,,,,,,,,,,,,,,,,,,,,,,,,2013
2013040505,4,40505,2,2,2,4,9,9,51,12,99,1,0,53,1,42,48,42048,4,2008,WDBUF56X98B3,W,D,B,U,F,5,6,X,9,8,B,3,0,0,0,Not Applicable,Not Applicable,0,0,0,1,0,0,0,0,0,0,0,50,0,0,0,12,6,2,12,0,0,0,1,53,98548,6,1,0,0,3,0,67,174,0,0,0,0,0,0,0,0,0,0,0,0,0,0,2,2,50,1,1,2,1,0,0,1,62,99,9,1,98,,,,1,0,,,,,,,,,,,,,,,,,,,,,,,,,2013
2013040506,4,40506,1,5,1,7,9,11,56,12,1,1,0,4,4,98,806,98806,62,2012,5PVNJ8JT7C4S,5,P,V,N,J,8,J,T,7,C,4,S,0,0,57,1412572,571412572,2,1,1,1,0,0,0,0,0,0,0,55,0,0,0,12,6,2,12,0,0,0,1,2,99833,6,1,0,0,2,0,71,200,0,0,0,0,3,9,2011,5,2013,4,0,0,0,0,2,2,75,1,1,2,1,0,0,1,59,1,1,1,33,,,,0,0,,,,,,,,,,,,,,,,,,,,,,,,,2013
2013040506,4,40506,2,5,1,7,9,11,56,12,1,1,0,4,1,20,2,20002,4,2002,2G1WH55K0293,2,G,1,W,H,5,5,K,0,2,9,3,0,0,0,Not Applicable,Not Applicable,0,0,0,1,0,0,0,0,0,0,0,998,0,0,0,6,6,2,12,0,0,0,1,4,85050,6,1,0,0,3,0,63,125,0,0,0,0,0,0,0,0,0,0,0,0,0,0,2,2,75,1,1,2,1,0,0,99,53,1,1,1,33,,,,1,0,,,,,,,,,,,,,,,,,,,,,,,,,2013
2013040506,4,40506,3,5,2,7,9,11,56,12,1,1,0,4,1,30,42,30042,3,2010,WVWBB7AJ9AW4,W,V,W,B,B,7,A,J,9,A,W,4,0,0,0,Not Applicable,Not Applicable,0,0,0,1,0,0,0,0,0,0,0,0,0,0,0,6,6,2,12,0,0,0,1,4,85304,6,1,0,0,3,3,72,175,0,0,0,0,0,0,0,0,0,0,0,0,0,0,2,2,75,1,1,2,1,0,0,5,53,1,1,1,98,,,,0,0,,,,,,,,,,,,,,,,,,,,,,,,,2013
2013040506,4,40506,4,5,2,7,9,11,56,12,1,1,0,4,1,53,404,53404,14,2006,JS3TD9432641,J,S,3,T,D,9,4,3,2,6,4,1,0,0,0,Not Applicable,Not Applicable,0,0,0,1,0,0,0,0,0,0,0,998,0,0,0,6,6,2,12,0,0,0,1,4,86326,6,1,6,0,3,0,65,190,0,0,0,0,0,0,0,0,0,0,0,0,0,0,2,2,75,1,1,2,1,0,0,3,53,10,1,4,98,,,,0,0,,,,,,,,,,,,,,,,,,,,,,,,,2013
2013040506,4,40506,5,5,3,7,9,11,56,12,1,1,0,4,2,36,38,36038,3,2012,3C3CFFBR8CT2,3,C,3,C,F,F,B,R,8,C,T,2,0,0,0,Not Applicable,Not Applicable,0,0,0,1,0,0,0,0,0,0,0,0,0,0,0,6,6,2,12,0,0,0,1,4,85243,6,1,0,0,3,3,68,150,0,0,0,0,0,0,0,0,0,0,0,0,0,0,2,2,75,1,1,2,1,0,0,5,53,1,1,1,98,,,,0,0,,,,,,,,,,,,,,,,,,,,,,,,,2013
2013040507,4,40507,1,2,1,7,9,16,43,12,99,1,0,4,1,72,706,72706,80,1999,1HD1DJV19XY6,1,H,D,1,D,J,V,1,9,X,Y,6,0,0,0,Not Applicable,Not Applicable,0,0,0,1,0,0,0,0,0,0,0,998,0,0,0,99,6,2,12,0,0,0,1,4,85735,6,1,6,0,3,3,69,170,0,0,0,0,0,0,0,0,0,0,35,0,0,0,1,2,98,1,1,2,1,0,0,6,11,99,9,3,99,,,,0,1,,,,,,,,,,,,,,,,,,,,,,,,,2013
2013040507,4,40507,2,2,1,7,9,16,43,12,99,1,0,4,2,76,706,76706,80,2004,JYAVP17E04A0,J,Y,A,V,P,1,7,E,0,4,A,0,0,0,0,Not Applicable,Not Applicable,0,0,0,1,0,0,0,0,0,0,0,998,0,0,0,99,6,2,12,0,0,0,1,4,85735,6,1,0,0,3,0,73,250,0,0,0,0,0,0,0,0,0,0,0,0,0,0,1,2,98,1,1,2,1,0,0,1,60,1,1,1,99,,,,1,0,,,,,,,,,,,,,,,,,,,,,,,,,2013
2013040508,4,40508,1,2,1,7,9,19,13,12,6,1,0,4,1,37,706,37706,80,2002,JH2SC50022M0,J,H,2,S,C,5,0,0,2,2,M,0,0,0,0,Not Applicable,Not Applicable,0,0,0,1,0,0,0,0,0,0,0,998,0,0,0,12,6,2,12,0,0,0,1,4,85143,6,1,0,0,3,0,72,155,0,0,0,1,1,3,2011,9,2012,0,99,99,99,99,2,2,45,1,1,2,1,2,3,1,62,3,2,1,69,,,,1,0,,,,,,,,,,,,,,,,,,,,,,,,,2013
2013040508,4,40508,2,2,3,7,9,19,13,12,6,1,0,4,1,37,441,37441,20,2004,5FNRL18654B0,5,F,N,R,L,1,8,6,5,4,B,0,0,0,0,Not Applicable,Not Applicable,0,0,0,1,0,0,0,0,0,0,0,10,0,0,0,83,6,2,12,0,0,0,1,4,85234,6,1,0,0,3,0,67,145,0,0,0,1,0,6,2011,6,2011,0,89,0,0,0,2,3,45,1,1,2,1,2,3,11,15,1,1,1,68,,,,0,0,,,,,,,,,,,,,,,,,,,,,,,,,2013
2013040509,4,40509,1,1,1,6,9,23,34,42,0,1,0,4,1,2,404,2404,14,1988,1JCMT7849JT2,1,J,C,M,T,7,8,4,9,J,T,2,0,0,0,Not Applicable,Not Applicable,0,0,0,1,0,0,0,0,0,0,0,998,0,1,5,12,6,2,1,0,0,1,1,4,85390,6,1,0,0,3,0,62,250,0,5,1,0,1,8,2011,8,2013,4,99,99,99,99,1,2,65,1,1,2,1,0,0,1,13,1,1,4,1,,,,1,1,,,,,,,,,,,,,,,,,,,,,,,,,2013
2013040510,4,40510,1,1,9,8,9,12,25,30,0,1,0,4,2,20,481,20481,31,2007,2GCEC13V3711,2,G,C,E,C,1,3,V,3,7,1,1,0,0,0,Not Applicable,Not Applicable,0,0,0,1,0,0,0,0,0,0,0,998,0,1,5,99,6,2,1,0,0,0,1,4,85033,6,1,3,0,3,0,66,150,0,0,0,0,0,0,0,0,0,0,85,0,0,0,6,2,65,2,1,2,2,0,0,14,13,7,9,4,3,,,,1,0,,,,,,,,,,,,,,,,,,,,,,,,,2013
2013040511,4,40511,1,3,1,10,9,16,32,12,6,1,0,4,2,35,39,35039,4,1995,JN1CA21D7ST0,J,N,1,C,A,2,1,D,7,S,T,0,0,0,0,Not Applicable,Not Applicable,0,0,0,1,0,0,0,0,0,0,0,55,0,0,0,81,6,2,12,0,0,0,1,4,85208,6,1,0,0,3,0,68,195,0,0,0,0,0,0,0,0,0,0,28,58,0,0,1,2,55,3,1,2,1,40,3,14,9,6,4,2,64,,,,1,0,,,,,,,,,,,,,,,,,,,,,,,,,2013
2013040511,4,40511,2,3,3,10,9,16,32,12,6,1,0,4,3,12,481,12481,31,2013,1FTFW1ET7DFA,1,F,T,F,W,1,E,T,7,D,F,A,0,0,0,Not Applicable,Not Applicable,0,0,0,1,0,0,0,0,0,0,0,55,0,0,0,12,6,2,12,0,0,0,1,4,85212,6,1,0,0,3,0,70,160,0,0,0,0,0,0,0,0,0,0,0,0,0,0,1,2,55,2,1,2,1,40,3,14,62,7,1,3,65,,,,1,0,,,,,,,,,,,,,,,,,,,,,,,,,2013
2013040511,4,40511,3,3,1,10,9,16,32,12,6,1,0,4,3,20,481,20481,31,2011,1GC2CXCG7BZ3,1,G,C,2,C,X,C,G,7,B,Z,3,0,0,0,Not Applicable,Not Applicable,0,0,0,1,0,0,0,0,0,0,0,55,0,0,0,12,2,5,54,0,0,0,1,4,85029,6,1,0,0,3,0,75,275,0,0,0,1,0,11,2011,11,2011,0,0,0,0,0,1,2,55,2,1,2,1,40,3,14,62,6,1,2,98,,,,0,0,,,,,,,,,,,,,,,,,,,,,,,,,2013
2013040513,4,40513,1,1,1,12,9,5,0,1,0,1,0,92,0,7,482,7482,31,1998,1B7MF336XWJ2,1,B,7,M,F,3,3,6,X,W,J,2,0,0,0,Not Applicable,Not Applicable,0,0,0,1,0,0,0,0,0,0,0,50,0,1,5,0,6,2,1,0,0,0,1,4,85365,0,0,0,0,0,0,70,210,0,0,0,1,0,7,2012,7,2012,0,0,0,0,0,1,2,65,1,1,4,1,0,0,1,12,1,1,4,6,,,,1,1,,,,,,,,,,,,,,,,,,,,,,,,,2013
2013040516,4,40516,1,2,1,13,9,18,39,9,0,1,0,4,1,12,4,12004,2,1995,1FALP62W3SH1,1,F,A,L,P,6,2,W,3,S,H,1,0,0,0,Not Applicable,Not Applicable,0,0,0,1,0,0,0,0,0,0,0,55,0,0,0,12,2,5,9,0,0,0,1,4,86401,6,1,0,0,3,0,70,245,0,0,0,0,0,0,0,0,0,0,0,0,0,0,2,2,55,1,1,2,1,0,0,1,83,3,2,1,13,,,,0,0,,,,,,,,,,,,,,,,,,,,,,,,,2013
2013040516,4,40516,2,2,1,13,9,18,39,9,0,1,0,4,2,35,471,35471,30,1992,1N6SD11S9NC3,1,N,6,S,D,1,1,S,9,N,C,3,0,0,0,Not Applicable,Not Applicable,0,0,0,1,0,0,0,0,0,0,0,55,0,0,0,12,4,5,9,0,0,0,1,4,86434,6,1,6,0,3,0,72,190,0,0,0,1,0,4,2013,4,2013,0,0,0,0,0,2,2,55,1,1,2,1,0,0,1,82,3,2,1,98,,,,0,0,,,,,,,,,,,,,,,,,,,,,,,,,2013
2013040517,4,40517,1,1,1,13,9,19,8,8,0,1,1,99,9,99,999,99999,99,9999,Unknown,9,9,9,9,9,9,9,9,9,9,9,9,0,0,0,Not Applicable,Not Applicable,0,0,0,1,0,0,0,0,0,0,0,40,0,0,0,12,9,5,8,0,0,0,1,99,99999,9,9,99,0,9,9,999,999,99,99,99,99,99,99,9999,99,9999,9,99,99,99,99,2,3,40,2,9,2,1,0,0,14,80,99,9,3,13,,,,0,0,,,,,,,,,,,,,,,,,,,,,,,,,2013
2013040518,4,40518,1,3,1,14,9,5,3,12,1,1,0,4,1,7,25,7025,5,2010,1B3CB4HA0AD5,1,B,3,C,B,4,H,A,0,A,D,5,0,0,0,Not Applicable,Not Applicable,0,0,0,1,0,0,0,0,0,0,0,998,0,0,0,12,6,2,12,0,0,0,1,4,85048,6,1,0,0,3,0,74,220,0,0,0,0,0,0,0,0,0,4,0,0,0,0,3,5,65,1,1,2,1,0,0,1,51,99,1,1,24,,,,1,1,,,,,,,,,,,,,,,,,,,,,,,,,2013
2013040518,4,40518,2,3,1,14,9,5,3,12,1,1,0,48,3,84,881,84881,66,2005,1HSMKAAN65H1,1,H,S,M,K,A,A,N,6,5,H,1,1,1,57,154091,57154091,3,6,1,1,0,0,0,0,0,0,0,50,0,0,0,6,6,2,12,0,0,0,1,4,85042,6,1,6,0,3,0,74,230,0,2,0,0,0,6,2011,7,2011,0,0,0,0,0,3,5,65,1,1,2,1,0,0,1,53,1,1,1,25,,,,0,0,,,,,,,,,,,,,,,,,,,,,,,,,2013
2013040518,4,40518,3,3,1,14,9,5,3,12,1,1,0,4,1,6,43,6043,1,2006,1C3EL55R16N1,1,C,3,E,L,5,5,R,1,6,N,1,0,0,0,Not Applicable,Not Applicable,0,0,0,1,0,0,0,0,0,0,0,63,0,0,0,12,4,3,54,0,0,0,1,4,85210,6,1,0,0,3,0,65,185,0,0,0,0,0,0,0,0,0,0,0,0,0,0,3,5,65,1,1,2,1,0,0,1,90,1,1,1,98,,,,0,0,,,,,,,,,,,,,,,,,,,,,,,,,2013
2013040519,4,40519,1,1,3,13,9,22,52,59,0,1,0,4,2,7,25,7025,5,2009,1B3HB48A39D1,1,B,3,H,B,4,8,A,3,9,D,1,0,0,0,Not Applicable,Not Applicable,0,0,0,1,0,0,0,0,0,0,0,71,0,1,6,12,6,2,1,0,0,0,1,4,85037,6,1,0,0,3,0,67,150,0,0,0,0,0,0,0,0,0,4,91,0,0,0,1,2,35,1,1,5,1,40,3,1,14,1,1,4,14,,,,1,1,,,,,,,,,,,,,,,,,,,,,,,,,2013
2013040520,4,40520,1,2,3,14,9,20,22,12,6,1,0,4,2,20,471,20471,30,2002,1GCCS1458282,1,G,C,C,S,1,4,5,8,2,8,2,0,0,0,Not Applicable,Not Applicable,0,0,0,1,0,0,0,0,0,0,0,998,0,0,0,81,6,2,12,0,0,0,1,4,85392,6,1,0,0,3,0,71,130,0,0,0,0,0,0,0,0,0,0,38,0,0,0,1,2,98,1,1,2,1,20,3,1,17,1,1,1,87,,,,1,0,,,,,,,,,,,,,,,,,,,,,,,,,2013
2013040520,4,40520,2,2,3,14,9,20,22,12,6,1,0,96,1,12,422,12422,15,2006,1FMPU15556LA,1,F,M,P,U,1,5,5,5,6,L,A,0,0,0,Not Applicable,Not Applicable,0,0,0,1,0,0,0,0,0,0,0,998,0,0,0,12,6,2,12,0,0,0,1,96,0,9,9,99,0,9,9,999,999,99,99,99,99,99,99,9999,99,9999,0,0,0,0,0,2,2,55,1,1,2,1,0,0,1,66,1,1,1,86,,,,0,0,,,,,,,,,,,,,,,,,,,,,,,,,2013
2013040521,4,40521,1,1,5,14,9,23,33,35,0,1,0,4,2,19,18,19018,4,2003,1G6DM57N3301,1,G,6,D,M,5,7,N,3,3,0,1,0,0,0,Not Applicable,Not Applicable,0,0,0,1,0,0,0,0,0,0,0,65,0,1,5,61,6,2,1,0,0,0,1,4,85031,6,1,0,0,3,3,71,134,0,0,0,2,4,1,2013,7,2013,4,0,0,0,0,2,2,65,1,4,2,1,0,0,1,6,1,3,4,2,,,,2,0,,,,,,,,,,,,,,,,,,,,,,,,,2013
2013040522,4,40522,1,1,1,15,9,4,13,8,0,1,0,53,1,49,441,49441,20,1992,JT3AC21S8N10,J,T,3,A,C,2,1,S,8,N,1,0,0,0,0,Not Applicable,Not Applicable,0,0,0,1,0,0,0,0,0,0,0,60,0,0,0,12,6,2,8,0,0,0,1,4,86413,6,1,0,0,3,0,66,150,0,0,0,0,0,0,0,0,0,0,89,0,0,0,5,4,55,1,5,2,1,0,0,1,80,1,1,1,13,,,,0,0,,,,,,,,,,,,,,,,,,,,,,,,,2013
2013040523,4,40523,1,2,1,15,9,8,2,12,1,1,0,4,1,22,22,22022,4,2005,1G2ZG528X541,1,G,2,Z,G,5,2,8,X,5,4,1,0,0,0,Not Applicable,Not Applicable,0,0,0,1,0,0,0,0,0,0,0,65,0,0,0,12,6,2,12,0,0,0,1,4,85712,6,1,0,0,3,3,77,220,0,0,0,0,0,0,0,0,0,4,0,0,0,0,2,2,65,1,1,2,1,0,0,1,51,1,1,1,24,,,,0,1,,,,,,,,,,,,,,,,,,,,,,,,,2013
2013040523,4,40523,2,2,3,15,9,8,2,12,1,1,0,4,2,49,471,49471,32,1989,JT4VN01D8K00,J,T,4,V,N,0,1,D,8,K,0,0,0,0,0,Not Applicable,Not Applicable,0,0,0,1,0,0,0,0,0,0,0,60,0,1,1,6,6,2,1,0,0,0,1,4,85641,6,1,6,0,3,3,71,180,0,0,0,0,1,5,2013,5,2013,0,0,0,0,0,2,2,65,1,1,2,1,0,0,1,53,1,1,1,25,,,,1,0,,,,,,,,,,,,,,,,,,,,,,,,,2013
2013040524,4,40524,1,2,5,15,9,14,46,12,6,1,0,4,1,14,21,14021,4,2007,3MEHM02157R6,3,M,E,H,M,0,2,1,5,7,R,6,0,0,0,Not Applicable,Not Applicable,0,0,0,1,0,0,0,0,0,0,0,40,0,0,0,62,6,2,12,0,0,0,1,4,85387,6,1,0,0,3,3,60,185,0,0,0,0,0,0,0,0,0,0,39,0,0,0,1,2,40,1,1,2,1,3,3,1,17,1,1,1,89,,,,1,0,,,,,,,,,,,,,,,,,,,,,,,,,2013
2013040524,4,40524,2,2,1,15,9,14,46,12,6,1,0,4,2,41,50,41050,4,2006,1YVHP80D265M,1,Y,V,H,P,8,0,D,2,6,5,M,0,0,0,Not Applicable,Not Applicable,0,0,0,1,0,0,0,0,0,0,0,40,0,0,0,12,6,2,12,0,0,0,1,4,85388,6,1,0,0,3,0,64,135,0,0,0,0,0,0,0,0,0,0,0,0,0,0,1,2,40,1,1,2,1,3,3,1,66,1,1,1,88,,,,0,0,,,,,,,,,,,,,,,,,,,,,,,,,2013
2013040525,4,40525,1,3,1,16,9,6,56,12,1,1,0,4,2,55,36,55036,4,2001,KMHCG45C31U2,K,M,H,C,G,4,5,C,3,1,U,2,0,0,0,Not Applicable,Not Applicable,0,0,0,1,0,0,0,0,0,0,0,998,0,0,0,12,6,2,12,0,0,0,1,4,85711,6,1,0,0,3,0,66,190,0,0,0,1,0,8,2012,8,2012,9,99,99,99,99,2,2,40,1,1,2,1,3,3,2,50,4,9,1,98,,,,0,0,,,,,,,,,,,,,,,,,,,,,,,,,2013
2013040525,4,40525,2,3,1,16,9,6,56,12,1,1,0,4,2,37,705,37705,80,2007,JH2RC53537M0,J,H,2,R,C,5,3,5,3,7,M,0,0,0,0,Not Applicable,Not Applicable,0,0,0,1,0,0,0,0,0,0,0,998,0,0,0,12,6,2,12,0,0,0,1,4,85714,6,1,0,0,2,3,69,260,0,0,0,0,1,9,2013,9,2013,9,99,99,99,99,2,2,40,1,1,2,1,3,3,2,50,3,2,1,20,,,,1,0,,,,,,,,,,,,,,,,,,,,,,,,,2013
2013040525,4,40525,3,3,3,16,9,6,56,12,1,1,0,4,3,12,461,12461,21,1997,1FBJS31L8VHB,1,F,B,J,S,3,1,L,8,V,H,B,0,0,0,Not Applicable,Not Applicable,0,0,0,1,0,0,0,0,0,0,0,0,0,0,0,6,2,5,12,0,0,0,1,4,85714,6,1,6,0,3,0,73,220,0,0,0,0,0,0,0,0,0,0,0,0,0,0,2,2,40,1,1,2,1,3,3,5,53,1,1,1,21,,,,0,0,,,,,,,,,,,,,,,,,,,,,,,,,2013
2013040526,4,40526,1,1,3,16,9,13,40,42,0,1,0,4,1,13,1,13001,4,2005,1LNHM82W45Y6,1,L,N,H,M,8,2,W,4,5,Y,6,0,0,0,Not Applicable,Not Applicable,0,0,0,1,0,0,0,0,0,0,0,998,0,0,0,12,6,2,42,0,0,0,1,4,85354,6,1,0,0,3,0,75,235,0,0,0,0,0,0,0,0,0,0,85,0,0,0,2,2,75,1,1,2,1,0,0,99,61,99,1,4,8,,,,1,0,,,,,,,,,,,,,,,,,,,,,,,,,2013
2013040527,4,40527,1,1,1,16,9,20,10,8,0,1,0,4,2,12,37,12037,4,2003,1FAFP34303W3,1,F,A,F,P,3,4,3,0,3,W,3,0,0,0,Not Applicable,Not Applicable,0,0,0,1,0,0,0,0,0,0,0,999,0,0,0,12,4,5,8,0,0,0,1,4,86004,6,1,0,0,3,0,72,155,0,0,0,0,0,0,0,0,0,0,0,0,0,0,5,4,99,1,1,2,1,0,0,1,80,4,1,1,13,,,,0,0,,,,,,,,,,,,,,,,,,,,,,,,,2013
2013040528,4,40528,1,3,1,18,9,3,22,12,1,1,0,35,3,87,881,87881,66,2007,1XP5DB9X57D6,1,X,P,5,D,B,9,X,5,7,D,6,1,1,57,0115891,570115891,3,6,1,1,0,0,0,0,0,0,0,65,0,0,0,12,6,2,2,0,0,1,1,35,87105,6,1,6,0,3,0,74,235,98,0,0,0,0,0,0,0,0,0,84,0,0,0,3,2,75,1,6,2,1,0,0,1,50,8,2,3,20,,,,0,0,,,,,,,,,,,,,,,,,,,,,,,,,2013
2013040528,4,40528,2,3,1,18,9,3,22,12,1,1,0,4,3,87,881,87881,66,2002,1XPGD09X12D5,1,X,P,G,D,0,9,X,1,2,D,5,1,1,57,0232562,570232562,3,6,2,1,0,0,0,0,0,0,0,0,0,0,0,6,6,2,12,0,0,0,1,4,86323,6,1,6,0,3,0,72,210,0,0,0,0,0,0,0,0,0,0,81,84,0,0,3,2,75,1,6,2,1,0,0,5,53,1,1,1,21,,,,0,0,,,,,,,,,,,,,,,,,,,,,,,,,2013
2013040528,4,40528,3,3,2,18,9,3,22,12,1,1,0,35,6,7,482,7482,31,2012,1C6RD7FPXCS3,1,C,6,R,D,7,F,P,X,C,S,3,0,0,0,Not Applicable,Not Applicable,0,0,0,1,0,0,0,0,0,0,0,0,0,0,0,6,6,2,12,0,0,0,0,0,99997,7,6,97,7,6,7,998,997,998,998,998,998,998,98,9998,98,9998,8,20,0,0,0,3,2,75,1,6,2,1,0,0,0,61,0,0,0,98,,,,0,0,,,,,,,,,,,,,,,,,,,,,,,,,2013
2013040529,4,40529,1,2,2,18,9,20,39,12,6,1,0,4,1,98,734,98734,90,2005,2BVEPCF145V0,2,B,V,E,P,C,F,1,4,5,V,0,0,0,0,Not Applicable,Not Applicable,0,0,0,1,0,0,0,0,0,0,0,33,0,1,1,12,6,2,12,0,0,0,1,4,86403,6,1,0,0,3,3,72,310,0,0,0,0,0,0,0,0,0,0,39,0,0,0,1,2,35,1,1,2,1,3,3,1,17,1,1,1,88,,,,1,0,,,,,,,,,,,,,,,,,,,,,,,,,2013
2013040529,4,40529,2,2,1,18,9,20,39,12,6,1,0,4,3,49,482,49482,31,2000,5TBRT3412YS0,5,T,B,R,T,3,4,1,2,Y,S,0,0,0,0,Not Applicable,Not Applicable,0,0,0,1,0,0,0,0,0,0,0,45,0,0,0,63,4,5,12,0,0,0,1,4,86404,6,1,0,0,3,3,74,190,0,0,0,0,0,0,0,0,0,0,0,0,0,0,5,4,45,1,1,2,1,3,3,1,66,1,1,1,89,,,,0,0,,,,,,,,,,,,,,,,,,,,,,,,,2013
2013040530,4,40530,1,1,1,19,9,23,7,9,0,1,0,4,1,7,482,7482,31,2001,3B7HC13Z91M5,3,B,7,H,C,1,3,Z,9,1,M,5,0,0,0,Not Applicable,Not Applicable,0,0,0,1,0,0,0,0,0,0,0,45,0,0,0,12,2,5,9,0,0,0,1,4,85031,6,1,0,0,3,0,71,165,0,0,0,1,0,6,2011,6,2011,0,0,0,0,0,2,3,45,1,1,2,1,2,3,1,83,1,1,1,13,,,,0,0,,,,,,,,,,,,,,,,,,,,,,,,,2013
2013040531,4,40531,1,1,1,20,9,5,5,8,0,1,0,4,1,12,481,12481,31,2003,1FTNE24263HA,1,F,T,N,E,2,4,2,6,3,H,A,0,0,0,Not Applicable,Not Applicable,0,0,0,1,0,0,0,0,0,0,0,47,0,0,0,12,2,3,8,0,0,0,1,4,85335,0,0,0,0,0,0,999,999,0,0,0,0,0,0,0,0,0,0,0,0,0,0,2,3,45,1,1,2,1,0,0,1,80,1,1,1,13,,,,0,0,,,,,,,,,,,,,,,,,,,,,,,,,2013
2013040532,4,40532,1,1,1,21,9,8,56,24,0,1,0,4,1,37,706,37706,80,2012,JH2SC5941CK4,J,H,2,S,C,5,9,4,1,C,K,4,0,0,0,Not Applicable,Not Applicable,0,0,0,1,0,0,0,0,0,0,0,998,0,0,0,1,6,2,24,0,0,0,1,4,85201,6,1,0,0,3,3,72,175,0,0,0,0,0,0,0,0,0,3,89,0,0,0,3,2,65,3,5,2,1,0,0,14,13,1,1,4,1,,,,1,0,,,,,,,,,,,,,,,,,,,,,,,,,2013
2013040533,4,40533,1,1,1,22,9,3,36,52,0,1,0,4,2,20,2,20002,4,2004,1G1ND52F94M6,1,G,1,N,D,5,2,F,9,4,M,6,0,0,0,Not Applicable,Not Applicable,0,0,0,1,0,0,0,0,0,0,0,70,0,0,0,12,6,2,31,0,0,0,1,4,85706,0,0,0,0,0,0,64,140,0,0,0,0,0,0,0,0,0,4,0,0,0,0,2,2,55,1,1,2,1,0,0,1,13,1,1,4,1,,,,1,1,,,,,,,,,,,,,,,,,,,,,,,,,2013