accident_id,STATE,ST_CASE,VEH_NO,VE_FORMS,NUMOCCS,DAY,MONTH,HOUR,MINUTE,HARM_EV,MAN_COLL,UNITTYPE,HIT_RUN,REG_STAT,OWNER,MAKE,MODEL,MAK_MOD,BODY_TYP,MOD_YEAR,VIN,VIN_1,VIN_2,VIN_3,VIN_4,VIN_5,VIN_6,VIN_7,VIN_8,VIN_9,VIN_10,VIN_11,VIN_12,TOW_VEH,J_KNIFE,MCARR_I1,MCARR_I2,MCARR_ID,GVWR,V_CONFIG,CARGO_BT,HAZ_INV,HAZ_PLAC,HAZ_ID,HAZ_CNO,HAZ_REL,BUS_USE,SPEC_USE,EMER_USE,TRAV_SP,UNDERIDE,ROLLOVER,ROLINLOC,IMPACT1,DEFORMED,TOWED,M_HARM,VEH_SC1,VEH_SC2,FIRE_EXP,DR_PRES,L_STATE,DR_ZIP,L_STATUS,L_TYPE,CDL_STAT,L_ENDORS,L_COMPL,L_RESTRI,DR_HGT,DR_WGT,PREV_ACC,PREV_SUS,PREV_DWI,PREV_SPD,PREV_OTH,FIRST_MO,FIRST_YR,LAST_MO,LAST_YR,SPEEDREL,DR_SF1,DR_SF2,DR_SF3,DR_SF4,VTRAFWAY,VNUM_LAN,VSPD_LIM,VALIGN,VPROFILE,VPAVETYP,VSURCOND,VTRAFCON,VTCONT_F,P_CRASH1,P_CRASH2,P_CRASH3,PCRASH4,PCRASH5,ACC_TYPE,TRLR1VIN,TRLR2VIN,TRLR3VIN,DEATHS,DR_DRINK,VINTYPE,VINMAKE,VINA_MOD,VIN_BT,VINMODYR,VIN_LNGT,VIN_WGT,WGTCD_TR,WHLBS_LG,WHLBS_SH,SER_TR,FUELCODE,MCYCL_DS,CARBUR,CYLINDER,DISPLACE,MCYCL_CY,MCYCL_WT,TIRE_SZE,TON_RAT,TRK_WT,TRKWTVAR,VIN_REST,WHLDRWHL,Year
2013040534,4,40534,1,1,1,22,9,18,55,42,0,1,0,92,0,82,881,82881,63,2002,1FVABTAK62HJ,1,F,V,A,B,T,A,K,6,2,H,J,0,0,57,0114015,570114015,3,1,96,1,0,0,0,0,0,0,0,998,0,1,5,12,6,2,1,0,0,0,1,4,85621,6,1,3,0,2,0,68,145,1,2,0,0,1,9,2010,9,2013,4,85,0,0,0,2,2,75,1,5,2,1,0,0,1,13,8,9,4,2,,,,1,0,,,,,,,,,,,,,,,,,,,,,,,,,2013
2013040535,4,40535,1,1,2,27,9,1,47,33,0,1,0,4,1,72,706,72706,80,1995,1HD1BNL1XSY0,1,H,D,1,B,N,L,1,X,S,Y,0,0,0,0,Not Applicable,Not Applicable,0,0,0,1,0,0,0,0,0,0,0,30,0,0,0,12,6,2,38,0,0,0,1,4,85323,6,1,0,0,3,3,75,240,0,0,0,0,0,0,0,0,0,0,0,0,0,0,1,2,30,1,1,2,1,0,0,99,9,99,9,4,7,,,,1,1,,,,,,,,,,,,,,,,,,,,,,,,,2013
2013040536,4,40536,1,1,1,29,9,23,46,1,0,1,0,4,1,30,42,30042,3,2001,9BWDD61J4140,9,B,W,D,D,6,1,J,4,1,4,0,0,0,0,Not Applicable,Not Applicable,0,0,0,1,0,0,0,0,0,0,0,85,0,1,5,0,6,2,1,0,0,0,1,4,85016,0,0,0,0,0,0,69,185,1,0,0,0,0,3,2012,3,2012,4,0,0,0,0,3,5,65,1,1,2,1,0,0,1,13,1,1,4,1,,,,1,1,,,,,,,,,,,,,,,,,,,,,,,,,2013
2013040537,4,40537,1,1,1,27,7,23,58,8,0,1,1,99,9,99,999,99999,99,9999,Unknown,9,9,9,9,9,9,9,9,9,9,9,9,0,0,0,Not Applicable,Not Applicable,0,0,0,1,0,0,0,0,0,0,0,999,0,0,0,12,9,5,8,0,0,0,1,99,99999,9,9,99,0,9,9,999,999,99,99,99,99,99,99,9999,99,9999,9,99,99,99,99,1,2,99,8,8,2,98,0,0,99,80,99,9,9,13,,,,0,0,,,,,,,,,,,,,,,,,,,,,,,,,2013
2013040538,4,40538,1,1,1,8,9,10,24,1,0,1,0,4,1,6,52,6052,1,2008,3C3HY55X38T1,3,C,3,H,Y,5,5,X,3,8,T,1,0,0,0,Not Applicable,Not Applicable,0,0,0,1,0,0,0,0,0,0,0,65,0,1,3,0,6,2,1,32,0,0,1,4,85053,6,1,0,0,3,3,71,177,0,1,0,0,0,9,2010,9,2010,0,0,0,0,0,2,2,65,1,6,2,1,0,0,1,9,6,9,4,7,,,,1,0,,,,,,,,,,,,,,,,,,,,,,,,,2013
2013040539,4,40539,1,1,1,28,9,20,18,34,0,1,0,4,1,49,471,49471,30,1991,JT4RN01P7M00,J,T,4,R,N,0,1,P,7,M,0,0,0,0,0,Not Applicable,Not Applicable,0,0,0,1,0,0,0,0,0,0,0,55,0,1,5,12,6,2,1,0,0,0,1,4,85714,6,1,0,0,3,0,67,180,0,0,0,0,2,4,2012,5,2013,4,58,0,0,0,1,2,55,1,5,2,1,40,3,1,13,1,1,4,5,,,,1,1,,,,,,,,,,,,,,,,,,,,,,,,,2013
2013040540,4,40540,1,2,1,23,3,22,23,12,1,1,0,46,3,87,881,87881,66,2007,1XPHD49X57N6,1,X,P,H,D,4,9,X,5,7,N,6,1,1,57,985841,57985841,3,6,1,1,0,0,0,0,0,0,0,72,0,0,0,12,2,5,12,0,0,0,1,46,57201,6,1,6,0,3,0,67,220,0,0,0,3,1,10,2011,2,2013,0,0,0,0,0,2,2,75,1,1,2,1,0,0,1,51,1,1,1,24,,,,0,0,,,,,,,,,,,,,,,,,,,,,,,,,2013
2013040540,4,40540,2,2,1,23,3,22,23,12,1,1,0,4,1,72,706,72706,80,2006,1HD1FWW166Y6,1,H,D,1,F,W,W,1,6,6,Y,6,0,0,0,Not Applicable,Not Applicable,0,0,0,1,0,0,0,0,0,0,0,65,0,0,0,6,6,2,12,0,0,0,1,4,85339,6,1,0,0,3,0,68,198,0,1,0,1,0,2,2013,2,2013,0,0,0,0,0,2,2,75,1,1,2,1,0,0,99,53,99,9,1,25,,,,1,1,,,,,,,,,,,,,,,,,,,,,,,,,2013
2013040541,4,40541,1,2,2,11,7,20,24,12,1,1,1,4,1,49,50,49050,3,2005,JTKDE1775500,J,T,K,D,E,1,7,7,5,5,0,0,0,0,0,Not Applicable,Not Applicable,0,0,0,1,0,0,0,0,0,0,0,65,0,0,0,12,4,5,12,0,0,0,1,4,85086,6,1,0,0,3,0,70,150,0,1,0,2,0,9,2012,2,2013,0,27,91,0,0,3,4,65,1,1,2,1,0,0,15,11,6,1,2,42,,,,0,1,,,,,,,,,,,,,,,,,,,,,,,,,2013
2013040541,4,40541,2,2,2,11,7,20,24,12,1,1,0,4,2,12,32,12032,4,2011,3FADP4BJ1BM1,3,F,A,D,P,4,B,J,1,B,M,1,0,0,0,Not Applicable,Not Applicable,0,0,0,1,0,0,0,0,0,0,0,65,0,0,0,6,6,2,12,0,0,0,1,4,85087,6,1,0,0,3,0,72,220,0,0,0,0,0,0,0,0,0,0,0,0,0,0,3,4,65,1,1,2,1,0,0,1,60,1,1,1,42,,,,1,0,,,,,,,,,,,,,,,,,,,,,,,,,2013
2013040542,4,40542,1,1,1,3,8,23,16,1,0,1,0,4,1,12,422,12422,15,2000,1FMRU1568YLC,1,F,M,R,U,1,5,6,8,Y,L,C,0,0,0,Not Applicable,Not Applicable,0,0,0,1,0,0,0,0,0,0,0,999,0,1,5,0,6,2,1,0,0,0,1,4,86401,1,1,0,0,2,0,63,112,0,1,0,0,0,12,2010,12,2010,0,58,0,0,0,2,2,75,1,6,2,1,0,0,1,6,7,3,4,2,,,,1,1,,,,,,,,,,,,,,,,,,,,,,,,,2013
2013040543,4,40543,1,1,13,10,8,7,34,1,0,1,0,35,2,12,441,12441,20,1997,1FMDA41X0VZB,1,F,M,D,A,4,1,X,0,V,Z,B,0,0,0,Not Applicable,Not Applicable,0,0,0,1,0,0,0,0,0,0,0,75,0,1,3,0,6,2,1,0,0,0,1,35,88065,0,0,0,0,0,0,64,125,98,0,0,0,0,0,0,0,0,4,80,0,0,0,2,3,75,1,1,2,1,0,0,1,1,99,9,4,7,,,,1,0,,,,,,,,,,,,,,,,,,,,,,,,,2013
2013040544,4,40544,1,3,1,10,8,13,51,12,1,1,0,4,1,72,706,72706,80,2008,1HD1FC4368Y6,1,H,D,1,F,C,4,3,6,8,Y,6,0,0,0,Not Applicable,Not Applicable,0,0,0,1,0,0,0,0,0,0,0,998,0,0,0,0,6,2,12,0,0,0,1,4,86401,6,1,0,0,3,0,74,240,0,0,0,0,0,0,0,0,0,0,26,0,0,0,1,2,65,1,1,2,1,0,0,1,52,99,9,1,98,,,,1,0,,,,,,,,,,,,,,,,,,,,,,,,,2013
2013040544,4,40544,2,3,2,10,8,13,51,12,1,1,0,4,1,7,482,7482,31,1994,1B7HC16Z3RS5,1,B,7,H,C,1,6,Z,3,R,S,5,0,0,0,Not Applicable,Not Applicable,0,0,0,1,0,0,0,0,0,0,0,43,0,0,0,12,4,5,12,0,0,0,1,4,86401,6,1,0,0,3,0,69,180,0,0,0,0,0,0,0,0,0,0,26,0,0,0,1,2,65,1,1,2,1,0,0,2,52,3,2,1,28,,,,0,0,,,,,,,,,,,,,,,,,,,,,,,,,2013
2013040544,4,40544,3,3,2,10,8,13,51,12,1,1,0,32,4,20,25,20025,4,9999,1G1PC5SB6E71,1,G,1,P,C,5,S,B,6,E,7,1,0,0,0,Not Applicable,Not Applicable,0,0,0,1,0,0,0,0,0,0,0,5,0,0,0,6,4,5,12,0,0,0,1,95,0,9,9,99,0,9,9,999,999,99,99,99,99,99,99,9999,99,9999,0,0,0,0,0,1,2,65,1,1,2,1,0,0,2,53,2,1,1,29,,,,0,0,,,,,,,,,,,,,,,,,,,,,,,,,2013
2013040545,4,40545,1,1,2,25,8,7,0,1,0,1,0,4,1,12,471,12471,30,2002,1FTYR10D92PA,1,F,T,Y,R,1,0,D,9,2,P,A,0,0,0,Not Applicable,Not Applicable,0,0,0,1,0,0,0,0,0,0,0,65,0,1,3,0,6,2,1,0,0,0,1,4,85256,6,1,0,0,3,0,72,200,0,0,0,0,0,0,0,0,0,0,80,0,0,0,2,2,75,1,1,2,1,0,0,1,1,99,9,4,7,,,,1,0,,,,,,,,,,,,,,,,,,,,,,,,,2013
2013040546,4,40546,1,2,2,12,9,17,55,12,2,1,0,41,2,30,40,30040,4,2002,3VWRB69M72M0,3,V,W,R,B,6,9,M,7,2,M,0,0,0,0,Not Applicable,Not Applicable,0,0,0,1,0,0,0,0,0,0,0,998,0,0,0,12,6,2,12,0,0,0,1,4,85748,6,1,0,0,3,3,67,107,1,1,0,0,1,4,2011,10,2011,4,0,0,0,0,2,2,75,1,1,2,1,0,0,99,12,99,9,4,98,,,,1,0,,,,,,,,,,,,,,,,,,,,,,,,,2013
2013040546,4,40546,2,2,1,12,9,17,55,12,2,1,0,4,1,20,481,20481,31,2012,1GCRCPE07CZ2,1,G,C,R,C,P,E,0,7,C,Z,2,0,0,0,Not Applicable,Not Applicable,0,0,0,1,0,0,0,0,0,0,0,998,0,0,0,12,6,2,12,0,0,0,1,4,85048,6,1,0,0,3,0,67,195,0,0,0,0,0,0,0,0,0,0,0,0,0,0,2,2,75,1,1,2,1,0,0,1,62,1,1,1,98,,,,0,0,,,,,,,,,,,,,,,,,,,,,,,,,2013
2013040547,4,40547,1,1,1,5,8,19,43,8,0,1,0,4,2,58,37,58037,2,2005,JNKCV54E55M4,J,N,K,C,V,5,4,E,5,5,M,4,0,0,0,Not Applicable,Not Applicable,0,0,0,1,0,0,0,0,0,0,0,30,0,0,0,12,6,2,8,0,0,0,1,4,85021,6,1,0,0,3,0,64,115,0,0,0,0,0,0,0,0,0,0,0,0,0,0,5,6,40,1,1,2,1,0,0,1,80,1,1,1,13,,,,0,0,,,,,,,,,,,,,,,,,,,,,,,,,2013
2013040548,4,40548,1,3,2,7,9,10,41,12,6,1,0,35,1,7,482,7482,31,2004,1D7HL38N94S7,1,D,7,H,L,3,8,N,9,4,S,7,0,0,0,Not Applicable,Not Applicable,0,0,0,1,0,0,0,0,0,0,0,29,0,0,0,12,6,2,12,0,0,0,1,35,88030,6,1,6,0,3,0,66,185,98,0,0,0,0,0,0,0,0,0,39,0,0,0,2,2,40,1,1,1,1,2,3,1,17,1,1,1,86,,,,0,0,,,,,,,,,,,,,,,,,,,,,,,,,2013
2013040548,4,40548,2,3,1,7,9,10,41,12,6,1,0,4,2,98,709,98709,80,2002,1Z9SB29512P1,1,Z,9,S,B,2,9,5,1,2,P,1,0,0,0,Not Applicable,Not Applicable,0,0,0,1,0,0,0,0,0,0,0,7,0,0,0,82,6,2,12,0,0,0,1,4,85008,1,1,0,0,2,0,70,160,0,0,0,0,0,0,0,0,0,0,0,0,0,0,4,2,40,1,1,1,1,2,3,1,66,1,1,1,87,,,,1,0,,,,,,,,,,,,,,,,,,,,,,,,,2013
2013040548,4,40548,3,3,1,7,9,10,41,12,6,1,0,4,1,37,31,37031,4,2007,1HGFA168X7L0,1,H,G,F,A,1,6,8,X,7,L,0,0,0,0,Not Applicable,Not Applicable,0,0,0,1,0,0,0,0,0,0,0,21,0,0,0,12,4,5,12,0,0,0,1,4,85008,6,1,0,0,3,0,71,200,0,2,1,0,0,1,2012,7,2012,0,0,0,0,0,4,2,40,1,1,1,1,2,3,1,66,1,1,1,98,,,,0,0,,,,,,,,,,,,,,,,,,,,,,,,,2013
2013040549,4,40549,1,1,1,29,9,18,30,8,0,1,0,4,2,34,37,34037,4,1994,WBAGD8327RDE,W,B,A,G,D,8,3,2,7,R,D,E,0,0,0,Not Applicable,Not Applicable,0,0,0,1,0,0,0,0,0,0,0,13,0,0,0,12,0,5,8,0,0,0,1,4,85711,6,1,0,0,3,0,64,130,0,0,0,0,0,0,0,0,0,0,38,0,0,0,2,3,40,1,1,2,1,2,3,10,80,1,1,1,13,,,,0,0,,,,,,,,,,,,,,,,,,,,,,,,,2013
2013040550,4,40550,1,1,1,1,8,3,38,8,0,1,0,4,1,7,472,7472,30,1999,1B7GL22Z7XS2,1,B,7,G,L,2,2,Z,7,X,S,2,0,0,0,Not Applicable,Not Applicable,0,0,0,1,0,0,0,0,0,0,0,40,0,0,0,12,2,5,8,0,0,0,1,4,85031,6,1,6,0,3,0,71,175,0,0,0,0,0,0,0,0,0,0,0,0,0,0,5,5,40,1,1,2,1,0,0,1,80,1,1,1,13,,,,0,0,,,,,,,,,,,,,,,,,,,,,,,,,2013
2013040551,4,40551,1,2,6,3,8,15,34,12,6,1,0,4,2,6,441,6441,20,2003,2C4GP44353R3,2,C,4,G,P,4,4,3,5,3,R,3,0,0,0,Not Applicable,Not Applicable,0,0,0,1,0,0,0,0,0,0,0,16,0,1,1,9,6,2,1,0,0,0,1,4,85040,0,0,0,0,0,0,999,999,0,0,0,0,0,0,0,0,0,0,39,91,0,0,5,4,40,1,1,2,1,2,3,1,17,1,1,1,89,,,,1,0,,,,,,,,,,,,,,,,,,,,,,,,,2013
2013040551,4,40551,2,2,3,3,8,15,34,12,6,1,0,4,2,7,482,7482,31,2002,3D7HA18N42G1,3,D,7,H,A,1,8,N,4,2,G,1,0,0,0,Not Applicable,Not Applicable,0,0,0,1,0,0,0,0,0,0,0,35,0,0,0,12,6,2,12,0,0,0,1,4,85041,6,1,6,0,3,0,70,300,0,0,0,0,0,0,0,0,0,0,0,0,0,0,2,2,35,1,1,2,1,2,3,1,66,1,1,1,88,,,,0,0,,,,,,,,,,,,,,,,,,,,,,,,,2013
2013040552,4,40552,1,2,2,4,8,10,0,12,6,1,0,4,1,23,481,23481,31,2007,2GTEC19C1715,2,G,T,E,C,1,9,C,1,7,1,5,0,0,0,Not Applicable,Not Applicable,0,0,0,1,0,0,0,0,0,0,0,998,0,0,0,62,6,2,12,0,0,0,1,4,86031,6,1,0,0,3,3,70,175,0,0,0,0,0,0,0,0,0,0,39,0,0,0,1,2,98,1,1,2,1,20,3,1,17,1,1,1,89,,,,0,0,,,,,,,,,,,,,,,,,,,,,,,,,2013
2013040552,4,40552,2,2,3,4,8,10,0,12,6,1,0,4,2,7,482,7482,31,2007,1D7HA18P67J5,1,D,7,H,A,1,8,P,6,7,J,5,0,0,0,Not Applicable,Not Applicable,0,0,0,1,0,0,0,0,0,0,0,998,0,0,0,12,6,2,12,0,0,0,1,4,86042,6,1,0,0,3,3,61,200,0,0,0,0,0,0,0,0,0,0,0,0,0,0,1,3,98,1,1,2,1,0,0,1,66,99,9,1,88,,,,1,0,,,,,,,,,,,,,,,,,,,,,,,,,2013
2013040553,4,40553,1,1,1,4,8,11,55,33,0,1,0,4,1,72,706,72706,80,2011,1HD1LC310BC4,1,H,D,1,L,C,3,1,0,B,C,4,0,0,0,Not Applicable,Not Applicable,0,0,0,1,0,0,0,0,0,0,0,40,0,0,0,12,6,2,1,0,0,0,1,4,85225,6,1,0,0,2,0,66,180,0,0,0,2,0,5,2011,7,2011,4,0,0,0,0,1,2,25,1,1,2,1,0,0,1,13,1,1,4,1,,,,1,1,,,,,,,,,,,,,,,,,,,,,,,,,2013
2013040554,4,40554,1,1,1,5,8,99,99,1,0,1,0,99,9,99,999,99999,99,9999,Unknown,9,9,9,9,9,9,9,9,9,9,9,9,0,0,0,Not Applicable,Not Applicable,0,0,0,1,0,0,0,0,0,0,0,999,0,9,9,0,9,9,1,0,0,0,1,4,86004,6,1,0,0,3,3,70,140,0,0,0,0,0,0,0,0,0,9,99,99,99,99,9,9,99,9,9,2,99,99,9,99,99,99,9,9,99,,,,1,0,,,,,,,,,,,,,,,,,,,,,,,,,2013
2013040555,4,40555,1,2,7,5,8,7,4,12,6,1,0,4,2,7,442,7442,20,2000,1B4GP44G8YB5,1,B,4,G,P,4,4,G,8,Y,B,5,0,0,0,Not Applicable,Not Applicable,0,0,0,1,0,0,0,0,0,0,0,64,0,0,0,83,6,2,12,0,0,0,1,4,85339,0,0,0,0,0,0,61,160,0,0,0,0,0,0,0,0,0,4,58,34,28,0,1,2,45,1,1,2,1,0,0,6,6,1,4,6,66,,,,3,0,,,,,,,,,,,,,,,,,,,,,,,,,2013
2013040555,4,40555,2,2,1,5,8,7,4,12,6,1,0,40,1,49,32,49032,4,2011,2T1BU4EEXBC5,2,T,1,B,U,4,E,E,X,B,C,5,0,0,0,Not Applicable,Not Applicable,0,0,0,1,0,0,0,0,0,0,0,52,0,0,0,12,6,2,12,0,0,0,1,40,74127,6,1,0,0,3,0,70,279,0,0,0,0,0,0,0,0,0,0,0,0,0,0,1,2,45,1,1,2,1,0,0,1,62,1,1,1,66,,,,1,0,,,,,,,,,,,,,,,,,,,,,,,,,2013
2013040556,4,40556,1,2,3,6,8,15,22,12,2,1,0,4,2,7,26,7026,4,2008,1B3LC46KX8N5,1,B,3,L,C,4,6,K,X,8,N,5,0,0,0,Not Applicable,Not Applicable,0,0,0,1,0,0,0,0,0,0,0,45,0,0,0,12,6,2,12,0,0,0,1,4,85017,0,0,0,0,0,0,69,155,0,0,0,0,0,0,0,0,0,0,28,0,0,0,1,4,45,1,1,2,1,0,0,1,13,99,9,6,50,,,,1,0,,,,,,,,,,,,,,,,,,,,,,,,,2013
2013040556,4,40556,2,2,1,6,8,15,22,12,2,1,0,4,1,12,481,12481,31,2002,1FTRW08L22KE,1,F,T,R,W,0,8,L,2,2,K,E,0,0,0,Not Applicable,Not Applicable,0,0,0,1,0,0,0,0,0,0,0,45,0,0,0,12,6,2,12,0,0,0,1,4,85338,6,1,0,0,3,0,71,190,0,2,1,0,0,9,2010,1,2011,0,0,0,0,0,1,4,45,1,1,2,1,0,0,1,60,99,9,1,51,,,,0,0,,,,,,,,,,,,,,,,,,,,,,,,,2013
2013040557,4,40557,1,1,1,9,8,99,99,8,0,1,9,99,9,99,999,99999,99,9999,Unknown,9,9,9,9,9,9,9,9,9,9,9,9,0,0,0,Not Applicable,Not Applicable,0,0,0,1,0,0,0,0,0,0,0,999,0,0,0,12,9,9,8,0,0,0,1,99,99999,9,9,99,0,9,9,999,999,99,99,99,99,99,99,9999,99,9999,9,99,99,99,99,9,9,99,9,9,9,99,99,9,99,82,99,9,9,13,,,,0,0,,,,,,,,,,,,,,,,,,,,,,,,,2013
2013040558,4,40558,1,1,9,10,8,23,48,1,0,1,0,92,0,98,998,98998,95,2001,1415071,1,4,1,5,0,7,1,,,,,,0,0,0,Not Applicable,Not Applicable,0,0,0,1,0,0,0,0,0,0,0,17,0,1,1,0,2,3,1,35,0,0,1,4,85143,0,0,0,0,0,0,999,999,0,0,0,0,0,0,0,0,0,4,21,39,6,91,1,2,35,1,1,2,1,0,0,10,6,1,1,1,98,,,,1,0,,,,,,,,,,,,,,,,,,,,,,,,,2013
2013040559,4,40559,1,2,1,11,8,19,5,12,1,1,1,20,1,2,404,2404,14,2002,1J4GW58N92C1,1,J,4,G,W,5,8,N,9,2,C,1,0,0,0,Not Applicable,Not Applicable,0,0,0,1,0,0,0,0,0,0,0,999,0,0,0,12,6,2,12,0,0,0,1,4,85301,0,0,0,0,0,0,72,200,0,0,0,0,0,0,0,0,0,9,91,0,0,0,5,4,40,1,1,2,1,2,3,1,59,1,1,1,33,,,,0,1,,,,,,,,,,,,,,,,,,,,,,,,,2013
2013040559,4,40559,2,2,1,11,8,19,5,12,1,1,0,6,2,73,706,73706,80,2003,JKAZRCA193A0,J,K,A,Z,R,C,A,1,9,3,A,0,0,0,0,Not Applicable,Not Applicable,0,0,0,1,0,0,0,0,0,0,0,999,0,0,0,6,6,2,12,0,0,0,1,4,85301,6,1,0,0,3,0,67,185,0,0,0,0,0,0,0,0,0,0,89,0,0,0,5,4,40,1,1,2,1,2,3,11,53,1,1,1,33,,,,1,0,,,,,,,,,,,,,,,,,,,,,,,,,2013
2013040560,4,40560,1,1,1,13,8,19,46,1,0,1,0,99,9,99,999,99999,99,9999,Unknown,9,9,9,9,9,9,9,9,9,9,9,9,0,0,0,Not Applicable,Not Applicable,0,0,0,1,0,0,0,0,0,0,0,999,0,9,9,0,9,9,1,0,0,0,1,4,86040,6,1,0,0,3,3,71,275,0,4,0,0,2,3,2011,9,2011,9,99,99,99,99,9,9,99,9,9,9,99,99,9,99,99,99,9,9,99,,,,1,0,,,,,,,,,,,,,,,,,,,,,,,,,2013
2013040561,4,40561,1,1,2,13,8,20,44,8,0,1,0,4,1,12,402,12402,14,2002,1FMYU04112KD,1,F,M,Y,U,0,4,1,1,2,K,D,0,0,0,Not Applicable,Not Applicable,0,0,0,1,0,0,0,0,0,0,0,40,0,0,0,12,2,5,8,0,0,0,1,4,85022,6,1,0,0,3,0,62,150,0,0,0,0,0,0,0,0,0,0,0,0,0,0,2,3,40,1,1,2,1,0,0,1,80,2,1,1,13,,,,0,0,,,,,,,,,,,,,,,,,,,,,,,,,2013
2013040562,4,40562,1,1,1,15,8,19,50,8,0,1,0,99,9,99,999,99999,99,9999,Unknown,9,9,9,9,9,9,9,9,9,9,9,9,0,0,0,Not Applicable,Not Applicable,0,0,0,1,0,0,0,0,0,0,0,999,0,0,0,12,9,9,8,0,0,0,1,99,99999,9,9,99,0,9,9,999,999,99,99,99,99,99,99,9999,99,9999,9,99,99,99,99,5,4,99,1,1,2,99,0,0,99,80,99,9,9,13,,,,0,0,,,,,,,,,,,,,,,,,,,,,,,,,2013
2013040563,4,40563,1,2,1,16,8,17,21,12,6,1,0,4,2,48,38,48038,6,2012,JF1GPAB68CG2,J,F,1,G,P,A,B,6,8,C,G,2,0,0,0,Not Applicable,Not Applicable,0,0,0,1,0,0,0,0,0,0,0,15,0,0,0,82,6,2,12,0,0,0,1,4,85331,6,1,0,0,3,3,72,150,0,0,0,0,0,0,0,0,0,0,48,0,0,0,2,2,45,1,8,2,1,0,0,11,15,1,1,1,68,,,,0,0,,,,,,,,,,,,,,,,,,,,,,,,,2013
2013040563,4,40563,2,2,1,16,8,17,21,12,6,1,0,92,0,98,702,98702,81,2013,No VIN Required,0,0,0,0,0,0,0,0,0,0,0,0,0,0,0,Not Applicable,Not Applicable,0,0,0,1,0,0,0,0,0,0,0,31,0,0,0,12,6,2,12,0,0,0,1,4,85331,1,1,0,0,2,3,76,244,0,1,0,0,2,8,2010,10,2011,0,0,0,0,0,2,2,45,1,1,2,1,0,0,1,62,3,2,1,69,,,,1,0,,,,,,,,,,,,,,,,,,,,,,,,,2013
2013040564,4,40564,1,1,1,16,8,20,1,8,0,1,0,4,1,12,481,12481,31,1993,1FTDF15R4PLA,1,F,T,D,F,1,5,R,4,P,L,A,0,0,0,Not Applicable,Not Applicable,0,0,0,1,0,0,0,0,0,0,0,43,0,0,0,12,6,2,8,0,0,0,1,4,85035,6,1,0,0,3,0,65,165,0,0,0,0,0,0,0,0,0,0,0,0,0,0,5,5,45,1,1,2,1,0,0,1,80,1,1,1,13,,,,0,1,,,,,,,,,,,,,,,,,,,,,,,,,2013
2013040565,4,40565,1,1,1,17,8,3,53,33,0,1,0,4,1,12,481,12481,31,2000,3FTNW21S3YMA,3,F,T,N,W,2,1,S,3,Y,M,A,0,0,0,Not Applicable,Not Applicable,0,0,0,1,0,0,0,0,0,0,0,55,0,1,5,12,6,2,1,0,0,0,1,4,85086,6,1,0,0,3,0,64,160,0,0,0,0,1,7,2011,7,2011,4,0,0,0,0,2,2,45,1,1,2,1,0,0,1,12,1,1,4,6,,,,1,1,,,,,,,,,,,,,,,,,,,,,,,,,2013
2013040566,4,40566,1,3,2,17,8,14,22,12,7,1,0,4,2,35,473,35473,31,2006,1N6BA07A76N5,1,N,6,B,A,0,7,A,7,6,N,5,0,0,0,Not Applicable,Not Applicable,0,0,0,1,0,0,0,0,0,0,0,77,0,0,0,62,6,2,12,0,0,0,1,4,85283,6,1,0,0,3,0,75,235,0,1,0,0,0,8,2012,8,2012,4,0,0,0,0,2,3,40,2,1,2,1,0,0,15,10,1,1,2,47,,,,2,0,,,,,,,,,,,,,,,,,,,,,,,,,2013
2013040566,4,40566,2,3,1,17,8,14,22,12,7,1,0,47,4,49,46,49046,5,2013,JTDKN3DU0D55,J,T,D,K,N,3,D,U,0,D,5,5,0,0,0,Not Applicable,Not Applicable,0,0,0,1,0,0,0,0,0,0,0,35,0,0,0,83,6,2,12,36,0,0,1,97,0,9,9,99,0,9,9,999,999,99,99,99,99,99,99,9999,99,9999,0,0,0,0,0,2,3,40,2,1,2,1,0,0,14,61,1,1,1,45,,,,0,0,,,,,,,,,,,,,,,,,,,,,,,,,2013
2013040566,4,40566,3,3,3,17,8,14,22,12,7,1,0,4,1,37,441,37441,20,2006,5FNRL38206B0,5,F,N,R,L,3,8,2,0,6,B,0,0,0,0,Not Applicable,Not Applicable,0,0,0,1,0,0,0,0,0,0,0,40,0,0,0,6,6,2,12,0,0,0,1,4,85248,6,1,0,0,3,3,64,130,0,0,0,0,0,0,0,0,0,0,0,0,0,0,2,3,40,2,1,2,1,0,0,14,53,1,1,1,98,,,,0,0,,,,,,,,,,,,,,,,,,,,,,,,,2013
2013040567,4,40567,1,3,1,22,8,12,28,12,1,1,1,4,4,12,481,12481,31,2013,1FTNF1CF0DKD,1,F,T,N,F,1,C,F,0,D,K,D,0,0,0,Not Applicable,Not Applicable,0,0,0,1,0,0,0,0,0,0,0,54,0,0,0,12,6,2,12,0,0,0,1,4,85224,1,1,0,0,2,0,73,185,0,2,0,1,1,11,2010,7,2012,3,0,0,0,0,5,6,45,1,1,2,1,2,3,1,50,1,1,1,20,,,,0,0,,,,,,,,,,,,,,,,,,,,,,,,,2013
2013040567,4,40567,2,3,2,22,8,12,28,12,1,1,0,4,2,23,481,23481,31,1999,1GTEK19M3XR5,1,G,T,E,K,1,9,M,3,X,R,5,0,0,0,Not Applicable,Not Applicable,0,0,0,1,0,0,0,0,0,0,0,0,0,0,0,6,6,2,12,0,0,0,1,4,85283,6,1,0,0,3,3,65,220,0,0,0,0,0,0,0,0,0,0,0,0,0,0,5,6,45,1,1,2,1,2,3,5,53,1,1,1,22,,,,1,0,,,,,,,,,,,,,,,,,,,,,,,,,2013
2013040567,4,40567,3,3,2,22,8,12,28,12,1,1,0,4,1,18,2,18002,4,2003,1G4HP52KX3U1,1,G,4,H,P,5,2,K,X,3,U,1,0,0,0,Not Applicable,Not Applicable,0,0,0,1,0,0,0,0,0,0,0,40,0,0,0,9,6,2,12,0,0,0,1,4,85003,6,1,0,0,3,3,67,185,0,0,0,0,0,0,0,0,0,0,0,0,0,0,5,6,45,1,1,2,1,2,3,1,78,1,1,1,98,,,,0,0,,,,,,,,,,,,,,,,,,,,,,,,,2013