accident_id,STATE,ST_CASE,VEH_NO,VE_FORMS,NUMOCCS,DAY,MONTH,HOUR,MINUTE,HARM_EV,MAN_COLL,UNITTYPE,HIT_RUN,REG_STAT,OWNER,MAKE,MODEL,MAK_MOD,BODY_TYP,MOD_YEAR,VIN,VIN_1,VIN_2,VIN_3,VIN_4,VIN_5,VIN_6,VIN_7,VIN_8,VIN_9,VIN_10,VIN_11,VIN_12,TOW_VEH,J_KNIFE,MCARR_I1,MCARR_I2,MCARR_ID,GVWR,V_CONFIG,CARGO_BT,HAZ_INV,HAZ_PLAC,HAZ_ID,HAZ_CNO,HAZ_REL,BUS_USE,SPEC_USE,EMER_USE,TRAV_SP,UNDERIDE,ROLLOVER,ROLINLOC,IMPACT1,DEFORMED,TOWED,M_HARM,VEH_SC1,VEH_SC2,FIRE_EXP,DR_PRES,L_STATE,DR_ZIP,L_STATUS,L_TYPE,CDL_STAT,L_ENDORS,L_COMPL,L_RESTRI,DR_HGT,DR_WGT,PREV_ACC,PREV_SUS,PREV_DWI,PREV_SPD,PREV_OTH,FIRST_MO,FIRST_YR,LAST_MO,LAST_YR,SPEEDREL,DR_SF1,DR_SF2,DR_SF3,DR_SF4,VTRAFWAY,VNUM_LAN,VSPD_LIM,VALIGN,VPROFILE,VPAVETYP,VSURCOND,VTRAFCON,VTCONT_F,P_CRASH1,P_CRASH2,P_CRASH3,PCRASH4,PCRASH5,ACC_TYPE,TRLR1VIN,TRLR2VIN,TRLR3VIN,DEATHS,DR_DRINK,VINTYPE,VINMAKE,VINA_MOD,VIN_BT,VINMODYR,VIN_LNGT,VIN_WGT,WGTCD_TR,WHLBS_LG,WHLBS_SH,SER_TR,FUELCODE,MCYCL_DS,CARBUR,CYLINDER,DISPLACE,MCYCL_CY,MCYCL_WT,TIRE_SZE,TON_RAT,TRK_WT,TRKWTVAR,VIN_REST,WHLDRWHL,Year
2013040568,4,40568,1,1,1,23,8,22,42,8,0,1,0,51,1,37,32,37032,4,2013,1HGCR2F87DA1,1,H,G,C,R,2,F,8,7,D,A,1,0,0,0,Not Applicable,Not Applicable,0,0,0,1,0,0,0,0,0,0,0,35,0,0,0,12,4,3,8,0,0,0,1,51,20110,6,1,0,0,3,0,71,155,0,0,0,1,1,2,2012,5,2012,0,0,0,0,0,5,4,35,1,1,2,1,0,0,1,80,1,1,1,13,,,,0,0,,,,,,,,,,,,,,,,,,,,,,,,,2013
2013040569,4,40569,1,2,1,24,8,18,8,12,6,1,0,4,1,37,706,37706,80,1984,1HFSC120XEA1,1,H,F,S,C,1,2,0,X,E,A,1,0,0,0,Not Applicable,Not Applicable,0,0,0,1,0,0,0,0,0,0,0,55,0,0,0,12,6,2,12,0,0,0,1,4,85048,6,1,0,0,3,0,72,160,0,0,0,1,0,9,2011,9,2011,4,0,0,0,0,5,5,45,1,1,2,1,0,0,99,62,6,1,2,69,,,,1,1,,,,,,,,,,,,,,,,,,,,,,,,,2013
2013040569,4,40569,2,2,2,24,8,18,8,12,6,1,0,4,3,20,444,20444,20,2005,1GNDV23L75D2,1,G,N,D,V,2,3,L,7,5,D,2,0,0,0,Not Applicable,Not Applicable,0,0,0,1,0,0,0,0,0,0,0,15,0,0,0,83,6,2,12,32,0,0,1,4,85201,6,1,0,0,3,3,70,190,0,0,0,0,0,0,0,0,0,0,91,0,0,0,5,5,45,1,1,2,1,0,0,11,15,1,1,1,68,,,,0,0,,,,,,,,,,,,,,,,,,,,,,,,,2013
2013040570,4,40570,1,2,1,25,8,4,28,12,2,1,0,4,1,24,1,24001,4,1999,1G8ZH5287XZ2,1,G,8,Z,H,5,2,8,7,X,Z,2,0,0,0,Not Applicable,Not Applicable,0,0,0,1,0,0,0,0,0,0,0,46,0,0,0,12,6,2,12,0,0,0,1,4,85006,6,1,0,0,3,0,67,160,0,0,0,0,0,0,0,0,0,0,28,91,0,0,5,5,40,1,1,2,1,0,0,1,10,1,1,2,50,,,,0,1,,,,,,,,,,,,,,,,,,,,,,,,,2013
2013040570,4,40570,2,2,2,25,8,4,28,12,2,1,0,4,2,49,32,49032,4,2011,JTDBU4EE3BJ1,J,T,D,B,U,4,E,E,3,B,J,1,0,0,0,Not Applicable,Not Applicable,0,0,0,1,0,0,0,0,0,0,0,42,0,0,0,12,6,2,12,0,0,0,1,4,85032,6,1,0,0,3,0,67,125,0,0,0,0,0,0,0,0,0,0,0,0,0,0,5,5,40,1,1,2,1,0,0,1,62,1,1,1,51,,,,1,1,,,,,,,,,,,,,,,,,,,,,,,,,2013
2013040571,4,40571,1,1,2,28,8,22,25,33,0,1,0,4,2,55,35,55035,4,2010,KMHDU4AD2AU1,K,M,H,D,U,4,A,D,2,A,U,1,0,0,0,Not Applicable,Not Applicable,0,0,0,1,0,0,0,0,0,0,0,32,0,0,0,12,6,2,30,0,0,0,1,4,85009,0,0,0,0,0,0,999,999,0,0,0,0,0,0,0,0,0,0,52,0,0,0,5,5,40,1,1,2,1,0,0,1,13,1,1,4,1,,,,1,0,,,,,,,,,,,,,,,,,,,,,,,,,2013
2013040572,4,40572,1,2,1,29,8,13,1,12,6,1,0,4,2,7,24,7024,4,2006,2B3KA43G96H3,2,B,3,K,A,4,3,G,9,6,H,3,0,0,0,Not Applicable,Not Applicable,0,0,0,1,0,0,0,0,0,0,0,75,0,0,0,12,6,2,12,0,0,0,1,4,85353,3,1,0,0,2,0,67,195,0,1,1,1,0,6,2011,8,2013,0,91,39,0,0,5,5,40,1,1,2,1,2,3,1,17,1,1,1,83,,,,0,1,,,,,,,,,,,,,,,,,,,,,,,,,2013
2013040572,4,40572,2,2,2,29,8,13,1,12,6,1,0,4,1,49,40,49040,4,1999,4T1BG22K2XU4,4,T,1,B,G,2,2,K,2,X,U,4,0,0,0,Not Applicable,Not Applicable,0,0,0,1,0,0,0,0,0,0,0,12,0,0,0,9,6,2,12,0,0,0,1,4,85035,6,1,0,0,3,0,66,190,0,0,0,0,0,0,0,0,0,0,0,0,0,0,5,5,40,1,1,2,1,2,3,11,66,1,1,1,82,,,,2,0,,,,,,,,,,,,,,,,,,,,,,,,,2013
2013040573,4,40573,1,1,1,29,8,19,43,8,0,1,0,4,2,7,41,7041,4,1996,1B3HD46T6TF1,1,B,3,H,D,4,6,T,6,T,F,1,0,0,0,Not Applicable,Not Applicable,0,0,0,1,0,0,0,0,0,0,0,41,0,0,0,12,6,2,8,0,0,0,1,4,85392,6,1,0,0,3,0,77,250,0,0,0,0,0,0,0,0,0,0,0,0,0,0,5,4,40,1,1,2,1,0,0,1,80,1,1,1,13,,,,0,0,,,,,,,,,,,,,,,,,,,,,,,,,2013
2013040574,4,40574,1,2,2,30,8,21,54,8,0,1,0,4,1,22,9,22009,3,2000,2G2FS22K4Y21,2,G,2,F,S,2,2,K,4,Y,2,1,0,0,0,Not Applicable,Not Applicable,0,0,0,1,0,0,0,0,0,0,0,39,0,0,0,12,4,3,8,0,0,0,1,4,85050,6,1,0,0,3,0,74,230,0,0,0,0,0,0,0,0,0,0,0,0,0,0,2,3,45,1,1,2,1,2,3,1,80,1,1,1,13,,,,0,0,,,,,,,,,,,,,,,,,,,,,,,,,2013
2013040574,4,40574,2,2,1,30,8,21,54,8,0,1,1,99,9,99,999,99999,99,9999,Unknown,9,9,9,9,9,9,9,9,9,9,9,9,0,0,0,Not Applicable,Not Applicable,0,0,0,1,0,0,0,0,0,0,0,998,0,0,0,12,9,5,8,0,0,0,1,99,99999,9,9,99,0,9,9,999,999,99,99,99,99,99,99,9999,99,9999,9,99,99,99,99,2,3,45,1,1,2,1,2,3,99,80,99,9,9,98,,,,0,0,,,,,,,,,,,,,,,,,,,,,,,,,2013
2013040575,4,40575,1,1,5,8,9,4,57,1,0,1,0,4,1,12,401,12401,14,2003,1FMZU70E03UB,1,F,M,Z,U,7,0,E,0,3,U,B,0,0,0,Not Applicable,Not Applicable,0,0,0,1,0,0,0,0,0,0,0,48,0,1,1,0,6,2,1,0,0,0,1,4,85040,6,1,0,0,3,0,69,160,0,1,0,0,1,1,2012,8,2012,4,0,0,0,0,2,3,35,1,1,2,1,0,0,1,9,99,4,2,98,,,,1,1,,,,,,,,,,,,,,,,,,,,,,,,,2013
2013040576,4,40576,1,1,1,11,9,16,43,30,0,1,0,4,1,12,401,12401,14,1996,1FMDU35P5TZB,1,F,M,D,U,3,5,P,5,T,Z,B,0,0,0,Not Applicable,Not Applicable,0,0,0,1,0,0,0,0,0,0,0,35,0,0,0,12,6,2,30,0,0,0,1,4,85365,6,1,0,0,3,0,63,142,0,0,0,0,1,5,2013,5,2013,0,99,99,99,99,1,2,98,1,1,5,1,0,0,1,12,1,1,4,6,,,,1,0,,,,,,,,,,,,,,,,,,,,,,,,,2013
2013040577,4,40577,1,1,1,21,9,13,25,41,0,1,0,4,1,72,706,72706,80,1977,9D35512H7,9,D,3,5,5,1,2,H,7,,,,0,0,0,Not Applicable,Not Applicable,0,0,0,1,0,0,0,0,0,0,0,999,0,0,0,12,6,2,1,0,0,0,1,4,85053,6,1,0,0,3,0,67,175,0,0,0,0,0,0,0,0,0,9,99,99,99,99,6,2,45,2,1,1,1,0,0,14,12,1,1,4,6,,,,1,0,,,,,,,,,,,,,,,,,,,,,,,,,2013
2013040578,4,40578,1,2,1,21,9,17,49,12,1,1,0,4,1,53,706,53706,80,2005,JS1VS55A3521,J,S,1,V,S,5,5,A,3,5,2,1,0,0,0,Not Applicable,Not Applicable,0,0,0,1,0,0,0,0,0,0,0,45,0,0,0,12,6,2,12,0,0,0,1,4,85367,6,1,0,0,3,0,68,160,0,2,1,0,0,5,2012,10,2012,4,0,0,0,0,1,4,35,1,1,2,1,3,3,1,52,3,2,1,28,,,,1,1,,,,,,,,,,,,,,,,,,,,,,,,,2013
2013040578,4,40578,2,2,2,21,9,17,49,12,1,1,0,4,2,54,31,54031,3,1991,JH4DA9355MS0,J,H,4,D,A,9,3,5,5,M,S,0,0,0,0,Not Applicable,Not Applicable,0,0,0,1,0,0,0,0,0,0,0,5,0,0,0,6,4,5,12,0,0,0,1,4,85350,6,1,0,0,3,3,66,175,0,1,0,1,0,4,2011,5,2012,0,0,0,0,0,1,4,35,1,1,2,1,3,3,2,53,1,1,1,29,,,,0,0,,,,,,,,,,,,,,,,,,,,,,,,,2013
2013040579,4,40579,1,2,2,30,9,19,17,12,6,1,0,4,2,20,403,20403,14,2005,1GNDT13S0523,1,G,N,D,T,1,3,S,0,5,2,3,0,0,0,Not Applicable,Not Applicable,0,0,0,1,0,0,0,0,0,0,0,998,0,0,0,82,6,2,12,0,0,0,1,4,85345,0,0,0,0,0,0,59,120,0,0,0,0,0,0,0,0,0,0,99,99,99,99,2,2,40,1,1,2,1,2,3,11,15,1,1,1,68,,,,0,0,,,,,,,,,,,,,,,,,,,,,,,,,2013
2013040579,4,40579,2,2,3,30,9,19,17,12,6,1,0,4,1,37,31,37031,3,1995,2HGEH2355SH5,2,H,G,E,H,2,3,5,5,S,H,5,0,0,0,Not Applicable,Not Applicable,0,0,0,1,0,0,0,0,0,0,0,998,0,0,0,12,6,2,12,0,0,0,1,4,85323,6,1,0,0,3,0,72,200,0,0,0,0,1,4,2013,4,2013,9,91,0,0,0,2,2,40,1,1,2,1,2,3,1,62,6,1,3,69,,,,1,0,,,,,,,,,,,,,,,,,,,,,,,,,2013
2013040580,4,40580,1,3,1,28,7,8,41,12,1,1,0,4,1,41,51,41051,4,2013,JM1BL1TGXD17,J,M,1,B,L,1,T,G,X,D,1,7,0,0,0,Not Applicable,Not Applicable,0,0,0,1,0,0,0,0,0,0,0,77,0,0,0,12,6,2,12,0,0,0,1,4,86503,6,1,0,0,3,0,71,180,0,0,0,0,0,0,0,0,0,0,0,0,0,0,3,5,65,1,1,2,1,0,0,1,51,1,1,1,24,,,,0,1,,,,,,,,,,,,,,,,,,,,,,,,,2013
2013040580,4,40580,2,3,2,28,7,8,41,12,1,1,0,53,2,7,472,7472,30,2006,1D7HE22K76S7,1,D,7,H,E,2,2,K,7,6,S,7,0,0,0,Not Applicable,Not Applicable,0,0,0,1,0,0,0,0,0,0,0,998,0,1,3,6,6,2,1,0,0,0,1,53,98032,6,1,0,0,3,3,69,240,0,0,0,0,0,0,0,0,0,0,0,0,0,0,3,5,65,1,1,2,1,0,0,1,53,1,1,1,25,,,,1,0,,,,,,,,,,,,,,,,,,,,,,,,,2013
2013040580,4,40580,3,3,1,28,7,8,41,12,1,1,0,4,1,49,401,49401,14,2012,JTEBU5JR5C50,J,T,E,B,U,5,J,R,5,C,5,0,0,0,0,Not Applicable,Not Applicable,0,0,0,1,0,0,0,0,0,0,0,998,0,0,0,61,2,5,54,0,0,0,1,4,85345,6,1,0,0,3,3,62,248,0,0,0,0,0,0,0,0,0,0,89,0,0,0,3,5,65,1,1,2,1,0,0,1,62,2,1,1,98,,,,0,0,,,,,,,,,,,,,,,,,,,,,,,,,2013
2013040581,4,40581,1,2,1,23,9,10,11,18,0,1,0,4,1,20,481,20481,31,2004,1GCHC23164F1,1,G,C,H,C,2,3,1,6,4,F,1,0,0,0,Not Applicable,Not Applicable,0,0,0,1,0,0,0,0,0,0,0,998,0,1,1,12,6,2,1,0,0,0,1,4,85643,6,1,3,0,3,0,70,238,0,2,0,2,0,5,2011,1,2013,0,0,0,0,0,2,3,75,1,1,2,1,0,0,1,12,1,1,4,6,,,,1,0,,,,,,,,,,,,,,,,,,,,,,,,,2013
2013040581,4,40581,2,2,1,23,9,10,11,18,0,1,0,4,3,20,481,20481,31,2006,1GBHC24U96E2,1,G,B,H,C,2,4,U,9,6,E,2,0,0,0,Not Applicable,Not Applicable,0,0,0,1,0,0,0,0,0,0,0,998,0,0,0,12,6,2,12,0,0,0,1,4,85757,6,1,0,0,3,0,73,280,0,2,0,1,0,1,2011,9,2011,0,0,0,0,0,2,3,75,1,1,2,1,0,0,1,62,7,1,2,98,,,,0,0,,,,,,,,,,,,,,,,,,,,,,,,,2013
2013040582,4,40582,1,1,1,5,9,5,31,9,0,1,0,4,2,37,402,37402,14,2007,JHLRE38777C0,J,H,L,R,E,3,8,7,7,7,C,0,0,0,0,Not Applicable,Not Applicable,0,0,0,1,0,0,0,0,0,0,0,40,0,0,0,12,6,2,9,0,0,0,1,4,85119,6,1,0,0,3,3,73,260,0,0,0,0,0,0,0,0,0,0,0,0,0,0,5,4,40,1,1,2,1,0,0,1,83,1,1,1,13,,,,0,0,,,,,,,,,,,,,,,,,,,,,,,,,2013
2013040583,4,40583,1,1,1,9,9,12,30,1,0,1,0,4,1,7,482,7482,31,2001,3B7HC13Y91G8,3,B,7,H,C,1,3,Y,9,1,G,8,0,0,0,Not Applicable,Not Applicable,0,0,0,1,0,0,0,0,0,0,0,73,0,1,5,0,6,2,1,0,0,0,1,4,85634,6,1,0,0,3,0,70,345,0,0,0,0,0,0,0,0,0,5,58,0,0,0,1,2,65,1,1,2,1,0,0,1,13,6,9,4,7,,,,1,0,,,,,,,,,,,,,,,,,,,,,,,,,2013
2013040584,4,40584,1,2,1,4,9,6,17,1,0,1,0,4,2,35,39,35039,4,1988,JN1HU11P3JT6,J,N,1,H,U,1,1,P,3,J,T,6,0,0,0,Not Applicable,Not Applicable,0,0,0,1,0,0,0,0,0,0,0,5,0,0,0,11,2,3,12,0,0,0,1,4,85131,6,1,0,0,3,0,69,175,0,0,0,0,0,0,0,0,0,0,91,38,0,0,1,2,0,1,1,2,1,20,3,11,15,1,1,1,98,,,,0,0,,,,,,,,,,,,,,,,,,,,,,,,,2013
2013040584,4,40584,2,2,1,4,9,6,17,1,0,1,0,4,2,72,706,72706,80,2001,1HD1CAP191K1,1,H,D,1,C,A,P,1,9,1,K,1,0,0,0,Not Applicable,Not Applicable,0,0,0,1,0,0,0,0,0,0,0,42,0,0,0,0,6,2,12,0,0,0,1,4,85222,6,1,0,0,2,3,70,219,0,0,0,0,0,0,0,0,0,0,0,0,0,0,1,2,50,1,1,2,1,0,0,1,67,3,2,1,98,,,,1,0,,,,,,,,,,,,,,,,,,,,,,,,,2013
2013040585,4,40585,1,2,3,2,10,11,34,12,6,1,0,4,2,12,3,12003,1,1998,1FAFP4446WF1,1,F,A,F,P,4,4,4,6,W,F,1,0,0,0,Not Applicable,Not Applicable,0,0,0,1,0,0,0,0,0,0,0,10,0,0,0,61,4,5,12,0,0,0,1,4,85901,6,1,0,0,3,0,61,115,0,0,0,0,0,0,0,0,0,0,38,0,0,0,5,4,35,1,1,2,1,0,0,11,15,1,1,1,82,,,,0,0,,,,,,,,,,,,,,,,,,,,,,,,,2013
2013040585,4,40585,2,2,2,2,10,11,34,12,6,1,0,4,2,55,401,55401,14,2008,5NMSG13D78H2,5,N,M,S,G,1,3,D,7,8,H,2,0,0,0,Not Applicable,Not Applicable,0,0,0,1,0,0,0,0,0,0,0,13,0,0,0,12,6,2,12,0,0,0,1,4,86034,6,1,0,0,3,3,62,165,0,0,0,0,0,0,0,0,0,0,0,0,0,0,5,4,35,1,1,2,1,0,0,1,72,1,1,1,83,,,,1,0,,,,,,,,,,,,,,,,,,,,,,,,,2013
2013040586,4,40586,1,2,1,2,10,19,34,5,0,1,1,99,9,99,884,99884,66,9999,Unknown,9,9,9,9,9,9,9,9,9,9,9,9,1,1,99,Unknown,Unknown,3,99,99,1,0,0,0,0,0,0,0,998,0,0,0,12,9,5,54,0,0,0,1,99,99999,9,9,99,9,9,9,999,999,99,99,99,99,99,99,9999,99,9999,9,99,99,99,99,2,3,75,1,1,2,1,0,0,1,98,99,9,9,98,,,,0,0,,,,,,,,,,,,,,,,,,,,,,,,,2013
2013040586,4,40586,2,2,10,2,10,19,34,5,0,1,9,4,2,20,481,20481,31,1996,1GCEK19M7TE1,1,G,C,E,K,1,9,M,7,T,E,1,0,0,0,Not Applicable,Not Applicable,0,0,0,1,0,0,0,0,0,0,0,75,0,0,0,0,0,5,5,0,0,0,1,96,0,9,9,99,0,9,9,999,999,99,99,99,99,99,99,9999,99,9999,0,0,0,0,0,2,3,75,1,1,2,1,0,0,1,98,1,1,1,0,,,,1,0,,,,,,,,,,,,,,,,,,,,,,,,,2013
2013040587,4,40587,1,1,5,5,10,3,53,33,0,1,0,4,2,20,421,20421,15,2001,1GNEC13T21R1,1,G,N,E,C,1,3,T,2,1,R,1,0,0,0,Not Applicable,Not Applicable,0,0,0,1,0,0,0,0,0,0,0,40,0,1,3,12,6,2,1,0,0,0,1,4,85706,6,1,0,0,3,0,72,160,0,1,0,1,0,12,2010,1,2012,9,99,99,99,99,2,3,40,1,5,2,1,0,0,99,9,99,9,4,7,,,,1,1,,,,,,,,,,,,,,,,,,,,,,,,,2013
2013040588,4,40588,1,1,1,5,10,18,5,41,0,1,0,4,1,72,706,72706,80,2004,1HD1FCW194Y6,1,H,D,1,F,C,W,1,9,4,Y,6,0,0,0,Not Applicable,Not Applicable,0,0,0,1,0,0,0,0,0,0,0,998,0,0,0,12,6,2,1,0,0,0,1,4,86335,0,0,0,0,0,0,68,170,0,0,0,1,0,12,2010,12,2010,9,99,99,99,99,2,2,65,3,5,2,1,0,0,14,12,1,1,4,6,,,,1,0,,,,,,,,,,,,,,,,,,,,,,,,,2013
2013040589,4,40589,1,1,1,5,10,18,28,9,0,1,0,4,1,12,422,12422,15,2000,1FMPU18LXYLA,1,F,M,P,U,1,8,L,X,Y,L,A,0,0,0,Not Applicable,Not Applicable,0,0,0,1,0,0,0,0,0,0,0,35,0,0,0,12,2,5,9,0,0,0,1,4,85730,6,1,0,0,3,1,74,220,0,0,0,0,0,0,0,0,0,0,0,0,0,0,2,3,40,1,1,2,1,0,0,1,83,2,1,1,13,,,,0,0,,,,,,,,,,,,,,,,,,,,,,,,,2013
2013040590,4,40590,1,2,1,6,10,4,26,12,2,1,0,4,3,49,482,49482,31,2002,5TBRT34112S2,5,T,B,R,T,3,4,1,1,2,S,2,0,0,0,Not Applicable,Not Applicable,0,0,0,1,0,0,0,0,0,0,0,998,0,0,0,12,6,2,12,0,0,0,1,4,85014,6,1,0,0,3,0,73,190,0,1,0,0,1,12,2010,5,2012,0,89,91,51,0,3,4,65,3,1,2,1,0,0,14,54,1,1,1,50,,,,0,1,,,,,,,,,,,,,,,,,,,,,,,,,2013
2013040590,4,40590,2,2,2,6,10,4,26,12,2,1,0,4,3,19,421,19421,15,2012,1GYS3GEF0CR1,1,G,Y,S,3,G,E,F,0,C,R,1,0,0,0,Not Applicable,Not Applicable,0,0,0,1,0,0,0,0,0,1,0,65,0,0,0,12,6,2,12,0,0,0,1,4,85008,6,1,0,0,3,0,68,140,1,0,0,1,1,11,2010,2,2013,0,0,0,0,0,3,4,65,2,1,2,1,0,0,14,54,2,1,1,51,,,,1,0,,,,,,,,,,,,,,,,,,,,,,,,,2013
2013040591,4,40591,1,1,1,8,10,15,59,1,0,1,0,4,2,35,471,35471,30,1989,1N6ND16S6KC3,1,N,6,N,D,1,6,S,6,K,C,3,0,0,0,Not Applicable,Not Applicable,0,0,0,1,0,0,0,0,0,0,0,60,0,1,5,0,6,2,1,0,0,0,1,4,85601,0,0,0,0,0,0,64,164,0,0,0,0,0,0,0,0,0,4,58,0,0,0,1,2,45,3,1,2,1,0,0,14,6,99,9,4,7,,,,1,0,,,,,,,,,,,,,,,,,,,,,,,,,2013
2013040592,4,40592,1,1,1,8,10,17,26,9,0,1,0,4,1,23,881,23881,61,2008,1GDE5C1958F4,1,G,D,E,5,C,1,9,5,8,F,4,0,0,99,Unknown,Unknown,2,1,1,1,0,0,0,0,0,0,0,35,0,0,0,12,2,5,9,0,0,0,1,4,85027,6,1,6,0,3,3,70,240,0,0,0,0,0,0,0,0,0,0,39,0,0,0,5,5,45,1,1,2,1,2,3,1,83,1,1,1,13,,,,0,0,,,,,,,,,,,,,,,,,,,,,,,,,2013
2013040593,4,40593,1,2,1,10,10,20,43,12,6,1,0,4,1,72,706,72706,80,2005,1HD1CLP175K4,1,H,D,1,C,L,P,1,7,5,K,4,0,0,0,Not Applicable,Not Applicable,0,0,0,1,0,0,0,0,0,0,0,45,0,0,0,12,6,2,12,0,0,0,1,4,85212,6,1,0,0,3,0,68,190,0,0,0,0,0,0,0,0,0,9,99,99,99,99,2,2,45,1,1,2,1,2,3,1,17,1,1,1,69,,,,1,0,,,,,,,,,,,,,,,,,,,,,,,,,2013
2013040593,4,40593,2,2,1,10,10,20,43,12,6,1,0,4,2,49,46,49046,5,2007,JTDKB20UX732,J,T,D,K,B,2,0,U,X,7,3,2,0,0,0,Not Applicable,Not Applicable,0,0,0,1,0,0,0,0,0,0,0,10,0,0,0,82,6,2,12,36,0,0,1,4,85209,6,1,0,0,3,0,64,125,0,0,0,1,0,6,2013,6,2013,0,0,0,0,0,2,2,45,1,1,2,1,2,3,11,63,1,1,1,68,,,,0,0,,,,,,,,,,,,,,,,,,,,,,,,,2013
2013040594,4,40594,1,2,1,14,10,10,48,12,7,1,0,4,1,7,20,7020,4,2000,1B3ES46C5YD6,1,B,3,E,S,4,6,C,5,Y,D,6,0,0,0,Not Applicable,Not Applicable,0,0,0,1,0,0,0,0,0,0,0,20,0,0,0,62,6,2,30,0,0,0,1,4,85541,6,1,0,0,3,0,65,118,0,0,0,0,0,0,0,0,0,0,48,0,0,0,5,4,35,1,1,2,1,2,3,11,15,1,1,1,98,,,,1,0,,,,,,,,,,,,,,,,,,,,,,,,,2013
2013040594,4,40594,2,2,3,14,10,10,48,12,7,1,0,4,2,49,49,49049,6,2010,JTLZE4FE6A11,J,T,L,Z,E,4,F,E,6,A,1,1,0,0,0,Not Applicable,Not Applicable,0,0,0,1,0,0,0,0,0,0,0,20,0,0,0,82,4,5,12,0,0,0,1,4,85205,6,1,0,0,3,0,68,150,0,0,0,0,0,0,0,0,0,0,0,0,0,0,5,4,35,1,1,2,1,2,3,11,61,1,1,1,98,,,,0,0,,,,,,,,,,,,,,,,,,,,,,,,,2013
2013040595,4,40595,1,1,1,18,10,8,25,46,0,1,0,4,1,49,472,49472,30,2006,5TEMU52N46Z2,5,T,E,M,U,5,2,N,4,6,Z,2,0,0,0,Not Applicable,Not Applicable,0,0,0,1,0,0,0,0,0,0,0,998,0,1,5,99,6,2,1,32,0,0,1,4,86314,6,1,0,0,3,3,69,155,0,0,0,0,1,8,2012,8,2012,9,99,99,99,99,2,2,45,3,1,2,1,3,3,14,9,99,4,4,7,,,,1,0,,,,,,,,,,,,,,,,,,,,,,,,,2013
2013040596,4,40596,1,1,1,18,10,19,13,8,0,1,0,4,1,35,50,35050,4,2012,3N1CN7AP7CL8,3,N,1,C,N,7,A,P,7,C,L,8,0,0,0,Not Applicable,Not Applicable,0,0,0,1,0,0,0,0,0,0,0,37,0,0,0,12,2,3,8,0,0,0,1,4,85364,6,1,0,0,3,3,72,150,0,0,0,0,0,0,0,0,0,0,0,0,0,0,5,4,45,1,1,2,1,0,0,1,80,1,1,1,13,,,,0,0,,,,,,,,,,,,,,,,,,,,,,,,,2013
2013040597,4,40597,1,1,1,19,10,14,59,8,0,1,0,4,1,20,481,20481,31,1977,CCL247F43473,C,C,L,2,4,7,F,4,3,4,7,3,0,0,0,Not Applicable,Not Applicable,0,0,0,1,0,0,0,0,0,0,0,998,0,0,0,12,2,3,8,0,0,0,1,4,85710,6,1,0,0,3,3,70,284,0,0,0,0,0,0,0,0,0,4,91,38,0,0,2,3,35,1,1,2,1,40,3,1,80,1,1,1,13,,,,0,1,,,,,,,,,,,,,,,,,,,,,,,,,2013
2013040598,4,40598,1,2,5,19,10,15,28,12,6,1,0,4,2,49,51,49051,4,2008,JTDBT9035840,J,T,D,B,T,9,0,3,5,8,4,0,0,0,0,Not Applicable,Not Applicable,0,0,0,1,0,0,0,0,0,0,0,10,0,0,0,61,6,2,12,0,0,0,1,4,85745,6,1,0,0,3,0,69,200,0,0,0,0,0,0,0,0,0,0,38,0,0,0,1,2,35,1,1,2,1,20,3,1,17,1,1,1,89,,,,1,0,,,,,,,,,,,,,,,,,,,,,,,,,2013
2013040598,4,40598,2,2,1,19,10,15,28,12,6,1,0,35,3,87,881,87881,66,1988,1XP5D29X6JD2,1,X,P,5,D,2,9,X,6,J,D,2,1,1,57,2211424,572211424,3,6,1,1,0,0,0,0,0,0,0,35,0,0,0,12,4,5,12,0,0,0,1,35,88030,6,1,6,0,3,0,76,200,98,0,0,4,0,1,2011,2,2013,0,0,0,0,0,1,2,35,1,1,2,1,0,0,1,66,1,1,1,88,,,,0,0,,,,,,,,,,,,,,,,,,,,,,,,,2013
2013040599,4,40599,1,2,2,19,10,23,16,12,6,1,0,4,2,49,32,49032,4,2003,1NXBR32EX3Z0,1,N,X,B,R,3,2,E,X,3,Z,0,0,0,0,Not Applicable,Not Applicable,0,0,0,1,0,0,0,0,0,0,0,45,0,0,0,63,4,3,12,0,0,0,1,4,85364,6,1,0,0,3,0,65,135,0,0,0,0,0,0,0,0,0,4,38,0,0,0,1,2,0,1,1,5,1,0,0,1,19,3,2,1,99,,,,0,0,,,,,,,,,,,,,,,,,,,,,,,,,2013
2013040599,4,40599,2,2,4,19,10,23,16,12,6,1,0,4,2,2,403,2403,14,2008,1J4FA24158L5,1,J,4,F,A,2,4,1,5,8,L,5,0,0,0,Not Applicable,Not Applicable,0,0,0,1,0,0,0,0,0,0,0,998,0,1,1,12,4,3,1,0,0,0,1,4,85350,6,1,0,0,3,0,75,265,0,0,0,0,0,0,0,0,0,0,0,0,0,0,1,2,40,1,1,2,1,0,0,1,68,1,1,1,99,,,,1,0,,,,,,,,,,,,,,,,,,,,,,,,,2013
2013040600,4,40600,1,1,1,24,10,21,7,35,0,1,0,4,1,53,706,53706,80,2007,JS1GT77A5721,J,S,1,G,T,7,7,A,5,7,2,1,0,0,0,Not Applicable,Not Applicable,0,0,0,1,0,0,0,0,0,0,0,998,0,0,0,12,6,2,1,0,0,0,1,4,86336,6,1,0,0,3,3,69,170,0,0,0,0,0,0,0,0,0,4,0,0,0,0,2,2,75,3,6,2,1,0,0,14,13,1,1,4,1,,,,1,0,,,,,,,,,,,,,,,,,,,,,,,,,2013
2013040601,4,40601,1,1,1,25,10,23,53,25,0,1,0,4,1,63,37,63037,6,2013,KNDJT2A5XD76,K,N,D,J,T,2,A,5,X,D,7,6,0,0,0,Not Applicable,Not Applicable,0,0,0,1,0,0,0,0,0,0,0,80,0,1,3,12,6,2,1,0,0,0,1,26,48116,6,1,0,0,3,3,69,205,0,0,0,0,0,0,0,0,0,4,0,0,0,0,3,4,65,1,1,2,1,0,0,1,9,1,9,4,7,,,,1,1,,,,,,,,,,,,,,,,,,,,,,,,,2013