accident_id,STATE,ST_CASE,VEH_NO,VE_FORMS,NUMOCCS,DAY,MONTH,HOUR,MINUTE,HARM_EV,MAN_COLL,UNITTYPE,HIT_RUN,REG_STAT,OWNER,MAKE,MODEL,MAK_MOD,BODY_TYP,MOD_YEAR,VIN,VIN_1,VIN_2,VIN_3,VIN_4,VIN_5,VIN_6,VIN_7,VIN_8,VIN_9,VIN_10,VIN_11,VIN_12,TOW_VEH,J_KNIFE,MCARR_I1,MCARR_I2,MCARR_ID,GVWR,V_CONFIG,CARGO_BT,HAZ_INV,HAZ_PLAC,HAZ_ID,HAZ_CNO,HAZ_REL,BUS_USE,SPEC_USE,EMER_USE,TRAV_SP,UNDERIDE,ROLLOVER,ROLINLOC,IMPACT1,DEFORMED,TOWED,M_HARM,VEH_SC1,VEH_SC2,FIRE_EXP,DR_PRES,L_STATE,DR_ZIP,L_STATUS,L_TYPE,CDL_STAT,L_ENDORS,L_COMPL,L_RESTRI,DR_HGT,DR_WGT,PREV_ACC,PREV_SUS,PREV_DWI,PREV_SPD,PREV_OTH,FIRST_MO,FIRST_YR,LAST_MO,LAST_YR,SPEEDREL,DR_SF1,DR_SF2,DR_SF3,DR_SF4,VTRAFWAY,VNUM_LAN,VSPD_LIM,VALIGN,VPROFILE,VPAVETYP,VSURCOND,VTRAFCON,VTCONT_F,P_CRASH1,P_CRASH2,P_CRASH3,PCRASH4,PCRASH5,ACC_TYPE,TRLR1VIN,TRLR2VIN,TRLR3VIN,DEATHS,DR_DRINK,VINTYPE,VINMAKE,VINA_MOD,VIN_BT,VINMODYR,VIN_LNGT,VIN_WGT,WGTCD_TR,WHLBS_LG,WHLBS_SH,SER_TR,FUELCODE,MCYCL_DS,CARBUR,CYLINDER,DISPLACE,MCYCL_CY,MCYCL_WT,TIRE_SZE,TON_RAT,TRK_WT,TRKWTVAR,VIN_REST,WHLDRWHL,Year
2013040602,4,40602,1,1,3,27,10,18,43,1,0,1,0,40,2,12,401,12401,14,1995,1FMDU34X9SUB,1,F,M,D,U,3,4,X,9,S,U,B,0,0,0,Not Applicable,Not Applicable,0,0,0,1,0,0,0,0,0,0,0,998,0,1,5,0,6,2,1,0,0,0,1,4,85326,6,1,0,0,3,0,66,193,0,0,0,0,0,0,0,0,0,0,89,80,0,0,3,5,65,1,1,2,1,0,0,1,1,1,9,4,2,,,,1,0,,,,,,,,,,,,,,,,,,,,,,,,,2013
2013040603,4,40603,1,1,1,31,10,13,20,1,0,1,0,4,1,52,401,52401,14,2001,JA4LS31H61P0,J,A,4,L,S,3,1,H,6,1,P,0,0,0,0,Not Applicable,Not Applicable,0,0,0,1,0,0,0,0,0,0,0,998,0,1,3,0,6,2,1,0,0,0,1,4,85714,6,1,0,0,3,3,67,176,0,0,0,0,0,0,0,0,0,9,89,0,0,0,2,2,75,1,1,2,1,0,0,1,9,99,9,4,7,,,,1,0,,,,,,,,,,,,,,,,,,,,,,,,,2013
2013040604,4,40604,1,2,5,27,10,18,54,12,1,1,0,4,2,7,482,7482,31,2002,3D7HU18Z22G1,3,D,7,H,U,1,8,Z,2,2,G,1,0,0,0,Not Applicable,Not Applicable,0,0,0,1,0,0,0,0,0,0,0,30,0,0,0,6,2,5,12,0,0,0,1,4,85379,6,1,0,0,3,0,72,200,1,1,0,1,0,8,2011,11,2011,0,38,0,0,0,2,2,65,1,1,2,1,20,3,1,53,1,1,1,25,,,,0,0,,,,,,,,,,,,,,,,,,,,,,,,,2013
2013040604,4,40604,2,2,1,27,10,18,54,12,1,1,0,4,1,98,709,98709,80,1995,AZ326363,A,Z,3,2,6,3,6,3,,,,,0,0,0,Not Applicable,Not Applicable,0,0,0,1,0,0,0,0,0,0,0,998,0,0,0,12,6,2,12,0,0,0,1,4,85390,6,1,0,0,3,3,69,145,0,0,0,0,0,0,0,0,0,0,0,0,0,0,2,2,65,1,1,2,1,0,0,1,51,1,1,1,24,,,,1,1,,,,,,,,,,,,,,,,,,,,,,,,,2013
2013040605,4,40605,1,2,1,26,9,3,31,12,99,1,0,4,1,98,709,98709,80,2009,1U9SB27519P1,1,U,9,S,B,2,7,5,1,9,P,1,0,0,0,Not Applicable,Not Applicable,0,0,0,1,0,0,0,0,0,0,0,15,0,0,0,11,6,2,12,0,0,0,1,4,85053,0,0,0,0,0,0,68,150,0,0,0,0,0,0,0,0,0,0,38,91,0,0,5,5,40,1,1,2,1,2,3,11,15,1,1,1,68,,,,1,0,,,,,,,,,,,,,,,,,,,,,,,,,2013
2013040605,4,40605,2,2,1,26,9,3,31,12,99,1,0,4,2,72,706,72706,80,2002,1HD1PEV1X2Y9,1,H,D,1,P,E,V,1,X,2,Y,9,0,0,0,Not Applicable,Not Applicable,0,0,0,1,0,0,0,0,0,0,0,40,0,0,0,11,6,2,12,0,0,0,1,4,85051,6,1,0,0,2,0,63,180,1,0,0,0,2,3,2012,4,2013,0,91,0,0,0,5,5,40,1,1,2,1,2,3,1,62,1,1,1,69,,,,0,0,,,,,,,,,,,,,,,,,,,,,,,,,2013
2013040606,4,40606,1,1,1,27,10,18,9,11,0,1,0,4,1,73,705,73705,80,2008,JKAKLEE108DA,J,K,A,K,L,E,E,1,0,8,D,A,0,0,0,Not Applicable,Not Applicable,0,0,0,1,0,0,0,0,0,0,0,45,0,0,0,12,6,2,11,0,0,0,1,4,85610,6,1,0,0,3,0,72,180,0,0,0,0,0,0,0,0,0,0,0,0,0,0,1,2,45,1,1,2,1,0,0,1,87,1,1,1,13,,,,1,0,,,,,,,,,,,,,,,,,,,,,,,,,2013
2013040607,4,40607,1,1,4,17,6,23,2,30,0,1,0,4,3,37,441,37441,20,2005,5FNRL38405B0,5,F,N,R,L,3,8,4,0,5,B,0,0,0,0,Not Applicable,Not Applicable,0,0,0,1,0,0,0,0,0,0,0,998,0,0,0,63,6,2,30,0,0,0,1,4,85043,6,1,0,0,3,0,66,160,0,2,0,0,3,3,2013,4,2013,0,0,0,0,0,3,4,65,1,1,2,1,0,0,1,8,99,5,4,2,,,,1,0,,,,,,,,,,,,,,,,,,,,,,,,,2013
2013040608,4,40608,1,1,1,8,9,18,9,32,0,1,0,4,1,20,481,20481,31,1998,1GCEK19R3WR1,1,G,C,E,K,1,9,R,3,W,R,1,0,0,0,Not Applicable,Not Applicable,0,0,0,1,0,0,0,0,0,0,0,60,0,1,5,12,6,2,1,0,0,0,1,4,85541,6,1,0,0,3,0,69,209,0,0,0,0,0,0,0,0,0,3,89,0,0,0,1,2,25,3,1,2,1,0,0,14,9,99,9,4,2,,,,1,1,,,,,,,,,,,,,,,,,,,,,,,,,2013
2013040609,4,40609,1,1,1,2,9,99,99,1,0,1,0,99,9,99,709,99709,80,9999,Unknown,9,9,9,9,9,9,9,9,9,9,9,9,0,0,0,Not Applicable,Not Applicable,0,0,0,1,0,0,0,0,0,0,0,999,0,0,0,0,9,9,1,0,0,0,1,4,85741,6,1,0,0,2,3,73,150,0,0,0,0,0,0,0,0,0,9,99,99,99,99,9,9,99,1,1,2,99,0,0,99,99,99,9,9,98,,,,1,1,,,,,,,,,,,,,,,,,,,,,,,,,2013
2013040610,4,40610,1,2,1,3,9,8,22,12,6,1,0,4,1,20,473,20473,30,2006,1GCCS1482681,1,G,C,C,S,1,4,8,2,6,8,1,0,0,0,Not Applicable,Not Applicable,0,0,0,1,0,0,0,0,0,0,0,12,0,0,0,63,4,5,12,0,0,0,1,4,85053,6,1,0,0,3,0,71,245,0,0,0,0,1,1,2013,1,2013,0,38,0,0,0,1,2,45,1,1,2,1,20,3,11,15,1,1,1,82,,,,0,0,,,,,,,,,,,,,,,,,,,,,,,,,2013
2013040610,4,40610,2,2,1,3,9,8,22,12,6,1,0,4,1,73,706,73706,80,2011,JKAZXCJ18BA0,J,K,A,Z,X,C,J,1,8,B,A,0,0,0,0,Not Applicable,Not Applicable,0,0,0,1,0,0,0,0,0,0,0,40,0,0,0,12,6,2,12,0,0,0,1,4,85053,6,1,0,0,3,0,69,170,1,0,0,0,0,3,2012,3,2012,0,89,0,0,0,2,3,45,1,1,2,1,0,0,1,68,3,2,1,83,,,,1,0,,,,,,,,,,,,,,,,,,,,,,,,,2013
2013040611,4,40611,1,1,2,4,9,99,99,33,0,1,0,99,9,99,999,99999,99,9999,Unknown,9,9,9,9,9,9,9,9,9,9,9,9,0,0,0,Not Applicable,Not Applicable,0,0,0,1,0,0,0,0,0,0,0,999,0,0,0,12,6,2,25,0,0,0,1,4,85742,6,1,0,0,3,0,68,135,0,0,0,0,0,0,0,0,0,9,99,99,99,99,2,3,99,1,1,1,1,3,3,1,9,99,9,4,10,,,,1,0,,,,,,,,,,,,,,,,,,,,,,,,,2013
2013040613,4,40613,1,1,1,7,9,23,9,33,0,1,0,4,1,20,481,20481,31,1963,3C2540134201,3,C,2,5,4,0,1,3,4,2,0,1,0,0,0,Not Applicable,Not Applicable,0,0,0,1,0,0,0,0,0,0,0,53,0,0,0,12,6,2,42,0,0,0,1,4,85041,6,1,6,0,3,3,66,150,0,2,0,0,0,7,2011,8,2011,4,58,0,0,0,2,2,40,1,1,2,1,0,0,1,9,1,1,4,6,,,,1,1,,,,,,,,,,,,,,,,,,,,,,,,,2013
2013040614,4,40614,1,2,1,9,9,6,56,12,6,1,0,4,1,22,20,22020,4,2005,2G2WP5222512,2,G,2,W,P,5,2,2,2,5,1,2,0,0,0,Not Applicable,Not Applicable,0,0,0,1,0,0,0,0,0,0,0,15,0,0,0,81,6,2,12,0,0,0,1,4,85024,6,1,0,0,3,3,60,160,0,0,0,0,1,12,2011,12,2011,0,38,0,0,0,5,6,45,1,1,2,2,2,3,11,15,1,1,1,68,,,,1,0,,,,,,,,,,,,,,,,,,,,,,,,,2013
2013040614,4,40614,2,2,2,9,9,6,56,12,6,1,0,4,3,90,981,90981,50,2010,1BAKBCPA3AF2,1,B,A,K,B,C,P,A,3,A,F,2,0,0,88,None,None,2,21,22,1,0,0,0,0,1,0,0,34,0,0,0,12,6,2,12,0,0,0,1,4,85032,6,1,6,1,3,0,69,195,0,0,0,0,0,0,0,0,0,0,0,0,0,0,5,6,45,1,1,2,2,2,3,1,62,1,1,1,69,,,,0,0,,,,,,,,,,,,,,,,,,,,,,,,,2013
2013040615,4,40615,1,2,4,11,9,5,46,12,6,1,0,4,2,37,31,37031,4,2004,2HGES267X4H5,2,H,G,E,S,2,6,7,X,4,H,5,0,0,0,Not Applicable,Not Applicable,0,0,0,1,0,0,0,0,0,0,0,19,0,0,0,61,6,2,12,0,0,0,1,4,85021,1,1,0,0,2,0,61,150,0,0,0,0,0,0,0,0,0,0,39,0,0,0,5,5,40,1,1,2,1,2,3,1,17,1,1,1,89,,,,1,0,,,,,,,,,,,,,,,,,,,,,,,,,2013
2013040615,4,40615,2,2,1,11,9,5,46,12,6,1,0,4,1,12,481,12481,31,2002,1FTRX17L82NB,1,F,T,R,X,1,7,L,8,2,N,B,0,0,0,Not Applicable,Not Applicable,0,0,0,1,0,0,0,0,0,0,0,39,0,0,0,12,6,2,12,0,0,0,1,4,85345,6,1,0,0,3,0,71,185,1,4,0,0,1,5,2012,7,2013,0,0,0,0,0,5,6,40,1,1,2,1,2,3,1,66,1,1,1,88,,,,0,0,,,,,,,,,,,,,,,,,,,,,,,,,2013
2013040616,4,40616,1,1,1,11,9,17,38,8,0,1,0,4,2,49,46,49046,5,2009,JTDKB20U1935,J,T,D,K,B,2,0,U,1,9,3,5,0,0,0,Not Applicable,Not Applicable,0,0,0,1,0,0,0,0,0,0,0,40,0,0,0,12,6,2,8,36,0,0,1,4,85395,6,1,0,0,3,0,69,135,0,0,0,0,0,0,0,0,0,9,99,99,99,99,4,2,35,1,1,2,1,2,3,1,80,1,1,1,13,,,,0,0,,,,,,,,,,,,,,,,,,,,,,,,,2013
2013040617,4,40617,1,2,2,15,9,17,54,12,6,1,0,4,1,14,4,14004,2,1995,1MELM62W0SH6,1,M,E,L,M,6,2,W,0,S,H,6,0,0,0,Not Applicable,Not Applicable,0,0,0,1,0,0,0,0,0,0,0,40,0,0,0,62,6,2,8,0,0,0,1,4,85374,0,0,0,0,0,0,999,999,0,0,0,1,0,2,2012,2,2012,0,0,0,0,0,5,5,35,1,1,2,1,2,3,1,66,1,1,1,89,,,,0,0,,,,,,,,,,,,,,,,,,,,,,,,,2013
2013040617,4,40617,2,2,2,15,9,17,54,12,6,1,0,4,2,20,16,20016,4,2001,1G1JC5240171,1,G,1,J,C,5,2,4,0,1,7,1,0,0,0,Not Applicable,Not Applicable,0,0,0,1,0,0,0,0,0,0,0,29,0,0,0,12,6,2,12,0,0,0,1,4,85015,6,1,0,0,3,3,67,170,0,0,0,0,0,0,0,0,0,0,39,91,0,0,5,4,35,1,1,2,1,2,3,1,17,1,1,1,88,,,,0,0,,,,,,,,,,,,,,,,,,,,,,,,,2013
2013040618,4,40618,1,4,1,19,9,17,43,12,6,1,0,4,1,49,482,49482,31,2004,5TBDT44194S4,5,T,B,D,T,4,4,1,9,4,S,4,0,0,0,Not Applicable,Not Applicable,0,0,0,1,0,0,0,0,0,0,0,44,0,0,0,12,6,2,12,0,0,0,1,4,85008,6,1,0,0,3,0,68,240,0,0,0,1,0,7,2012,7,2012,0,28,85,0,0,5,5,40,1,1,2,1,0,0,15,10,8,9,2,64,,,,0,1,,,,,,,,,,,,,,,,,,,,,,,,,2013
2013040618,4,40618,2,4,3,19,9,17,43,12,6,1,0,4,1,9,442,9442,20,1998,2P4GP45R7WR6,2,P,4,G,P,4,5,R,7,W,R,6,0,0,0,Not Applicable,Not Applicable,0,0,0,1,0,0,0,0,0,0,0,32,0,0,0,63,6,2,12,0,0,0,1,4,85018,6,1,0,0,3,0,68,200,0,0,0,0,0,0,0,0,0,0,0,0,0,0,5,5,40,1,1,2,1,0,0,1,62,1,1,1,65,,,,0,0,,,,,,,,,,,,,,,,,,,,,,,,,2013
2013040618,4,40618,3,4,1,19,9,17,43,12,6,1,0,4,1,12,481,12481,31,2003,1FTRF07W83KC,1,F,T,R,F,0,7,W,8,3,K,C,0,0,0,Not Applicable,Not Applicable,0,0,0,1,0,0,0,0,0,0,0,30,0,0,0,12,6,2,12,0,0,0,1,4,85018,6,1,0,0,3,3,69,230,0,0,0,0,0,0,0,0,0,0,0,0,0,0,5,5,40,1,1,2,1,0,0,1,62,1,1,1,98,,,,1,0,,,,,,,,,,,,,,,,,,,,,,,,,2013
2013040618,4,40618,4,4,1,19,9,17,43,12,6,1,0,4,2,7,442,7442,20,2011,2D4RN5DG2BR7,2,D,4,R,N,5,D,G,2,B,R,7,0,0,0,Not Applicable,Not Applicable,0,0,0,1,0,0,0,0,0,0,0,43,2,0,0,12,6,2,12,0,0,0,1,4,85256,6,1,0,0,3,0,67,200,0,3,0,1,0,12,2011,1,2012,0,0,0,0,0,5,5,40,1,1,2,1,0,0,1,50,4,9,1,98,,,,0,0,,,,,,,,,,,,,,,,,,,,,,,,,2013
2013040619,4,40619,1,1,2,20,9,18,20,1,0,1,0,99,9,99,999,99999,99,9999,Unknown,9,9,9,9,9,9,9,9,9,9,9,9,0,0,0,Not Applicable,Not Applicable,0,0,0,1,0,0,0,0,0,0,0,999,0,1,9,0,9,9,1,0,0,0,1,4,85139,6,1,0,0,3,0,69,230,0,0,0,2,0,5,2011,2,2013,9,91,0,0,0,1,2,99,1,1,2,99,0,0,99,99,99,9,4,5,,,,1,1,,,,,,,,,,,,,,,,,,,,,,,,,2013
2013040620,4,40620,1,1,1,21,9,17,20,1,0,1,0,92,0,73,733,73733,90,2002,JKAVF8B192B5,J,K,A,V,F,8,B,1,9,2,B,5,0,0,0,Not Applicable,Not Applicable,0,0,0,1,0,0,0,0,0,0,0,25,0,1,1,0,6,2,1,0,0,0,1,4,85201,0,0,0,0,0,0,67,220,0,0,0,0,0,0,0,0,0,4,6,24,0,0,1,2,25,1,1,2,1,0,0,12,6,1,9,6,98,,,,1,0,,,,,,,,,,,,,,,,,,,,,,,,,2013
2013040621,4,40621,1,1,1,21,9,5,21,15,0,1,0,4,2,14,17,14017,4,1993,1MELM5042PG6,1,M,E,L,M,5,0,4,2,P,G,6,0,0,0,Not Applicable,Not Applicable,0,0,0,1,0,0,0,0,0,0,0,28,0,0,0,12,4,5,15,32,0,0,1,4,85022,6,1,0,0,3,3,62,125,0,0,0,0,0,0,0,0,0,0,0,0,0,0,2,3,45,1,1,2,1,2,3,1,80,1,1,1,13,,,,0,0,,,,,,,,,,,,,,,,,,,,,,,,,2013
2013040622,4,40622,1,1,2,23,9,9,52,1,0,1,0,4,2,20,37,20037,4,2005,1G1ZT62835F1,1,G,1,Z,T,6,2,8,3,5,F,1,0,0,0,Not Applicable,Not Applicable,0,0,0,1,0,0,0,0,0,0,0,68,0,1,3,0,6,2,1,0,0,0,1,4,85219,0,0,0,0,0,0,65,140,0,0,0,0,1,7,2012,7,2012,4,27,58,0,0,2,2,50,1,1,2,1,0,0,1,6,99,9,4,7,,,,1,1,,,,,,,,,,,,,,,,,,,,,,,,,2013
2013040624,4,40624,1,1,2,1,11,2,53,8,0,1,0,4,2,49,40,49040,4,2001,4T1BG22K11U0,4,T,1,B,G,2,2,K,1,1,U,0,0,0,0,Not Applicable,Not Applicable,0,0,0,1,0,0,0,0,0,0,0,30,0,0,0,12,4,3,8,0,0,0,1,4,86325,6,1,0,0,3,0,70,160,0,0,0,0,1,10,2013,10,2013,0,0,0,0,0,1,2,35,1,1,2,1,0,0,1,80,1,1,1,13,,,,0,0,,,,,,,,,,,,,,,,,,,,,,,,,2013
2013040625,4,40625,1,1,1,1,11,18,24,8,0,1,0,4,1,49,32,49032,4,2008,1NXBR30E98Z0,1,N,X,B,R,3,0,E,9,8,Z,0,0,0,0,Not Applicable,Not Applicable,0,0,0,1,0,0,0,0,0,0,0,40,0,0,0,12,2,5,8,0,0,0,1,4,85201,6,1,0,0,3,3,65,230,0,0,0,0,0,0,0,0,0,0,0,0,0,0,5,4,40,1,1,2,1,0,0,1,80,2,1,1,13,,,,0,0,,,,,,,,,,,,,,,,,,,,,,,,,2013
2013040626,4,40626,1,1,1,1,11,19,20,59,0,1,0,4,2,12,37,12037,4,2005,1FAFP34N35W1,1,F,A,F,P,3,4,N,3,5,W,1,0,0,0,Not Applicable,Not Applicable,0,0,0,1,0,0,0,0,0,0,0,999,0,1,5,12,6,2,1,0,0,0,1,4,85616,6,1,0,0,3,0,62,130,0,0,0,1,0,6,2013,6,2013,4,0,0,0,0,1,2,35,3,1,2,1,0,0,14,13,1,1,4,1,,,,1,1,,,,,,,,,,,,,,,,,,,,,,,,,2013
2013040627,4,40627,1,1,5,2,11,15,10,1,0,1,0,4,1,12,401,12401,14,2001,1FMDU65P21ZA,1,F,M,D,U,6,5,P,2,1,Z,A,0,0,0,Not Applicable,Not Applicable,0,0,0,1,0,0,0,0,0,0,0,72,0,1,1,0,6,2,1,0,0,0,1,4,85122,6,1,0,0,3,3,64,216,0,0,0,0,0,0,0,0,0,3,99,99,99,99,1,2,50,1,1,2,1,0,0,1,13,1,1,6,98,,,,1,0,,,,,,,,,,,,,,,,,,,,,,,,,2013
2013040628,4,40628,1,2,1,2,11,18,22,12,1,1,0,17,3,51,884,51884,66,2002,4V4NC9TK62N3,4,V,4,N,C,9,T,K,6,2,N,3,1,1,99,Unknown,Unknown,3,6,1,1,0,0,0,0,0,0,0,0,0,0,0,6,4,3,12,0,0,0,1,4,85340,6,1,6,0,3,3,70,220,0,0,0,0,1,4,2011,4,2011,0,89,0,0,0,2,2,35,2,1,2,1,0,0,5,61,1,1,1,22,,,,0,0,,,,,,,,,,,,,,,,,,,,,,,,,2013
2013040628,4,40628,2,2,2,2,11,18,22,12,1,1,0,32,2,49,40,49040,4,2010,4T4BF3EK5AR0,4,T,4,B,F,3,E,K,5,A,R,0,0,0,0,Not Applicable,Not Applicable,0,0,0,1,0,0,0,0,0,0,0,998,3,0,0,12,6,2,12,0,0,0,1,4,86324,6,1,0,0,3,0,70,210,0,0,0,0,0,0,0,0,0,9,99,99,99,99,2,2,35,2,1,2,1,0,0,14,10,99,1,2,20,,,,2,1,,,,,,,,,,,,,,,,,,,,,,,,,2013
2013040629,4,40629,1,1,1,3,11,22,50,1,0,1,0,4,2,20,404,20404,14,2005,2CNDL73F9560,2,C,N,D,L,7,3,F,9,5,6,0,0,0,0,Not Applicable,Not Applicable,0,0,0,1,0,0,0,0,0,0,0,998,0,1,5,0,6,2,1,0,0,0,1,4,85710,6,1,0,0,3,3,73,140,0,0,0,0,0,0,0,0,0,4,0,0,0,0,1,2,50,1,1,2,1,0,0,99,92,7,9,4,2,,,,1,1,,,,,,,,,,,,,,,,,,,,,,,,,2013
2013040630,4,40630,1,1,1,7,11,19,12,8,0,1,0,4,1,35,47,35047,4,2000,1N4DL01D5YC1,1,N,4,D,L,0,1,D,5,Y,C,1,0,0,0,Not Applicable,Not Applicable,0,0,0,1,0,0,0,0,0,0,0,35,0,0,0,12,2,3,8,0,0,0,1,4,85364,6,1,0,0,3,0,59,147,0,0,0,2,0,2,2012,6,2012,0,91,0,0,0,5,4,35,1,1,2,1,0,0,1,80,4,1,1,13,,,,0,0,,,,,,,,,,,,,,,,,,,,,,,,,2013
2013040631,4,40631,1,2,1,12,11,6,57,12,1,1,0,4,1,12,3,12003,1,2007,1ZVHT85H4752,1,Z,V,H,T,8,5,H,4,7,5,2,0,0,0,Not Applicable,Not Applicable,0,0,0,1,0,0,0,0,0,0,0,35,0,0,0,6,4,3,12,0,0,0,1,4,85295,6,1,0,0,3,3,69,160,0,0,0,0,0,0,0,0,0,0,27,0,0,0,3,4,65,1,1,2,1,0,0,15,11,9,1,2,27,,,,0,0,,,,,,,,,,,,,,,,,,,,,,,,,2013
2013040631,4,40631,2,2,1,12,11,6,57,12,1,1,0,4,1,72,706,72706,80,1982,1HD1ADK19CY0,1,H,D,1,A,D,K,1,9,C,Y,0,0,0,0,Not Applicable,Not Applicable,0,0,0,1,0,0,0,0,0,0,0,65,0,0,0,12,6,2,12,0,0,0,1,4,85119,6,1,5,0,3,0,72,245,0,8,1,3,1,2,2011,1,2012,0,0,0,0,0,3,4,65,1,1,2,1,0,0,1,51,3,2,1,24,,,,1,0,,,,,,,,,,,,,,,,,,,,,,,,,2013
2013040632,4,40632,1,1,1,13,11,16,43,43,0,1,0,92,0,53,706,53706,80,2009,JS1GT78A4921,J,S,1,G,T,7,8,A,4,9,2,1,0,0,0,Not Applicable,Not Applicable,0,0,0,1,0,0,0,0,0,0,0,120,0,0,0,12,6,2,43,0,0,1,1,4,85120,2,1,0,0,2,0,69,205,0,12,4,0,1,1,2011,3,2012,5,0,0,0,0,2,2,45,3,6,2,1,0,0,14,6,1,1,4,1,,,,1,1,,,,,,,,,,,,,,,,,,,,,,,,,2013
2013040633,4,40633,1,1,1,14,11,0,31,33,0,1,0,4,1,12,481,12481,31,1996,1FTJW36F6TEB,1,F,T,J,W,3,6,F,6,T,E,B,0,0,0,Not Applicable,Not Applicable,0,0,0,1,0,0,0,0,0,0,0,60,0,1,6,99,6,2,19,32,0,0,1,4,86442,6,1,0,0,3,0,70,255,0,0,0,0,0,0,0,0,0,3,89,0,0,0,5,4,45,3,1,2,1,0,0,14,13,1,1,4,1,,,,1,1,,,,,,,,,,,,,,,,,,,,,,,,,2013
2013040634,4,40634,1,2,1,14,11,18,30,12,1,1,0,4,1,37,31,37031,2,2000,1HGEJ6128YL0,1,H,G,E,J,6,1,2,8,Y,L,0,0,0,0,Not Applicable,Not Applicable,0,0,0,1,0,0,0,0,0,0,0,42,0,0,0,12,6,2,12,0,0,0,1,4,85392,1,1,0,0,2,3,69,130,0,2,0,1,4,6,2012,11,2013,4,0,0,0,0,4,2,40,1,1,1,1,0,0,1,51,1,1,1,24,,,,1,0,,,,,,,,,,,,,,,,,,,,,,,,,2013
2013040634,4,40634,2,2,1,14,11,18,30,12,1,1,0,4,1,82,881,82881,66,2004,1FUJBBCK74PM,1,F,U,J,B,B,C,K,7,4,P,M,1,1,57,2284569,572284569,3,6,1,1,0,0,0,0,0,0,0,22,0,0,0,6,4,5,12,0,0,0,1,4,85301,6,1,6,0,3,0,68,192,0,0,0,1,0,6,2012,6,2012,0,0,0,0,0,4,2,40,1,1,1,1,0,0,1,53,1,1,1,25,,,,0,0,,,,,,,,,,,,,,,,,,,,,,,,,2013
2013040635,4,40635,1,1,1,15,11,15,46,33,0,1,0,4,2,76,706,76706,80,2014,JYAVN05E0EA0,J,Y,A,V,N,0,5,E,0,E,A,0,0,0,0,Not Applicable,Not Applicable,0,0,0,1,0,0,0,0,0,0,0,998,0,0,0,12,6,2,42,0,0,0,1,4,85295,6,1,0,0,3,0,72,170,1,1,0,2,1,10,2011,8,2013,4,0,0,0,0,2,2,45,3,1,2,1,0,0,14,13,1,1,4,1,,,,1,0,,,,,,,,,,,,,,,,,,,,,,,,,2013
2013040636,4,40636,1,2,1,16,11,16,35,12,2,1,0,4,2,35,401,35401,14,1994,JN8HD17Y0RW2,J,N,8,H,D,1,7,Y,0,R,W,2,0,0,0,Not Applicable,Not Applicable,0,0,0,1,0,0,0,0,0,0,0,998,0,1,1,12,6,2,12,0,0,0,1,4,85706,6,1,0,0,3,0,67,128,0,0,0,0,0,0,0,0,0,0,28,0,0,0,5,4,98,1,1,2,1,0,0,11,10,1,1,2,68,,,,0,0,,,,,,,,,,,,,,,,,,,,,,,,,2013
2013040636,4,40636,2,2,1,16,11,16,35,12,2,1,0,4,1,35,43,35043,4,2005,3N1CB51D85L5,3,N,1,C,B,5,1,D,8,5,L,5,0,0,0,Not Applicable,Not Applicable,0,0,0,1,0,0,0,0,0,0,0,998,0,0,0,12,6,2,12,32,0,0,1,4,85706,6,1,0,0,3,3,65,245,0,0,0,0,0,0,0,0,0,0,0,0,0,0,5,4,98,1,1,2,1,0,0,1,62,99,1,1,69,,,,1,0,,,,,,,,,,,,,,,,,,,,,,,,,2013
2013040637,4,40637,1,1,2,17,11,10,19,1,0,1,0,48,2,20,402,20402,14,2001,2CNBE6349169,2,C,N,B,E,6,3,4,9,1,6,9,0,0,0,Not Applicable,Not Applicable,0,0,0,1,0,0,0,0,0,0,0,998,0,1,5,0,6,2,1,32,0,0,1,48,77033,6,1,0,0,3,0,69,300,0,0,0,0,0,0,0,0,0,9,99,99,99,99,2,2,75,1,1,2,1,0,0,1,12,1,9,4,2,,,,1,0,,,,,,,,,,,,,,,,,,,,,,,,,2013
2013040638,4,40638,1,1,1,17,11,18,35,9,0,1,0,4,2,12,442,12442,20,1996,2FMDA51UXTBB,2,F,M,D,A,5,1,U,X,T,B,B,0,0,0,Not Applicable,Not Applicable,0,0,0,1,0,0,0,0,0,0,0,998,0,0,0,12,2,5,9,0,0,0,1,4,85713,6,1,0,0,3,3,70,216,0,0,0,0,0,0,0,0,0,0,0,0,0,0,2,2,40,2,5,2,1,3,3,14,83,1,1,1,13,,,,0,0,,,,,,,,,,,,,,,,,,,,,,,,,2013
2013040639,4,40639,1,2,1,22,11,17,51,8,0,1,0,4,1,2,404,2404,14,2001,1J4FT48S81L5,1,J,4,F,T,4,8,S,8,1,L,5,0,0,0,Not Applicable,Not Applicable,0,0,0,1,0,0,0,0,0,0,0,35,0,0,0,12,2,5,8,0,0,0,1,4,85003,6,1,0,0,3,0,69,145,0,0,0,0,0,0,0,0,0,0,0,0,0,0,5,5,35,1,1,2,2,0,0,1,80,1,1,1,13,,,,0,0,,,,,,,,,,,,,,,,,,,,,,,,,2013
2013040639,4,40639,2,2,1,22,11,17,51,8,0,1,0,4,1,6,51,6051,4,2000,2C3HE66G6YH3,2,C,3,H,E,6,6,G,6,Y,H,3,0,0,0,Not Applicable,Not Applicable,0,0,0,1,0,0,0,0,0,0,0,35,0,0,0,12,2,5,12,0,0,0,1,4,85035,0,0,0,0,0,0,63,150,1,0,0,0,0,1,2013,1,2013,0,91,0,0,0,5,5,35,1,1,2,2,0,0,1,59,1,1,1,98,,,,0,0,,,,,,,,,,,,,,,,,,,,,,,,,2013
2013040640,4,40640,1,1,1,26,11,20,26,8,0,1,0,4,3,12,16,12016,4,2003,2FAHP71W63X1,2,F,A,H,P,7,1,W,6,3,X,1,0,0,0,Not Applicable,Not Applicable,0,0,0,1,0,0,0,0,0,1,0,35,0,0,0,12,2,5,8,0,0,0,1,4,85705,6,1,0,0,3,0,72,190,0,0,0,1,0,8,2012,8,2012,0,0,0,0,0,5,4,40,1,1,2,1,0,0,1,80,6,1,2,13,,,,0,0,,,,,,,,,,,,,,,,,,,,,,,,,2013