accident_id,STATE,ST_CASE,VEH_NO,VE_FORMS,NUMOCCS,DAY,MONTH,HOUR,MINUTE,HARM_EV,MAN_COLL,UNITTYPE,HIT_RUN,REG_STAT,OWNER,MAKE,MODEL,MAK_MOD,BODY_TYP,MOD_YEAR,VIN,VIN_1,VIN_2,VIN_3,VIN_4,VIN_5,VIN_6,VIN_7,VIN_8,VIN_9,VIN_10,VIN_11,VIN_12,TOW_VEH,J_KNIFE,MCARR_I1,MCARR_I2,MCARR_ID,GVWR,V_CONFIG,CARGO_BT,HAZ_INV,HAZ_PLAC,HAZ_ID,HAZ_CNO,HAZ_REL,BUS_USE,SPEC_USE,EMER_USE,TRAV_SP,UNDERIDE,ROLLOVER,ROLINLOC,IMPACT1,DEFORMED,TOWED,M_HARM,VEH_SC1,VEH_SC2,FIRE_EXP,DR_PRES,L_STATE,DR_ZIP,L_STATUS,L_TYPE,CDL_STAT,L_ENDORS,L_COMPL,L_RESTRI,DR_HGT,DR_WGT,PREV_ACC,PREV_SUS,PREV_DWI,PREV_SPD,PREV_OTH,FIRST_MO,FIRST_YR,LAST_MO,LAST_YR,SPEEDREL,DR_SF1,DR_SF2,DR_SF3,DR_SF4,VTRAFWAY,VNUM_LAN,VSPD_LIM,VALIGN,VPROFILE,VPAVETYP,VSURCOND,VTRAFCON,VTCONT_F,P_CRASH1,P_CRASH2,P_CRASH3,PCRASH4,PCRASH5,ACC_TYPE,TRLR1VIN,TRLR2VIN,TRLR3VIN,DEATHS,DR_DRINK,VINTYPE,VINMAKE,VINA_MOD,VIN_BT,VINMODYR,VIN_LNGT,VIN_WGT,WGTCD_TR,WHLBS_LG,WHLBS_SH,SER_TR,FUELCODE,MCYCL_DS,CARBUR,CYLINDER,DISPLACE,MCYCL_CY,MCYCL_WT,TIRE_SZE,TON_RAT,TRK_WT,TRKWTVAR,VIN_REST,WHLDRWHL,Year
2013040641,4,40641,1,3,1,27,11,22,27,12,6,1,0,4,1,63,37,63037,6,2012,KNDJT2A56C73,K,N,D,J,T,2,A,5,6,C,7,3,0,0,0,Not Applicable,Not Applicable,0,0,0,1,0,0,0,0,0,0,0,50,0,0,0,12,6,2,12,0,0,0,1,4,85718,6,1,0,0,3,0,66,160,0,0,0,0,0,0,0,0,0,0,39,0,0,0,2,3,40,1,1,2,1,2,3,1,17,1,1,3,83,,,,0,0,,,,,,,,,,,,,,,,,,,,,,,,,2013
2013040641,4,40641,2,3,3,27,11,22,27,12,6,1,0,4,1,53,33,53033,6,2006,JS2RC62H2653,J,S,2,R,C,6,2,H,2,6,5,3,0,0,0,Not Applicable,Not Applicable,0,0,0,1,0,0,0,0,0,0,0,0,0,0,0,61,6,2,12,0,0,0,1,4,85706,6,1,0,0,3,0,63,152,0,0,0,0,0,0,0,0,0,0,0,0,0,0,2,2,35,1,1,2,1,2,3,5,66,1,1,1,82,,,,1,0,,,,,,,,,,,,,,,,,,,,,,,,,2013
2013040641,4,40641,3,3,2,27,11,22,27,12,6,1,0,4,2,37,32,37032,4,2000,1HGCG1645YA0,1,H,G,C,G,1,6,4,5,Y,A,0,0,0,0,Not Applicable,Not Applicable,0,0,0,1,0,0,0,0,0,0,0,0,0,0,0,9,6,2,12,0,0,0,1,4,85745,6,1,0,0,3,3,66,141,0,0,0,0,0,0,0,0,0,0,0,0,0,0,2,2,35,1,1,2,1,2,3,5,50,1,1,1,98,,,,0,0,,,,,,,,,,,,,,,,,,,,,,,,,2013
2013040642,4,40642,1,2,1,28,11,11,20,12,6,1,0,4,1,2,404,2404,14,1990,1J4FJ58L1LL1,1,J,4,F,J,5,8,L,1,L,L,1,0,0,0,Not Applicable,Not Applicable,0,0,0,1,0,0,0,0,0,0,0,5,0,0,0,9,6,2,12,0,0,0,1,4,86406,6,1,0,0,3,3,74,260,0,0,0,0,0,0,0,0,0,0,48,0,0,0,5,4,55,1,1,2,1,0,0,12,10,1,1,2,98,,,,1,0,,,,,,,,,,,,,,,,,,,,,,,,,2013
2013040642,4,40642,2,2,3,28,11,11,20,12,6,1,0,4,1,20,481,20481,31,2000,2GCEC19TXY11,2,G,C,E,C,1,9,T,X,Y,1,1,0,0,0,Not Applicable,Not Applicable,0,0,0,1,0,0,0,0,0,0,0,55,0,0,0,12,6,2,12,0,0,0,1,4,86406,6,1,6,0,3,0,71,190,0,2,0,0,0,4,2011,5,2011,0,0,0,0,0,5,4,55,1,1,2,1,0,0,1,61,1,1,1,98,,,,0,0,,,,,,,,,,,,,,,,,,,,,,,,,2013
2013040643,4,40643,1,1,2,30,11,22,6,8,0,1,0,4,1,35,43,35043,4,2005,3N1CB51D05L4,3,N,1,C,B,5,1,D,0,5,L,4,0,0,0,Not Applicable,Not Applicable,0,0,0,1,0,0,0,0,0,0,0,45,0,0,0,12,2,3,8,0,0,0,1,4,85706,6,1,0,0,3,3,62,130,0,0,0,0,0,0,0,0,0,0,91,0,0,0,5,2,45,1,1,2,1,0,0,1,80,1,1,1,13,,,,0,1,,,,,,,,,,,,,,,,,,,,,,,,,2013
2013040644,4,40644,1,1,1,11,10,21,10,8,0,1,0,92,0,24,7,24007,4,2003,1G8AN12FX3Z1,1,G,8,A,N,1,2,F,X,3,Z,1,0,0,0,Not Applicable,Not Applicable,0,0,0,1,0,0,0,0,0,0,0,40,0,0,0,12,6,2,8,0,0,0,1,4,85711,6,1,0,0,3,0,72,240,0,1,0,1,0,11,2011,11,2011,0,0,0,0,0,2,3,40,1,1,2,1,0,0,1,80,8,1,2,13,,,,0,0,,,,,,,,,,,,,,,,,,,,,,,,,2013
2013040645,4,40645,1,2,2,30,10,20,18,12,2,1,0,6,2,20,422,20422,15,2006,1GNEC16Z86J1,1,G,N,E,C,1,6,Z,8,6,J,1,0,0,0,Not Applicable,Not Applicable,0,0,0,1,0,0,0,0,0,0,0,54,0,0,0,12,6,2,12,0,0,0,1,4,86334,6,1,0,0,3,0,75,250,0,0,0,0,0,0,0,0,0,3,28,89,0,0,1,2,50,2,1,2,1,0,0,14,10,6,1,2,50,,,,2,1,,,,,,,,,,,,,,,,,,,,,,,,,2013
2013040645,4,40645,2,2,1,30,10,20,18,12,2,1,0,48,1,12,481,12481,31,2009,1FTPX14V69FA,1,F,T,P,X,1,4,V,6,9,F,A,0,0,0,Not Applicable,Not Applicable,0,0,0,1,0,0,0,0,0,0,0,15,0,0,0,12,6,2,12,0,0,0,1,4,86305,6,1,0,0,3,0,75,260,0,0,0,0,0,0,0,0,0,0,89,0,0,0,1,2,50,3,1,2,1,0,0,14,62,8,1,3,51,,,,0,0,,,,,,,,,,,,,,,,,,,,,,,,,2013
2013040646,4,40646,1,3,2,4,9,22,55,12,6,1,0,4,3,12,402,12402,14,2011,1FMCU4K38BKB,1,F,M,C,U,4,K,3,8,B,K,B,0,0,0,Not Applicable,Not Applicable,0,0,0,1,0,0,0,0,0,0,0,75,0,0,0,12,6,2,12,0,0,0,1,4,85013,6,1,0,0,3,0,72,200,0,0,0,0,0,0,0,0,0,3,0,0,0,0,3,4,65,1,5,2,1,0,0,1,50,1,1,1,48,,,,0,0,,,,,,,,,,,,,,,,,,,,,,,,,2013
2013040646,4,40646,2,3,1,4,9,22,55,12,6,1,0,4,1,24,401,24401,14,2003,5GZCZ23D13S8,5,G,Z,C,Z,2,3,D,1,3,S,8,0,0,0,Not Applicable,Not Applicable,0,0,0,1,0,0,0,0,0,0,0,0,0,0,0,9,6,2,12,0,0,0,1,4,85014,0,0,0,0,0,0,61,120,0,2,0,0,0,1,2013,7,2013,0,54,0,0,0,3,4,65,1,5,2,1,0,0,5,53,1,1,1,48,,,,1,0,,,,,,,,,,,,,,,,,,,,,,,,,2013
2013040646,4,40646,3,3,0,4,9,22,55,12,6,1,0,4,6,55,35,55035,4,2006,KMHDN46D66U3,K,M,H,D,N,4,6,D,6,6,U,3,0,0,0,Not Applicable,Not Applicable,0,0,0,1,0,0,0,0,0,0,0,0,0,0,0,6,6,2,12,0,0,0,0,0,99997,7,6,97,7,6,7,998,997,998,998,998,998,998,98,9998,98,9998,8,20,0,0,0,3,4,65,1,5,2,1,0,0,0,99,0,0,0,98,,,,0,0,,,,,,,,,,,,,,,,,,,,,,,,,2013
2013040647,4,40647,1,4,2,6,9,6,37,12,1,1,0,4,1,49,42,49042,2,1992,JT2EL45F4N00,J,T,2,E,L,4,5,F,4,N,0,0,0,0,0,Not Applicable,Not Applicable,0,0,0,1,0,0,0,0,0,0,0,65,0,0,0,12,6,2,12,0,0,0,1,4,85383,6,1,0,0,3,0,71,160,0,0,0,1,1,12,2011,12,2011,4,0,0,0,0,3,4,65,1,1,2,1,0,0,1,51,1,1,1,24,,,,1,0,,,,,,,,,,,,,,,,,,,,,,,,,2013
2013040647,4,40647,2,4,1,6,9,6,37,12,1,1,0,4,1,55,402,55402,14,2012,KM8JU3AC1CU4,K,M,8,J,U,3,A,C,1,C,U,4,0,0,0,Not Applicable,Not Applicable,0,0,0,1,0,0,0,0,0,0,0,999,0,1,1,6,6,2,1,0,0,0,1,4,85345,6,1,0,0,3,0,64,135,0,0,0,0,0,0,0,0,0,0,0,0,0,0,3,4,65,1,1,2,1,0,0,1,53,1,1,1,25,,,,0,0,,,,,,,,,,,,,,,,,,,,,,,,,2013
2013040647,4,40647,3,4,1,6,9,6,37,12,1,1,0,4,1,7,472,7472,30,2000,1B7GL22N0YS7,1,B,7,G,L,2,2,N,0,Y,S,7,0,0,0,Not Applicable,Not Applicable,0,0,0,1,0,0,0,0,0,0,0,999,0,0,0,6,4,5,12,0,0,0,1,4,85305,6,1,0,0,3,0,76,270,0,0,0,0,0,0,0,0,0,0,0,0,0,0,3,4,65,1,1,2,1,0,0,1,53,1,1,1,98,,,,0,0,,,,,,,,,,,,,,,,,,,,,,,,,2013
2013040647,4,40647,4,4,1,6,9,6,37,12,1,1,0,4,1,37,31,37031,4,1992,JHMEG8644NS0,J,H,M,E,G,8,6,4,4,N,S,0,0,0,0,Not Applicable,Not Applicable,0,0,0,1,0,0,0,0,0,0,0,999,0,0,0,63,2,5,12,0,0,0,1,4,85351,6,1,0,0,3,0,70,185,0,3,1,0,0,1,2011,8,2011,0,0,0,0,0,3,4,65,1,1,2,1,0,0,1,60,1,1,1,98,,,,0,0,,,,,,,,,,,,,,,,,,,,,,,,,2013
2013040648,4,40648,1,1,1,7,9,4,41,21,0,1,0,4,1,63,402,63402,14,2004,KNDJC7336452,K,N,D,J,C,7,3,3,6,4,5,2,0,0,0,Not Applicable,Not Applicable,0,0,0,1,0,0,0,0,0,0,0,75,0,1,3,12,6,2,21,0,0,1,1,4,85323,6,1,0,0,3,0,72,210,0,0,0,0,0,0,0,0,0,9,99,99,99,99,2,2,75,1,1,2,1,0,0,1,12,1,1,4,6,,,,1,0,,,,,,,,,,,,,,,,,,,,,,,,,2013
2013040649,4,40649,1,1,3,11,9,20,24,1,0,1,0,4,1,7,472,7472,30,2000,1B7GL2AZ3YS6,1,B,7,G,L,2,A,Z,3,Y,S,6,0,0,0,Not Applicable,Not Applicable,0,0,0,1,0,0,0,0,0,0,0,998,0,1,5,0,6,2,1,0,0,0,1,4,85032,6,1,0,0,3,3,65,250,0,1,0,0,1,5,2012,11,2012,0,80,0,0,0,2,3,75,1,1,2,1,0,0,1,1,99,3,4,2,,,,2,0,,,,,,,,,,,,,,,,,,,,,,,,,2013
2013040650,4,40650,1,2,2,13,9,13,18,12,6,1,0,4,1,22,441,22441,20,2003,1GMDX03E43D1,1,G,M,D,X,0,3,E,4,3,D,1,0,0,0,Not Applicable,Not Applicable,0,0,0,1,0,0,0,0,0,0,0,15,0,0,0,3,6,2,12,0,0,0,1,4,85935,6,1,0,0,3,3,67,160,0,0,0,0,0,0,0,0,0,0,38,0,0,0,2,2,50,1,1,2,1,0,0,11,15,1,1,1,68,,,,0,0,,,,,,,,,,,,,,,,,,,,,,,,,2013
2013040650,4,40650,2,2,1,13,9,13,18,12,6,1,0,4,1,37,706,37706,80,1996,1HFSC2245TA8,1,H,F,S,C,2,2,4,5,T,A,8,0,0,0,Not Applicable,Not Applicable,0,0,0,1,0,0,0,0,0,0,0,45,0,0,0,12,6,2,12,0,0,0,1,4,85901,6,1,0,0,3,0,69,190,0,0,0,0,0,0,0,0,0,0,0,0,0,0,2,2,50,1,1,2,1,0,0,1,62,3,2,1,69,,,,1,0,,,,,,,,,,,,,,,,,,,,,,,,,2013
2013040651,4,40651,1,1,1,15,9,14,23,1,0,1,0,4,2,12,481,12481,31,2002,2FTRF18W52CA,2,F,T,R,F,1,8,W,5,2,C,A,0,0,0,Not Applicable,Not Applicable,0,0,0,1,0,0,0,0,0,0,0,75,0,1,3,0,6,2,1,0,0,0,1,4,86409,6,1,0,0,3,0,72,171,0,0,0,1,0,4,2012,4,2012,4,0,0,0,0,2,2,75,2,6,2,1,0,0,14,12,1,1,4,6,,,,1,0,,,,,,,,,,,,,,,,,,,,,,,,,2013
2013040652,4,40652,1,2,1,17,9,6,53,12,7,1,0,4,1,30,40,30040,4,2002,3VWSE69M52M1,3,V,W,S,E,6,9,M,5,2,M,1,0,0,0,Not Applicable,Not Applicable,0,0,0,1,0,0,0,0,0,0,0,85,0,1,5,61,6,2,21,0,0,0,1,4,85209,6,1,0,0,3,0,74,160,0,0,0,0,1,2,2012,2,2012,4,99,99,99,99,3,4,65,1,1,2,1,0,0,99,10,1,1,3,47,,,,1,0,,,,,,,,,,,,,,,,,,,,,,,,,2013
2013040652,4,40652,2,2,1,17,9,6,53,12,7,1,0,4,1,63,402,63402,14,2012,5XYKW4A27CG2,5,X,Y,K,W,4,A,2,7,C,G,2,0,0,0,Not Applicable,Not Applicable,0,0,0,1,0,0,0,0,0,0,0,65,0,0,0,81,4,3,12,0,0,0,1,4,85209,6,1,0,0,3,0,69,170,0,0,0,0,0,0,0,0,0,0,0,0,0,0,3,4,65,1,1,2,1,0,0,1,61,1,1,1,45,,,,0,0,,,,,,,,,,,,,,,,,,,,,,,,,2013
2013040653,4,40653,1,1,1,19,9,21,40,8,0,1,0,4,3,12,481,12481,31,2010,1FTFW1CV5AKE,1,F,T,F,W,1,C,V,5,A,K,E,0,0,0,Not Applicable,Not Applicable,0,0,0,1,0,0,0,0,0,0,0,40,0,0,0,12,6,2,8,0,0,0,1,4,85331,6,1,0,0,3,3,65,185,0,0,0,0,0,0,0,0,0,0,0,0,0,0,6,1,65,1,6,2,1,0,0,1,80,1,1,1,13,,,,0,0,,,,,,,,,,,,,,,,,,,,,,,,,2013
2013040654,4,40654,1,2,1,7,10,5,59,12,6,1,0,4,3,12,481,12481,31,2008,1FTRF12218KD,1,F,T,R,F,1,2,2,1,8,K,D,0,0,0,Not Applicable,Not Applicable,0,0,0,1,0,0,0,0,0,0,0,998,0,0,0,9,6,2,12,0,0,0,1,4,85348,6,1,0,0,3,0,66,179,0,0,0,0,0,0,0,0,0,0,38,0,0,0,1,2,65,1,1,2,1,0,0,12,98,1,1,6,98,,,,1,0,,,,,,,,,,,,,,,,,,,,,,,,,2013
2013040654,4,40654,2,2,1,7,10,5,59,12,6,1,0,4,3,84,881,84881,63,1995,2HTTWADT8SC0,2,H,T,T,W,A,D,T,8,S,C,0,0,0,57,00713710,5700713710,3,2,5,1,0,0,0,0,0,0,0,998,0,1,5,12,6,2,12,0,0,0,1,4,85344,6,1,6,1,3,0,65,210,0,0,0,0,0,0,0,0,0,0,0,0,0,0,1,2,65,1,1,2,1,0,0,1,64,8,1,2,98,,,,0,0,,,,,,,,,,,,,,,,,,,,,,,,,2013
2013040656,4,40656,1,3,1,10,10,17,8,25,0,1,0,4,1,42,48,42048,4,2003,WDBUF70J93A0,W,D,B,U,F,7,0,J,9,3,A,0,0,0,0,Not Applicable,Not Applicable,0,0,0,1,0,0,0,0,0,0,0,65,0,0,0,12,6,2,12,0,0,0,1,4,85283,6,1,0,0,3,3,67,160,0,0,0,1,0,4,2011,4,2011,9,99,99,99,99,3,6,65,1,1,2,1,0,0,1,6,7,9,4,2,,,,1,0,,,,,,,,,,,,,,,,,,,,,,,,,2013
2013040656,4,40656,2,3,3,10,10,17,8,25,0,1,0,4,3,20,482,20482,31,2008,3GNEC120X8G2,3,G,N,E,C,1,2,0,X,8,G,2,0,0,0,Not Applicable,Not Applicable,0,0,0,1,0,0,0,0,0,0,0,65,0,0,0,6,6,2,12,0,0,0,1,4,85212,6,1,0,0,3,0,72,280,0,0,0,0,0,0,0,0,0,0,0,0,0,0,3,6,65,1,1,2,1,0,0,1,64,1,1,1,98,,,,0,0,,,,,,,,,,,,,,,,,,,,,,,,,2013
2013040656,4,40656,3,3,2,10,10,17,8,25,0,1,0,16,1,30,40,30040,4,2013,3VWLL7AJ2DM3,3,V,W,L,L,7,A,J,2,D,M,3,0,0,0,Not Applicable,Not Applicable,0,0,0,1,0,0,0,0,0,0,0,65,0,0,0,4,2,5,54,0,0,0,1,16,83705,6,1,0,0,3,3,67,155,0,0,0,0,0,0,0,0,0,0,0,0,0,0,3,6,65,1,1,2,1,0,0,1,98,1,1,1,98,,,,0,0,,,,,,,,,,,,,,,,,,,,,,,,,2013
2013040657,4,40657,1,2,1,17,10,14,16,12,6,1,0,4,1,12,17,12017,4,2004,1FAFP56S14G1,1,F,A,F,P,5,6,S,1,4,G,1,0,0,0,Not Applicable,Not Applicable,0,0,0,1,0,0,0,0,0,0,0,5,0,0,0,62,6,2,12,0,0,0,1,4,85260,6,1,0,0,3,3,64,170,0,0,0,0,0,0,0,0,0,0,39,0,0,0,5,2,25,1,1,2,1,20,3,1,19,1,1,1,89,,,,1,0,,,,,,,,,,,,,,,,,,,,,,,,,2013
2013040657,4,40657,2,2,1,17,10,14,16,12,6,1,0,4,2,7,482,7482,31,2008,1D7HA18258J1,1,D,7,H,A,1,8,2,5,8,J,1,0,0,0,Not Applicable,Not Applicable,0,0,0,1,0,0,0,0,0,0,0,45,0,0,0,12,6,2,12,0,0,0,1,4,85233,6,1,0,0,3,0,71,190,1,0,0,3,0,8,2011,8,2012,0,0,0,0,0,2,3,50,1,1,2,1,0,0,1,68,1,1,1,88,,,,0,0,,,,,,,,,,,,,,,,,,,,,,,,,2013
2013040658,4,40658,1,3,2,21,10,18,59,12,6,1,0,4,2,41,47,41047,4,1999,JM1TA2211X15,J,M,1,T,A,2,2,1,1,X,1,5,0,0,0,Not Applicable,Not Applicable,0,0,0,1,0,0,0,0,0,0,0,96,0,0,0,83,6,2,12,0,0,0,1,40,73160,6,2,0,0,3,3,67,132,0,0,0,0,0,0,0,0,0,4,0,0,0,0,5,4,45,1,1,2,1,0,0,15,6,99,4,2,64,,,,2,0,,,,,,,,,,,,,,,,,,,,,,,,,2013
2013040658,4,40658,2,3,2,21,10,18,59,12,6,1,0,4,1,49,422,49422,15,2004,5TDZT34A74S2,5,T,D,Z,T,3,4,A,7,4,S,2,0,0,0,Not Applicable,Not Applicable,0,0,0,1,0,0,0,0,0,0,0,999,0,0,0,12,6,2,12,0,0,0,1,4,86440,6,1,0,0,3,0,70,185,0,0,0,0,0,0,0,0,0,0,89,0,0,0,5,4,45,1,1,2,1,0,0,1,62,3,2,1,65,,,,2,0,,,,,,,,,,,,,,,,,,,,,,,,,2013
2013040658,4,40658,3,3,1,21,10,18,59,12,6,1,0,4,1,19,18,19018,4,2005,1G6DP5672501,1,G,6,D,P,5,6,7,2,5,0,1,0,0,0,Not Applicable,Not Applicable,0,0,0,1,0,0,0,0,0,0,0,999,0,0,0,8,2,5,54,0,0,0,1,4,86426,6,1,0,0,3,0,68,155,0,0,0,0,0,0,0,0,0,0,0,0,0,0,5,4,45,1,1,2,1,0,0,1,98,1,1,1,98,,,,0,0,,,,,,,,,,,,,,,,,,,,,,,,,2013
2013040659,4,40659,1,2,1,23,10,7,48,12,2,1,0,4,1,48,34,48034,6,2007,4S4BP62C9773,4,S,4,B,P,6,2,C,9,7,7,3,0,0,0,Not Applicable,Not Applicable,0,0,0,1,0,0,0,0,0,0,0,998,0,0,0,12,6,2,12,0,0,0,1,4,86305,6,1,0,0,3,3,64,120,0,0,0,0,0,0,0,0,0,0,28,0,0,0,1,2,50,3,1,2,1,0,0,14,10,1,1,1,50,,,,0,0,,,,,,,,,,,,,,,,,,,,,,,,,2013
2013040659,4,40659,2,2,4,23,10,7,48,12,2,1,0,4,2,20,39,20039,5,2005,KL1TD62645B4,K,L,1,T,D,6,2,6,4,5,B,4,0,0,0,Not Applicable,Not Applicable,0,0,0,1,0,0,0,0,0,0,0,998,0,0,0,12,6,2,12,0,0,0,1,4,86323,6,1,0,0,3,0,66,135,0,0,0,1,1,1,2012,8,2012,0,0,0,0,0,1,2,50,2,1,2,1,0,0,14,62,1,1,1,51,,,,3,0,,,,,,,,,,,,,,,,,,,,,,,,,2013
2013040660,4,40660,1,1,4,25,10,5,0,31,0,1,0,4,1,20,481,20481,31,1991,1GCDC14Z8MZ1,1,G,C,D,C,1,4,Z,8,M,Z,1,0,0,0,Not Applicable,Not Applicable,0,0,0,1,0,0,0,0,0,0,0,65,0,1,5,12,6,2,1,0,0,0,1,4,85365,6,1,0,0,3,3,73,150,0,0,0,0,0,0,0,0,0,0,58,0,0,0,2,2,65,2,1,2,1,0,0,14,12,1,1,4,6,,,,1,0,,,,,,,,,,,,,,,,,,,,,,,,,2013
2013040661,4,40661,1,1,1,25,10,15,26,9,0,1,0,4,2,12,17,12017,4,2013,1FAHP2F89DG1,1,F,A,H,P,2,F,8,9,D,G,1,0,0,0,Not Applicable,Not Applicable,0,0,0,1,0,0,0,0,0,0,0,75,0,0,0,12,6,2,9,0,0,0,1,4,86033,0,0,0,0,0,0,66,210,0,0,0,0,0,0,0,0,0,0,0,0,0,0,1,2,65,3,5,2,1,0,0,14,83,1,1,2,13,,,,0,1,,,,,,,,,,,,,,,,,,,,,,,,,2013
2013040662,4,40662,1,2,1,30,10,19,5,12,6,1,0,4,2,12,471,12471,30,2003,1FTYR14V33PB,1,F,T,Y,R,1,4,V,3,3,P,B,0,0,0,Not Applicable,Not Applicable,0,0,0,1,0,0,0,0,0,0,0,40,0,0,0,12,6,2,12,0,0,0,1,4,85350,0,0,0,0,0,0,65,175,0,0,0,0,0,0,0,0,0,0,39,0,0,0,1,2,50,1,1,2,1,20,3,1,17,1,1,1,88,,,,0,0,,,,,,,,,,,,,,,,,,,,,,,,,2013
2013040662,4,40662,2,2,1,30,10,19,5,12,6,1,0,5,2,20,481,20481,31,2003,1GCEC19T53Z3,1,G,C,E,C,1,9,T,5,3,Z,3,0,0,0,Not Applicable,Not Applicable,0,0,0,1,0,0,0,0,0,0,0,10,0,0,0,9,6,2,12,0,0,0,1,5,71953,6,1,0,0,3,0,64,140,0,0,0,0,0,0,0,0,0,0,0,0,0,0,1,2,45,1,1,2,1,0,0,1,66,1,1,1,89,,,,1,1,,,,,,,,,,,,,,,,,,,,,,,,,2013
2013040663,4,40663,1,1,2,31,10,14,9,1,0,1,0,4,1,35,43,35043,4,2008,3N1BB61E98L6,3,N,1,B,B,6,1,E,9,8,L,6,0,0,0,Not Applicable,Not Applicable,0,0,0,1,0,0,0,0,0,0,0,65,0,1,5,0,6,2,1,0,0,0,1,4,85041,6,1,0,0,3,0,64,115,0,0,0,1,2,2,2011,6,2012,4,0,0,0,0,1,2,65,3,1,2,1,0,0,14,9,7,3,4,2,,,,1,0,,,,,,,,,,,,,,,,,,,,,,,,,2013
2013040664,4,40664,1,4,1,11,11,17,57,12,1,1,0,4,3,20,481,20481,31,2008,1GCEC14X68Z2,1,G,C,E,C,1,4,X,6,8,Z,2,0,0,0,Not Applicable,Not Applicable,0,0,0,1,0,0,0,0,0,0,0,50,0,0,0,12,6,2,12,0,0,0,1,4,85295,6,1,0,0,3,0,71,190,1,0,0,1,0,6,2013,9,2013,4,0,0,0,0,3,5,65,1,1,2,1,0,0,1,50,4,9,1,20,,,,0,0,,,,,,,,,,,,,,,,,,,,,,,,,2013
2013040664,4,40664,2,4,2,11,11,17,57,12,1,1,0,4,1,55,36,55036,4,2010,KMHCN4AC0AU4,K,M,H,C,N,4,A,C,0,A,U,4,0,0,0,Not Applicable,Not Applicable,0,0,0,1,0,0,0,0,0,0,0,0,0,0,0,6,6,2,12,0,0,0,1,4,85392,6,1,0,0,3,3,71,250,0,0,0,0,0,0,0,0,0,0,0,0,0,0,3,5,65,1,1,2,1,0,0,5,53,1,1,1,21,,,,1,0,,,,,,,,,,,,,,,,,,,,,,,,,2013
2013040664,4,40664,3,4,1,11,11,17,57,12,1,1,0,4,2,49,51,49051,4,2009,JTDBT9035913,J,T,D,B,T,9,0,3,5,9,1,3,0,0,0,Not Applicable,Not Applicable,0,0,0,1,0,0,0,0,0,0,0,0,0,0,0,6,6,2,12,0,0,0,1,4,85338,6,1,0,0,3,3,64,180,0,0,0,0,0,0,0,0,0,0,0,0,0,0,3,5,65,1,1,2,1,0,0,5,50,1,1,1,98,,,,0,0,,,,,,,,,,,,,,,,,,,,,,,,,2013
2013040664,4,40664,4,4,3,11,11,17,57,12,1,1,0,4,1,37,32,37032,4,2007,1HGCM561X7A1,1,H,G,C,M,5,6,1,X,7,A,1,0,0,0,Not Applicable,Not Applicable,0,0,0,1,0,0,0,0,0,0,0,0,0,0,0,6,6,2,12,0,0,0,1,4,85396,6,1,0,0,3,0,68,170,0,0,0,0,0,0,0,0,0,0,0,0,0,0,3,5,65,1,1,2,1,0,0,5,50,1,1,1,98,,,,0,0,,,,,,,,,,,,,,,,,,,,,,,,,2013
2013040665,4,40665,1,1,1,15,11,22,14,1,0,1,0,4,1,20,471,20471,30,1996,1GCCS1446T82,1,G,C,C,S,1,4,4,6,T,8,2,0,0,0,Not Applicable,Not Applicable,0,0,0,1,0,0,0,0,0,0,0,998,0,1,5,0,6,2,1,0,0,0,1,4,85342,6,1,0,0,3,3,70,200,0,1,0,0,0,2,2011,2,2011,9,99,99,99,99,2,2,55,3,1,2,1,0,0,14,12,1,3,4,2,,,,1,0,,,,,,,,,,,,,,,,,,,,,,,,,2013
2013040666,4,40666,1,2,1,15,11,22,31,12,2,1,0,4,1,20,481,20481,31,1997,1GCEC14W0VZ2,1,G,C,E,C,1,4,W,0,V,Z,2,0,0,0,Not Applicable,Not Applicable,0,0,0,1,0,0,0,0,0,0,0,998,0,0,0,12,6,2,12,0,0,0,1,4,85138,0,0,0,0,0,0,65,180,0,0,0,0,0,0,0,0,0,0,51,0,0,0,2,2,65,1,1,2,1,0,0,1,54,1,1,1,50,,,,0,0,,,,,,,,,,,,,,,,,,,,,,,,,2013
2013040666,4,40666,2,2,1,15,11,22,31,12,2,1,0,4,2,20,481,20481,31,2000,1GCEC19V1YZ1,1,G,C,E,C,1,9,V,1,Y,Z,1,0,0,0,Not Applicable,Not Applicable,0,0,0,1,0,0,0,0,0,0,0,998,0,0,0,12,6,2,12,0,0,0,1,4,85374,6,1,0,0,3,3,69,140,0,0,0,0,0,0,0,0,0,0,0,0,0,0,2,2,65,1,1,2,1,0,0,1,54,99,9,1,51,,,,1,0,,,,,,,,,,,,,,,,,,,,,,,,,2013
2013040667,4,40667,1,1,2,30,11,4,23,25,0,1,0,4,1,73,703,73703,80,2014,JKAEX8B11EDA,J,K,A,E,X,8,B,1,1,E,D,A,0,0,0,Not Applicable,Not Applicable,0,0,0,1,0,0,0,0,0,0,0,55,0,0,0,62,6,2,25,0,0,0,1,4,85282,6,1,0,0,3,3,66,140,0,2,0,1,1,8,2011,6,2013,9,99,99,99,99,6,2,55,2,6,2,1,0,0,14,12,1,1,4,6,,,,2,1,,,,,,,,,,,,,,,,,,,,,,,,,2013
2013040668,4,40668,1,1,1,1,10,19,1,8,0,1,0,4,1,41,35,41035,4,2000,JM1BJ2213Y02,J,M,1,B,J,2,2,1,3,Y,0,2,0,0,0,Not Applicable,Not Applicable,0,0,0,1,0,0,0,0,0,0,0,33,0,0,0,12,2,3,8,0,0,0,1,4,85031,6,1,0,0,3,0,68,130,0,0,0,1,0,7,2013,7,2013,0,0,0,0,0,5,5,40,1,1,2,1,2,3,1,80,3,2,1,13,,,,0,0,,,,,,,,,,,,,,,,,,,,,,,,,2013
2013040669,4,40669,1,1,2,3,10,17,39,9,0,1,0,4,2,32,43,32043,4,2002,WAUJC68E22A1,W,A,U,J,C,6,8,E,2,2,A,1,0,0,0,Not Applicable,Not Applicable,0,0,0,1,0,0,0,0,0,0,0,29,0,0,0,12,4,3,9,0,0,0,1,4,85031,0,0,0,0,0,0,999,999,0,0,0,0,0,0,0,0,0,0,0,0,0,0,5,5,40,1,1,2,1,0,0,1,83,1,1,1,13,,,,0,0,,,,,,,,,,,,,,,,,,,,,,,,,2013