accident_id,STATE,ST_CASE,VEH_NO,VE_FORMS,NUMOCCS,DAY,MONTH,HOUR,MINUTE,HARM_EV,MAN_COLL,UNITTYPE,HIT_RUN,REG_STAT,OWNER,MAKE,MODEL,MAK_MOD,BODY_TYP,MOD_YEAR,VIN,VIN_1,VIN_2,VIN_3,VIN_4,VIN_5,VIN_6,VIN_7,VIN_8,VIN_9,VIN_10,VIN_11,VIN_12,TOW_VEH,J_KNIFE,MCARR_I1,MCARR_I2,MCARR_ID,GVWR,V_CONFIG,CARGO_BT,HAZ_INV,HAZ_PLAC,HAZ_ID,HAZ_CNO,HAZ_REL,BUS_USE,SPEC_USE,EMER_USE,TRAV_SP,UNDERIDE,ROLLOVER,ROLINLOC,IMPACT1,DEFORMED,TOWED,M_HARM,VEH_SC1,VEH_SC2,FIRE_EXP,DR_PRES,L_STATE,DR_ZIP,L_STATUS,L_TYPE,CDL_STAT,L_ENDORS,L_COMPL,L_RESTRI,DR_HGT,DR_WGT,PREV_ACC,PREV_SUS,PREV_DWI,PREV_SPD,PREV_OTH,FIRST_MO,FIRST_YR,LAST_MO,LAST_YR,SPEEDREL,DR_SF1,DR_SF2,DR_SF3,DR_SF4,VTRAFWAY,VNUM_LAN,VSPD_LIM,VALIGN,VPROFILE,VPAVETYP,VSURCOND,VTRAFCON,VTCONT_F,P_CRASH1,P_CRASH2,P_CRASH3,PCRASH4,PCRASH5,ACC_TYPE,TRLR1VIN,TRLR2VIN,TRLR3VIN,DEATHS,DR_DRINK,VINTYPE,VINMAKE,VINA_MOD,VIN_BT,VINMODYR,VIN_LNGT,VIN_WGT,WGTCD_TR,WHLBS_LG,WHLBS_SH,SER_TR,FUELCODE,MCYCL_DS,CARBUR,CYLINDER,DISPLACE,MCYCL_CY,MCYCL_WT,TIRE_SZE,TON_RAT,TRK_WT,TRKWTVAR,VIN_REST,WHLDRWHL,Year
2013040670,4,40670,1,1,3,3,10,22,24,9,0,1,0,4,1,2,404,2404,14,1996,1J4GZ58S5TC2,1,J,4,G,Z,5,8,S,5,T,C,2,0,0,0,Not Applicable,Not Applicable,0,0,0,1,0,0,0,0,0,0,0,3,0,0,0,12,2,5,9,0,0,0,1,4,85281,6,1,0,0,3,0,67,350,0,0,0,0,0,0,0,0,0,0,91,0,0,0,1,2,25,1,1,2,1,2,3,10,83,1,1,1,13,,,,0,0,,,,,,,,,,,,,,,,,,,,,,,,,2013
2013040671,4,40671,1,1,1,5,10,99,99,99,0,1,0,99,9,99,999,99999,99,9999,Unknown,9,9,9,9,9,9,9,9,9,9,9,9,0,0,0,Not Applicable,Not Applicable,0,0,0,1,0,0,0,0,0,0,0,999,0,0,0,99,9,9,99,0,0,0,1,4,85930,6,1,0,0,3,0,68,135,0,0,0,1,0,6,2012,6,2012,9,99,99,99,99,9,9,99,9,9,2,99,99,9,99,99,99,9,9,99,,,,1,0,,,,,,,,,,,,,,,,,,,,,,,,,2013
2013040672,4,40672,1,2,2,5,10,19,16,12,6,1,0,4,2,54,35,54035,4,2001,19UUA566X1A0,1,9,U,U,A,5,6,6,X,1,A,0,0,0,0,Not Applicable,Not Applicable,0,0,0,1,0,0,0,0,0,0,0,62,0,1,1,82,6,2,12,0,0,0,1,4,85053,6,1,0,0,3,0,69,145,0,0,0,0,0,0,0,0,0,4,91,28,0,0,1,2,25,3,1,2,1,0,0,14,10,3,4,2,64,,,,0,0,,,,,,,,,,,,,,,,,,,,,,,,,2013
2013040672,4,40672,2,2,4,5,10,19,16,12,6,1,0,92,0,35,32,35032,2,1998,1N4AB42D9WC5,1,N,4,A,B,4,2,D,9,W,C,5,0,0,0,Not Applicable,Not Applicable,0,0,0,1,0,0,0,0,0,0,0,22,0,0,0,12,6,2,12,0,0,0,1,4,85053,0,0,0,0,0,0,999,999,0,1,0,0,0,5,2011,5,2011,0,0,0,0,0,1,2,25,2,1,2,1,0,0,14,62,1,1,1,65,,,,1,0,,,,,,,,,,,,,,,,,,,,,,,,,2013
2013040675,4,40675,1,1,1,9,10,23,29,8,0,1,0,4,1,20,481,20481,31,2008,1GCEC14X88Z1,1,G,C,E,C,1,4,X,8,8,Z,1,0,0,0,Not Applicable,Not Applicable,0,0,0,1,0,0,0,0,0,0,0,998,0,0,0,12,8,8,8,35,0,0,1,4,85550,6,1,0,0,3,0,74,255,0,0,0,0,0,0,0,0,0,0,99,99,99,99,2,1,98,1,1,2,1,0,0,1,80,98,1,3,13,,,,0,0,,,,,,,,,,,,,,,,,,,,,,,,,2013
2013040676,4,40676,1,1,1,11,10,20,44,1,0,1,0,4,1,73,706,73706,80,2004,JKBVNMA144A0,J,K,B,V,N,M,A,1,4,4,A,0,0,0,0,Not Applicable,Not Applicable,0,0,0,1,0,0,0,0,0,0,0,65,0,0,0,0,6,2,1,0,0,0,1,4,85635,6,1,0,0,3,3,74,265,0,0,0,0,0,0,0,0,0,4,0,0,0,0,1,2,30,1,1,2,1,0,0,1,6,3,2,1,98,,,,1,0,,,,,,,,,,,,,,,,,,,,,,,,,2013
2013040678,4,40678,1,2,1,12,10,1,49,12,2,1,0,4,1,20,16,20016,2,2000,1G1JC1249Y72,1,G,1,J,C,1,2,4,9,Y,7,2,0,0,0,Not Applicable,Not Applicable,0,0,0,1,0,0,0,0,0,0,0,998,1,0,0,12,6,2,12,0,0,0,1,4,86504,6,1,0,0,3,3,64,160,0,2,1,0,0,12,2010,12,2011,0,51,0,0,0,3,4,65,1,1,2,1,0,0,1,54,1,1,1,50,,,,1,1,,,,,,,,,,,,,,,,,,,,,,,,,2013
2013040678,4,40678,2,2,1,12,10,1,49,12,2,1,0,94,3,7,881,7881,61,2001,3B6MC36521M2,3,B,6,M,C,3,6,5,2,1,M,2,0,0,99,Unknown,Unknown,2,1,98,1,0,0,0,0,0,0,0,998,0,0,0,12,6,2,12,0,0,0,1,4,85142,6,1,6,0,3,0,67,250,0,0,0,1,0,11,2011,11,2011,0,0,0,0,0,3,4,65,1,1,2,1,0,0,1,54,8,1,2,51,,,,0,0,,,,,,,,,,,,,,,,,,,,,,,,,2013
2013040679,4,40679,1,1,1,21,11,99,99,24,0,1,0,4,2,12,481,12481,31,1992,1FTEX14H5NKB,1,F,T,E,X,1,4,H,5,N,K,B,0,0,0,Not Applicable,Not Applicable,0,0,0,1,0,0,0,0,0,0,0,998,0,1,5,99,6,2,1,0,0,0,1,4,85603,6,1,0,0,3,0,73,210,0,0,0,0,0,0,0,0,0,0,99,99,99,99,1,2,55,1,1,2,1,0,0,1,9,99,3,4,2,,,,1,0,,,,,,,,,,,,,,,,,,,,,,,,,2013
2013040680,4,40680,1,1,3,30,11,23,20,8,0,1,0,6,1,35,421,35421,15,2012,5N1AA0NCXCN6,5,N,1,A,A,0,N,C,X,C,N,6,0,0,0,Not Applicable,Not Applicable,0,0,0,1,0,0,0,0,0,0,0,55,0,0,0,12,6,2,8,0,0,0,1,6,92283,6,1,0,0,3,0,71,275,0,0,0,0,1,4,2013,4,2013,0,0,0,0,0,1,4,55,1,1,2,1,0,0,1,80,1,1,1,13,,,,0,0,,,,,,,,,,,,,,,,,,,,,,,,,2013
2013040681,4,40681,1,4,1,11,10,20,45,12,7,1,0,4,2,20,421,20421,15,2002,1GNEC13Z42R2,1,G,N,E,C,1,3,Z,4,2,R,2,0,0,0,Not Applicable,Not Applicable,0,0,0,1,0,0,0,0,0,0,0,45,0,0,0,82,6,2,12,0,0,0,1,4,85131,6,1,0,0,3,0,67,170,0,0,0,0,0,0,0,0,0,0,28,0,0,0,1,3,45,1,1,2,1,0,0,6,10,99,1,2,44,,,,1,0,,,,,,,,,,,,,,,,,,,,,,,,,2013
2013040681,4,40681,2,4,1,11,10,20,45,12,7,1,0,8,2,20,421,20421,15,2003,1GNEK13Z03J2,1,G,N,E,K,1,3,Z,0,3,J,2,0,0,0,Not Applicable,Not Applicable,0,0,0,1,0,0,0,0,0,0,0,45,0,0,0,12,6,2,12,0,0,0,1,8,81401,6,1,0,0,3,3,68,135,0,0,0,0,0,0,0,0,0,0,0,0,0,0,1,3,45,1,1,2,1,0,0,1,54,1,1,1,98,,,,0,0,,,,,,,,,,,,,,,,,,,,,,,,,2013
2013040681,4,40681,3,4,2,11,10,20,45,12,7,1,0,4,1,20,23,20023,6,2011,3GNBACFU9BS5,3,G,N,B,A,C,F,U,9,B,S,5,0,0,0,Not Applicable,Not Applicable,0,0,0,1,0,0,0,0,0,0,0,0,0,0,0,6,2,5,12,32,0,0,1,4,85122,6,1,0,0,3,3,64,157,0,0,0,0,0,0,0,0,0,0,0,0,0,0,1,3,45,1,1,2,1,0,0,5,60,1,1,1,98,,,,0,0,,,,,,,,,,,,,,,,,,,,,,,,,2013
2013040681,4,40681,4,4,1,11,10,20,45,12,7,1,0,4,1,37,32,37032,4,2006,JHMCM56836C0,J,H,M,C,M,5,6,8,3,6,C,0,0,0,0,Not Applicable,Not Applicable,0,0,0,1,0,0,0,0,0,0,0,0,0,0,0,10,2,5,12,0,0,0,1,4,85128,6,1,0,0,3,0,74,220,0,1,0,0,1,9,2012,9,2012,0,0,0,0,0,1,3,45,1,1,2,1,0,0,5,60,1,1,1,45,,,,0,0,,,,,,,,,,,,,,,,,,,,,,,,,2013
2013040682,4,40682,1,1,1,12,10,15,19,33,0,1,0,92,0,98,709,98709,80,2010,AZ318502,A,Z,3,1,8,5,0,2,,,,,0,0,0,Not Applicable,Not Applicable,0,0,0,1,0,0,0,0,0,0,0,998,0,0,0,1,6,2,1,0,0,0,1,4,85234,1,1,5,0,2,0,66,150,0,6,2,5,1,1,2011,9,2013,4,27,0,0,0,2,3,45,3,1,2,1,0,0,15,51,7,1,4,1,,,,1,1,,,,,,,,,,,,,,,,,,,,,,,,,2013
2013040683,4,40683,1,2,1,12,10,6,49,12,6,1,0,4,1,49,402,49402,14,1998,JT3GP10VXW70,J,T,3,G,P,1,0,V,X,W,7,0,0,0,0,Not Applicable,Not Applicable,0,0,0,1,0,0,0,0,0,0,0,48,0,0,0,83,6,2,2,0,0,1,1,4,85023,6,1,0,0,3,0,63,140,0,0,0,0,0,0,0,0,0,0,39,0,0,0,2,3,45,1,1,2,1,2,3,1,17,1,1,1,87,,,,1,0,,,,,,,,,,,,,,,,,,,,,,,,,2013
2013040683,4,40683,2,2,1,12,10,6,49,12,6,1,0,4,1,20,471,20471,30,2002,1GCCS1450281,1,G,C,C,S,1,4,5,0,2,8,1,0,0,0,Not Applicable,Not Applicable,0,0,0,1,0,0,0,0,0,0,0,13,0,0,0,12,6,2,12,0,0,0,1,4,85373,6,1,0,0,3,3,74,210,0,0,0,0,0,0,0,0,0,0,0,0,0,0,1,2,25,1,1,2,1,2,3,1,66,1,1,1,86,,,,0,0,,,,,,,,,,,,,,,,,,,,,,,,,2013
2013040684,4,40684,1,1,2,12,10,99,99,99,0,1,0,99,9,99,999,99999,99,9999,Unknown,9,9,9,9,9,9,9,9,9,9,9,9,0,0,0,Not Applicable,Not Applicable,0,0,0,1,0,0,0,0,0,0,0,999,0,0,0,99,9,9,99,0,0,0,1,99,99999,9,9,99,0,9,9,999,999,99,99,99,99,99,99,9999,99,9999,9,99,99,99,99,9,9,99,9,9,2,99,99,9,99,99,99,9,9,99,,,,1,0,,,,,,,,,,,,,,,,,,,,,,,,,2013
2013040685,4,40685,1,2,2,12,10,14,8,1,0,1,0,4,1,23,421,23421,15,2001,1GKEK13T41R1,1,G,K,E,K,1,3,T,4,1,R,1,0,0,0,Not Applicable,Not Applicable,0,0,0,1,0,0,0,0,0,0,0,26,0,0,0,4,4,3,12,0,0,0,1,4,85022,0,0,0,0,0,0,65,150,0,0,0,0,0,0,0,0,0,0,38,0,0,0,0,0,0,0,0,0,0,0,0,1,17,1,1,1,98,,,,0,0,,,,,,,,,,,,,,,,,,,,,,,,,2013
2013040685,4,40685,2,2,1,12,10,14,8,1,0,1,0,4,2,72,706,72706,80,2007,1HD4CN2177K4,1,H,D,4,C,N,2,1,7,7,K,4,0,0,0,Not Applicable,Not Applicable,0,0,0,1,0,0,0,0,0,0,0,25,0,0,0,0,6,2,1,0,0,0,1,4,85032,6,1,0,0,3,0,70,165,0,1,0,0,1,1,2013,8,2013,0,89,0,0,0,2,3,40,1,1,2,1,0,0,1,71,98,9,9,98,,,,1,0,,,,,,,,,,,,,,,,,,,,,,,,,2013
2013040686,4,40686,1,2,1,13,10,8,50,12,99,1,0,99,9,99,999,99999,99,9999,Unknown,9,9,9,9,9,9,9,9,9,9,9,9,0,0,0,Not Applicable,Not Applicable,0,0,0,1,0,0,0,0,0,0,0,999,0,0,0,99,9,9,12,0,0,0,1,4,86039,6,1,0,0,3,3,65,223,0,0,0,0,0,0,0,0,0,9,99,99,99,99,9,9,99,9,9,2,99,99,9,99,99,99,9,9,99,,,,1,0,,,,,,,,,,,,,,,,,,,,,,,,,2013
2013040686,4,40686,2,2,1,13,10,8,50,12,99,1,0,99,9,99,999,99999,99,9999,Unknown,9,9,9,9,9,9,9,9,9,9,9,9,0,0,0,Not Applicable,Not Applicable,0,0,0,1,0,0,0,0,0,0,0,999,0,0,0,99,9,9,12,0,0,0,1,99,99999,9,9,99,0,9,9,999,999,99,99,99,99,99,99,9999,99,9999,9,99,99,99,99,9,9,99,9,9,2,99,99,9,99,99,99,9,9,99,,,,0,0,,,,,,,,,,,,,,,,,,,,,,,,,2013
2013040687,4,40687,1,1,2,13,10,22,10,99,0,1,9,99,9,99,999,99999,99,9999,Unknown,9,9,9,9,9,9,9,9,9,9,9,9,0,0,0,Not Applicable,Not Applicable,0,0,0,1,0,0,0,0,0,0,0,999,0,0,0,99,9,9,99,0,0,0,1,99,99999,9,9,99,0,9,9,999,999,99,99,99,99,99,99,9999,99,9999,9,99,99,99,99,9,9,99,9,9,9,99,99,9,99,99,99,9,9,99,,,,1,0,,,,,,,,,,,,,,,,,,,,,,,,,2013
2013040688,4,40688,1,2,1,15,10,18,22,12,6,1,0,4,1,37,31,37031,4,2006,1HGFA16586L0,1,H,G,F,A,1,6,5,8,6,L,0,0,0,0,Not Applicable,Not Applicable,0,0,0,1,0,0,0,0,0,0,0,11,0,0,0,82,6,2,12,0,0,0,1,4,85027,6,1,0,0,3,2,62,120,0,0,0,0,0,0,0,0,0,0,38,91,74,0,5,5,40,1,1,2,1,2,3,11,15,1,1,1,68,,,,0,0,,,,,,,,,,,,,,,,,,,,,,,,,2013
2013040688,4,40688,2,2,1,15,10,18,22,12,6,1,0,48,1,98,705,98705,80,2008,KM4MP5782816,K,M,4,M,P,5,7,8,2,8,1,6,0,0,0,Not Applicable,Not Applicable,0,0,0,1,0,0,0,0,0,0,0,30,0,0,0,12,6,2,12,0,0,0,1,48,79908,6,1,0,0,3,0,71,160,0,0,0,0,0,0,0,0,0,0,0,0,0,0,5,5,45,1,1,2,1,2,3,1,62,1,1,1,69,,,,1,0,,,,,,,,,,,,,,,,,,,,,,,,,2013
2013040689,4,40689,1,1,2,20,10,0,9,35,0,1,0,4,2,20,23,20023,6,2009,3GNCA13B09S5,3,G,N,C,A,1,3,B,0,9,S,5,0,0,0,Not Applicable,Not Applicable,0,0,0,1,0,0,0,0,0,0,0,998,0,0,0,12,6,2,2,0,0,1,1,4,86004,6,1,0,0,3,3,69,342,0,0,0,0,0,0,0,0,0,9,99,99,99,99,1,2,65,1,1,2,1,0,0,1,89,7,1,4,1,,,,1,0,,,,,,,,,,,,,,,,,,,,,,,,,2013
2013040690,4,40690,1,2,1,21,10,4,13,12,6,1,0,4,1,20,22,20022,4,2006,1G1AK58F4677,1,G,1,A,K,5,8,F,4,6,7,7,0,0,0,Not Applicable,Not Applicable,0,0,0,1,0,0,0,0,0,0,0,10,0,0,0,61,6,2,12,0,0,0,1,4,85202,6,1,0,0,3,3,66,125,0,0,0,0,0,0,0,0,0,0,39,0,0,0,1,2,45,1,1,2,1,20,3,11,15,1,1,1,82,,,,1,0,,,,,,,,,,,,,,,,,,,,,,,,,2013
2013040690,4,40690,2,2,1,21,10,4,13,12,6,1,0,4,2,9,442,9442,20,1999,2P4GP44G7XR4,2,P,4,G,P,4,4,G,7,X,R,4,0,0,0,Not Applicable,Not Applicable,0,0,0,1,0,0,0,0,0,0,0,53,0,0,0,12,6,2,12,32,0,0,1,4,85009,6,1,0,0,3,0,65,160,0,0,0,1,1,10,2012,10,2012,0,0,0,0,0,5,5,45,1,1,2,1,0,0,1,67,1,1,1,83,,,,0,0,,,,,,,,,,,,,,,,,,,,,,,,,2013
2013040691,4,40691,1,1,1,27,10,99,99,8,0,1,9,99,9,99,999,99999,99,9999,Unknown,9,9,9,9,9,9,9,9,9,9,9,9,0,0,0,Not Applicable,Not Applicable,0,0,0,1,0,0,0,0,0,0,0,999,0,0,0,12,9,9,8,0,0,0,1,99,99999,9,9,99,0,9,9,999,999,99,99,99,99,99,99,9999,99,9999,9,99,99,99,99,9,9,99,9,9,2,99,99,9,99,80,99,9,9,13,,,,0,0,,,,,,,,,,,,,,,,,,,,,,,,,2013
2013040692,4,40692,1,1,3,28,10,17,59,1,0,1,0,4,2,20,16,20016,2,1998,3G1JC1241WS8,3,G,1,J,C,1,2,4,1,W,S,8,0,0,0,Not Applicable,Not Applicable,0,0,0,1,0,0,0,0,0,0,0,56,0,1,1,0,6,2,1,0,0,0,1,4,85122,0,0,0,0,0,0,67,180,0,0,0,0,0,0,0,0,0,4,52,0,0,0,1,2,25,1,1,4,1,0,0,1,6,6,4,6,98,,,,1,0,,,,,,,,,,,,,,,,,,,,,,,,,2013
2013040693,4,40693,1,2,1,29,10,18,44,12,6,1,0,4,1,53,705,53705,80,2007,JS1GN7DA3721,J,S,1,G,N,7,D,A,3,7,2,1,0,0,0,Not Applicable,Not Applicable,0,0,0,1,0,0,0,0,0,0,0,31,0,0,0,12,6,2,12,0,0,0,1,4,85224,6,1,0,0,3,3,72,215,0,0,0,0,0,0,0,0,0,4,36,0,0,0,2,3,40,1,1,8,1,0,0,1,98,1,1,1,69,,,,1,0,,,,,,,,,,,,,,,,,,,,,,,,,2013
2013040693,4,40693,2,2,1,29,10,18,44,12,6,1,0,4,2,7,482,7482,31,1994,1B7JF26Z2RS5,1,B,7,J,F,2,6,Z,2,R,S,5,0,0,0,Not Applicable,Not Applicable,0,0,0,1,0,0,0,0,0,0,0,15,0,0,0,3,2,5,12,35,0,0,1,4,85044,6,1,0,0,3,0,71,205,0,0,0,0,0,0,0,0,0,0,0,0,0,0,2,3,40,1,1,8,1,0,0,11,63,1,1,1,68,,,,0,0,,,,,,,,,,,,,,,,,,,,,,,,,2013
2013040694,4,40694,1,2,1,31,10,18,49,12,6,1,0,4,3,20,473,20473,30,2007,1GCCS149X781,1,G,C,C,S,1,4,9,X,7,8,1,0,0,0,Not Applicable,Not Applicable,0,0,0,1,0,0,0,0,0,0,0,13,0,0,0,81,6,2,12,0,0,0,1,4,85224,6,1,0,0,3,0,72,250,0,0,0,0,0,0,0,0,0,0,38,0,0,0,5,4,45,1,1,2,1,0,0,11,17,1,1,1,68,,,,1,0,,,,,,,,,,,,,,,,,,,,,,,,,2013
2013040694,4,40694,2,2,1,31,10,18,49,12,6,1,0,4,1,35,39,35039,4,1990,JN1HJ01P5LT3,J,N,1,H,J,0,1,P,5,L,T,3,0,0,0,Not Applicable,Not Applicable,0,0,0,1,0,0,0,0,0,0,0,54,0,0,0,12,6,2,12,0,0,0,1,4,85323,6,1,0,0,3,0,74,182,0,0,0,0,0,0,0,0,0,0,0,0,0,0,5,4,45,1,1,2,1,0,0,1,62,3,2,1,69,,,,0,0,,,,,,,,,,,,,,,,,,,,,,,,,2013
2013040695,4,40695,1,1,1,10,11,14,15,31,0,1,0,4,1,72,706,72706,80,1999,1HD1FRW13XY6,1,H,D,1,F,R,W,1,3,X,Y,6,0,0,0,Not Applicable,Not Applicable,0,0,0,1,0,0,0,0,0,0,0,60,0,0,0,12,6,2,2,0,0,1,1,4,85348,6,1,0,0,3,3,64,155,0,0,0,0,0,0,0,0,0,0,0,0,0,0,1,2,65,1,1,2,1,0,0,1,12,99,1,4,6,,,,1,0,,,,,,,,,,,,,,,,,,,,,,,,,2013
2013040696,4,40696,1,1,1,26,11,15,12,1,0,1,0,4,1,20,471,20471,30,1996,1GCCS14W6T82,1,G,C,C,S,1,4,W,6,T,8,2,0,0,0,Not Applicable,Not Applicable,0,0,0,1,0,0,0,0,0,0,0,65,0,1,5,0,6,2,1,32,0,0,1,4,85603,6,1,0,0,3,0,66,154,0,0,0,0,0,0,0,0,0,4,58,0,0,0,1,2,65,2,1,2,1,0,0,14,13,99,9,4,7,,,,1,0,,,,,,,,,,,,,,,,,,,,,,,,,2013
2013040697,4,40697,1,1,2,6,11,16,5,8,0,1,0,4,3,89,882,89882,63,2007,5VCDC6MF87H2,5,V,C,D,C,6,M,F,8,7,H,2,0,0,57,827166,57827166,3,2,7,1,0,0,0,0,0,0,0,998,0,0,0,6,0,3,8,0,0,0,1,4,85053,6,1,6,0,3,3,72,250,0,2,0,0,0,12,2011,1,2012,0,0,0,0,0,0,0,0,0,0,0,0,0,0,13,80,1,1,5,98,,,,0,0,,,,,,,,,,,,,,,,,,,,,,,,,2013
2013040698,4,40698,1,1,8,16,11,2,25,5,0,1,0,4,1,98,998,98998,95,2011,AZ328761,A,Z,3,2,8,7,6,1,,,,,0,0,0,Not Applicable,Not Applicable,0,0,0,1,0,0,0,0,0,0,0,12,0,0,0,0,0,5,5,35,0,0,1,4,85310,6,1,6,0,3,0,66,250,0,2,0,0,0,12,2011,12,2011,0,0,0,0,0,1,2,25,1,1,2,1,0,0,1,98,1,1,1,0,,,,1,0,,,,,,,,,,,,,,,,,,,,,,,,,2013
2013040699,4,40699,1,3,3,27,11,16,43,12,6,1,0,4,2,20,2,20002,4,1995,1G1BL52W6SR1,1,G,1,B,L,5,2,W,6,S,R,1,0,0,0,Not Applicable,Not Applicable,0,0,0,1,0,0,0,0,0,0,0,20,0,0,0,82,6,2,12,0,0,0,1,4,85122,0,0,0,0,0,0,70,190,0,9,2,1,0,9,2011,7,2013,0,91,38,0,0,5,4,35,1,1,2,1,3,3,11,15,1,1,1,68,,,,1,0,,,,,,,,,,,,,,,,,,,,,,,,,2013
2013040699,4,40699,2,3,1,27,11,16,43,12,6,1,0,4,3,23,461,23461,21,2002,1GDHG31R0219,1,G,D,H,G,3,1,R,0,2,1,9,0,0,0,Not Applicable,Not Applicable,0,0,0,1,0,0,0,0,0,0,0,30,0,0,0,12,6,2,12,0,0,0,1,4,85120,6,1,0,0,3,0,71,175,0,0,0,0,0,0,0,0,0,0,0,0,0,0,5,4,35,1,1,2,1,3,3,1,62,4,9,1,69,,,,0,0,,,,,,,,,,,,,,,,,,,,,,,,,2013
2013040699,4,40699,3,3,2,27,11,16,43,12,6,1,0,4,2,20,481,20481,31,2007,2GCEC13Z1711,2,G,C,E,C,1,3,Z,1,7,1,1,0,0,0,Not Applicable,Not Applicable,0,0,0,1,0,0,0,0,0,0,0,0,0,0,0,3,2,5,12,0,0,0,1,4,85225,6,1,6,0,3,0,74,260,0,0,0,0,0,0,0,0,0,0,0,0,0,0,1,2,35,1,1,2,1,3,3,5,64,1,1,1,98,,,,0,0,,,,,,,,,,,,,,,,,,,,,,,,,2013
2013040700,4,40700,1,2,1,2,12,16,25,12,2,1,1,32,1,20,481,20481,31,2001,2GCEK19V4113,2,G,C,E,K,1,9,V,4,1,1,3,0,0,0,Not Applicable,Not Applicable,0,0,0,1,0,0,0,0,0,0,0,998,0,0,0,12,4,5,12,0,0,0,1,32,89110,6,1,0,0,3,0,65,150,0,2,1,0,1,1,2012,10,2012,0,38,0,0,0,5,4,45,1,1,2,1,3,3,11,15,1,1,1,68,,,,0,0,,,,,,,,,,,,,,,,,,,,,,,,,2013
2013040700,4,40700,2,2,1,2,12,16,25,12,2,1,0,4,1,53,705,53705,80,2005,JS1NP41A1521,J,S,1,N,P,4,1,A,1,5,2,1,0,0,0,Not Applicable,Not Applicable,0,0,0,1,0,0,0,0,0,0,0,45,0,0,0,12,6,2,12,0,0,0,1,4,85345,6,1,0,0,3,3,66,170,0,0,0,0,0,0,0,0,0,9,99,99,99,99,2,2,45,1,1,2,1,3,3,1,62,1,1,1,69,,,,1,0,,,,,,,,,,,,,,,,,,,,,,,,,2013
2013040701,4,40701,1,1,1,3,12,8,12,8,0,1,0,4,2,12,401,12401,14,2002,1FMZU63E92UA,1,F,M,Z,U,6,3,E,9,2,U,A,0,0,0,Not Applicable,Not Applicable,0,0,0,1,0,0,0,0,0,0,0,5,0,0,0,12,2,5,8,0,0,0,1,4,85234,6,1,0,0,3,3,70,185,0,0,0,0,0,0,0,0,0,0,0,0,0,0,1,2,25,1,1,2,1,20,3,11,80,1,1,1,13,,,,0,0,,,,,,,,,,,,,,,,,,,,,,,,,2013
2013040702,4,40702,1,1,1,3,12,21,53,8,0,1,0,27,3,85,881,85881,66,2012,1XKAD49XXCJ3,1,X,K,A,D,4,9,X,X,C,J,3,1,1,57,0587147,570587147,3,6,1,1,0,0,0,0,0,0,0,65,0,0,0,12,6,2,8,0,0,0,1,27,55906,6,1,6,0,3,3,66,160,0,0,0,1,1,1,2012,5,2012,0,0,0,0,0,2,2,75,1,1,2,1,0,0,1,80,1,1,1,13,,,,0,0,,,,,,,,,,,,,,,,,,,,,,,,,2013
2013040703,4,40703,1,1,1,4,12,17,53,8,0,1,0,4,1,23,481,23481,31,2006,3GTEK14V26G2,3,G,T,E,K,1,4,V,2,6,G,2,0,0,0,Not Applicable,Not Applicable,0,0,0,1,0,0,0,0,0,0,0,998,0,0,0,12,2,3,8,0,0,0,1,4,85345,6,1,6,0,3,0,68,135,0,4,0,1,0,5,2011,6,2013,0,0,0,0,0,5,4,40,1,1,2,1,0,0,1,80,4,9,1,13,,,,0,1,,,,,,,,,,,,,,,,,,,,,,,,,2013
2013040704,4,40704,1,1,1,6,12,14,36,1,0,1,0,4,1,20,401,20401,14,2002,1GNDS13S5221,1,G,N,D,S,1,3,S,5,2,2,1,0,0,0,Not Applicable,Not Applicable,0,0,0,1,0,0,0,0,0,0,0,998,0,1,1,0,6,2,1,0,0,0,1,4,85326,6,1,0,0,3,0,62,183,0,0,0,0,0,0,0,0,0,4,58,0,0,0,2,2,75,1,6,2,1,0,0,1,9,6,4,6,98,,,,1,0,,,,,,,,,,,,,,,,,,,,,,,,,2013
2013040705,4,40705,1,1,4,7,12,19,23,8,0,1,0,4,2,20,481,20481,31,2008,2GCEC13C8811,2,G,C,E,C,1,3,C,8,8,1,1,0,0,0,Not Applicable,Not Applicable,0,0,0,1,0,0,0,0,0,0,0,40,0,0,0,12,2,3,8,32,0,0,1,4,85041,1,1,0,0,2,0,72,215,0,1,0,1,2,7,2012,11,2013,0,0,0,0,0,5,5,40,1,1,2,1,0,0,1,80,1,1,1,13,,,,0,0,,,,,,,,,,,,,,,,,,,,,,,,,2013
2013040706,4,40706,1,1,1,8,12,21,5,35,0,1,0,4,1,37,33,37033,2,1999,JHMBB6247XC0,J,H,M,B,B,6,2,4,7,X,C,0,0,0,0,Not Applicable,Not Applicable,0,0,0,1,0,0,0,0,0,0,0,60,0,1,5,99,6,2,1,0,0,0,1,4,85641,6,1,0,0,3,0,74,245,0,0,1,0,1,8,2012,8,2012,4,89,0,0,0,1,2,50,3,1,2,1,0,0,14,6,99,9,4,7,,,,1,1,,,,,,,,,,,,,,,,,,,,,,,,,2013
2013040707,4,40707,1,2,1,9,12,7,5,12,99,1,0,4,1,73,705,73705,80,2001,JKAEXVD141A0,J,K,A,E,X,V,D,1,4,1,A,0,0,0,0,Not Applicable,Not Applicable,0,0,0,1,0,0,0,0,0,0,0,7,0,0,0,99,6,2,12,0,0,0,1,4,85392,6,1,0,0,3,0,74,185,0,0,0,2,0,8,2011,11,2011,0,38,89,0,0,5,2,45,1,1,2,1,3,3,11,15,99,1,1,68,,,,0,0,,,,,,,,,,,,,,,,,,,,,,,,,2013
2013040707,4,40707,2,2,1,9,12,7,5,12,99,1,0,4,1,37,705,37705,80,2005,JH2PC37015M2,J,H,2,P,C,3,7,0,1,5,M,2,0,0,0,Not Applicable,Not Applicable,0,0,0,1,0,0,0,0,0,0,0,58,0,0,0,99,6,2,12,0,0,0,1,4,85353,6,1,0,0,3,0,70,135,1,0,0,0,1,10,2011,12,2011,0,0,0,0,0,5,3,45,1,1,2,1,3,3,1,62,3,2,1,69,,,,1,0,,,,,,,,,,,,,,,,,,,,,,,,,2013