accident_id,STATE,ST_CASE,VEH_NO,VE_FORMS,NUMOCCS,DAY,MONTH,HOUR,MINUTE,HARM_EV,MAN_COLL,UNITTYPE,HIT_RUN,REG_STAT,OWNER,MAKE,MODEL,MAK_MOD,BODY_TYP,MOD_YEAR,VIN,VIN_1,VIN_2,VIN_3,VIN_4,VIN_5,VIN_6,VIN_7,VIN_8,VIN_9,VIN_10,VIN_11,VIN_12,TOW_VEH,J_KNIFE,MCARR_I1,MCARR_I2,MCARR_ID,GVWR,V_CONFIG,CARGO_BT,HAZ_INV,HAZ_PLAC,HAZ_ID,HAZ_CNO,HAZ_REL,BUS_USE,SPEC_USE,EMER_USE,TRAV_SP,UNDERIDE,ROLLOVER,ROLINLOC,IMPACT1,DEFORMED,TOWED,M_HARM,VEH_SC1,VEH_SC2,FIRE_EXP,DR_PRES,L_STATE,DR_ZIP,L_STATUS,L_TYPE,CDL_STAT,L_ENDORS,L_COMPL,L_RESTRI,DR_HGT,DR_WGT,PREV_ACC,PREV_SUS,PREV_DWI,PREV_SPD,PREV_OTH,FIRST_MO,FIRST_YR,LAST_MO,LAST_YR,SPEEDREL,DR_SF1,DR_SF2,DR_SF3,DR_SF4,VTRAFWAY,VNUM_LAN,VSPD_LIM,VALIGN,VPROFILE,VPAVETYP,VSURCOND,VTRAFCON,VTCONT_F,P_CRASH1,P_CRASH2,P_CRASH3,PCRASH4,PCRASH5,ACC_TYPE,TRLR1VIN,TRLR2VIN,TRLR3VIN,DEATHS,DR_DRINK,VINTYPE,VINMAKE,VINA_MOD,VIN_BT,VINMODYR,VIN_LNGT,VIN_WGT,WGTCD_TR,WHLBS_LG,WHLBS_SH,SER_TR,FUELCODE,MCYCL_DS,CARBUR,CYLINDER,DISPLACE,MCYCL_CY,MCYCL_WT,TIRE_SZE,TON_RAT,TRK_WT,TRKWTVAR,VIN_REST,WHLDRWHL,Year
2012040025,4,40025,1,1,1,17,1,22,24,8,0,1,0,4,1,35,472,35472,30,2000,1N6DD21S1YC3,1,N,6,D,D,2,1,S,1,Y,C,3,0,0,0,Not Applicable,Not Applicable,0,0,0,1,0,0,0,0,0,0,0,65,0,0,0,12,6,2,8,0,0,0,1,4,85712,6,1,0,0,3,3,69,180,0,0,0,0,0,0,0,0,0,0,0,0,0,0,2,2,65,1,1,2,1,0,0,1,80,2,1,1,13,,,,0,0,T,NISS,FXE,PK,0,17,,1,0,1043,FRT,G,,,4,146,,,,B,2902,00,U,42,2012
2012040026,4,40026,1,1,1,18,1,15,44,1,0,1,0,4,1,20,16,20016,4,2004,1G1JC52F6472,1,G,1,J,C,5,2,F,6,4,7,2,0,0,0,Not Applicable,Not Applicable,0,0,0,1,0,0,0,0,0,0,0,999,0,1,3,0,6,2,1,0,0,0,1,4,85210,6,1,0,0,3,3,69,175,0,0,0,0,0,0,0,0,0,1,58,0,0,0,2,2,65,1,1,2,1,0,0,1,9,6,4,9,7,,,,1,0,P,CHEV,CAV,4D,4,17,2676,,0,1041,,G,,F,4,134,,,14R195,,,,,,2012
2012040027,4,40027,1,3,1,19,1,17,33,12,8,1,0,4,1,20,421,20421,15,1997,1GNEK13R8VJ4,1,G,N,E,K,1,3,R,8,V,J,4,0,0,0,Not Applicable,Not Applicable,0,0,0,1,0,0,0,0,0,0,0,35,0,1,1,12,6,2,12,0,0,0,1,4,85743,6,1,0,0,3,3,63,110,0,3,0,2,1,12,2010,8,2011,0,28,0,0,0,1,2,35,2,3,2,1,0,0,14,10,1,1,2,64,,,,1,0,P,CHEV,KTA,UT,97,17,5225,,0,1175,,G,,F,8,350,,,15R235,,,,,,2012
2012040027,4,40027,2,3,3,19,1,17,33,12,8,1,0,4,2,7,881,7881,61,2002,3B6MC366X2M2,3,B,6,M,C,3,6,6,X,2,M,2,0,0,99,Unknown,Unknown,2,1,3,1,0,0,0,0,0,0,0,35,0,0,0,61,6,2,12,0,0,0,1,4,85705,0,0,0,0,0,0,73,185,0,1,0,0,0,2,2009,2,2009,0,0,0,0,0,1,2,35,3,3,2,1,0,0,14,62,1,1,1,65,,,,0,0,T,DODG,350,PK,2,17,,3,0,0,RPC,D,,,6,359,,,,D,00000,00,E,42,2012
2012040027,4,40027,3,3,2,19,1,17,33,12,8,1,0,4,2,49,403,49403,14,2003,JTEGF21A0300,J,T,E,G,F,2,1,A,0,3,0,0,0,0,0,Not Applicable,Not Applicable,0,0,0,1,0,0,0,0,0,0,0,35,0,0,0,62,4,1,12,0,0,0,1,4,85743,6,1,0,0,3,0,69,205,0,0,0,0,1,7,2009,7,2009,0,0,0,0,0,1,2,35,3,5,2,1,0,0,14,62,1,1,1,98,,,,0,0,P,TOYT,HIG,UT,3,17,3660,,0,1069,,G,,F,6,183,,,16R225,,,,,,2012
2012040028,4,40028,1,1,1,20,1,99,99,25,0,1,0,49,2,35,39,35039,4,2004,1N4BA41E64C8,1,N,4,B,A,4,1,E,6,4,C,8,0,0,0,Not Applicable,Not Applicable,0,0,0,1,0,0,0,0,0,0,0,55,0,1,5,12,6,2,1,0,0,0,1,49,84770,2,1,0,0,2,0,65,190,98,1,1,0,1,4,2010,6,2011,1,0,0,0,0,3,2,55,2,1,2,1,0,0,14,9,7,9,4,2,,,,1,0,P,NISS,MEL,4D,4,17,3310,,0,1112,,G,,F,6,214,,,17R225,,,,,,2012
2012040029,4,40029,1,1,1,20,1,15,30,38,0,1,0,4,1,37,32,37032,4,2009,1HGCP26469A1,1,H,G,C,P,2,6,4,6,9,A,1,0,0,0,Not Applicable,Not Applicable,0,0,0,1,0,0,0,0,0,0,0,999,0,1,6,12,6,2,34,0,0,0,1,4,85032,6,1,6,0,3,0,67,152,0,0,0,0,0,0,0,0,0,9,99,99,99,99,3,5,65,3,1,2,1,0,0,14,13,1,1,4,1,,,,1,0,P,HOND,LXP,4D,9,17,3236,,0,1102,,G,,F,4,146,,,16R215,,,,,,2012
2012040030,4,40030,1,1,2,21,1,9,37,1,0,1,0,4,1,2,403,2403,14,1997,1J4FY19S9VP4,1,J,4,F,Y,1,9,S,9,V,P,4,0,0,0,Not Applicable,Not Applicable,0,0,0,1,0,0,0,0,0,0,0,49,0,1,5,0,6,2,42,35,0,0,1,4,85219,6,1,6,0,3,0,72,185,0,2,0,2,0,9,2009,8,2010,0,29,34,0,0,6,1,65,1,5,2,1,40,3,6,9,7,3,4,2,,,,1,0,T,JEEP,SPW,2W,97,17,,1,0,934,W/T,G,,,6,242,,,,,3156,00,E,44,2012
2012040031,4,40031,1,1,1,21,1,15,46,42,0,1,0,4,2,19,3,19003,4,2000,1G6KD54YXYU1,1,G,6,K,D,5,4,Y,X,Y,U,1,0,0,0,Not Applicable,Not Applicable,0,0,0,1,0,0,0,0,0,0,0,55,0,0,0,12,6,2,42,0,0,0,1,4,85286,6,1,0,0,3,0,69,160,0,0,0,0,0,0,0,0,0,0,99,99,99,99,1,3,55,1,1,2,1,0,0,1,13,1,1,4,1,,,,1,1,P,CADI,DFW,4D,0,17,4012,,0,1138,,G,,F,8,279,,,16R225,,,,,,2012
2012040032,4,40032,1,1,1,21,1,23,9,9,0,1,0,4,1,35,401,35401,14,1991,JN8HD17Y6MW0,J,N,8,H,D,1,7,Y,6,M,W,0,0,0,0,Not Applicable,Not Applicable,0,0,0,1,0,0,0,0,0,0,0,45,0,0,0,12,4,3,9,0,0,0,1,4,85213,6,1,0,0,3,3,72,245,0,0,0,2,0,8,2011,10,2011,0,0,0,0,0,5,4,45,1,1,2,1,2,3,1,83,1,1,1,13,,,,0,0,P,NISS,PFI,UT,91,17,3912,,0,1043,,G,,F,6,181,,,000000,,,,,,2012
2012040033,4,40033,1,3,1,22,1,16,54,12,8,1,0,6,3,51,881,51881,66,2006,4V4NC9TK96N4,4,V,4,N,C,9,T,K,9,6,N,4,1,1,57,439648,57439648,3,6,1,1,0,0,0,0,0,0,0,70,0,1,6,1,6,2,1,0,0,0,1,5,72113,6,1,6,0,3,0,74,220,0,1,0,0,0,4,2010,4,2010,1,0,0,0,0,2,3,75,1,1,2,1,0,0,1,10,1,1,2,64,,,,0,0,T,VOLV,VNL,TR,6,17,,8,0,0,VVN,D,,,6,915,,,,,00000,00,,64,2012
2012040033,4,40033,2,3,2,22,1,16,54,12,8,1,0,4,1,19,18,19018,4,2003,1G6DM57N2301,1,G,6,D,M,5,7,N,2,3,0,1,0,0,0,Not Applicable,Not Applicable,0,0,0,1,0,0,0,0,0,0,0,75,0,0,0,81,6,2,12,0,0,0,1,4,85743,6,1,0,0,3,0,67,130,0,0,0,1,0,9,2010,9,2010,0,0,0,0,0,2,3,75,1,1,2,1,0,0,1,62,6,1,3,65,,,,0,0,P,CADI,C/T,4D,3,17,3509,,0,1134,,G,,F,6,194,,,16R225,,,,,,2012
2012040033,4,40033,3,3,2,22,1,16,54,12,8,1,0,4,4,7,25,7025,5,2011,1B3CB5HA8BD1,1,B,3,C,B,5,H,A,8,B,D,1,0,0,0,Not Applicable,Not Applicable,0,0,0,1,0,0,0,0,0,0,0,70,0,1,1,61,6,2,1,0,0,0,1,46,57702,6,1,0,0,3,3,73,275,0,0,0,1,0,2,2011,2,2011,0,0,0,0,0,2,3,75,1,1,2,1,0,0,1,62,1,1,1,98,,,,1,0,P,DODG,CHT,4D,11,17,3012,,0,1037,,G,,F,4,122,,,18R215,,,,,,2012
2012040034,4,40034,1,3,1,23,1,4,17,12,99,1,1,99,9,99,999,99999,99,9999,Unknown,9,9,9,9,9,9,9,9,9,9,9,9,0,0,0,Not Applicable,Not Applicable,0,0,0,1,0,0,0,0,0,0,0,998,0,0,0,99,4,1,12,0,0,0,1,99,99999,9,9,99,0,9,9,999,999,99,99,99,99,99,99,9999,99,9999,0,99,99,99,99,6,2,98,2,1,8,1,21,3,14,9,1,9,7,98,,,,0,0,,,,,,,,,,,,,,,,,,,,,,,,,2012
2012040034,4,40034,2,3,1,23,1,4,17,12,99,1,0,4,1,24,3,24003,6,1998,1G8ZH8287WZ2,1,G,8,Z,H,8,2,8,7,W,Z,2,0,0,0,Not Applicable,Not Applicable,0,0,0,1,0,0,0,0,0,0,0,65,0,0,0,82,6,2,12,0,0,0,1,4,85086,6,1,0,0,3,0,68,210,0,0,0,0,0,0,0,0,0,0,0,0,0,0,3,4,65,1,1,2,1,0,0,2,64,1,1,1,98,,,,1,0,P,STRN,SW1,SW,98,17,2420,,0,1024,,G,,F,4,116,,,14R175,,,,,,2012
2012040034,4,40034,3,3,1,23,1,4,17,12,99,1,0,4,3,87,881,87881,66,2000,1XP5DB9XXYD5,1,X,P,5,D,B,9,X,X,Y,D,5,1,1,57,0078279,570078279,3,6,98,1,0,0,0,0,0,0,0,60,0,0,0,12,4,3,12,0,0,0,1,4,86333,6,1,6,0,3,3,71,200,0,0,0,0,0,0,0,0,0,0,0,0,0,0,3,4,65,1,1,2,1,0,0,1,52,1,1,1,98,,,,0,0,T,PTRB,379,TR,0,17,,8,0,0,CON,D,,,6,893,,,,,00000,00,,64,2012
2012040035,4,40035,1,1,2,24,1,15,56,21,0,1,0,4,2,24,7,24007,4,2006,1G8AJ55F06Z2,1,G,8,A,J,5,5,F,0,6,Z,2,0,0,0,Not Applicable,Not Applicable,0,0,0,1,0,0,0,0,0,0,0,75,0,1,6,12,6,2,1,0,0,0,1,4,85338,6,1,0,0,3,0,65,142,0,0,0,0,0,0,0,0,0,0,0,0,0,0,2,2,75,1,1,2,1,0,0,1,8,7,3,4,2,,,,1,0,P,STRN,SI2,4D,6,17,2802,,0,1035,,G,,F,4,134,,,15R195,,,,,,2012
2012040036,4,40036,1,1,2,25,1,13,40,1,0,1,0,18,3,87,881,87881,66,2003,1XP7DB9X03D5,1,X,P,7,D,B,9,X,0,3,D,5,2,1,57,265752,57265752,3,7,1,1,0,0,0,0,0,0,0,75,0,1,5,0,6,2,1,0,0,0,1,4,85032,6,1,6,0,3,0,69,220,0,3,0,1,0,1,2009,1,2010,1,0,0,0,0,2,2,75,1,1,2,1,0,0,1,13,1,1,4,1,,,,1,0,T,PTRB,387,TR,3,17,,8,0,0,CON,D,,,6,893,,,,,00000,00,,64,2012
2012040037,4,40037,1,4,1,27,1,12,47,12,7,1,0,4,2,12,402,12402,14,2002,1FMCU04142KC,1,F,M,C,U,0,4,1,4,2,K,C,0,0,0,Not Applicable,Not Applicable,0,0,0,1,0,0,0,0,0,0,0,70,0,1,1,61,6,4,1,0,0,0,1,4,85541,6,1,0,0,3,3,66,140,0,0,0,0,0,0,0,0,0,1,28,84,0,0,2,2,40,1,1,2,1,2,3,15,50,6,1,3,47,,,,1,0,P,FORD,SPE,UT,2,17,3511,,0,1031,,G,,F,6,181,,,15R225,,,,,,2012
2012040037,4,40037,2,4,2,27,1,12,47,12,7,1,0,4,2,12,481,12481,31,2005,1FTRX14W45NB,1,F,T,R,X,1,4,W,4,5,N,B,0,0,0,Not Applicable,Not Applicable,0,0,0,1,0,0,0,0,0,0,0,0,0,0,0,81,2,1,12,0,0,0,1,4,85541,6,1,0,0,3,0,62,140,0,0,0,0,0,0,0,0,0,0,0,0,0,0,2,2,40,1,1,2,1,2,3,5,61,1,1,1,45,,,,0,0,T,FORD,F15,4C,5,17,,2,1450,1260,COF,G,,,8,281,,,,B,5363,05,U,44,2012
2012040037,4,40037,3,4,2,27,1,12,47,12,7,1,0,4,2,12,471,12471,30,1999,1FTYR14V0XPA,1,F,T,Y,R,1,4,V,0,X,P,A,0,0,0,Not Applicable,Not Applicable,0,0,0,1,0,0,0,0,0,0,0,0,0,0,0,10,2,1,12,0,0,0,1,4,85541,6,1,0,0,3,0,62,130,0,0,0,0,0,0,0,0,0,0,0,0,0,0,2,2,40,1,1,2,1,2,3,5,53,1,1,1,98,,,,0,0,T,FORD,RNS,PC,99,17,,1,0,1257,RNG,F,,,6,182,,,,B,00000,00,U,42,2012
2012040037,4,40037,4,4,3,27,1,12,47,12,7,1,0,4,1,18,7,18007,4,1999,2G4WS52M5X15,2,G,4,W,S,5,2,M,5,X,1,5,0,0,0,Not Applicable,Not Applicable,0,0,0,1,0,0,0,0,0,0,0,15,0,0,0,6,6,2,12,0,0,0,1,4,85541,6,1,0,0,3,0,66,152,0,0,0,0,0,0,0,0,0,0,0,0,0,0,1,2,40,1,1,2,1,2,3,11,15,1,1,1,98,,,,0,0,P,BUIC,CCU,4D,99,17,3353,,0,1090,,G,,F,6,191,,,15R205,,,,,,2012
2012040038,4,40038,1,1,3,29,1,4,45,8,0,1,0,4,1,49,32,49032,4,2005,2T1BR32E95C3,2,T,1,B,R,3,2,E,9,5,C,3,0,0,0,Not Applicable,Not Applicable,0,0,0,1,0,0,0,0,0,0,0,45,0,0,0,12,4,3,8,0,0,0,1,4,85937,6,1,6,0,3,0,73,260,0,0,0,0,0,0,0,0,0,0,0,0,0,0,1,2,45,1,1,2,1,0,0,1,80,1,1,1,13,,,,0,0,P,TOYT,UCS,4D,5,17,2530,,0,1024,,G,,F,4,109,,,15R185,,,,,,2012
2012040039,4,40039,1,2,1,3,1,18,37,12,99,1,0,4,1,35,43,35043,4,2004,3N1CB51DX4L4,3,N,1,C,B,5,1,D,X,4,L,4,0,0,0,Not Applicable,Not Applicable,0,0,0,1,0,0,0,0,0,0,0,10,0,0,0,99,6,2,12,0,0,0,1,4,85303,6,1,0,0,3,0,64,190,0,0,0,0,0,0,0,0,0,0,38,0,0,0,5,4,40,1,1,2,1,2,3,11,15,1,1,1,68,,,,0,0,P,NISS,S18,4D,4,17,2387,,0,998,,G,,F,4,108,,,15R195,,,,,,2012
2012040039,4,40039,2,2,1,3,1,18,37,12,99,1,0,4,1,99,709,99709,80,2010,LXDPCNL06A20,L,X,D,P,C,N,L,0,6,A,2,0,0,0,0,Not Applicable,Not Applicable,0,0,0,1,0,0,0,0,0,0,0,40,0,0,0,99,6,2,12,0,0,0,1,4,85301,6,1,0,0,3,0,69,205,0,0,0,0,0,0,0,0,0,0,89,0,0,0,5,4,40,1,1,2,1,2,3,1,62,1,1,1,69,,,,1,0,U,,,,10,17,,,,,,,,,,,,,,,,,,,2012
2012040040,4,40040,1,1,1,3,1,99,99,42,0,1,0,4,1,35,472,35472,30,2010,1N6AD0EV4AC4,1,N,6,A,D,0,E,V,4,A,C,4,0,0,0,Not Applicable,Not Applicable,0,0,0,1,0,0,0,0,0,0,0,998,0,0,0,14,6,2,2,0,0,1,1,4,85912,6,1,0,0,3,0,75,220,0,0,0,1,0,3,2009,3,2009,0,99,99,99,99,1,2,25,1,6,8,11,0,0,99,12,99,9,4,6,,,,1,1,T,NISS,CEN,CW,10,17,,1,0,0,FRT,G,,,6,244,,,,,4216,00,7,44,2012
2012040041,4,40041,1,1,1,2,1,6,46,8,0,1,0,4,1,63,33,63033,4,2009,KNAFE2221956,K,N,A,F,E,2,2,2,1,9,5,6,0,0,0,Not Applicable,Not Applicable,0,0,0,1,0,0,0,0,0,0,0,25,0,0,0,12,2,1,8,0,0,0,1,4,85053,6,1,0,0,3,0,62,170,0,0,0,0,0,0,0,0,0,0,89,0,0,0,2,3,40,1,1,2,1,0,0,1,80,1,1,1,13,,,,0,0,P,KIA,SXC,4D,9,17,2701,,0,1028,,G,,F,4,122,,,15R195,,,,,,2012
2012040042,4,40042,1,1,1,2,1,2,32,1,0,1,0,4,2,20,37,20037,4,2003,1G1NE52J23M6,1,G,1,N,E,5,2,J,2,3,M,6,0,0,0,Not Applicable,Not Applicable,0,0,0,1,0,0,0,0,0,0,0,998,0,1,5,0,6,2,1,0,0,0,1,4,86437,6,1,0,0,3,3,72,270,0,0,0,1,0,4,2010,4,2010,0,0,0,0,0,1,2,65,1,1,2,1,0,0,1,9,1,9,4,7,,,,1,1,P,CHEV,M/L,4D,3,17,3106,,0,1070,,G,,F,6,191,,,15R215,,,,,,2012
2012040043,4,40043,1,2,1,3,1,9,42,12,1,1,0,4,1,37,32,37032,4,1987,JHMCA5623HC0,J,H,M,C,A,5,6,2,3,H,C,0,0,0,0,Not Applicable,Not Applicable,0,0,0,1,0,0,0,0,0,0,0,35,0,0,0,12,6,2,12,0,0,0,1,4,85706,6,1,0,0,3,0,72,240,0,0,0,0,0,0,0,0,0,1,0,0,0,0,5,2,35,1,1,2,1,3,3,1,8,1,1,1,20,,,,1,0,P,HOND,ADX,4D,87,17,2381,,0,1024,,G,,2,4,119,,,13R185,,,,,,2012
2012040043,4,40043,2,2,1,3,1,9,42,12,1,1,0,4,1,55,401,55401,14,2012,5XYZK4AG4CG1,5,X,Y,Z,K,4,A,G,4,C,G,1,0,0,0,Not Applicable,Not Applicable,0,0,0,1,0,0,0,0,0,0,0,0,0,0,0,6,4,1,12,0,0,0,1,4,85653,6,1,0,0,3,0,72,240,0,0,0,0,0,0,0,0,0,0,0,0,0,0,5,2,35,1,1,2,1,3,3,5,53,1,1,1,21,,,,0,0,P,HYUN,SAN,UT,12,17,3968,,0,1063,,G,,F,6,212,,,18R235,,,,,,2012
2012040044,4,40044,1,2,1,3,1,15,27,12,1,1,0,4,1,20,481,20481,31,2001,1GCEC14WX1Z1,1,G,C,E,C,1,4,W,X,1,Z,1,0,0,0,Not Applicable,Not Applicable,0,0,0,1,0,0,0,0,0,0,0,998,0,0,0,12,4,3,12,0,0,0,1,4,85648,6,1,0,0,3,0,70,195,0,1,0,0,0,2,2010,2,2010,1,91,0,0,0,2,2,35,2,6,2,1,0,0,14,51,1,1,1,24,,,,0,0,T,CHEV,SC1,PK,1,17,,2,1330,1190,SIL,G,,,6,262,,,,B,4135,00,,42,2012
2012040044,4,40044,2,2,1,3,1,15,27,12,1,1,0,4,1,35,43,35043,4,1998,1N4AB41DXWC7,1,N,4,A,B,4,1,D,X,W,C,7,0,0,0,Not Applicable,Not Applicable,0,0,0,1,0,0,0,0,0,0,0,998,0,0,0,6,6,2,30,0,0,0,1,4,85621,6,1,0,0,3,0,62,128,0,0,0,0,0,0,0,0,0,0,0,0,0,0,2,2,35,3,6,2,1,0,0,14,53,1,1,1,25,,,,1,0,P,NISS,EXE,4D,98,17,2353,,0,998,,G,,F,4,097,,,13R155,,,,,,2012
2012040045,4,40045,1,1,1,5,1,17,50,24,0,1,0,19,1,76,705,76705,80,2003,JYAVM01E13A0,J,Y,A,V,M,0,1,E,1,3,A,0,0,0,0,Not Applicable,Not Applicable,0,0,0,1,0,0,0,0,0,0,0,50,0,0,0,99,6,2,24,0,0,0,1,19,52302,6,1,0,0,3,0,70,150,1,0,0,0,0,9,2010,9,2010,1,0,0,0,0,3,1,35,2,5,2,1,0,0,14,12,1,1,4,6,,,,1,1,M,YAMA,V6A,RS,3,17,,,,,,,649,,2,,4,505,,,,,,,2012
2012040047,4,40047,1,2,1,12,1,6,25,12,6,1,0,4,2,20,403,20403,14,2003,1GNDT13S7322,1,G,N,D,T,1,3,S,7,3,2,2,0,0,0,Not Applicable,Not Applicable,0,0,0,1,0,0,0,0,0,0,0,32,0,0,0,12,6,2,12,0,0,0,1,4,85023,6,1,0,0,3,0,71,242,0,0,0,0,1,10,2009,10,2009,0,39,0,0,0,4,2,35,1,1,2,1,2,3,1,17,1,1,1,86,,,,0,0,P,CHEV,TRL,UT,3,17,4600,,0,1130,,G,,F,6,256,,,16R245,,,,,,2012
2012040047,4,40047,2,2,1,12,1,6,25,12,6,1,0,4,1,76,706,76706,80,2003,JYARN10E83A0,J,Y,A,R,N,1,0,E,8,3,A,0,0,0,0,Not Applicable,Not Applicable,0,0,0,1,0,0,0,0,0,0,0,26,0,0,0,82,6,2,12,0,0,0,1,4,85225,6,1,0,0,3,0,70,230,0,0,0,0,0,0,0,0,0,0,0,0,0,0,2,3,40,1,1,2,1,2,3,1,66,1,1,1,87,,,,1,0,M,YAMA,YFR,RC,3,17,,,,,,,998,,4,,4,382,,,,,,,2012
2012040048,4,40048,1,1,1,13,1,15,1,9,0,1,1,4,1,20,421,20421,15,1998,1GNCS13W0W21,1,G,N,C,S,1,3,W,0,W,2,1,0,0,0,Not Applicable,Not Applicable,0,0,0,1,0,0,0,0,0,0,0,30,0,0,0,12,4,1,9,0,0,0,1,4,85023,6,1,0,0,3,0,71,165,0,0,0,0,0,0,0,0,0,1,91,0,0,0,2,2,40,1,1,2,1,2,3,1,83,1,1,1,13,,,,0,1,P,CHEV,BZR,UT,98,17,3685,,0,1070,,G,,F,6,262,,,15R235,,,,,,2012
2012040049,4,40049,1,2,1,14,1,2,25,8,0,1,1,99,9,99,999,99999,99,9999,Unknown,9,9,9,9,9,9,9,9,9,9,9,9,0,0,0,Not Applicable,Not Applicable,0,0,0,1,0,0,0,0,0,0,0,999,0,0,0,12,9,1,8,0,0,0,1,99,99999,9,9,99,0,9,9,999,999,99,99,99,99,99,99,9999,99,9999,9,99,99,99,99,5,5,40,1,1,2,1,0,0,1,80,99,9,9,13,,,,0,0,,,,,,,,,,,,,,,,,,,,,,,,,2012
2012040049,4,40049,2,2,1,14,1,2,25,8,0,1,0,18,3,84,881,84881,66,1999,2HSFPAEN1XC0,2,H,S,F,P,A,E,N,1,X,C,0,0,0,57,121058,57121058,3,5,96,1,0,0,0,0,0,0,0,30,0,0,0,14,0,1,8,0,0,0,1,4,85345,6,1,6,0,3,3,73,160,0,0,0,0,0,0,0,0,0,0,0,0,0,0,5,5,40,1,1,2,1,0,0,1,80,6,1,3,98,,,,0,0,T,INTL,910,TR,99,17,,7,1850,1400,910,D,,,6,855,,,,,00000,00,,42,2012
2012040050,4,40050,1,1,1,14,1,18,0,8,0,1,0,4,1,35,47,35047,2,2012,1N4AL2EP4CC1,1,N,4,A,L,2,E,P,4,C,C,1,0,0,0,Not Applicable,Not Applicable,0,0,0,1,0,0,0,0,0,0,0,998,0,0,0,12,6,2,8,0,0,0,1,4,85301,6,1,0,0,3,0,68,150,0,7,0,2,4,12,2009,10,2011,0,99,99,99,99,5,5,40,1,1,2,1,0,0,1,80,1,1,1,13,,,,0,0,P,NISS,A5S,CP,12,17,3081,,0,1053,,G,,F,4,153,,,17R215,,,,,,2012
2012040051,4,40051,1,2,2,15,1,1,4,33,0,1,0,4,1,7,24,7024,4,2008,2B3KA43R08H1,2,B,3,K,A,4,3,R,0,8,H,1,0,0,0,Not Applicable,Not Applicable,0,0,0,1,0,0,0,0,0,0,0,998,0,0,0,14,6,2,12,0,0,0,1,4,85714,6,1,0,0,3,3,71,280,0,0,0,0,0,0,0,0,0,1,51,0,0,0,2,2,98,1,1,2,1,2,3,1,6,1,9,4,2,,,,1,1,P,DODG,CHA,4D,8,17,3727,,0,1200,,G,,F,6,165,,,17R215,,,,,,2012
2012040051,4,40051,2,2,1,15,1,1,4,33,0,1,0,4,1,35,47,35047,4,2007,1N4AL21EX7N4,1,N,4,A,L,2,1,E,X,7,N,4,0,0,0,Not Applicable,Not Applicable,0,0,0,1,0,0,0,0,0,0,0,998,0,0,0,12,6,2,12,0,0,0,1,4,85706,6,1,0,0,3,3,65,150,0,2,1,1,0,4,2009,11,2009,0,0,0,0,0,2,2,98,2,1,2,1,0,0,14,54,1,1,1,98,,,,0,1,P,NISS,ATS,4D,7,17,3042,,0,1093,,G,,F,4,153,,,16R215,,,,,,2012
2012040052,4,40052,1,2,1,20,1,15,55,12,6,1,0,4,1,72,706,72706,80,2006,1HD1KBW356Y6,1,H,D,1,K,B,W,3,5,6,Y,6,0,0,0,Not Applicable,Not Applicable,0,0,0,1,0,0,0,0,0,0,0,41,0,0,0,12,6,2,12,0,0,0,1,4,85143,1,1,0,0,2,0,67,142,0,5,2,0,0,10,2010,10,2011,0,27,0,0,0,2,2,35,1,1,2,1,3,3,15,17,1,1,1,69,,,,1,1,M,HD,FH2,RS,6,17,,,,,,,1450,,2,,4,0000,,,,,,,2012
2012040052,4,40052,2,2,1,20,1,15,55,12,6,1,0,4,1,12,481,12481,31,2003,2FTRX17263CA,2,F,T,R,X,1,7,2,6,3,C,A,0,0,0,Not Applicable,Not Applicable,0,0,0,1,0,0,0,0,0,0,0,12,0,0,0,4,2,1,12,0,0,0,1,4,85203,6,1,0,0,3,0,69,195,0,0,0,1,0,8,2010,8,2010,0,0,0,0,0,2,2,45,1,1,2,1,3,3,11,66,1,1,1,68,,,,0,0,T,FORD,F15,4C,3,17,,2,1571,1385,COF,G,,,6,256,,,,B,4060,00,U,42,2012
2012040053,4,40053,1,1,1,20,1,15,48,9,0,1,0,4,1,35,47,35047,4,1998,1N4DL01D9WC1,1,N,4,D,L,0,1,D,9,W,C,1,0,0,0,Not Applicable,Not Applicable,0,0,0,1,0,0,0,0,0,0,0,43,0,0,0,12,4,3,9,0,0,0,1,4,85041,6,1,0,0,3,0,61,170,0,0,0,0,0,0,0,0,0,0,0,0,0,0,5,5,40,1,1,2,1,0,0,1,83,1,1,1,13,,,,0,0,P,NISS,AGS,4D,98,17,2766,,0,1031,,G,,F,4,146,,,15R195,,,,,,2012
2012040054,4,40054,1,1,2,22,1,99,99,99,0,1,9,99,9,99,999,99999,99,9999,Unknown,9,9,9,9,9,9,9,9,9,9,9,9,0,0,0,Not Applicable,Not Applicable,0,0,0,1,0,0,0,0,0,0,0,999,0,0,0,99,9,9,99,0,0,0,1,99,99999,9,9,99,0,9,9,999,999,99,99,99,99,99,99,9999,99,9999,9,99,99,99,99,9,9,99,9,9,9,99,0,0,99,99,99,9,9,99,,,,1,0,,,,,,,,,,,,,,,,,,,,,,,,,2012
2012040055,4,40055,1,2,1,22,1,18,51,12,6,1,1,4,2,34,401,34401,14,2001,WBAFA53561LM,W,B,A,F,A,5,3,5,6,1,L,M,0,0,0,Not Applicable,Not Applicable,0,0,0,1,0,0,0,0,0,0,0,998,0,0,0,12,6,2,12,0,0,0,1,4,85623,1,1,0,0,2,0,72,180,0,2,0,1,0,10,2011,10,2011,0,38,0,0,0,2,3,98,1,1,2,1,3,3,11,15,99,1,1,68,,,,0,0,P,BMW,BX5,UT,1,17,4519,,0,1110,,G,,F,6,182,,,18R235,,,,,,2012