accident_id,STATE,ST_CASE,VEH_NO,VE_FORMS,NUMOCCS,DAY,MONTH,HOUR,MINUTE,HARM_EV,MAN_COLL,UNITTYPE,HIT_RUN,REG_STAT,OWNER,MAKE,MODEL,MAK_MOD,BODY_TYP,MOD_YEAR,VIN,VIN_1,VIN_2,VIN_3,VIN_4,VIN_5,VIN_6,VIN_7,VIN_8,VIN_9,VIN_10,VIN_11,VIN_12,TOW_VEH,J_KNIFE,MCARR_I1,MCARR_I2,MCARR_ID,GVWR,V_CONFIG,CARGO_BT,HAZ_INV,HAZ_PLAC,HAZ_ID,HAZ_CNO,HAZ_REL,BUS_USE,SPEC_USE,EMER_USE,TRAV_SP,UNDERIDE,ROLLOVER,ROLINLOC,IMPACT1,DEFORMED,TOWED,M_HARM,VEH_SC1,VEH_SC2,FIRE_EXP,DR_PRES,L_STATE,DR_ZIP,L_STATUS,L_TYPE,CDL_STAT,L_ENDORS,L_COMPL,L_RESTRI,DR_HGT,DR_WGT,PREV_ACC,PREV_SUS,PREV_DWI,PREV_SPD,PREV_OTH,FIRST_MO,FIRST_YR,LAST_MO,LAST_YR,SPEEDREL,DR_SF1,DR_SF2,DR_SF3,DR_SF4,VTRAFWAY,VNUM_LAN,VSPD_LIM,VALIGN,VPROFILE,VPAVETYP,VSURCOND,VTRAFCON,VTCONT_F,P_CRASH1,P_CRASH2,P_CRASH3,PCRASH4,PCRASH5,ACC_TYPE,TRLR1VIN,TRLR2VIN,TRLR3VIN,DEATHS,DR_DRINK,VINTYPE,VINMAKE,VINA_MOD,VIN_BT,VINMODYR,VIN_LNGT,VIN_WGT,WGTCD_TR,WHLBS_LG,WHLBS_SH,SER_TR,FUELCODE,MCYCL_DS,CARBUR,CYLINDER,DISPLACE,MCYCL_CY,MCYCL_WT,TIRE_SZE,TON_RAT,TRK_WT,TRKWTVAR,VIN_REST,WHLDRWHL,Year
2012040089,4,40089,1,2,1,25,2,15,3,12,2,1,0,4,1,37,706,37706,80,2004,1HFSC52144A1,1,H,F,S,C,5,2,1,4,4,A,1,0,0,0,Not Applicable,Not Applicable,0,0,0,1,0,0,0,0,0,0,0,25,0,0,0,12,6,2,12,0,0,0,1,4,85743,6,1,0,0,3,0,61,115,0,0,0,0,0,0,0,0,0,0,28,0,0,0,1,2,35,8,5,2,1,0,0,1,10,1,1,2,50,,,,1,0,M,HOND,V13,RS,4,17,,,,,,,1312,,2,,4,999,,,,,,,2012
2012040089,4,40089,2,2,2,25,2,15,3,12,2,1,0,5,1,49,43,49043,4,2001,4T1BF28BX1U1,4,T,1,B,F,2,8,B,X,1,U,1,0,0,0,Not Applicable,Not Applicable,0,0,0,1,0,0,0,0,0,0,0,30,0,0,0,12,6,2,12,0,0,0,1,6,95628,6,1,0,0,3,3,71,175,0,0,0,0,0,0,0,0,0,0,0,0,0,0,1,2,35,8,6,2,1,0,0,1,62,4,1,1,51,,,,0,0,P,TOYT,UVS,4D,1,17,3428,,0,1071,,G,,F,6,183,,,15R205,,,,,,2012
2012040090,4,40090,1,1,2,27,2,4,25,43,0,1,0,4,2,63,34,63034,4,2004,KNAGD126X453,K,N,A,G,D,1,2,6,X,4,5,3,0,0,0,Not Applicable,Not Applicable,0,0,0,1,0,0,0,0,0,0,0,998,0,1,5,14,6,2,1,0,0,0,1,4,86040,6,1,0,0,3,0,69,188,0,0,0,0,0,0,0,0,0,1,0,0,0,0,1,2,98,1,1,2,1,0,0,1,9,7,3,4,7,,,,1,1,P,KIA,OLE,4D,4,17,3281,,0,1063,,G,,F,4,144,,,15R205,,,,,,2012
2012040091,4,40091,1,1,2,27,2,20,59,42,0,1,0,4,1,7,18,7018,4,1992,1B3XC56R2ND7,1,B,3,X,C,5,6,R,2,N,D,7,0,0,0,Not Applicable,Not Applicable,0,0,0,1,0,0,0,0,0,0,0,75,0,0,0,9,6,2,42,0,0,0,1,4,86409,6,1,0,0,3,3,61,112,0,0,0,0,0,0,0,0,0,1,58,0,0,0,6,1,75,1,6,2,1,0,0,1,9,7,3,4,2,,,,1,0,P,DODG,DLE,4D,92,17,2987,,0,1045,,G,,F,6,201,,,14R195,,,,,,2012
2012040092,4,40092,1,2,2,28,2,6,55,12,6,1,0,4,1,7,472,7472,30,1992,1B7GL26X9NS5,1,B,7,G,L,2,6,X,9,N,S,5,0,0,0,Not Applicable,Not Applicable,0,0,0,1,0,0,0,0,0,0,0,7,0,0,0,2,6,2,12,0,0,0,1,4,85364,6,1,0,0,3,0,65,210,0,0,0,0,0,0,0,0,0,0,38,0,0,0,5,4,55,1,1,2,1,3,3,11,15,1,1,1,68,,,,0,0,T,DODG,DAK,PK,92,17,,1,1239,1119,DAK,G,,,6,239,,,,B,2890,01,A,42,2012
2012040092,4,40092,2,2,1,28,2,6,55,12,6,1,0,4,1,37,706,37706,80,1983,1HFSC021XDA3,1,H,F,S,C,0,2,1,X,D,A,3,0,0,0,Not Applicable,Not Applicable,0,0,0,1,0,0,0,0,0,0,0,52,0,0,0,12,6,2,12,0,0,0,1,4,85365,6,1,0,0,2,3,72,260,0,0,0,0,0,0,0,0,0,0,0,0,0,0,5,4,55,1,1,2,1,3,3,1,62,1,1,1,69,,,,1,0,M,HOND,G1I,RS,83,17,,,,,,,1100,,4,,4,686,,,,,,,2012
2012040093,4,40093,1,2,1,29,2,9,10,12,6,1,0,4,1,12,481,12481,31,2000,1FTZX1729YNC,1,F,T,Z,X,1,7,2,9,Y,N,C,0,0,0,Not Applicable,Not Applicable,0,0,0,1,0,0,0,0,0,0,0,35,0,0,0,12,6,2,12,0,0,0,1,4,85037,6,1,0,0,3,0,73,170,1,0,0,0,1,8,2010,9,2010,0,39,89,0,0,1,2,35,1,1,2,1,3,3,1,17,1,1,1,88,,,,0,0,T,FORD,F15,4C,0,17,,1,1571,1385,COF,G,,,6,256,,,,B,4204,05,U,42,2012
2012040093,4,40093,2,2,2,29,2,9,10,12,6,1,0,4,1,20,37,20037,4,2012,1G1ZB5E02CF2,1,G,1,Z,B,5,E,0,2,C,F,2,0,0,0,Not Applicable,Not Applicable,0,0,0,1,0,0,0,0,0,0,0,40,0,0,0,62,6,2,12,0,0,0,1,4,85041,6,1,0,0,3,0,65,180,0,0,0,0,0,0,0,0,0,0,0,0,0,0,5,4,40,1,1,2,1,3,3,1,66,1,1,1,89,,,,1,0,P,CHEV,M/L,4D,12,17,3415,,0,1123,,G,,F,4,146,,,17R215,,,,,,2012
2012040094,4,40094,1,2,1,13,2,1,54,12,1,1,0,6,1,37,32,37032,4,2008,1HGCP26378A0,1,H,G,C,P,2,6,3,7,8,A,0,0,0,0,Not Applicable,Not Applicable,0,0,0,1,0,0,0,0,0,0,0,95,0,0,0,12,6,2,12,0,0,0,1,6,95501,6,1,0,0,3,0,67,125,0,0,0,0,0,0,0,0,0,1,89,0,0,0,3,3,65,1,6,1,1,0,0,1,51,99,1,1,24,,,,0,1,P,HOND,ULX,4D,8,17,3274,,0,1102,,G,,F,4,146,,,16R215,,,,,,2012
2012040094,4,40094,2,2,1,13,2,1,54,12,1,1,0,4,1,12,481,12481,31,2002,1FTRF08W62KD,1,F,T,R,F,0,8,W,6,2,K,D,0,0,0,Not Applicable,Not Applicable,0,0,0,1,0,0,0,0,0,0,0,998,0,1,1,6,6,2,1,0,0,0,1,4,85321,6,1,0,0,3,0,66,177,0,0,0,0,0,0,0,0,0,0,0,0,0,0,3,3,65,1,6,1,1,0,0,1,53,99,1,1,25,,,,1,0,T,FORD,F15,PK,2,17,,2,0,1202,COF,G,,,8,281,,,,B,4345,02,U,44,2012
2012040095,4,40095,1,1,2,13,2,5,50,1,0,1,0,4,2,37,31,37031,2,2000,1HGEJ6121YL0,1,H,G,E,J,6,1,2,1,Y,L,0,0,0,0,Not Applicable,Not Applicable,0,0,0,1,0,0,0,0,0,0,0,998,0,1,5,0,6,2,1,35,0,0,1,4,86045,6,1,0,0,3,0,67,240,0,3,1,0,0,8,2009,8,2010,0,58,0,0,0,2,2,65,2,6,2,1,0,0,14,9,7,3,4,2,,,,2,1,P,HOND,UCD,CP,0,17,2359,,0,1032,,G,,F,4,097,,,14R185,,,,,,2012
2012040096,4,40096,1,1,2,26,2,20,33,38,0,1,0,4,2,12,37,12037,4,2000,1FAHP3839YW1,1,F,A,H,P,3,8,3,9,Y,W,1,0,0,0,Not Applicable,Not Applicable,0,0,0,1,0,0,0,0,0,0,0,998,0,1,6,99,6,2,1,0,0,0,1,4,85309,6,1,0,0,3,0,63,117,0,0,0,0,0,0,0,0,0,0,0,0,0,0,1,2,65,1,1,2,1,0,0,1,9,7,3,4,2,,,,1,0,P,FORD,FZT,4D,0,17,2564,,0,1030,,G,,F,4,121,,,15R195,,,,,,2012
2012040097,4,40097,1,2,1,29,2,19,17,42,0,1,0,4,1,12,4,12004,2,1996,1FALP62W0TH1,1,F,A,L,P,6,2,W,0,T,H,1,0,0,0,Not Applicable,Not Applicable,0,0,0,1,0,0,0,0,0,0,0,998,1,0,0,12,6,2,12,0,0,0,1,4,85641,6,1,0,0,3,0,68,150,0,0,0,1,0,12,2009,12,2009,0,0,0,0,0,2,2,75,1,1,2,1,0,0,1,12,1,1,4,6,,,,1,0,P,FORD,THL,2D,96,17,3561,,0,1130,,G,,F,8,281,,,15R205,,,,,,2012
2012040097,4,40097,2,2,2,29,2,19,17,42,0,1,0,4,1,23,481,23481,31,2007,1GTHK23D27F1,1,G,T,H,K,2,3,D,2,7,F,1,1,1,0,Not Applicable,Not Applicable,0,0,0,1,0,0,0,0,0,0,0,70,0,0,0,12,6,2,12,0,0,0,1,4,85546,6,1,0,0,3,0,71,340,0,0,0,0,0,0,0,0,0,0,0,0,0,0,2,2,75,1,1,2,1,0,0,1,62,4,1,1,98,,,,0,0,T,GMC,2KH,CW,7,17,,2,1670,1530,SIE,D,,,8,403,,,,C,5883,02,E,44,2012
2012040099,4,40099,1,2,1,3,2,18,17,1,0,1,0,4,2,73,706,73706,80,2004,JKAZXCC134A0,J,K,A,Z,X,C,C,1,3,4,A,0,0,0,0,Not Applicable,Not Applicable,0,0,0,1,0,0,0,0,0,0,0,59,0,0,0,0,6,2,12,0,0,0,1,4,85392,6,1,0,0,3,0,73,240,0,0,0,0,0,0,0,0,0,1,0,0,0,0,5,4,35,1,1,2,1,2,3,1,17,3,2,1,98,,,,1,0,M,KAWK,Z1R,RC,4,17,,,,,,,998,,4,,4,459,,,,,,,2012
2012040099,4,40099,2,2,2,3,2,18,17,1,0,1,0,4,1,35,47,35047,4,2001,1N4DL01D31C1,1,N,4,D,L,0,1,D,3,1,C,1,0,0,0,Not Applicable,Not Applicable,0,0,0,1,0,0,0,0,0,0,0,10,0,0,0,4,6,2,12,0,0,0,1,4,85007,6,1,0,0,3,0,62,150,0,0,0,0,0,0,0,0,0,0,0,0,0,0,5,4,35,1,1,2,1,2,3,11,15,1,1,1,98,,,,0,0,P,NISS,AXE,4D,1,17,2754,,0,1031,,G,,F,4,146,,,15R195,,,,,,2012
2012040100,4,40100,1,3,1,7,2,7,29,12,6,1,0,4,1,72,706,72706,80,2005,1HD1GHV195K3,1,H,D,1,G,H,V,1,9,5,K,3,0,0,0,Not Applicable,Not Applicable,0,0,0,1,0,0,0,0,0,0,0,40,0,0,0,62,6,2,12,0,0,0,1,4,85308,6,1,0,0,3,0,69,190,0,0,0,0,0,0,0,0,0,0,39,0,0,0,5,5,40,1,1,2,1,2,3,1,63,1,1,1,69,,,,1,0,M,HD,FDX,RS,5,17,,,,,,,1450,,2,,4,627,,,,,,,2012
2012040100,4,40100,2,3,1,7,2,7,29,12,6,1,0,4,1,37,32,37032,4,2004,1HGCM663X4A0,1,H,G,C,M,6,6,3,X,4,A,0,0,0,0,Not Applicable,Not Applicable,0,0,0,1,0,0,0,0,0,0,0,10,0,0,0,12,6,2,12,0,0,0,1,4,85051,6,1,0,0,3,3,65,140,0,0,0,0,0,0,0,0,0,0,0,0,0,0,5,5,40,1,1,2,1,2,3,11,15,1,1,1,68,,,,0,0,P,HOND,ULX,4D,4,17,3309,,0,1079,,G,,F,6,183,,,16R205,,,,,,2012
2012040100,4,40100,3,3,1,7,2,7,29,12,6,1,0,4,1,20,421,20421,15,1978,CKL188Z12914,C,K,L,1,8,8,Z,1,2,9,1,4,0,0,0,Not Applicable,Not Applicable,0,0,0,1,0,0,0,0,0,0,0,0,0,0,0,12,2,1,12,0,0,0,1,4,85017,6,1,0,0,3,0,70,250,0,0,0,0,0,0,0,0,0,0,0,0,0,0,1,2,30,1,1,2,1,2,3,5,78,1,1,1,98,,,,0,0,T,CHEV,KBZ,UT,78,13,,2,1315,1065,K10,G,,,8,350,,,,B,4172,02,,44,2012
2012040101,4,40101,1,4,3,9,2,15,6,12,6,1,0,4,1,35,43,35043,4,2004,3N1CB51D34L8,3,N,1,C,B,5,1,D,3,4,L,8,0,0,0,Not Applicable,Not Applicable,0,0,0,1,0,0,0,0,0,0,0,36,1,0,0,12,6,2,12,0,0,0,1,4,85015,6,1,0,0,3,3,62,135,0,0,0,0,0,0,0,0,0,0,89,91,28,0,5,5,40,1,1,2,1,0,0,1,10,1,1,2,64,,,,2,0,P,NISS,S18,4D,4,17,2387,,0,998,,G,,F,4,108,,,15R195,,,,,,2012
2012040101,4,40101,2,4,1,9,2,15,6,12,6,1,0,4,2,20,401,20401,14,2002,1GNDS13S4223,1,G,N,D,S,1,3,S,4,2,2,3,0,0,0,Not Applicable,Not Applicable,0,0,0,1,0,0,0,0,0,0,0,25,0,0,0,63,6,2,12,0,0,0,1,4,85033,0,0,0,0,0,0,999,999,0,0,0,0,0,0,0,0,0,0,0,0,0,0,5,5,40,1,1,2,1,0,0,1,62,7,1,3,65,,,,0,0,P,CHEV,TRL,UT,2,17,4442,,0,1130,,G,,F,6,256,,,16R245,,,,,,2012
2012040101,4,40101,3,4,1,9,2,15,6,12,6,1,0,4,3,38,882,38882,61,2007,JALE5B165779,J,A,L,E,5,B,1,6,5,7,7,9,0,0,57,270617,57270617,2,1,1,1,0,0,0,0,0,0,0,35,0,1,1,82,6,2,1,0,0,0,1,4,85023,6,1,0,0,3,0,65,180,0,0,0,0,0,0,0,0,0,0,0,0,0,0,5,5,40,1,1,2,1,0,0,1,54,6,1,3,98,,,,0,0,T,ISU,NQR,TB,7,17,,5,1760,1090,NQR,D,,,4,317,,,,,00000,00,,42,2012
2012040101,4,40101,4,4,5,9,2,15,6,12,6,1,0,4,2,37,441,37441,20,2002,5FNRL18942B0,5,F,N,R,L,1,8,9,4,2,B,0,0,0,0,Not Applicable,Not Applicable,0,0,0,1,0,0,0,0,0,0,0,0,0,0,0,12,2,1,12,0,0,0,1,4,85009,6,1,0,0,3,0,66,170,0,0,0,0,0,0,0,0,0,0,0,0,0,0,1,2,0,1,1,2,1,0,0,5,66,1,1,1,98,,,,0,0,P,HOND,UDY,SV,2,17,4376,,0,1181,,G,,F,6,212,,,16R225,,,,,,2012
2012040102,4,40102,1,2,3,10,2,3,5,12,6,1,0,4,2,7,43,7043,4,2005,1B3EL46T65N6,1,B,3,E,L,4,6,T,6,5,N,6,0,0,0,Not Applicable,Not Applicable,0,0,0,1,0,0,0,0,0,0,0,73,0,0,0,83,6,2,12,0,0,0,1,4,85041,6,1,0,0,3,0,72,170,0,0,0,0,0,0,0,0,0,0,39,91,0,0,5,4,40,1,1,2,1,3,3,1,17,1,1,1,87,,,,1,0,P,DODG,SRX,4D,5,17,3093,,0,1080,,F,,F,6,165,,,16R205,,,,,,2012
2012040102,4,40102,2,2,1,10,2,3,5,12,6,1,0,4,1,20,481,20481,31,2011,1GCRCPEX7BZ4,1,G,C,R,C,P,E,X,7,B,Z,4,0,0,0,Not Applicable,Not Applicable,0,0,0,1,0,0,0,0,0,0,0,34,0,0,0,12,6,2,12,0,0,0,1,4,85041,6,1,0,0,3,0,67,175,0,0,0,0,1,3,2010,3,2010,0,0,0,0,0,5,5,35,1,1,2,1,3,3,1,66,1,1,1,86,,,,0,0,T,CHEV,SC1,4C,11,17,,2,1575,1435,SIL,G,,,6,262,,,,B,4924,03,,42,2012
2012040103,4,40103,1,1,1,10,2,3,15,33,0,1,0,4,2,18,2,18002,4,2003,1G4HP54K13U1,1,G,4,H,P,5,4,K,1,3,U,1,0,0,0,Not Applicable,Not Applicable,0,0,0,1,0,0,0,0,0,0,0,998,0,0,0,14,6,2,42,0,0,0,1,4,85310,6,1,0,0,3,0,67,115,0,1,0,1,0,3,2011,3,2011,0,0,0,0,0,2,2,40,1,1,2,1,0,0,1,12,1,2,4,7,,,,1,1,P,BUIC,LCF,4D,3,17,3567,,0,1122,,G,,F,6,231,,,15R215,,,,,,2012
2012040104,4,40104,1,1,4,11,2,20,49,8,0,1,0,4,2,20,421,20421,15,2005,1GNEK13T25J2,1,G,N,E,K,1,3,T,2,5,J,2,0,0,0,Not Applicable,Not Applicable,0,0,0,1,0,0,0,0,0,0,0,41,0,0,0,12,2,1,8,0,0,0,1,4,85284,6,1,0,0,3,1,67,268,0,0,0,0,0,0,0,0,0,0,0,0,0,0,5,4,40,1,1,2,1,0,0,1,80,9,9,3,13,,,,0,0,P,CHEV,KTA,UT,5,17,5192,,0,1160,,G,,F,8,325,,,16R265,,,,,,2012
2012040105,4,40105,1,1,1,12,2,99,99,8,0,1,9,99,9,99,999,99999,99,9999,Unknown,9,9,9,9,9,9,9,9,9,9,9,9,0,0,0,Not Applicable,Not Applicable,0,0,0,1,0,0,0,0,0,0,0,999,0,0,0,12,9,9,8,0,0,0,1,99,99999,9,9,99,0,9,9,999,999,99,99,99,99,99,99,9999,99,9999,9,99,99,99,99,9,9,99,9,9,2,99,99,9,99,80,99,9,9,13,,,,0,0,,,,,,,,,,,,,,,,,,,,,,,,,2012
2012040106,4,40106,1,1,1,14,2,23,13,33,0,1,0,4,1,35,401,35401,14,2008,5N1AR18U28C6,5,N,1,A,R,1,8,U,2,8,C,6,0,0,0,Not Applicable,Not Applicable,0,0,0,1,0,0,0,0,0,0,0,40,0,1,1,14,6,2,1,0,0,0,1,4,85746,6,1,0,0,3,0,68,125,0,0,0,0,0,0,0,0,0,1,0,0,0,0,2,2,35,1,1,2,1,0,0,10,12,1,1,4,98,,,,1,1,P,NISS,PFI,UT,8,17,4427,,0,1122,,G,,F,6,244,,,16R245,,,,,,2012
2012040107,4,40107,1,1,1,18,2,21,28,8,0,1,0,40,3,87,881,87881,66,2011,1XPHD49X8BD1,1,X,P,H,D,4,9,X,8,B,D,1,1,1,57,06585,5706585,3,6,1,1,0,0,0,0,0,0,0,40,0,0,0,12,6,2,8,0,0,0,1,49,84790,6,1,1,0,2,0,71,240,98,0,0,0,1,8,2011,8,2011,0,0,0,0,0,2,1,45,1,1,2,1,0,0,1,80,1,1,1,13,,,,0,0,T,PTRB,386,TR,11,17,,8,0,0,CON,D,,,6,915,,,,,00000,00,,64,2012
2012040108,4,40108,1,1,1,19,2,0,37,25,0,1,0,4,1,35,443,35443,20,2006,5N1BV28U86N1,5,N,1,B,V,2,8,U,8,6,N,1,0,0,0,Not Applicable,Not Applicable,0,0,0,1,0,0,0,0,0,0,0,50,0,0,0,12,6,2,25,0,0,0,1,4,85085,6,1,0,0,3,0,68,150,0,0,0,0,0,0,0,0,0,1,0,0,0,0,2,2,35,1,1,2,1,0,0,1,14,1,1,4,14,,,,1,1,P,NISS,QST,SV,6,17,3914,,0,1240,,G,,F,6,214,,,16R225,,,,,,2012
2012040109,4,40109,1,2,1,20,2,22,8,8,0,1,0,4,1,35,47,35047,4,2005,1N4AL11D05C9,1,N,4,A,L,1,1,D,0,5,C,9,0,0,0,Not Applicable,Not Applicable,0,0,0,1,0,0,0,0,0,0,0,39,0,0,0,12,2,1,8,0,0,0,1,4,85209,6,1,0,0,3,0,65,118,0,0,0,0,0,0,0,0,0,0,0,0,0,0,5,4,40,1,1,2,1,0,0,1,80,3,2,1,13,,,,0,0,P,NISS,ASL,4D,5,17,2915,,0,1102,,G,,F,4,153,,,16R215,,,,,,2012
2012040109,4,40109,2,2,1,20,2,22,8,8,0,1,1,4,1,2,403,2403,14,1994,1J4FY49S6RP4,1,J,4,F,Y,4,9,S,6,R,P,4,0,0,0,Not Applicable,Not Applicable,0,0,0,1,0,0,0,0,0,0,0,40,0,0,0,12,2,1,8,0,0,0,1,4,85209,6,1,0,0,3,0,73,170,0,0,0,1,0,9,2011,9,2011,0,99,99,99,99,5,4,40,1,1,2,1,0,0,6,80,1,1,1,98,,,,0,1,T,JEEP,WYS,2W,94,17,,1,0,934,W/Y,G,,,6,242,,,,,3085,00,A,44,2012
2012040110,4,40110,1,2,1,21,2,20,9,12,1,1,0,4,2,76,706,76706,80,2007,JYAVP24E67A0,J,Y,A,V,P,2,4,E,6,7,A,0,0,0,0,Not Applicable,Not Applicable,0,0,0,1,0,0,0,0,0,0,0,55,0,0,0,12,6,2,12,0,0,0,1,4,85712,0,0,0,0,0,0,69,190,0,5,0,0,1,11,2009,1,2012,1,0,0,0,0,2,3,40,1,6,2,1,0,0,15,51,1,1,1,24,,,,1,1,M,YAMA,X13,RS,7,17,,,,,,,1304,,2,,4,624,,,,,,,2012
2012040110,4,40110,2,2,1,21,2,20,9,12,1,1,0,4,1,19,14,19014,4,1994,1G6KS52Y4RU8,1,G,6,K,S,5,2,Y,4,R,U,8,0,0,0,Not Applicable,Not Applicable,0,0,0,1,0,0,0,0,0,0,0,40,0,0,0,6,6,2,12,0,0,0,1,4,85710,6,1,0,0,3,0,71,218,0,0,0,0,0,0,0,0,0,0,0,0,0,0,2,3,40,1,6,2,1,0,0,15,53,1,1,1,25,,,,0,1,P,CADI,SLS,4D,94,17,3738,,0,1110,,G,,F,8,279,,,16R225,,,,,,2012
2012040111,4,40111,1,4,3,24,2,7,6,12,1,1,0,4,1,20,421,20421,15,2011,1GNSKAE05BR1,1,G,N,S,K,A,E,0,5,B,R,1,0,0,0,Not Applicable,Not Applicable,0,0,0,1,0,0,0,0,0,0,0,998,0,0,0,99,6,2,12,0,0,0,1,4,86039,6,1,0,0,3,3,67,155,0,0,0,0,0,0,0,0,0,0,99,99,99,99,1,2,65,1,1,2,1,0,0,2,99,99,9,9,98,,,,1,0,P,CHEV,KTA,UT,11,17,5894,,0,1160,,F,,F,8,323,,,18R265,,,,,,2012
2012040111,4,40111,2,4,2,24,2,7,6,12,1,1,0,4,1,12,481,12481,31,2008,1FTRW12W98KF,1,F,T,R,W,1,2,W,9,8,K,F,0,0,0,Not Applicable,Not Applicable,0,0,0,1,0,0,0,0,0,0,0,998,0,0,0,6,4,3,12,0,0,0,1,4,86505,6,1,0,0,3,3,67,135,0,0,0,0,0,0,0,0,0,0,0,0,0,0,1,2,65,1,1,2,1,0,0,6,99,99,9,9,98,,,,0,0,T,FORD,F1S,CW,8,17,,2,1500,1390,COF,G,,,8,281,,,,B,5025,02,E,42,2012
2012040111,4,40111,3,4,1,24,2,7,6,12,1,1,0,4,1,7,482,7482,31,1998,3B7HF12Z5WM2,3,B,7,H,F,1,2,Z,5,W,M,2,0,0,0,Not Applicable,Not Applicable,0,0,0,1,0,0,0,0,0,0,0,998,0,0,0,6,6,2,12,0,0,0,1,4,86505,6,1,0,0,3,3,68,170,0,0,0,0,0,0,0,0,0,0,99,99,99,99,1,2,65,1,1,2,1,0,0,6,99,99,9,9,25,,,,0,0,T,DODG,150,PC,98,17,,2,1547,1387,RPC,G,,,8,360,,,,B,4936,02,U,44,2012
2012040111,4,40111,4,4,6,24,2,7,6,12,1,1,0,4,3,90,981,90981,50,2000,1BAGNB9AXYF0,1,B,A,G,N,B,9,A,X,Y,F,0,0,0,88,None,None,3,21,22,1,0,0,0,0,1,0,0,998,0,0,0,12,6,2,12,0,0,0,1,4,86515,6,1,6,1,3,3,68,180,0,0,0,0,0,0,0,0,0,0,26,0,0,0,1,2,65,1,1,2,1,0,0,1,51,1,1,1,24,,,,0,0,T,BLUI,,,0,17,,,,,,,,,,,,,,,,,,,2012
2012040112,4,40112,1,1,1,25,2,19,40,1,0,1,0,4,2,19,3,19003,4,1989,1G6CD5155K42,1,G,6,C,D,5,1,5,5,K,4,2,0,0,0,Not Applicable,Not Applicable,0,0,0,1,0,0,0,0,0,0,0,998,0,1,9,0,6,2,30,0,0,0,1,4,85225,0,0,0,0,0,0,65,180,0,0,0,0,0,0,0,0,0,9,0,0,0,0,1,2,98,1,1,5,1,0,0,99,9,99,9,4,2,,,,1,1,P,CADI,DFW,4D,89,17,3302,,0,1138,,G,,F,8,276,,,15R205,,,,,,2012
2012040113,4,40113,1,1,4,25,2,4,59,33,0,1,0,4,2,20,2,20002,4,2007,2G1WB58K1791,2,G,1,W,B,5,8,K,1,7,9,1,0,0,0,Not Applicable,Not Applicable,0,0,0,1,0,0,0,0,0,0,0,45,0,0,0,12,6,2,43,0,0,0,1,4,85021,6,1,0,0,3,0,69,225,0,0,0,0,0,0,0,0,0,1,37,39,0,0,1,2,25,1,1,2,1,20,3,1,14,1,1,4,14,,,,1,1,P,CHEV,IPL,4D,7,17,3674,,0,1105,,F,,F,6,214,,,16R225,,,,,,2012
2012040114,4,40114,1,1,2,25,2,6,41,35,0,1,0,92,0,76,734,76734,90,2004,JY4AM01Y14C0,J,Y,4,A,M,0,1,Y,1,4,C,0,0,0,0,Not Applicable,Not Applicable,0,0,0,1,0,0,0,0,0,0,0,999,0,1,6,12,6,2,1,0,0,0,1,4,86403,6,1,0,0,3,0,70,155,0,0,0,0,0,0,0,0,0,1,53,52,0,0,1,2,40,8,6,8,1,0,0,1,6,99,9,4,7,,,,1,1,M,YAMA,Y6N,AT,4,17,,,,,,,660,,1,,4,398,,,,,,,2012
2012040115,4,40115,1,2,1,25,2,10,3,12,6,1,0,4,1,20,401,20401,14,2002,1GNDS13S3224,1,G,N,D,S,1,3,S,3,2,2,4,0,0,0,Not Applicable,Not Applicable,0,0,0,1,0,0,0,0,0,0,0,70,0,0,0,12,6,2,12,0,0,0,1,4,85705,6,1,0,0,3,0,66,164,0,0,0,1,0,12,2010,12,2010,1,91,0,0,0,1,2,35,1,1,2,1,0,0,1,64,1,1,1,98,,,,0,1,P,CHEV,TRL,UT,2,17,4442,,0,1130,,G,,F,6,256,,,16R245,,,,,,2012
2012040115,4,40115,2,2,2,25,2,10,3,12,6,1,0,4,1,35,472,35472,30,2000,1N6DD21S6YC3,1,N,6,D,D,2,1,S,6,Y,C,3,0,0,0,Not Applicable,Not Applicable,0,0,0,1,0,0,0,0,0,0,0,5,0,0,0,9,6,2,12,0,0,0,1,4,85739,6,1,0,0,3,3,65,180,0,0,0,0,0,0,0,0,0,0,0,0,0,0,1,2,35,1,1,2,1,0,0,12,99,1,1,1,98,,,,1,0,T,NISS,FXE,PK,0,17,,1,0,1043,FRT,G,,,4,146,,,,B,2902,00,U,42,2012
2012040116,4,40116,1,1,1,28,2,13,3,8,0,1,0,4,2,37,401,37401,14,2000,4S6CK58W7Y44,4,S,6,C,K,5,8,W,7,Y,4,4,0,0,0,Not Applicable,Not Applicable,0,0,0,1,0,0,0,0,0,0,0,5,0,0,0,12,2,4,8,0,0,0,1,4,85035,6,1,0,0,3,0,63,170,0,1,0,0,0,5,2010,5,2010,0,0,0,0,0,1,2,25,1,1,2,1,0,0,8,80,1,1,1,13,,,,0,0,P,HOND,PAS,UT,0,17,3774,,0,1064,,G,,F,6,193,,,16R225,,,,,,2012
2012040117,4,40117,1,1,2,1,3,20,24,8,0,1,1,4,2,37,31,37031,4,1994,JHMEG864XRS0,J,H,M,E,G,8,6,4,X,R,S,0,0,0,0,Not Applicable,Not Applicable,0,0,0,1,0,0,0,0,0,0,0,23,0,0,0,12,4,1,8,0,0,0,1,96,0,0,0,0,0,0,0,68,140,99,99,99,99,99,99,9999,99,9999,9,91,0,0,0,1,2,15,1,1,2,1,0,0,1,80,1,1,1,13,,,,0,0,P,HOND,EXX,4D,94,17,2263,,0,1032,,G,,F,4,091,,,13R175,,,,,,2012