accident_id,STATE,ST_CASE,VEH_NO,VE_FORMS,NUMOCCS,DAY,MONTH,HOUR,MINUTE,HARM_EV,MAN_COLL,UNITTYPE,HIT_RUN,REG_STAT,OWNER,MAKE,MODEL,MAK_MOD,BODY_TYP,MOD_YEAR,VIN,VIN_1,VIN_2,VIN_3,VIN_4,VIN_5,VIN_6,VIN_7,VIN_8,VIN_9,VIN_10,VIN_11,VIN_12,TOW_VEH,J_KNIFE,MCARR_I1,MCARR_I2,MCARR_ID,GVWR,V_CONFIG,CARGO_BT,HAZ_INV,HAZ_PLAC,HAZ_ID,HAZ_CNO,HAZ_REL,BUS_USE,SPEC_USE,EMER_USE,TRAV_SP,UNDERIDE,ROLLOVER,ROLINLOC,IMPACT1,DEFORMED,TOWED,M_HARM,VEH_SC1,VEH_SC2,FIRE_EXP,DR_PRES,L_STATE,DR_ZIP,L_STATUS,L_TYPE,CDL_STAT,L_ENDORS,L_COMPL,L_RESTRI,DR_HGT,DR_WGT,PREV_ACC,PREV_SUS,PREV_DWI,PREV_SPD,PREV_OTH,FIRST_MO,FIRST_YR,LAST_MO,LAST_YR,SPEEDREL,DR_SF1,DR_SF2,DR_SF3,DR_SF4,VTRAFWAY,VNUM_LAN,VSPD_LIM,VALIGN,VPROFILE,VPAVETYP,VSURCOND,VTRAFCON,VTCONT_F,P_CRASH1,P_CRASH2,P_CRASH3,PCRASH4,PCRASH5,ACC_TYPE,TRLR1VIN,TRLR2VIN,TRLR3VIN,DEATHS,DR_DRINK,VINTYPE,VINMAKE,VINA_MOD,VIN_BT,VINMODYR,VIN_LNGT,VIN_WGT,WGTCD_TR,WHLBS_LG,WHLBS_SH,SER_TR,FUELCODE,MCYCL_DS,CARBUR,CYLINDER,DISPLACE,MCYCL_CY,MCYCL_WT,TIRE_SZE,TON_RAT,TRK_WT,TRKWTVAR,VIN_REST,WHLDRWHL,Year
2012040118,4,40118,1,1,1,29,2,16,41,33,0,1,0,4,1,7,442,7442,20,1999,1B4GP45GXXB8,1,B,4,G,P,4,5,G,X,X,B,8,0,0,0,Not Applicable,Not Applicable,0,0,0,1,0,0,0,0,0,0,0,23,0,0,0,14,6,2,15,32,0,0,1,4,85345,6,1,0,0,3,1,66,165,0,0,0,0,0,0,0,0,0,1,91,0,0,0,1,2,25,1,1,2,1,0,0,1,13,1,1,4,1,,,,0,0,P,DODG,CAR,SV,99,17,3768,,0,1133,,F,,F,6,201,,,15R215,,,,,,2012
2012040119,4,40119,1,2,1,3,3,0,12,8,0,1,1,99,9,99,999,99999,99,9999,Unknown,9,9,9,9,9,9,9,9,9,9,9,9,0,0,0,Not Applicable,Not Applicable,0,0,0,1,0,0,0,0,0,0,0,998,0,0,0,12,9,1,8,0,0,0,1,99,99999,9,9,99,9,9,9,999,999,99,99,99,99,99,99,9999,99,9999,9,99,99,99,99,3,5,65,1,1,2,1,0,0,1,80,1,1,1,13,,,,0,0,,,,,,,,,,,,,,,,,,,,,,,,,2012
2012040119,4,40119,2,2,1,3,3,0,12,8,0,1,0,4,1,12,401,12401,14,2005,1FMZU67K65UB,1,F,M,Z,U,6,7,K,6,5,U,B,0,0,0,Not Applicable,Not Applicable,0,0,0,1,0,0,0,0,0,0,0,65,0,0,0,12,2,1,8,0,0,0,1,4,85338,6,1,0,0,3,0,65,157,0,0,0,0,0,0,0,0,0,0,0,0,0,0,3,5,65,1,1,2,1,0,0,1,80,6,1,3,98,,,,0,0,P,FORD,EPR,UT,5,17,4095,,0,1259,,F,,F,6,245,,,16R235,,,,,,2012
2012040120,4,40120,1,1,1,3,3,21,20,24,0,1,0,4,1,20,403,20403,14,2005,1GNDT13S4523,1,G,N,D,T,1,3,S,4,5,2,3,0,0,0,Not Applicable,Not Applicable,0,0,0,1,0,0,0,0,0,0,0,55,0,1,5,61,6,2,1,0,0,0,1,4,85242,6,1,0,0,3,0,62,290,0,0,0,1,1,2,2011,12,2011,0,99,99,99,99,3,3,55,1,1,2,1,0,0,15,9,7,3,4,2,,,,1,0,P,CHEV,TRL,UT,5,17,4612,,0,1130,,G,,F,6,256,,,16R245,,,,,,2012
2012040121,4,40121,1,1,2,4,3,18,10,32,0,1,0,4,1,7,442,7442,20,2005,1D4GP24R45B1,1,D,4,G,P,2,4,R,4,5,B,1,0,0,0,Not Applicable,Not Applicable,0,0,0,1,0,0,0,0,0,0,0,35,0,0,0,12,6,2,32,0,0,0,1,4,86322,6,1,0,0,3,0,68,165,0,0,0,1,0,12,2011,12,2011,1,91,0,0,0,1,2,50,1,6,2,1,0,0,1,12,1,1,4,6,,,,1,1,T,DODG,GCS,ES,5,17,,1,0,1193,CAR,G,,,6,201,,,,,3867,00,E,42,2012
2012040122,4,40122,1,1,1,6,3,14,48,9,0,1,0,4,2,20,431,20431,16,2002,1GNEC16ZX2J2,1,G,N,E,C,1,6,Z,X,2,J,2,0,0,0,Not Applicable,Not Applicable,0,0,0,1,0,0,0,0,0,0,0,10,0,0,0,82,2,1,9,0,0,0,1,4,85042,6,1,0,0,3,3,61,190,0,0,0,0,0,0,0,0,0,0,0,0,0,0,5,5,35,8,1,2,1,2,3,11,83,1,1,1,13,,,,0,0,P,CHEV,C15,UT,2,17,4914,,0,1300,,F,,F,8,325,,,16R265,,,,,,2012
2012040123,4,40123,1,1,6,6,3,23,0,35,0,1,0,4,2,20,431,20431,16,1996,1GNGK26J0TJ3,1,G,N,G,K,2,6,J,0,T,J,3,0,0,0,Not Applicable,Not Applicable,0,0,0,1,0,0,0,0,0,0,0,50,0,1,5,12,6,2,1,0,0,0,1,49,84784,3,1,0,0,2,0,69,230,98,0,0,0,0,0,0,0,0,1,0,0,0,0,1,2,99,3,1,4,1,0,0,14,11,1,1,4,1,,,,5,1,P,CHEV,K25,UT,96,17,5552,,0,1315,,G,,F,8,454,,,16R245,,,,,,2012
2012040124,4,40124,1,1,1,8,3,14,10,15,0,1,0,4,2,7,482,7482,31,2000,3B7HF12Y5YG1,3,B,7,H,F,1,2,Y,5,Y,G,1,0,0,0,Not Applicable,Not Applicable,0,0,0,1,0,0,0,0,0,0,0,5,0,0,0,12,0,1,15,0,0,0,1,4,85202,6,1,0,0,3,0,66,149,0,0,0,0,0,0,0,0,0,0,38,0,0,0,1,2,35,1,1,2,1,20,3,11,83,1,1,1,13,,,,0,0,T,DODG,150,PC,0,17,,2,0,1387,RPC,G,,,8,318,,,,B,4897,00,U,44,2012
2012040125,4,40125,1,2,7,8,3,15,55,12,1,1,0,49,4,7,442,7442,20,2011,2D4RN5DG6BR7,2,D,4,R,N,5,D,G,6,B,R,7,0,0,0,Not Applicable,Not Applicable,0,0,0,1,0,0,0,0,0,0,0,998,1,0,0,12,6,2,12,0,0,0,1,4,85021,6,1,0,0,3,0,62,140,0,0,0,0,0,0,0,0,0,1,0,0,0,0,2,2,75,1,1,2,1,0,0,1,51,1,1,1,24,,,,1,0,P,DODG,CAR,SV,11,17,4510,,0,1212,,F,,F,6,220,,,17R225,,,,,,2012
2012040125,4,40125,2,2,1,8,3,15,55,12,1,1,0,6,3,84,881,84881,66,2004,2HSCEAPR44C0,2,H,S,C,E,A,P,R,4,4,C,0,1,1,57,0361052,570361052,3,6,1,1,0,0,0,0,0,0,0,998,0,0,0,6,2,1,12,0,0,0,1,6,92879,6,1,6,0,3,3,71,185,0,0,0,0,0,0,0,0,0,0,0,0,0,0,2,2,75,1,1,2,1,0,0,1,53,1,1,1,25,,,,0,0,T,INTL,92I,TR,4,17,,8,0,0,920,D,,,6,915,,,,,00000,00,,64,2012
2012040126,4,40126,1,1,1,9,3,15,32,33,0,1,0,4,2,20,403,20403,14,2005,1GNDS13S7521,1,G,N,D,S,1,3,S,7,5,2,1,0,0,0,Not Applicable,Not Applicable,0,0,0,1,0,0,0,0,0,0,0,998,0,0,0,12,6,2,42,0,0,0,1,4,85251,1,1,0,0,2,0,68,255,0,2,0,0,1,12,2009,11,2010,1,37,0,0,0,1,2,35,1,1,2,1,0,0,1,12,1,1,4,6,,,,1,0,P,CHEV,TRL,UT,5,17,4425,,0,1130,,G,,F,6,256,,,16R245,,,,,,2012
2012040127,4,40127,1,1,1,9,3,23,25,8,0,1,1,99,9,99,999,99999,99,9999,Unknown,9,9,9,9,9,9,9,9,9,9,9,9,0,0,0,Not Applicable,Not Applicable,0,0,0,1,0,0,0,0,0,0,0,999,0,0,0,14,9,1,8,0,0,0,1,99,99999,9,9,99,9,9,9,999,999,99,99,99,99,99,99,9999,99,9999,9,99,99,99,99,1,2,35,1,1,2,1,0,0,1,80,1,1,1,13,,,,0,0,,,,,,,,,,,,,,,,,,,,,,,,,2012
2012040128,4,40128,1,2,2,9,3,23,50,12,6,1,0,4,2,51,401,51401,14,2005,YV1CZ9113511,Y,V,1,C,Z,9,1,1,3,5,1,1,0,0,0,Not Applicable,Not Applicable,0,0,0,1,0,0,0,0,0,0,0,51,0,0,0,12,6,2,12,0,0,0,1,4,85378,6,1,0,0,3,3,64,120,0,0,0,0,0,0,0,0,0,0,39,91,0,0,2,4,40,1,1,2,1,2,3,1,17,1,1,1,69,,,,0,1,P,VOLV,XC9,UT,5,17,4354,,0,1125,,G,,T,6,177,,,16R225,,,,,,2012
2012040128,4,40128,2,2,2,9,3,23,50,12,6,1,0,4,2,22,9,22009,3,1994,2G2FS22S7R22,2,G,2,F,S,2,2,S,7,R,2,2,0,0,0,Not Applicable,Not Applicable,0,0,0,1,0,0,0,0,0,0,0,26,0,0,0,82,6,2,12,0,0,0,1,4,85304,1,1,0,0,2,3,75,240,0,1,0,0,3,7,2010,1,2011,0,0,0,0,0,2,4,40,1,1,2,1,2,3,11,63,1,1,1,68,,,,1,0,P,PONT,FBD,2H,94,17,3232,,0,1011,,G,,F,6,207,,,16R215,,,,,,2012
2012040129,4,40129,1,2,1,10,3,3,8,12,1,1,0,4,2,20,2,20002,4,2005,2G1WF52E0593,2,G,1,W,F,5,2,E,0,5,9,3,0,0,0,Not Applicable,Not Applicable,0,0,0,1,0,0,0,0,0,0,0,998,0,0,0,12,6,2,12,0,0,0,1,6,91352,6,1,0,0,3,0,71,150,0,0,0,0,2,5,2010,10,2011,1,0,0,0,0,3,5,65,1,1,2,1,0,0,1,51,1,1,1,24,,,,0,1,P,CHEV,IMP,4D,5,17,3389,,0,1105,,G,,F,6,207,,,16R225,,,,,,2012
2012040129,4,40129,2,2,1,10,3,3,8,12,1,1,0,4,2,20,401,20401,14,2002,1GNDS13S8222,1,G,N,D,S,1,3,S,8,2,2,2,0,0,0,Not Applicable,Not Applicable,0,0,0,1,0,0,0,0,0,0,0,998,0,1,5,6,6,2,1,0,0,0,1,4,85050,6,1,0,0,3,0,62,155,0,0,0,0,0,0,0,0,0,0,0,0,0,0,3,5,65,1,1,2,1,0,0,1,53,1,1,1,25,,,,1,0,P,CHEV,TRL,UT,2,17,4442,,0,1130,,G,,F,6,256,,,16R245,,,,,,2012
2012040130,4,40130,1,1,1,10,3,7,27,8,0,1,0,4,1,20,473,20473,30,2007,1GCCS1492782,1,G,C,C,S,1,4,9,2,7,8,2,0,0,0,Not Applicable,Not Applicable,0,0,0,1,0,0,0,0,0,0,0,25,0,0,0,12,2,1,8,0,0,0,1,4,85205,6,1,0,0,3,0,72,160,0,0,0,0,0,0,0,0,0,0,38,0,0,0,2,3,35,1,1,2,1,2,3,11,80,1,1,1,13,,,,0,0,T,CHEV,RDO,PK,7,17,,1,0,1113,CAL,G,,,4,177,,,,,3303,01,,42,2012
2012040131,4,40131,1,2,2,10,3,18,41,12,1,1,0,35,2,20,482,20482,31,2003,3GNEK13T63G1,3,G,N,E,K,1,3,T,6,3,G,1,0,0,0,Not Applicable,Not Applicable,0,0,0,1,0,0,0,0,0,0,0,0,0,0,0,6,6,2,12,0,0,0,1,4,85006,6,1,0,0,3,0,62,196,0,0,0,0,0,0,0,0,0,0,54,59,0,0,6,1,75,1,1,2,1,0,0,5,53,1,1,1,21,,,,0,0,T,CHEV,KAV,CW,3,17,,2,0,1300,AVL,G,,,8,325,,,,B,5652,00,,44,2012
2012040131,4,40131,2,2,1,10,3,18,41,12,1,1,0,4,2,72,706,72706,80,1989,1HD1DJL14KY5,1,H,D,1,D,J,L,1,4,K,Y,5,0,0,0,Not Applicable,Not Applicable,0,0,0,1,0,0,0,0,0,0,0,998,0,0,0,12,6,2,12,0,0,0,1,4,85087,6,1,0,0,3,3,78,185,0,0,0,0,0,0,0,0,0,9,99,99,99,99,6,1,75,1,1,2,1,0,0,1,50,1,1,1,20,,,,1,0,M,HD,FHC,RS,89,17,,,,,,,1340,,2,,4,727,,,,,,,2012
2012040132,4,40132,1,1,3,11,3,16,36,9,0,1,0,4,1,20,421,20421,15,2010,1GNUCCE0XAR2,1,G,N,U,C,C,E,0,X,A,R,2,0,0,0,Not Applicable,Not Applicable,0,0,0,1,0,0,0,0,0,0,0,45,0,0,0,12,4,1,9,0,0,0,1,4,85255,6,1,0,0,3,0,66,135,0,0,0,0,0,0,0,0,0,0,99,99,99,99,2,2,45,1,3,2,1,0,0,1,83,1,1,2,13,,,,0,0,P,CHEV,CTA,UT,10,17,5265,,0,1160,,F,,F,8,323,,,20R275,,,,,,2012
2012040133,4,40133,1,2,2,12,3,18,42,12,6,1,0,4,2,21,21,21021,2,2002,1G3NL12E72C1,1,G,3,N,L,1,2,E,7,2,C,1,0,0,0,Not Applicable,Not Applicable,0,0,0,1,0,0,0,0,0,0,0,999,0,0,0,83,6,2,12,0,0,0,1,4,85355,6,1,0,0,3,3,68,127,0,0,0,0,0,0,0,0,0,0,38,0,0,0,1,2,50,1,1,2,1,3,3,11,15,1,1,1,68,,,,2,0,P,OLDS,A/G,CP,2,17,2961,,0,1070,,G,,F,6,207,,,15R215,,,,,,2012
2012040133,4,40133,2,2,1,12,3,18,42,12,6,1,0,4,3,82,881,82881,66,2000,1FUYSSEB0YLB,1,F,U,Y,S,S,E,B,0,Y,L,B,1,1,57,0005391,570005391,3,6,1,1,0,0,0,0,0,0,0,50,0,1,5,12,6,2,12,0,0,0,1,4,85374,6,1,6,0,3,3,68,180,0,2,0,0,0,8,2010,9,2010,0,0,0,0,0,1,2,50,1,1,2,1,3,3,1,62,1,1,1,69,,,,0,0,T,FRHT,FC2,TR,0,17,,8,0,0,CON,D,,,6,774,,,,,00000,00,,64,2012
2012040134,4,40134,1,2,1,13,3,5,50,12,2,1,0,4,2,37,402,37402,14,2002,JHLRD68472C0,J,H,L,R,D,6,8,4,7,2,C,0,0,0,0,Not Applicable,Not Applicable,0,0,0,1,0,0,0,0,0,0,0,50,0,1,5,12,6,2,1,0,0,0,1,4,85364,6,1,0,0,3,3,65,160,0,0,0,0,0,0,0,0,0,0,28,0,0,0,1,2,50,1,1,2,1,0,0,1,10,1,1,2,50,,,,1,0,P,HOND,CRV,UT,2,17,3201,,0,1031,,G,,F,4,146,,,15R205,,,,,,2012
2012040134,4,40134,2,2,1,13,3,5,50,12,2,1,0,4,1,55,35,55035,4,2000,KMHJF35FXYU9,K,M,H,J,F,3,5,F,X,Y,U,9,0,0,0,Not Applicable,Not Applicable,0,0,0,1,0,0,0,0,0,0,0,50,0,0,0,12,6,2,12,0,0,0,1,4,85364,6,1,0,0,3,0,65,235,0,0,0,0,0,0,0,0,0,0,0,0,0,0,1,2,50,1,1,2,1,0,0,1,62,99,1,3,51,,,,0,0,P,HYUN,EGS,4D,0,17,2626,,0,1004,,G,,F,4,121,,,14R195,,,,,,2012
2012040135,4,40135,1,2,1,16,3,11,6,12,6,1,0,4,1,14,6,14006,4,2002,2MEFM75W92X6,2,M,E,F,M,7,5,W,9,2,X,6,0,0,0,Not Applicable,Not Applicable,0,0,0,1,0,0,0,0,0,0,0,10,0,0,0,82,6,2,12,0,0,0,1,4,85206,6,1,0,0,3,0,64,110,0,0,0,0,0,0,0,0,0,0,28,0,0,0,2,3,45,1,1,2,1,0,0,11,15,1,1,1,68,,,,0,0,P,MERC,MGL,4D,2,17,3970,,0,1147,,G,,F,8,281,,,16R225,,,,,,2012
2012040135,4,40135,2,2,1,16,3,11,6,12,6,1,0,95,0,37,706,37706,80,2003,1HFSC47503A2,1,H,F,S,C,4,7,5,0,3,A,2,0,0,0,Not Applicable,Not Applicable,0,0,0,1,0,0,0,0,0,0,0,45,0,0,0,12,6,2,12,0,0,0,1,4,85219,0,0,0,0,0,0,70,250,0,0,0,0,0,0,0,0,0,0,0,0,0,0,2,3,45,1,1,2,1,0,0,1,62,1,1,1,69,,,,1,0,M,HOND,18C,RS,3,17,,,,,,,1832,,6,,4,798,,,,,,,2012
2012040136,4,40136,1,2,2,16,3,18,47,1,0,1,0,4,1,49,442,49442,20,2012,5TDKK3DC1CS1,5,T,D,K,K,3,D,C,1,C,S,1,0,0,0,Not Applicable,Not Applicable,0,0,0,1,0,0,0,0,0,0,0,5,0,0,0,3,2,1,12,0,0,0,1,8,80113,6,1,0,0,3,0,75,207,0,0,0,0,0,0,0,0,0,0,38,0,0,0,2,2,40,1,1,2,1,3,3,11,15,1,1,1,98,,,,0,1,P,TOYT,SIE,SV,12,17,4365,,0,1193,,G,,F,6,214,,,17R235,,,,,,2012
2012040136,4,40136,2,2,1,16,3,18,47,1,0,1,0,4,1,73,706,73706,80,1994,JKAVNDA14RB5,J,K,A,V,N,D,A,1,4,R,B,5,0,0,0,Not Applicable,Not Applicable,0,0,0,1,0,0,0,0,0,0,0,35,0,0,0,0,6,2,12,0,0,0,1,4,85335,6,1,0,0,2,0,70,140,0,0,0,0,0,0,0,0,0,0,0,0,0,0,2,2,40,1,1,2,1,3,3,1,62,98,7,1,98,,,,1,0,M,KAWK,V75,RS,94,17,,,,,,,750,,2,,4,483,,,,,,,2012
2012040137,4,40137,1,2,1,19,3,6,2,12,2,1,0,4,1,12,17,12017,4,1998,1FAFP52U9WA1,1,F,A,F,P,5,2,U,9,W,A,1,0,0,0,Not Applicable,Not Applicable,0,0,0,1,0,0,0,0,0,0,0,65,0,0,0,12,6,2,12,0,0,0,1,4,85348,6,1,0,0,3,0,67,130,1,0,0,1,1,11,2009,5,2010,0,28,0,0,0,1,2,65,2,6,2,2,0,0,14,10,1,1,1,50,,,,1,0,P,FORD,TLS,4D,98,17,3359,,0,1085,,G,,F,6,182,,,15R205,,,,,,2012
2012040137,4,40137,2,2,1,19,3,6,2,12,2,1,0,4,1,12,461,12461,21,1994,1FMHE31H0RHA,1,F,M,H,E,3,1,H,0,R,H,A,0,0,0,Not Applicable,Not Applicable,0,0,0,1,0,0,0,0,0,0,0,65,0,1,1,12,6,2,12,0,0,0,1,4,86403,6,1,0,0,3,0,74,230,0,0,0,0,0,0,0,0,0,0,0,0,0,0,1,2,65,3,5,2,2,0,0,14,62,1,1,1,51,,,,0,0,P,FORD,CLU,SV,94,17,5628,,0,1380,,G,,F,8,351,,,16R225,,,,,,2012
2012040138,4,40138,1,1,4,20,3,2,22,33,0,1,0,4,1,2,404,2404,14,1993,1J4GZ58S3PC6,1,J,4,G,Z,5,8,S,3,P,C,6,0,0,0,Not Applicable,Not Applicable,0,0,0,1,0,0,0,0,0,0,0,60,0,0,0,14,6,2,19,0,0,0,1,4,85749,6,1,0,0,3,0,63,160,0,0,0,0,0,0,0,0,0,1,37,0,0,0,2,2,50,1,1,2,1,3,3,1,12,1,1,4,6,,,,2,1,T,JEEP,LRO,4W,93,17,,1,0,1059,GCK,G,,,6,242,,,,,3574,00,B,44,2012
2012040140,4,40140,1,3,1,23,3,19,34,1,0,1,0,4,1,73,705,73705,80,2005,JKBZXJC195A0,J,K,B,Z,X,J,C,1,9,5,A,0,0,0,0,Not Applicable,Not Applicable,0,0,0,1,0,0,0,0,0,0,0,100,0,0,0,0,6,2,17,0,0,0,1,4,85087,6,1,0,0,3,0,66,155,0,2,0,0,2,10,2009,5,2010,1,0,0,0,0,2,2,65,3,6,2,1,0,0,14,13,1,1,4,1,,,,1,1,M,KAWK,X63,RC,5,17,,,,,,,636,,4,,4,362,,,,,,,2012
2012040140,4,40140,2,3,1,23,3,19,34,1,0,1,0,4,1,73,706,73706,80,2008,JKAZXCE128A0,J,K,A,Z,X,C,E,1,2,8,A,0,0,0,0,Not Applicable,Not Applicable,0,0,0,1,0,0,0,0,0,0,0,100,0,0,0,14,0,1,54,0,0,0,1,4,85381,6,1,0,0,3,0,73,210,0,3,0,2,0,11,2010,10,2011,1,0,0,0,0,2,2,65,3,6,2,1,0,0,14,90,1,1,1,98,,,,0,0,M,KAWK,Z0E,RC,8,17,,,,,,,998,,4,,4,394,,,,,,,2012
2012040140,4,40140,3,3,1,23,3,19,34,1,0,1,0,4,2,53,705,53705,80,2008,JS1GR7LAX821,J,S,1,G,R,7,L,A,X,8,2,1,0,0,0,Not Applicable,Not Applicable,0,0,0,1,0,0,0,0,0,0,0,100,0,0,0,14,6,2,54,0,0,0,1,4,85308,6,1,0,0,3,3,71,195,0,0,0,1,0,7,2009,7,2009,1,0,0,0,0,2,2,65,3,6,2,1,0,0,14,90,1,1,1,98,,,,0,0,M,SUZI,SX7,RC,8,17,,,,,,,749,,4,,4,363,,,,,,,2012
2012040142,4,40142,1,2,5,25,3,11,1,12,99,1,0,4,2,20,421,20421,15,1999,1GNEC13R4XJ5,1,G,N,E,C,1,3,R,4,X,J,5,0,0,0,Not Applicable,Not Applicable,0,0,0,1,0,0,0,0,0,0,0,998,0,1,3,99,6,2,1,0,0,0,1,4,85042,6,1,0,0,3,0,70,165,0,2,0,1,3,5,2009,5,2011,0,80,0,0,0,2,2,75,1,1,2,1,0,0,1,1,1,1,2,48,,,,2,0,P,CHEV,CTA,UT,99,17,4865,,0,1175,,G,,F,8,350,,,15R235,,,,,,2012
2012040142,4,40142,2,2,2,25,3,11,1,12,99,1,0,6,1,12,481,12481,31,2002,1FTNW21F32EB,1,F,T,N,W,2,1,F,3,2,E,B,1,1,0,Not Applicable,Not Applicable,0,0,0,1,0,0,0,0,0,0,0,65,0,0,0,8,4,1,12,0,0,0,1,6,92399,6,1,6,0,3,0,72,185,0,0,0,0,0,0,0,0,0,0,0,0,0,0,2,2,75,1,1,2,1,0,0,1,62,1,1,1,48,,,,0,0,T,FORD,F2S,CW,2,17,,2,1724,1562,SRW,D,,,8,444,,,,C,6234,04,E,44,2012
2012040143,4,40143,1,1,1,28,3,19,53,1,0,1,0,53,2,72,706,72706,80,2004,1HD1BWB104Y0,1,H,D,1,B,W,B,1,0,4,Y,0,0,0,0,Not Applicable,Not Applicable,0,0,0,1,0,0,0,0,0,0,0,37,0,0,0,0,2,1,1,0,0,0,1,53,98373,6,1,0,0,3,0,71,200,0,1,0,0,0,11,2010,11,2010,1,0,0,0,0,2,2,35,3,1,2,1,0,0,14,9,3,2,3,98,,,,1,1,M,HD,FSI,RS,4,17,,,,,,,1450,,2,,4,696,,,,,,,2012
2012040144,4,40144,1,2,5,28,3,20,29,1,0,1,0,4,1,20,443,20443,20,2002,1GNDX03E82D1,1,G,N,D,X,0,3,E,8,2,D,1,0,0,0,Not Applicable,Not Applicable,0,0,0,1,0,0,0,0,0,0,0,80,0,1,1,0,6,2,1,0,0,0,1,4,85614,6,1,0,0,3,3,71,200,0,0,0,0,0,0,0,0,0,1,0,0,0,0,2,3,75,1,1,2,1,0,0,1,6,7,3,3,98,,,,1,0,T,CHEV,VTR,ES,2,17,,1,0,1200,VTR,G,,,6,207,,,,B,3838,00,,42,2012
2012040144,4,40144,2,2,1,28,3,20,29,1,0,1,0,53,1,82,881,82881,66,1998,2FUPCSZB4WA9,2,F,U,P,C,S,Z,B,4,W,A,9,1,1,57,825900,57825900,3,6,1,1,0,0,0,0,0,0,0,65,0,0,0,9,4,1,12,0,0,0,1,53,99301,6,1,6,0,3,3,70,160,0,0,0,0,2,10,2009,2,2010,0,0,0,0,0,2,3,75,1,1,2,1,0,0,1,60,1,1,1,98,,,,0,0,T,FRHT,FLD,TR,98,17,,8,0,0,CON,D,,,6,774,,,,,00000,00,,64,2012
2012040145,4,40145,1,3,1,29,3,11,42,12,2,1,0,4,1,7,25,7025,5,2010,1B3CB4HA8AD5,1,B,3,C,B,4,H,A,8,A,D,5,0,0,0,Not Applicable,Not Applicable,0,0,0,1,0,0,0,0,0,0,0,55,0,0,0,12,6,2,12,0,0,0,1,4,86442,6,1,0,0,3,3,65,215,0,0,0,0,0,0,0,0,0,1,28,0,0,0,5,4,45,1,1,2,1,0,0,1,10,1,1,2,50,,,,1,0,P,DODG,CXT,4D,10,17,3039,,0,1037,,G,,F,4,122,,,17R215,,,,,,2012
2012040145,4,40145,2,3,1,29,3,11,42,12,2,1,0,4,1,49,32,49032,4,2005,1NXBR32E15Z4,1,N,X,B,R,3,2,E,1,5,Z,4,0,0,0,Not Applicable,Not Applicable,0,0,0,1,0,0,0,0,0,0,0,45,0,0,0,12,6,2,12,0,0,0,1,4,86442,6,1,0,0,3,3,57,130,0,0,0,0,0,0,0,0,0,0,0,0,0,0,5,4,45,1,1,2,1,0,0,1,62,1,1,1,51,,,,0,0,P,TOYT,UCS,4D,5,17,2530,,0,1024,,G,,F,4,109,,,15R185,,,,,,2012
2012040145,4,40145,3,3,1,29,3,11,42,12,2,1,0,4,1,12,481,12481,31,1997,1FTDX1766VKD,1,F,T,D,X,1,7,6,6,V,K,D,0,0,0,Not Applicable,Not Applicable,0,0,0,1,0,0,0,0,0,0,0,40,0,0,0,12,6,2,12,0,0,0,1,4,86429,6,1,0,0,3,0,74,190,0,0,0,0,0,0,0,0,0,0,0,0,0,0,5,4,45,1,1,2,1,0,0,1,60,1,1,1,98,,,,0,0,T,FORD,F15,3C,97,17,,1,1570,1390,COF,G,,,8,281,,,,B,4045,03,E,42,2012
2012040146,4,40146,1,1,1,29,3,14,42,24,0,1,0,4,1,72,706,72706,80,2007,1HD1BW5147Y0,1,H,D,1,B,W,5,1,4,7,Y,0,0,0,0,Not Applicable,Not Applicable,0,0,0,1,0,0,0,0,0,0,0,65,0,0,0,61,6,2,24,0,0,0,1,4,85209,6,1,0,0,3,3,70,225,0,0,0,0,0,0,0,0,0,0,0,0,0,0,3,2,65,2,5,2,1,0,0,14,12,1,1,4,6,,,,1,0,M,HD,STC,RS,7,17,,,,,,,1584,,2,,4,725,,,,,,,2012
2012040147,4,40147,1,3,1,30,3,9,5,12,6,1,0,32,1,7,482,7482,31,2004,1D7HU18D84S6,1,D,7,H,U,1,8,D,8,4,S,6,0,0,0,Not Applicable,Not Applicable,0,0,0,1,0,0,0,0,0,0,0,998,0,0,0,12,6,2,12,0,0,0,1,32,89048,6,1,0,0,3,0,71,189,0,0,0,0,0,0,0,0,0,0,99,99,99,99,2,3,45,1,1,2,1,2,3,1,17,1,1,1,88,,,,0,0,T,DODG,SQ1,CW,4,17,,2,1605,1405,RPC,G,,,8,345,,,,B,5043,02,E,44,2012
2012040147,4,40147,2,3,1,30,3,9,5,12,6,1,0,4,1,18,7,18007,4,2001,2G4WS52J9111,2,G,4,W,S,5,2,J,9,1,1,1,0,0,0,Not Applicable,Not Applicable,0,0,0,1,0,0,0,0,0,0,0,998,0,0,0,61,6,2,12,0,0,0,1,4,85351,6,1,0,0,3,0,67,155,0,0,0,0,0,0,0,0,0,0,0,0,0,0,2,2,30,1,1,2,1,2,3,1,66,1,1,1,89,,,,1,0,P,BUIC,CCU,4D,1,17,3368,,0,1090,,G,,F,6,191,,,15R205,,,,,,2012
2012040147,4,40147,3,3,1,30,3,9,5,12,6,1,0,4,1,20,16,20016,4,2002,1G1JH52T4271,1,G,1,J,H,5,2,T,4,2,7,1,0,0,0,Not Applicable,Not Applicable,0,0,0,1,0,0,0,0,0,0,0,0,0,0,0,9,4,1,12,0,0,0,1,4,85374,6,1,0,0,3,0,62,135,0,0,0,1,0,5,2009,5,2009,0,0,0,0,0,2,3,45,1,1,2,1,2,3,5,62,1,1,1,98,,,,0,0,P,CHEV,CZ2,4D,2,17,0,,0,1041,,G,,F,4,146,,,16R205,,,,,,2012
2012040148,4,40148,1,2,1,31,3,1,15,12,1,1,0,4,3,51,881,51881,66,2011,4V4N19EG8BN2,4,V,4,N,1,9,E,G,8,B,N,2,1,1,99,Unknown,Unknown,3,6,1,1,0,0,0,0,0,0,0,10,0,0,0,6,9,1,12,0,0,0,1,4,85711,6,1,6,0,3,0,69,200,0,0,0,0,1,3,2011,3,2011,0,0,0,0,0,5,4,45,2,1,2,1,0,0,11,53,1,1,1,26,,,,0,0,T,VOLV,VNL,TR,11,17,,7,0,0,VVN,D,,,6,793,,,,,00000,00,,42,2012