accident_id,STATE,ST_CASE,VEH_NO,VE_FORMS,NUMOCCS,DAY,MONTH,HOUR,MINUTE,HARM_EV,MAN_COLL,UNITTYPE,HIT_RUN,REG_STAT,OWNER,MAKE,MODEL,MAK_MOD,BODY_TYP,MOD_YEAR,VIN,VIN_1,VIN_2,VIN_3,VIN_4,VIN_5,VIN_6,VIN_7,VIN_8,VIN_9,VIN_10,VIN_11,VIN_12,TOW_VEH,J_KNIFE,MCARR_I1,MCARR_I2,MCARR_ID,GVWR,V_CONFIG,CARGO_BT,HAZ_INV,HAZ_PLAC,HAZ_ID,HAZ_CNO,HAZ_REL,BUS_USE,SPEC_USE,EMER_USE,TRAV_SP,UNDERIDE,ROLLOVER,ROLINLOC,IMPACT1,DEFORMED,TOWED,M_HARM,VEH_SC1,VEH_SC2,FIRE_EXP,DR_PRES,L_STATE,DR_ZIP,L_STATUS,L_TYPE,CDL_STAT,L_ENDORS,L_COMPL,L_RESTRI,DR_HGT,DR_WGT,PREV_ACC,PREV_SUS,PREV_DWI,PREV_SPD,PREV_OTH,FIRST_MO,FIRST_YR,LAST_MO,LAST_YR,SPEEDREL,DR_SF1,DR_SF2,DR_SF3,DR_SF4,VTRAFWAY,VNUM_LAN,VSPD_LIM,VALIGN,VPROFILE,VPAVETYP,VSURCOND,VTRAFCON,VTCONT_F,P_CRASH1,P_CRASH2,P_CRASH3,PCRASH4,PCRASH5,ACC_TYPE,TRLR1VIN,TRLR2VIN,TRLR3VIN,DEATHS,DR_DRINK,VINTYPE,VINMAKE,VINA_MOD,VIN_BT,VINMODYR,VIN_LNGT,VIN_WGT,WGTCD_TR,WHLBS_LG,WHLBS_SH,SER_TR,FUELCODE,MCYCL_DS,CARBUR,CYLINDER,DISPLACE,MCYCL_CY,MCYCL_WT,TIRE_SZE,TON_RAT,TRK_WT,TRKWTVAR,VIN_REST,WHLDRWHL,Year
2012040313,4,40313,2,2,1,19,5,1,0,12,1,1,0,92,0,99,709,99709,81,9999,No VIN Required,0,0,0,0,0,0,0,0,0,0,0,0,0,0,0,Not Applicable,Not Applicable,0,0,0,1,0,0,0,0,0,0,0,998,0,0,0,6,6,2,12,35,0,0,1,4,85757,6,1,0,0,3,0,72,210,0,0,0,0,0,0,0,0,0,0,0,0,0,0,2,2,55,1,1,2,1,0,0,1,60,1,1,5,32,,,,1,0,,,,,,,,,,,,,,,,,,,,,,,,,2012
2012040314,4,40314,1,1,4,20,5,11,32,35,0,1,0,35,2,7,403,7403,14,2007,1D8GT28K07W6,1,D,8,G,T,2,8,K,0,7,W,6,0,0,0,Not Applicable,Not Applicable,0,0,0,1,0,0,0,0,0,0,0,998,0,1,5,99,6,2,1,0,0,0,1,4,86504,6,1,0,0,3,0,59,142,0,0,0,0,0,0,0,0,0,0,80,0,0,0,2,2,98,8,8,2,1,0,0,1,1,1,9,4,7,,,,1,0,P,DODG,NIT,UT,7,17,3931,,0,1088,,G,,F,6,225,,,16R225,,,,,,2012
2012040316,4,40316,1,2,2,24,5,22,28,1,0,1,0,4,2,49,472,49472,30,1996,4TAVL52N6TZ1,4,T,A,V,L,5,2,N,6,T,Z,1,0,0,0,Not Applicable,Not Applicable,0,0,0,1,0,0,0,0,0,0,0,16,0,0,0,83,2,1,54,0,0,0,1,4,85032,6,1,0,0,3,3,62,158,0,0,0,0,0,0,0,0,0,0,38,0,0,0,5,4,45,1,1,2,1,0,0,11,15,1,1,1,98,,,,0,0,T,TOYT,XTR,PC,96,17,,1,0,1219,TAC,G,,,4,149,,,,B,2740,00,M,42,2012
2012040316,4,40316,2,2,1,24,5,22,28,1,0,1,0,92,0,98,709,98709,80,2011,LD6LCK022BL9,L,D,6,L,C,K,0,2,2,B,L,9,0,0,0,Not Applicable,Not Applicable,0,0,0,1,0,0,0,0,0,0,0,26,0,0,0,0,6,2,1,0,0,0,1,4,85027,6,1,0,0,2,3,68,130,0,0,0,0,0,0,0,0,0,0,0,0,0,0,5,4,45,1,1,2,1,0,0,1,62,3,2,1,98,,,,1,0,U,,,,11,17,,,,,,,,,,,,,,,,,,,2012
2012040317,4,40317,1,2,1,25,5,19,25,12,6,1,0,4,1,55,38,55038,4,2002,KMHFU45E82A1,K,M,H,F,U,4,5,E,8,2,A,1,0,0,0,Not Applicable,Not Applicable,0,0,0,1,0,0,0,0,0,0,0,20,0,0,0,12,6,2,25,32,0,0,1,4,85140,6,1,0,0,3,0,68,177,0,0,0,0,0,0,0,0,0,1,39,51,0,0,2,2,35,1,1,2,1,2,3,1,17,7,1,3,88,,,,1,1,P,HYUN,XG5,4D,2,17,3651,,0,1083,,G,,F,6,213,,,16R205,,,,,,2012
2012040317,4,40317,2,2,4,25,5,19,25,12,6,1,0,4,1,12,481,12481,31,2002,1FTRW08L62KA,1,F,T,R,W,0,8,L,6,2,K,A,0,0,0,Not Applicable,Not Applicable,0,0,0,1,0,0,0,0,0,0,0,30,0,0,0,9,4,1,12,0,0,0,1,4,85140,6,1,0,0,3,3,72,220,0,1,0,0,2,3,2011,10,2011,0,89,0,0,0,2,2,45,1,1,2,1,2,3,1,66,9,1,3,89,,,,0,0,T,FORD,F1S,CW,2,17,,2,0,1388,COF,G,,,8,330,,,,B,5005,02,E,44,2012
2012040318,4,40318,1,1,14,27,5,11,0,1,0,1,0,99,9,23,881,23881,64,9999,Unknown,9,9,9,9,9,9,9,9,9,9,9,9,0,0,99,Unknown,Unknown,3,2,98,1,0,0,0,0,0,0,0,998,0,1,9,0,6,2,1,0,0,0,1,4,86503,6,1,0,0,9,3,69,210,0,0,0,0,0,0,0,0,0,0,99,99,99,99,1,2,98,8,8,5,98,0,0,99,3,99,9,4,7,,,,1,0,,,,,,,,,,,,,,,,,,,,,,,,,2012
2012040319,4,40319,1,2,1,29,5,18,35,12,6,1,0,4,1,35,401,35401,14,1997,JN8AR05S0VW1,J,N,8,A,R,0,5,S,0,V,W,1,0,0,0,Not Applicable,Not Applicable,0,0,0,1,0,0,0,0,0,0,0,33,0,1,1,12,6,2,12,0,0,0,1,4,85031,6,1,0,0,3,3,62,200,0,0,0,0,0,0,0,0,0,0,39,0,0,0,1,2,25,1,1,2,1,20,3,1,19,99,1,1,86,,,,0,0,P,NISS,PFI,UT,97,17,3689,,0,1063,,G,,F,6,201,,,15R235,,,,,,2012
2012040319,4,40319,2,2,3,29,5,18,35,12,6,1,0,4,1,49,32,49032,4,1997,1NXBA02E9VZ5,1,N,X,B,A,0,2,E,9,V,Z,5,0,0,0,Not Applicable,Not Applicable,0,0,0,1,0,0,0,0,0,0,0,38,0,0,0,3,6,2,12,0,0,0,1,4,85349,6,1,0,0,3,0,68,190,0,0,0,0,0,0,0,0,0,0,0,0,0,0,5,4,40,1,1,2,1,0,0,1,68,1,1,1,87,,,,1,0,P,TOYT,UCC,4D,97,17,2337,,0,970,,G,,F,4,097,,,14R175,,,,,,2012
2012040320,4,40320,1,1,2,22,5,19,59,1,0,1,0,92,0,37,739,37739,90,2006,Unknown,9,9,9,9,9,9,9,9,9,9,9,9,0,0,0,Not Applicable,Not Applicable,0,0,0,1,0,0,0,0,0,0,0,998,0,1,1,0,6,2,1,0,0,0,1,4,85614,1,1,0,0,2,0,73,230,0,0,0,0,0,0,0,0,0,1,0,0,0,0,1,2,98,1,1,5,1,0,0,1,6,1,9,2,98,,,,1,1,,,,,,,,,,,,,,,,,,,,,,,,,2012
2012040321,4,40321,1,1,1,2,6,3,43,1,0,1,0,4,2,12,37,12037,6,2007,1FAFP36NX7W1,1,F,A,F,P,3,6,N,X,7,W,1,0,0,0,Not Applicable,Not Applicable,0,0,0,1,0,0,0,0,0,0,0,998,0,1,5,0,6,2,1,0,0,0,1,4,85027,6,1,0,0,3,0,69,180,0,0,0,0,0,0,0,0,0,9,99,99,99,99,3,4,65,1,1,2,1,0,0,1,9,1,9,4,2,,,,1,1,P,FORD,XWS,SW,7,17,2783,,0,1029,,G,,F,4,122,,,15R195,,,,,,2012
2012040322,4,40322,1,2,1,2,6,12,47,12,1,1,0,6,3,82,881,82881,66,1998,2FUPCSEB2WA9,2,F,U,P,C,S,E,B,2,W,A,9,1,1,57,01470669,5701470669,3,6,1,1,0,0,0,0,0,0,0,998,0,0,0,12,6,2,12,0,0,0,1,39,43543,6,1,6,0,3,0,66,170,0,0,0,2,2,6,2009,10,2011,1,0,0,0,0,2,2,75,1,5,2,1,0,0,1,51,1,2,1,24,,,,1,0,T,FRHT,FLD,TR,98,17,,8,0,0,CON,D,,,6,774,,,,,00000,00,,64,2012
2012040322,4,40322,2,2,1,2,6,12,47,12,1,1,0,5,3,85,881,85881,66,2006,1XKADB9X36J1,1,X,K,A,D,B,9,X,3,6,J,1,1,1,57,02018563,5702018563,3,6,1,1,0,0,0,0,0,0,0,998,0,0,0,6,6,2,12,0,0,0,1,5,72762,6,1,6,0,3,0,72,200,0,0,0,0,1,5,2012,5,2012,0,0,0,0,0,2,2,75,1,5,2,1,0,0,1,53,1,1,1,25,,,,0,0,T,KW,T60,TR,6,17,,8,2600,1600,CON,D,,,6,893,,,,,00000,00,,64,2012
2012040323,4,40323,1,1,1,2,6,15,10,5,0,1,0,4,2,53,706,53706,80,2007,JS1GT77A8721,J,S,1,G,T,7,7,A,8,7,2,1,0,0,0,Not Applicable,Not Applicable,0,0,0,1,0,0,0,0,0,0,0,40,0,0,0,0,6,2,59,0,0,0,1,4,85650,6,1,0,0,3,3,63,130,0,0,0,0,0,0,0,0,0,1,52,0,0,0,1,2,25,1,1,2,1,0,0,1,98,2,7,4,0,,,,1,0,M,SUZI,XR1,RC,7,17,,,,,,,999,,4,,4,379,,,,,,,2012
2012040324,4,40324,1,1,1,3,6,13,26,42,0,1,0,4,1,37,33,37033,2,2000,JHMBB6248YC0,J,H,M,B,B,6,2,4,8,Y,C,0,0,0,0,Not Applicable,Not Applicable,0,0,0,1,0,0,0,0,0,0,0,998,0,0,0,61,6,2,21,0,0,0,1,4,85023,6,1,0,0,3,3,59,80,0,0,0,0,0,0,0,0,0,0,99,99,99,99,3,4,65,1,1,2,1,0,0,1,9,7,3,4,2,,,,1,0,P,HOND,PRE,CP,0,17,3009,,0,1017,,G,,F,4,132,,,16R205,,,,,,2012
2012040325,4,40325,1,1,1,3,6,22,36,33,0,1,0,4,2,55,33,55033,4,2004,KMHWF35H94A0,K,M,H,W,F,3,5,H,9,4,A,0,0,0,0,Not Applicable,Not Applicable,0,0,0,1,0,0,0,0,0,0,0,60,0,0,0,14,6,2,35,0,0,0,1,4,85621,1,1,0,0,2,0,64,185,0,3,1,0,0,6,2011,12,2011,1,0,0,0,0,1,2,25,3,1,2,1,0,0,14,6,6,3,4,2,,,,1,1,P,HYUN,SGX,4D,4,17,3212,,0,1063,,G,,F,6,162,,,16R205,,,,,,2012
2012040326,4,40326,1,1,0,6,6,11,54,8,0,1,0,4,6,20,481,20481,40,1995,1GBHC34K0SE1,1,G,B,H,C,3,4,K,0,S,E,1,0,0,0,Not Applicable,Not Applicable,0,0,0,1,0,0,0,0,0,0,0,20,0,0,0,12,2,3,8,0,0,0,0,0,99997,7,6,97,7,6,7,998,997,998,998,998,998,998,98,9998,98,9998,8,20,0,0,0,1,2,25,1,1,2,1,0,0,0,80,0,0,0,15,,,,0,0,T,CHEV,GC3,CB,95,17,,2,1595,1315,GM4,G,,,8,350,,,,D,4397,00,,42,2012
2012040327,4,40327,1,1,1,8,6,2,29,59,0,1,0,4,2,49,401,49401,14,1995,JT3VN39W2S01,J,T,3,V,N,3,9,W,2,S,0,1,0,0,0,Not Applicable,Not Applicable,0,0,0,1,0,0,0,0,0,0,0,65,0,1,1,99,6,2,1,0,0,0,1,4,85383,6,1,0,0,3,0,69,210,0,2,0,0,2,11,2009,12,2009,1,0,0,0,0,3,5,65,1,1,2,1,0,0,1,13,1,1,4,1,,,,1,1,P,TOYT,RUN,UT,95,17,4105,,0,1033,,G,,F,6,180,,,15R225,,,,,,2012
2012040328,4,40328,1,1,3,7,6,19,30,15,0,1,0,4,1,12,3,12003,2,1998,1FAFP4048WF2,1,F,A,F,P,4,0,4,8,W,F,2,0,0,0,Not Applicable,Not Applicable,0,0,0,1,0,0,0,0,0,0,0,45,0,0,0,12,4,9,15,0,0,0,1,4,85741,6,1,0,0,3,0,71,150,0,0,0,0,0,0,0,0,0,0,0,0,0,0,2,3,45,1,1,2,1,2,3,1,80,3,2,1,13,,,,0,0,P,FORD,MUS,CP,98,17,3065,,0,1013,,G,,F,6,232,,,15R205,,,,,,2012
2012040329,4,40329,1,2,1,8,6,18,20,12,2,1,0,4,1,37,705,37705,80,2007,JH2RC530X7M0,J,H,2,R,C,5,3,0,X,7,M,0,0,0,0,Not Applicable,Not Applicable,0,0,0,1,0,0,0,0,0,0,0,45,0,0,0,12,6,2,12,0,0,0,1,4,85641,6,1,0,0,3,0,66,173,0,0,0,0,0,0,0,0,0,0,51,80,0,0,1,2,55,2,5,2,1,0,0,14,54,1,1,1,50,,,,1,0,M,HOND,V72,RS,7,17,,,,,,,745,,2,,4,503,,,,,,,2012
2012040329,4,40329,2,2,1,8,6,18,20,12,2,1,0,4,1,20,481,20481,31,2003,1GCHK23U13F2,1,G,C,H,K,2,3,U,1,3,F,2,0,0,0,Not Applicable,Not Applicable,0,0,0,1,0,0,0,0,0,0,0,55,0,0,0,12,6,2,12,0,0,0,1,4,85629,6,1,0,0,3,0,69,150,0,0,0,0,1,7,2009,7,2009,0,0,0,0,0,1,2,55,3,6,2,1,0,0,14,54,1,1,1,51,,,,0,0,T,CHEV,2KH,CW,3,17,,2,1670,1530,SIL,G,,,8,364,,,,C,5899,01,,44,2012
2012040330,4,40330,1,1,1,8,6,21,54,1,0,1,0,4,1,20,481,20481,31,1998,1GCEC14W7WZ1,1,G,C,E,C,1,4,W,7,W,Z,1,0,0,0,Not Applicable,Not Applicable,0,0,0,1,0,0,0,0,0,0,0,45,0,1,9,0,6,2,1,32,0,0,1,4,85747,6,1,0,0,3,3,67,185,0,0,0,0,0,0,0,0,0,1,0,0,0,0,1,2,35,3,6,2,1,40,3,14,6,6,4,4,2,,,,1,1,T,CHEV,GC1,PK,98,17,,2,1315,1175,GM4,G,,,6,262,,,,B,3876,03,,42,2012
2012040331,4,40331,1,1,2,10,6,3,12,1,0,1,0,4,1,23,481,23481,31,2006,2GTEC13T3611,2,G,T,E,C,1,3,T,3,6,1,1,0,0,0,Not Applicable,Not Applicable,0,0,0,1,0,0,0,0,0,0,0,998,0,1,5,0,6,2,1,0,0,0,1,4,85337,6,1,0,0,3,0,73,195,0,1,0,1,0,2,2012,2,2012,1,0,0,0,0,2,2,65,2,1,2,1,0,0,14,9,7,9,4,2,,,,1,1,T,GMC,NC1,CW,6,17,,2,0,1435,SIE,G,,,8,323,,,,B,4987,00,4,42,2012
2012040332,4,40332,1,1,1,13,6,20,11,8,0,1,0,4,2,6,51,6051,4,2006,2C3LA63H36H2,2,C,3,L,A,6,3,H,3,6,H,2,0,0,0,Not Applicable,Not Applicable,0,0,0,1,0,0,0,0,0,0,0,5,0,0,0,14,0,4,8,0,0,0,1,4,86401,6,1,0,0,3,0,63,206,0,0,0,0,0,0,0,0,0,0,0,0,0,0,0,0,0,0,0,0,0,0,0,13,81,1,1,1,92,,,,0,0,P,CHRY,30C,4D,6,17,3980,,0,1200,,G,,F,8,348,,,18R225,,,,,,2012
2012040333,4,40333,1,2,1,14,6,2,5,12,2,1,0,4,1,20,39,20039,5,2004,KL1TD62624B1,K,L,1,T,D,6,2,6,2,4,B,1,0,0,0,Not Applicable,Not Applicable,0,0,0,1,0,0,0,0,0,0,0,999,0,0,0,12,6,2,12,0,0,0,1,32,89102,6,1,0,0,3,3,70,185,0,0,0,0,0,0,0,0,0,0,51,0,0,0,2,2,75,1,1,2,1,0,0,1,54,1,1,1,50,,,,1,1,P,CHEV,AVO,5D,4,17,2365,,0,976,,G,,F,4,098,,,14R185,,,,,,2012
2012040333,4,40333,2,2,2,14,6,2,5,12,2,1,0,6,2,35,47,35047,4,2012,1N4AL2AP4CN4,1,N,4,A,L,2,A,P,4,C,N,4,0,0,0,Not Applicable,Not Applicable,0,0,0,1,0,0,0,0,0,0,0,75,0,0,0,12,6,2,12,0,0,0,1,6,90262,6,1,0,0,3,3,67,175,0,0,0,1,0,9,2010,9,2010,0,0,0,0,0,2,2,75,1,1,2,1,0,0,1,54,1,1,1,51,,,,0,0,P,NISS,ATS,4D,12,17,3180,,0,1093,,G,,F,4,153,,,16R215,,,,,,2012
2012040334,4,40334,1,1,7,16,6,14,10,35,0,1,0,4,1,23,421,23421,15,1999,1GKEK13R1XR5,1,G,K,E,K,1,3,R,1,X,R,5,0,0,0,Not Applicable,Not Applicable,0,0,0,1,0,0,0,0,0,0,0,96,0,1,5,14,6,2,1,0,0,0,1,4,86045,1,1,0,0,2,0,75,265,0,0,0,0,0,0,0,0,0,1,80,0,0,0,1,2,65,1,1,2,1,0,0,6,6,1,3,4,2,,,,4,1,T,GMC,YUK,4W,99,17,,2,0,1175,YUK,G,,,8,350,,,,B,5268,00,E,44,2012
2012040335,4,40335,1,1,6,17,6,14,22,9,0,1,0,4,2,20,421,20421,15,2002,1GNEK13Z52R2,1,G,N,E,K,1,3,Z,5,2,R,2,0,0,0,Not Applicable,Not Applicable,0,0,0,1,0,0,0,0,0,0,0,30,0,0,0,12,4,1,9,0,0,0,1,4,85233,6,1,0,0,3,0,66,140,0,0,0,1,0,5,2010,5,2010,0,0,0,0,0,5,4,35,1,1,2,1,97,8,1,83,7,1,3,13,,,,0,0,P,CHEV,KTA,UT,2,17,5050,,0,1160,,F,,F,8,325,,,16R265,,,,,,2012
2012040336,4,40336,1,2,2,19,6,4,59,12,6,1,0,4,4,12,23,12023,4,2012,3FAHP0JG5CR2,3,F,A,H,P,0,J,G,5,C,R,2,0,0,0,Not Applicable,Not Applicable,0,0,0,1,0,0,0,0,0,0,0,45,0,0,0,61,6,2,12,0,0,0,1,95,0,9,9,99,0,9,9,65,190,99,99,99,99,99,99,9999,99,9999,0,39,0,0,0,1,2,45,1,5,2,1,20,3,1,17,1,1,1,89,,,,2,0,P,FORD,F/L,4D,12,17,3342,,0,1074,,F,,F,6,183,,,17R225,,,,,,2012
2012040336,4,40336,2,2,2,19,6,4,59,12,6,1,0,4,4,84,881,84881,63,2006,1HSMTAZN16H2,1,H,S,M,T,A,Z,N,1,6,H,2,1,1,57,582596,57582596,3,4,1,1,0,0,0,0,0,0,0,60,0,0,0,12,6,2,12,0,0,0,1,4,85233,6,1,6,0,3,0,73,269,0,2,0,0,0,7,2009,7,2009,0,0,0,0,0,2,2,65,1,1,2,1,0,0,1,66,1,1,1,88,,,,0,0,T,INTL,440,TR,6,17,,7,0,0,40S,D,,,6,570,,,,,00000,00,,42,2012
2012040337,4,40337,1,1,1,19,6,20,48,11,0,1,0,4,1,72,706,72706,80,2011,1HD1KBM14BB6,1,H,D,1,K,B,M,1,4,B,B,6,0,0,0,Not Applicable,Not Applicable,0,0,0,1,0,0,0,0,0,0,0,998,0,0,0,12,6,2,11,0,0,0,1,4,86024,6,1,0,0,3,0,72,200,0,0,0,0,0,0,0,0,0,9,99,99,99,99,1,2,55,1,5,2,1,0,0,1,87,1,1,1,13,,,,1,1,M,HD,FHX,RS,11,17,,,,,,,1690,,2,,4,785,,,,,,,2012
2012040338,4,40338,1,1,1,20,6,2,31,25,0,1,0,4,1,42,42,42042,4,1999,WDBHA29GXXA6,W,D,B,H,A,2,9,G,X,X,A,6,0,0,0,Not Applicable,Not Applicable,0,0,0,1,0,0,0,0,0,0,0,998,0,0,0,12,6,2,25,0,0,0,1,4,85281,0,0,0,0,0,0,67,195,0,0,0,0,0,0,0,0,0,1,99,99,99,99,3,5,65,1,1,2,1,0,0,1,9,8,4,4,7,,,,1,1,P,MERZ,C28,4D,99,17,3316,,0,1059,,G,,F,6,171,,,15R205,,,,,,2012
2012040339,4,40339,1,2,5,20,6,5,17,12,6,1,0,4,1,20,37,20037,4,2005,1G1ZT54845F2,1,G,1,Z,T,5,4,8,4,5,F,2,0,0,0,Not Applicable,Not Applicable,0,0,0,1,0,0,0,0,0,0,0,998,0,0,0,3,6,2,12,0,0,0,1,4,85348,6,1,0,0,3,0,60,125,0,0,0,1,1,2,2011,5,2012,1,39,0,0,0,1,2,98,1,1,2,1,20,3,11,15,1,1,1,76,,,,1,0,P,CHEV,M/L,4D,5,17,3297,,0,1063,,G,,F,6,214,,,15R205,,,,,,2012
2012040339,4,40339,2,2,1,20,6,5,17,12,6,1,0,6,1,12,471,12471,30,1999,1FTYR14V2XPA,1,F,T,Y,R,1,4,V,2,X,P,A,0,0,0,Not Applicable,Not Applicable,0,0,0,1,0,0,0,0,0,0,0,35,0,0,0,12,6,2,12,0,0,0,1,6,92231,6,1,0,0,3,0,72,180,0,0,0,1,2,12,2009,6,2012,0,0,0,0,0,1,2,45,1,1,2,1,0,0,1,65,1,1,1,77,,,,0,0,T,FORD,RNS,PC,99,17,,1,0,1257,RNG,F,,,6,182,,,,B,00000,00,U,42,2012
2012040340,4,40340,1,1,2,20,6,18,16,1,0,1,0,48,1,20,431,20431,16,2002,1GNEC16Z62J1,1,G,N,E,C,1,6,Z,6,2,J,1,0,0,0,Not Applicable,Not Applicable,0,0,0,1,0,0,0,0,0,0,0,65,0,1,5,0,6,2,1,32,0,0,1,48,75115,6,1,0,0,3,3,68,305,0,0,0,0,0,0,0,0,0,1,0,0,0,0,1,2,55,3,6,2,1,0,0,14,13,1,1,4,1,,,,1,0,P,CHEV,C15,UT,2,17,4914,,0,1300,,F,,F,8,325,,,16R265,,,,,,2012
2012040341,4,40341,1,2,1,20,6,21,35,54,11,1,9,99,9,99,999,99999,99,9999,Unknown,9,9,9,9,9,9,9,9,9,9,9,9,4,1,99,Unknown,Unknown,9,99,99,1,0,0,0,0,0,0,0,998,0,0,0,18,4,1,54,0,0,0,1,99,99999,9,9,99,9,9,9,999,999,99,99,99,99,99,99,9999,99,9999,9,80,0,0,0,2,2,75,1,1,2,1,0,0,1,99,99,1,9,98,,,,0,0,,,,,,,,,,,,,,,,,,,,,,,,,2012
2012040341,4,40341,2,2,2,20,6,21,35,54,11,1,0,6,1,82,850,82850,65,2006,4UZACJDC16CW,4,U,Z,A,C,J,D,C,1,6,C,W,0,0,0,Not Applicable,Not Applicable,0,0,0,1,0,0,0,0,0,0,0,998,0,0,0,12,6,2,54,0,0,0,1,6,91784,6,1,0,0,3,0,71,210,1,0,0,0,0,11,2009,11,2009,0,0,0,0,0,2,2,75,1,1,2,1,0,0,1,89,1,1,1,98,,,,1,0,T,FRHT,XMH,MH,6,17,,7,0,0,CHA,D,,,6,439,,,,,00000,00,,42,2012
2012040342,4,40342,1,2,1,22,6,19,0,12,2,1,0,4,1,53,405,53405,14,2006,JS3TY92V6641,J,S,3,T,Y,9,2,V,6,6,4,1,0,0,0,Not Applicable,Not Applicable,0,0,0,1,0,0,0,0,0,0,0,45,0,0,0,12,6,2,12,0,0,0,1,6,91363,3,1,0,0,2,0,61,110,0,0,0,0,0,0,0,0,0,0,28,0,0,0,1,2,45,1,1,2,1,0,0,1,10,1,1,1,50,,,,0,0,P,SUZI,XL7,UT,6,17,3638,,0,1102,,G,,F,6,164,,,16R235,,,,,,2012
2012040342,4,40342,2,2,1,22,6,19,0,12,2,1,0,4,1,72,706,72706,80,2009,1HD1FS4109Y6,1,H,D,1,F,S,4,1,0,9,Y,6,0,0,0,Not Applicable,Not Applicable,0,0,0,1,0,0,0,0,0,0,0,45,0,0,0,12,6,2,12,0,0,0,1,4,85743,6,1,0,0,3,0,76,175,0,0,0,0,0,0,0,0,0,0,0,0,0,0,1,2,45,1,1,2,1,0,0,1,62,1,1,1,51,,,,1,0,M,HD,LTR,RS,9,17,,,,,,,1584,,2,,4,820,,,,,,,2012
2012040343,4,40343,1,2,2,25,6,14,57,12,2,1,0,4,1,7,24,7024,4,2007,2B3KA43RX7H8,2,B,3,K,A,4,3,R,X,7,H,8,0,0,0,Not Applicable,Not Applicable,0,0,0,1,0,0,0,0,0,0,0,998,3,0,0,12,6,2,12,0,0,1,1,4,85756,1,1,0,0,2,0,70,190,0,5,0,3,3,9,2009,6,2012,0,28,0,0,0,1,3,45,3,5,2,1,0,0,14,10,1,1,2,50,,,,2,0,P,DODG,CTL,4D,7,17,3648,,0,1200,,G,,F,6,165,,,17R215,,,,,,2012
2012040343,4,40343,2,2,1,25,6,14,57,12,2,1,0,4,3,84,881,84881,63,2008,1HTMKAZN58H6,1,H,T,M,K,A,Z,N,5,8,H,6,0,0,57,1669356,571669356,3,1,97,1,0,0,0,0,0,0,0,45,0,0,0,12,6,2,12,0,0,0,1,4,85534,6,1,6,0,3,3,69,190,0,2,0,1,0,4,2011,6,2012,0,0,0,0,0,1,3,45,1,6,2,1,0,0,1,62,4,1,1,51,,,,0,0,T,INTL,440,CC,8,17,,7,0,0,40S,D,,,6,570,,,,,00000,00,,42,2012
2012040344,4,40344,1,1,1,27,6,20,12,11,0,1,0,4,1,72,706,72706,80,2001,1HD1BXB391Y0,1,H,D,1,B,X,B,3,9,1,Y,0,0,0,0,Not Applicable,Not Applicable,0,0,0,1,0,0,0,0,0,0,0,998,0,0,0,12,6,2,1,0,0,0,1,4,86511,6,1,0,0,3,0,68,240,0,0,0,0,0,0,0,0,0,0,83,0,0,0,1,2,50,1,6,2,1,0,0,1,87,3,2,1,13,,,,1,0,M,HD,ISF,RS,1,17,,,,,,,1450,,2,,4,666,,,,,,,2012
2012040345,4,40345,1,2,6,28,6,21,10,12,6,1,0,6,4,7,442,7442,20,2012,2C4RDGCG0CR3,2,C,4,R,D,G,C,G,0,C,R,3,0,0,0,Not Applicable,Not Applicable,0,0,0,1,0,0,0,0,0,0,0,998,0,0,0,61,6,2,12,0,0,0,1,24,20903,6,1,0,0,3,0,72,132,0,0,0,0,0,0,0,0,0,0,38,0,0,0,1,2,65,1,1,2,1,20,3,11,15,1,1,1,82,,,,1,0,P,DODG,CAR,SV,12,17,4483,,0,1212,,F,,F,6,220,,,16R235,,,,,,2012
2012040345,4,40345,2,2,3,28,6,21,10,12,6,1,0,4,3,20,881,20881,61,2006,1GBJK39D06E2,1,G,B,J,K,3,9,D,0,6,E,2,0,0,88,None,None,2,1,3,1,0,0,0,0,0,0,0,65,0,0,0,12,6,2,12,0,0,0,1,4,86314,6,1,0,0,3,0,65,145,0,0,0,0,0,0,0,0,0,0,0,0,0,0,1,2,65,1,1,2,1,0,0,1,67,8,2,2,83,,,,0,0,T,CHEV,SK3,4B,6,17,,3,0,1615,SIL,D,,,8,403,,,,D,6272,00,,44,2012
2012040346,4,40346,1,1,1,30,6,3,46,1,0,1,0,4,1,20,16,20016,2,2001,1G1JC1246173,1,G,1,J,C,1,2,4,6,1,7,3,0,0,0,Not Applicable,Not Applicable,0,0,0,1,0,0,0,0,0,0,0,65,0,1,3,0,6,2,1,0,0,0,1,4,86323,6,1,0,0,3,3,73,150,0,2,1,0,0,6,2011,11,2011,9,99,99,99,99,2,2,65,1,1,2,1,0,0,99,9,1,4,4,7,,,,1,0,P,CHEV,CAV,CP,1,17,2617,,0,1041,,G,,F,4,133,,,14R195,,,,,,2012
2012040347,4,40347,1,1,2,2,5,17,34,15,0,1,0,4,1,2,404,2404,14,1985,1JCBL7827FT0,1,J,C,B,L,7,8,2,7,F,T,0,0,0,0,Not Applicable,Not Applicable,0,0,0,1,0,0,0,0,0,0,0,22,0,0,0,82,2,3,15,0,0,0,1,4,86004,6,1,0,0,3,3,73,190,0,2,0,1,0,11,2009,7,2011,0,89,0,0,0,1,2,25,2,1,2,1,0,0,14,81,1,1,1,13,,,,0,0,P,AMER,CHK,UT,85,17,2883,,0,1010,,D,,T,4,126,,,000000,,,,,,2012
2012040348,4,40348,1,2,1,2,6,14,52,12,1,1,0,4,1,7,422,7422,15,2004,1D4HD58D54F2,1,D,4,H,D,5,8,D,5,4,F,2,0,0,0,Not Applicable,Not Applicable,0,0,0,1,0,0,0,0,0,0,0,72,7,0,0,12,6,2,12,0,0,0,1,4,85339,6,1,0,0,3,0,66,255,0,1,0,2,1,3,2011,4,2012,1,91,0,0,0,1,4,55,1,1,2,1,0,0,1,52,1,1,1,24,,,,0,0,P,DODG,DUR,UT,4,17,4815,,0,1192,,G,,F,8,345,,,17R245,,,,,,2012