accident_id,STATE,ST_CASE,VEH_NO,VE_FORMS,NUMOCCS,DAY,MONTH,HOUR,MINUTE,HARM_EV,MAN_COLL,UNITTYPE,HIT_RUN,REG_STAT,OWNER,MAKE,MODEL,MAK_MOD,BODY_TYP,MOD_YEAR,VIN,VIN_1,VIN_2,VIN_3,VIN_4,VIN_5,VIN_6,VIN_7,VIN_8,VIN_9,VIN_10,VIN_11,VIN_12,TOW_VEH,J_KNIFE,MCARR_I1,MCARR_I2,MCARR_ID,GVWR,V_CONFIG,CARGO_BT,HAZ_INV,HAZ_PLAC,HAZ_ID,HAZ_CNO,HAZ_REL,BUS_USE,SPEC_USE,EMER_USE,TRAV_SP,UNDERIDE,ROLLOVER,ROLINLOC,IMPACT1,DEFORMED,TOWED,M_HARM,VEH_SC1,VEH_SC2,FIRE_EXP,DR_PRES,L_STATE,DR_ZIP,L_STATUS,L_TYPE,CDL_STAT,L_ENDORS,L_COMPL,L_RESTRI,DR_HGT,DR_WGT,PREV_ACC,PREV_SUS,PREV_DWI,PREV_SPD,PREV_OTH,FIRST_MO,FIRST_YR,LAST_MO,LAST_YR,SPEEDREL,DR_SF1,DR_SF2,DR_SF3,DR_SF4,VTRAFWAY,VNUM_LAN,VSPD_LIM,VALIGN,VPROFILE,VPAVETYP,VSURCOND,VTRAFCON,VTCONT_F,P_CRASH1,P_CRASH2,P_CRASH3,PCRASH4,PCRASH5,ACC_TYPE,TRLR1VIN,TRLR2VIN,TRLR3VIN,DEATHS,DR_DRINK,VINTYPE,VINMAKE,VINA_MOD,VIN_BT,VINMODYR,VIN_LNGT,VIN_WGT,WGTCD_TR,WHLBS_LG,WHLBS_SH,SER_TR,FUELCODE,MCYCL_DS,CARBUR,CYLINDER,DISPLACE,MCYCL_CY,MCYCL_WT,TIRE_SZE,TON_RAT,TRK_WT,TRKWTVAR,VIN_REST,WHLDRWHL,Year
2012040348,4,40348,2,2,4,2,6,14,52,12,1,1,0,4,1,12,17,12017,6,1991,1FACP57U4MA1,1,F,A,C,P,5,7,U,4,M,A,1,0,0,0,Not Applicable,Not Applicable,0,0,0,1,0,0,0,0,0,0,0,3,0,0,0,6,6,2,12,0,0,1,1,4,85326,6,1,0,0,3,0,67,225,0,0,0,0,0,0,0,0,0,0,0,0,0,0,1,4,55,1,1,2,1,0,0,11,53,1,1,1,26,,,,4,0,P,FORD,TAG,SW,91,17,3283,,0,1060,,G,,F,6,182,,,14R205,,,,,,2012
2012040349,4,40349,1,1,2,13,6,20,30,9,0,1,0,6,4,49,40,49040,4,2012,4T4BF1FK0CR2,4,T,4,B,F,1,F,K,0,C,R,2,0,0,0,Not Applicable,Not Applicable,0,0,0,1,0,0,0,0,0,0,0,40,0,0,0,12,4,1,9,0,0,0,1,4,85033,6,1,0,0,3,0,68,200,0,0,0,0,0,0,0,0,0,0,0,0,0,0,5,4,40,1,1,2,1,0,0,1,83,1,1,1,13,,,,0,0,P,TOYT,CBA,4D,12,17,3190,,0,1093,,G,,F,4,152,,,16R205,,,,,,2012
2012040350,4,40350,1,1,1,27,6,19,38,1,0,1,0,4,1,49,472,49472,30,2002,5TEGM92N62Z0,5,T,E,G,M,9,2,N,6,2,Z,0,0,0,0,Not Applicable,Not Applicable,0,0,0,1,0,0,0,0,0,0,0,998,0,1,3,0,6,2,1,0,0,0,1,4,86404,6,1,0,0,3,3,63,150,0,0,0,0,0,0,0,0,0,1,80,0,0,0,2,2,75,1,1,2,1,0,0,1,1,6,4,4,7,,,,1,0,T,TOYT,DCP,CW,2,17,,1,0,1219,TAC,G,,,4,164,,,,B,3430,00,E,42,2012
2012040351,4,40351,1,1,2,27,2,10,29,5,0,1,0,4,1,7,482,7482,31,2005,1D7HA16K85J6,1,D,7,H,A,1,6,K,8,5,J,6,0,0,0,Not Applicable,Not Applicable,0,0,0,1,0,0,0,0,0,0,0,999,0,0,0,0,0,3,5,0,0,0,1,4,85705,1,1,0,0,2,0,71,190,0,1,0,0,0,2,2012,2,2012,0,91,0,0,0,5,2,98,1,1,2,1,0,0,11,98,1,1,1,0,,,,1,0,T,DODG,S1T,PK,5,17,,2,1405,1205,RPC,G,,,6,225,,,,B,4318,03,E,42,2012
2012040352,4,40352,1,1,1,26,6,5,58,8,0,1,0,4,1,49,38,49038,2,1991,JT2EL43B6M01,J,T,2,E,L,4,3,B,6,M,0,1,0,0,0,Not Applicable,Not Applicable,0,0,0,1,0,0,0,0,0,0,0,30,0,0,0,12,4,3,8,0,0,0,1,4,85704,6,1,0,0,3,0,74,245,0,0,0,0,0,0,0,0,0,1,91,0,0,0,1,2,25,1,1,2,1,0,0,1,80,1,1,1,13,,,,0,0,P,TOYT,TDX,2D,91,17,1975,,0,937,,G,,F,4,089,,,13R155,,,,,,2012
2012040353,4,40353,1,1,1,27,6,23,1,1,0,1,0,4,1,20,473,20473,30,2005,1GCDS1965581,1,G,C,D,S,1,9,6,5,5,8,1,0,0,0,Not Applicable,Not Applicable,0,0,0,1,0,0,0,0,0,0,0,998,0,1,5,0,6,2,1,0,0,0,1,4,85629,6,1,0,0,3,0,70,200,0,0,0,0,1,2,2012,2,2012,1,58,0,0,0,6,1,45,2,6,2,1,0,0,14,9,1,4,4,7,,,,1,1,T,CHEV,RDO,4C,5,17,,1,0,1259,CAL,G,,,5,214,,,,,3346,00,,42,2012
2012040354,4,40354,1,2,1,30,6,16,19,1,0,1,0,4,2,72,706,72706,80,1987,1HD1DJL18HY5,1,H,D,1,D,J,L,1,8,H,Y,5,0,0,0,Not Applicable,Not Applicable,0,0,0,1,0,0,0,0,0,0,0,30,0,0,0,0,4,3,1,0,0,0,1,26,48334,6,1,0,0,3,0,72,180,0,0,0,0,0,0,0,0,0,1,0,0,0,0,1,2,35,2,3,2,1,0,0,14,6,1,1,3,98,,,,1,0,M,HD,FHC,RS,87,17,,,,,,,1340,,2,,4,727,,,,,,,2012
2012040354,4,40354,2,2,2,30,6,16,19,1,0,1,0,4,2,35,402,35402,14,2007,5N1AN08U47C5,5,N,1,A,N,0,8,U,4,7,C,5,0,0,0,Not Applicable,Not Applicable,0,0,0,1,0,0,0,0,0,0,0,35,0,0,0,14,4,3,54,0,0,0,1,4,85253,6,1,0,0,3,3,72,175,0,0,0,0,0,0,0,0,0,0,0,0,0,0,1,2,35,3,5,2,1,0,0,14,62,7,1,4,98,,,,0,0,P,NISS,XTR,UT,7,17,4026,,0,1063,,G,,F,6,244,,,16R265,,,,,,2012
2012040355,4,40355,1,1,3,8,6,8,0,35,0,1,0,94,3,20,881,20881,61,2009,1GBE5C3G89F4,1,G,B,E,5,C,3,G,8,9,F,4,0,0,99,Unknown,Unknown,2,1,98,1,0,0,0,0,0,7,0,998,0,1,9,99,6,2,1,0,0,0,1,4,85364,6,1,0,0,3,0,67,187,0,0,0,0,0,0,0,0,0,0,58,0,0,0,1,2,55,1,1,2,1,0,0,1,12,6,9,4,7,,,,1,0,T,CHEV,C54,CB,9,17,,5,2060,1520,C55,G,,,8,496,,,,,00000,00,,44,2012
2012040356,4,40356,1,1,9,8,6,15,54,1,0,1,0,48,2,20,421,20421,15,2005,1GNEC13T95R1,1,G,N,E,C,1,3,T,9,5,R,1,0,0,0,Not Applicable,Not Applicable,0,0,0,1,0,0,0,0,0,0,0,998,0,1,3,0,6,2,1,0,0,0,1,48,78254,6,1,0,0,3,0,999,999,1,0,0,0,0,7,2009,7,2009,1,80,0,0,0,2,2,75,1,1,2,1,0,0,1,1,8,4,9,7,,,,1,0,P,CHEV,CTA,UT,5,17,4975,,0,1160,,G,,F,8,325,,,16R265,,,,,,2012
2012040357,4,40357,1,1,1,10,6,3,9,35,0,1,0,4,1,49,32,49032,4,1989,JT2AE92E4K00,J,T,2,A,E,9,2,E,4,K,0,0,0,0,0,Not Applicable,Not Applicable,0,0,0,1,0,0,0,0,0,0,0,43,0,1,5,99,6,2,1,0,0,0,1,4,85272,0,0,0,0,0,0,67,170,0,0,0,0,0,0,0,0,0,0,0,0,0,0,1,2,45,1,1,5,1,0,0,1,9,99,9,4,7,,,,1,1,P,TOYT,CDF,4D,89,17,2207,,0,957,,G,,F,4,097,,,13R155,,,,,,2012
2012040358,4,40358,1,1,1,10,6,12,43,11,0,1,0,4,1,34,706,34706,80,1981,WBM044908B62,W,B,M,0,4,4,9,0,8,B,6,2,0,0,0,Not Applicable,Not Applicable,0,0,0,1,0,0,0,0,0,0,0,55,0,0,0,12,6,2,11,0,0,0,1,4,86004,6,1,0,0,3,0,72,195,0,0,0,0,0,0,0,0,0,0,83,0,0,0,1,2,55,3,3,2,1,40,3,14,87,3,2,1,13,,,,1,0,M,BMW,RRT,RS,81,17,,,,,,,1000,,2,,4,478,,,,,,,2012
2012040359,4,40359,1,1,3,7,6,23,4,46,0,1,1,4,2,12,481,12481,31,2003,1FTRX07W43KB,1,F,T,R,X,0,7,W,4,3,K,B,0,0,0,Not Applicable,Not Applicable,0,0,0,1,0,0,0,0,0,0,0,998,0,0,0,12,6,2,46,0,0,0,1,4,85242,0,0,0,0,0,0,999,999,0,0,0,0,0,0,0,0,0,9,99,99,99,99,2,3,45,1,1,2,1,3,3,99,13,1,1,4,1,,,,1,0,T,FORD,F15,4C,3,17,,2,0,1385,COF,G,,,8,281,,,,B,4236,04,U,42,2012
2012040360,4,40360,1,1,1,2,7,18,26,1,0,1,0,4,1,20,471,20471,32,1994,1GCCS19Z7R81,1,G,C,C,S,1,9,Z,7,R,8,1,0,0,0,Not Applicable,Not Applicable,0,0,0,1,0,0,0,0,0,0,0,25,0,1,9,0,6,2,1,0,0,0,1,4,85539,6,1,0,0,3,3,73,210,0,2,0,0,0,1,2011,1,2011,1,99,99,99,99,1,2,25,3,6,5,11,0,0,14,6,4,2,4,2,,,,1,0,T,CHEV,S14,PC,94,17,,1,1229,1083,S,G,,,6,262,,,,B,3157,00,,42,2012
2012040361,4,40361,1,1,1,2,7,20,44,8,0,1,0,4,1,37,33,37033,2,1998,JHMBB6157WC0,J,H,M,B,B,6,1,5,7,W,C,0,0,0,0,Not Applicable,Not Applicable,0,0,0,1,0,0,0,0,0,0,0,35,0,0,0,12,2,1,8,0,0,0,1,4,85364,6,1,0,0,3,0,70,220,1,0,0,0,0,9,2011,9,2011,0,0,0,0,0,5,4,35,1,1,2,1,0,0,1,80,1,1,1,13,,,,0,0,P,HOND,PSH,CP,98,17,2949,,0,1017,,G,,F,4,132,,,16R205,,,,,,2012
2012040362,4,40362,1,1,1,3,7,4,21,8,0,1,1,99,9,99,999,99999,99,9999,Unknown,9,9,9,9,9,9,9,9,9,9,9,9,0,0,0,Not Applicable,Not Applicable,0,0,0,1,0,0,0,0,0,0,0,999,0,0,0,12,9,1,8,0,0,0,1,99,99999,9,9,99,0,9,9,999,999,99,99,99,99,99,99,9999,99,9999,9,99,99,99,99,1,2,40,1,1,2,1,0,0,1,80,99,9,3,13,,,,0,0,,,,,,,,,,,,,,,,,,,,,,,,,2012
2012040363,4,40363,1,1,2,4,7,22,25,33,0,1,0,4,2,37,31,37031,2,1993,1HGEJ2148PL0,1,H,G,E,J,2,1,4,8,P,L,0,0,0,0,Not Applicable,Not Applicable,0,0,0,1,0,0,0,0,0,0,0,998,0,0,0,14,6,2,30,0,0,0,1,4,85128,6,1,0,0,3,0,73,195,0,1,0,0,0,12,2010,12,2010,1,89,0,0,0,2,2,45,3,5,2,1,0,0,14,12,1,1,4,6,,,,2,1,P,HOND,CID,CP,93,17,2224,,0,1013,,G,,F,4,091,,,13R175,,,,,,2012
2012040364,4,40364,1,1,1,4,7,23,45,8,0,1,0,4,1,7,880,7880,67,2003,3D7MU48603G7,3,D,7,M,U,4,8,6,0,3,G,7,0,0,88,None,None,2,1,97,1,0,0,0,0,0,0,0,37,0,0,0,12,2,1,8,0,0,0,1,4,85392,6,1,6,0,3,1,72,190,0,5,0,4,0,10,2009,5,2012,0,0,0,0,0,5,5,40,1,1,2,1,0,0,1,80,1,1,1,13,,,,0,0,T,DODG,SQ3,CW,3,17,,3,0,1600,RPC,D,,,6,359,,,,D,6544,06,E,44,2012
2012040365,4,40365,1,9,1,5,7,1,0,12,6,1,0,4,2,49,472,49472,30,2007,5TETX22N67Z4,5,T,E,T,X,2,2,N,6,7,Z,4,0,0,0,Not Applicable,Not Applicable,0,0,0,1,0,0,0,0,0,0,0,80,0,0,0,81,6,2,12,0,0,0,1,4,85048,6,1,0,0,3,0,64,137,0,0,0,1,0,10,2011,10,2011,1,58,0,0,0,3,6,65,1,1,2,1,0,0,1,9,8,4,2,48,,,,1,1,T,TOYT,ACC,PC,7,17,,1,0,1272,TAC,G,,,4,164,,,,B,3460,00,U,42,2012
2012040365,4,40365,2,9,1,5,7,1,0,12,6,1,0,4,1,20,881,20881,62,2000,1GBJ7H1C9YJ5,1,G,B,J,7,H,1,C,9,Y,J,5,0,0,57,0226941,570226941,2,1,1,1,0,0,0,0,0,0,0,65,0,0,0,12,6,2,12,0,0,0,1,4,85139,6,1,6,0,3,0,73,225,0,2,0,1,0,5,2010,7,2011,0,0,0,0,0,3,6,65,1,1,2,1,0,0,1,60,1,1,1,48,,,,0,0,T,CHEV,7H4,CB,0,17,,6,2810,1450,CSR,D,,,6,439,,,,,00000,00,,42,2012
2012040365,4,40365,3,9,1,5,7,1,0,12,6,1,0,4,3,84,881,84881,66,2005,1HSHXAHR45J1,1,H,S,H,X,A,H,R,4,5,J,1,1,1,57,0035859,570035859,3,6,1,1,0,0,0,0,0,0,0,60,0,1,1,82,6,2,12,0,0,0,1,4,85355,6,1,6,0,3,3,74,210,0,0,0,0,0,0,0,0,0,0,0,0,0,0,3,6,65,1,1,2,1,0,0,1,50,99,1,3,98,,,,0,0,T,INTL,860,TR,5,17,,8,0,0,80S,D,,,6,661,,,,,00000,00,,64,2012
2012040365,4,40365,4,9,2,5,7,1,0,12,6,1,0,4,1,37,32,37032,4,2007,JHMCM56497C0,J,H,M,C,M,5,6,4,9,7,C,0,0,0,0,Not Applicable,Not Applicable,0,0,0,1,0,0,0,0,0,0,0,65,0,0,0,81,6,2,12,0,0,0,1,4,85051,6,1,0,0,3,0,63,140,0,0,0,2,0,8,2010,9,2010,0,0,0,0,0,3,6,65,1,1,2,1,0,0,1,50,1,1,1,98,,,,0,0,P,HOND,ULX,4D,7,17,3197,,0,1079,,G,,F,4,146,,,15R205,,,,,,2012
2012040365,4,40365,5,9,3,5,7,1,0,12,6,1,0,4,1,58,37,58037,4,2004,JNKCV51E74M6,J,N,K,C,V,5,1,E,7,4,M,6,0,0,0,Not Applicable,Not Applicable,0,0,0,1,0,0,0,0,0,0,0,60,0,0,0,14,4,1,12,0,0,0,1,4,85710,6,1,0,0,3,0,65,146,0,0,0,0,0,0,0,0,0,0,0,0,0,0,3,6,65,1,1,2,1,0,0,1,90,1,1,1,98,,,,0,0,P,INFI,G35,4D,4,17,3210,,0,1122,,G,,F,6,214,,,17R215,,,,,,2012
2012040365,4,40365,6,9,2,5,7,1,0,12,6,1,0,4,2,12,481,12481,31,2004,1FTNW21P04EE,1,F,T,N,W,2,1,P,0,4,E,E,0,0,0,Not Applicable,Not Applicable,0,0,0,1,0,0,0,0,0,0,0,60,0,0,0,61,4,1,12,0,0,0,1,4,85297,6,1,0,0,3,0,70,145,0,0,0,0,0,0,0,0,0,0,0,0,0,0,3,6,65,1,1,2,1,0,0,1,50,7,1,1,98,,,,0,0,T,FORD,F2S,CW,4,17,,2,1724,1562,SRW,D,,,8,366,,,,C,6234,00,E,44,2012
2012040365,4,40365,7,9,1,5,7,1,0,12,6,1,0,4,2,12,23,12023,4,2012,3FAHP0HA9CR2,3,F,A,H,P,0,H,A,9,C,R,2,0,0,0,Not Applicable,Not Applicable,0,0,0,1,0,0,0,0,0,0,0,65,0,0,0,14,2,1,54,0,0,0,1,4,85142,6,1,0,0,3,3,66,140,0,0,0,0,0,0,0,0,0,0,0,0,0,0,3,6,65,1,1,2,1,0,0,1,90,1,1,1,98,,,,0,0,P,FORD,F/E,4D,12,17,3285,,0,1074,,G,,F,4,152,,,17R225,,,,,,2012
2012040365,4,40365,8,9,1,5,7,1,0,12,6,1,0,4,2,49,401,49401,14,2002,JT3GN86RX202,J,T,3,G,N,8,6,R,X,2,0,2,0,0,0,Not Applicable,Not Applicable,0,0,0,1,0,0,0,0,0,0,0,60,0,0,0,12,2,1,54,0,0,0,1,4,85345,6,1,0,0,3,0,75,260,0,1,0,0,0,12,2009,12,2009,0,0,0,0,0,3,6,65,1,1,2,1,0,0,1,90,1,1,1,98,,,,0,0,P,TOYT,RUN,UT,2,17,3740,,0,1053,,G,,F,6,206,,,15R225,,,,,,2012
2012040365,4,40365,9,9,1,5,7,1,0,12,6,1,0,18,3,82,881,82881,66,2012,1FUJGLBG8CLB,1,F,U,J,G,L,B,G,8,C,L,B,1,1,57,0007443,570007443,3,6,1,1,0,0,0,0,0,0,0,65,0,0,0,61,2,1,12,0,0,0,1,4,85303,6,1,6,0,3,3,70,290,0,0,0,0,0,0,0,0,0,0,0,0,0,0,3,6,65,1,1,2,1,0,0,1,50,1,1,1,98,,,,0,0,T,FRHT,125,TR,12,17,,8,0,0,CSC,D,,,6,915,,,,,00000,00,,64,2012
2012040366,4,40366,1,2,5,5,7,1,57,12,6,1,0,4,2,12,481,12481,31,2004,1FTPW14534KB,1,F,T,P,W,1,4,5,3,4,K,B,0,0,0,Not Applicable,Not Applicable,0,0,0,1,0,0,0,0,0,0,0,70,0,1,6,12,6,2,1,0,0,0,1,4,85648,6,1,0,0,3,0,71,195,0,2,0,0,1,1,2011,4,2012,1,39,37,0,0,5,2,40,1,1,2,1,3,3,1,17,1,1,1,88,,,,1,1,T,FORD,F1S,CW,4,17,,2,1450,1260,COF,G,,,8,330,,,,B,5560,00,U,44,2012
2012040366,4,40366,2,2,1,5,7,1,57,12,6,1,0,4,1,58,37,58037,4,2003,JNKCV51E73M0,J,N,K,C,V,5,1,E,7,3,M,0,0,0,0,Not Applicable,Not Applicable,0,0,0,1,0,0,0,0,0,0,0,35,0,0,0,62,6,2,12,0,0,0,1,4,85718,6,1,0,0,3,0,66,130,0,0,0,0,0,0,0,0,0,0,0,0,0,0,5,4,35,1,1,2,1,3,3,1,62,1,1,1,89,,,,0,1,P,INFI,G35,4D,3,17,3336,,0,1122,,G,,F,6,214,,,16R205,,,,,,2012
2012040367,4,40367,1,1,4,5,7,22,2,8,0,1,0,4,1,23,481,23481,31,1991,2GTEC19K9M15,2,G,T,E,C,1,9,K,9,M,1,5,0,0,0,Not Applicable,Not Applicable,0,0,0,1,0,0,0,0,0,0,0,999,0,0,0,12,2,1,8,0,0,0,1,4,85746,6,1,0,0,3,0,62,110,0,0,0,0,0,0,0,0,0,0,0,0,0,0,2,3,40,1,1,2,1,0,0,1,80,9,9,1,13,,,,0,0,T,GMC,SC1,PC,91,17,,2,1555,1415,SIE,G,,,8,350,,,,B,5945,01,A,42,2012
2012040368,4,40368,1,1,1,7,7,99,99,42,0,1,0,4,1,76,709,76709,80,2008,JYAVP11E98A1,J,Y,A,V,P,1,1,E,9,8,A,1,0,0,0,Not Applicable,Not Applicable,0,0,0,1,0,0,0,0,0,0,0,998,0,0,0,14,6,2,42,0,0,0,1,4,85042,6,1,0,0,3,0,66,230,0,0,0,0,0,0,0,0,0,1,0,0,0,0,6,1,55,2,1,1,1,0,0,14,12,1,1,4,6,,,,1,1,M,YAMA,XVS,RS,8,17,,,,,,,1063,,2,,4,600,,,,,,,2012
2012040369,4,40369,1,3,4,8,7,18,30,12,2,1,0,6,1,37,32,37032,4,1997,1HGCD5556VA0,1,H,G,C,D,5,5,5,6,V,A,0,0,0,0,Not Applicable,Not Applicable,0,0,0,1,0,0,0,0,0,0,0,45,0,0,0,12,6,2,12,0,0,0,1,6,90022,6,1,6,0,3,0,69,170,0,0,0,0,3,7,2010,2,2011,0,28,0,0,0,1,4,45,2,1,2,1,0,0,14,10,1,1,2,50,,,,1,0,P,HOND,UEX,4D,97,17,2919,,0,1069,,G,,F,4,132,,,15R195,,,,,,2012
2012040369,4,40369,2,3,1,8,7,18,30,12,2,1,0,4,2,49,471,49471,30,1990,JT4RN13P0L60,J,T,4,R,N,1,3,P,0,L,6,0,0,0,0,Not Applicable,Not Applicable,0,0,0,1,0,0,0,0,0,0,0,45,0,0,0,12,6,2,12,0,0,0,1,35,87105,6,1,0,0,3,0,69,156,98,0,0,0,0,0,0,0,0,0,0,0,0,0,1,4,45,3,1,2,1,0,0,14,62,3,2,1,51,,,,0,0,T,TOYT,ELD,PC,90,17,,1,0,1215,HTP,G,,,4,144,,,,B,00000,00,A,44,2012
2012040369,4,40369,3,3,3,8,7,18,30,12,2,1,0,4,1,22,16,22016,2,2002,1G2JD12T6271,1,G,2,J,D,1,2,T,6,2,7,1,0,0,0,Not Applicable,Not Applicable,0,0,0,1,0,0,0,0,0,0,0,45,0,0,0,12,6,2,12,0,0,0,1,19,86442,6,1,0,0,3,3,74,135,0,0,0,0,0,0,0,0,0,0,0,0,0,0,1,4,45,3,1,2,1,0,0,14,60,1,1,1,98,,,,0,0,P,PONT,SFG,CP,2,17,2771,,0,1041,,G,,F,4,146,,,16R225,,,,,,2012
2012040370,4,40370,1,1,1,16,7,16,22,33,0,1,0,4,1,20,481,20481,31,2004,2GCEC19T8412,2,G,C,E,C,1,9,T,8,4,1,2,0,0,0,Not Applicable,Not Applicable,0,0,0,1,0,0,0,0,0,0,0,45,0,1,6,14,6,2,1,0,0,0,1,4,85706,6,1,0,0,3,0,70,180,0,0,0,0,0,0,0,0,0,0,99,99,99,99,2,2,45,1,1,2,1,0,0,1,12,1,1,4,6,,,,1,1,T,CHEV,SC1,4C,4,17,,2,1575,1435,SIL,G,,,8,325,,,,B,4555,00,,42,2012
2012040371,4,40371,1,5,1,21,7,8,32,12,1,1,0,4,1,54,38,54038,3,2003,JH4DC53063C0,J,H,4,D,C,5,3,0,6,3,C,0,0,0,0,Not Applicable,Not Applicable,0,0,0,1,0,0,0,0,0,0,0,65,0,0,0,12,6,2,12,0,0,0,1,4,85037,6,1,0,0,3,3,68,180,0,0,0,0,0,0,0,0,0,0,0,0,0,0,3,5,65,1,1,2,1,0,0,2,52,1,1,1,98,,,,0,0,P,ACUR,RST,2H,3,17,2767,,0,1012,,G,,F,4,122,,,16R205,,,,,,2012
2012040371,4,40371,2,5,1,21,7,8,32,12,1,1,0,4,1,20,16,20016,4,2003,1G1JF52F5373,1,G,1,J,F,5,2,F,5,3,7,3,0,0,0,Not Applicable,Not Applicable,0,0,0,1,0,0,0,0,0,0,0,65,0,0,0,12,6,2,12,0,0,0,1,4,85027,6,1,0,0,3,3,61,112,0,0,0,0,0,0,0,0,0,0,0,0,0,0,3,5,65,1,1,2,1,0,0,1,50,1,1,1,28,,,,0,0,P,CHEV,CAS,4D,3,17,2676,,0,1041,,G,,F,4,134,,,15R195,,,,,,2012
2012040371,4,40371,3,5,1,21,7,8,32,12,1,1,0,4,1,7,24,7024,4,2010,2B3CA3CV6AH2,2,B,3,C,A,3,C,V,6,A,H,2,0,0,0,Not Applicable,Not Applicable,0,0,0,1,0,0,0,0,0,0,0,65,0,0,0,6,4,3,12,0,0,0,1,4,85382,6,1,0,0,3,0,73,270,0,0,0,1,0,3,2011,3,2011,0,0,0,0,0,3,5,65,1,1,2,1,0,0,2,53,4,2,1,29,,,,0,0,P,DODG,CHS,4D,10,17,3820,,0,1200,,G,,F,6,214,,,17R215,,,,,,2012
2012040371,4,40371,4,5,1,21,7,8,32,12,1,1,0,4,3,19,5,19005,2,2002,1G6EC12922B1,1,G,6,E,C,1,2,9,2,2,B,1,0,0,0,Not Applicable,Not Applicable,0,0,0,1,0,0,0,0,0,0,0,65,0,0,0,12,4,1,12,0,0,0,1,4,85323,6,1,0,0,3,0,72,230,0,0,0,0,0,0,0,0,0,0,0,0,0,0,3,5,65,1,1,2,1,0,0,1,61,1,1,1,98,,,,0,0,P,CADI,ECE,CP,2,17,0,,0,1080,,G,,F,8,279,,,000000,,,,,,2012
2012040371,4,40371,5,5,1,21,7,8,32,12,1,1,0,4,1,34,706,34706,80,1985,WB105140XF00,W,B,1,0,5,1,4,0,X,F,0,0,0,0,0,Not Applicable,Not Applicable,0,0,0,1,0,0,0,0,0,0,0,65,0,0,0,12,6,2,12,0,0,0,1,4,85050,6,1,0,0,3,0,66,210,0,0,0,0,0,0,0,0,0,0,99,99,99,99,3,5,65,1,1,2,1,0,0,1,50,3,2,1,98,,,,1,0,M,BMW,KRT,RS,85,17,,,,,,,1000,,4,,4,504,,,,,,,2012
2012040372,4,40372,1,4,2,21,7,15,0,58,0,1,0,4,1,12,481,12481,31,2003,1FTNW21F43EA,1,F,T,N,W,2,1,F,4,3,E,A,0,0,0,Not Applicable,Not Applicable,0,0,0,1,0,0,0,0,0,0,0,75,0,1,3,12,6,2,1,0,0,0,1,4,85022,6,1,0,0,3,0,71,193,0,0,0,0,0,0,0,0,0,0,80,0,0,0,2,2,75,1,1,2,1,0,0,1,1,1,9,4,7,,,,1,0,T,FORD,F2S,CW,3,17,,2,1724,1562,SRW,D,,,8,444,,,,C,5870,04,E,44,2012
2012040372,4,40372,2,4,2,21,7,15,0,58,0,1,0,4,1,23,421,23421,15,2004,1GTGK23U84F1,1,G,T,G,K,2,3,U,8,4,F,1,0,0,0,Not Applicable,Not Applicable,0,0,0,1,0,0,0,0,0,0,0,75,0,0,0,12,6,2,12,0,0,0,1,4,85035,6,1,0,0,3,3,65,125,0,0,0,0,0,0,0,0,0,0,0,0,0,0,2,2,75,1,1,2,1,0,0,1,64,4,1,3,98,,,,0,0,T,GMC,2KW,CW,4,17,,2,1670,1530,SIE,G,,,8,364,,,,C,5817,03,E,44,2012
2012040372,4,40372,3,4,1,21,7,15,0,58,0,1,0,20,3,51,881,51881,66,2007,4V4NC9TG67N4,4,V,4,N,C,9,T,G,6,7,N,4,5,1,57,01566547,5701566547,3,5,12,1,0,0,0,0,0,0,0,75,2,0,0,12,6,2,12,0,0,0,1,29,64653,6,1,6,0,3,3,70,204,0,0,0,0,0,0,0,0,0,0,0,0,0,0,2,2,75,1,1,2,1,0,0,1,64,7,1,3,98,,,,0,0,T,VOLV,VNL,TR,7,17,,8,0,0,VVN,D,,,6,915,,,,,00000,00,,64,2012
2012040372,4,40372,4,4,3,21,7,15,0,58,0,1,0,4,1,18,24,18024,6,2012,5GAKRBEDXCJ3,5,G,A,K,R,B,E,D,X,C,J,3,0,0,0,Not Applicable,Not Applicable,0,0,0,1,0,0,0,0,0,0,0,75,0,0,0,99,2,1,54,0,0,0,1,4,85382,6,1,0,0,3,0,70,190,0,0,0,0,0,0,0,0,0,0,0,0,0,0,2,2,75,1,1,2,1,0,0,1,64,7,9,9,98,,,,0,0,P,BUIC,ENC,UT,12,17,4780,,0,1189,,G,,F,6,220,,,19R255,,,,,,2012
2012040373,4,40373,1,1,3,21,7,17,20,1,0,1,0,4,2,20,401,20401,14,2002,1GNDS13S5223,1,G,N,D,S,1,3,S,5,2,2,3,0,0,0,Not Applicable,Not Applicable,0,0,0,1,0,0,0,0,0,0,0,998,0,1,5,0,6,2,1,0,0,0,1,4,86001,6,1,0,0,3,0,70,155,0,0,0,0,1,5,2012,5,2012,0,58,0,0,0,1,2,65,1,1,2,1,0,0,1,9,6,4,4,7,,,,1,0,P,CHEV,TRL,UT,2,17,4442,,0,1130,,G,,F,6,256,,,16R245,,,,,,2012
2012040374,4,40374,1,1,2,21,7,19,59,24,0,1,0,6,1,41,45,41045,1,2007,JM1NC25F1701,J,M,1,N,C,2,5,F,1,7,0,1,0,0,0,Not Applicable,Not Applicable,0,0,0,1,0,0,0,0,0,0,0,75,0,1,6,12,6,2,1,0,0,0,1,6,94578,6,1,0,0,3,0,64,140,0,0,0,0,0,0,0,0,0,1,0,0,0,0,2,2,75,1,1,2,1,0,0,1,9,7,3,4,2,,,,2,0,P,MAZD,MIA,CV,7,17,2498,,0,917,,G,,F,4,122,,,16R205,,,,,,2012