accident_id,STATE,ST_CASE,VEH_NO,VE_FORMS,NUMOCCS,DAY,MONTH,HOUR,MINUTE,HARM_EV,MAN_COLL,UNITTYPE,HIT_RUN,REG_STAT,OWNER,MAKE,MODEL,MAK_MOD,BODY_TYP,MOD_YEAR,VIN,VIN_1,VIN_2,VIN_3,VIN_4,VIN_5,VIN_6,VIN_7,VIN_8,VIN_9,VIN_10,VIN_11,VIN_12,TOW_VEH,J_KNIFE,MCARR_I1,MCARR_I2,MCARR_ID,GVWR,V_CONFIG,CARGO_BT,HAZ_INV,HAZ_PLAC,HAZ_ID,HAZ_CNO,HAZ_REL,BUS_USE,SPEC_USE,EMER_USE,TRAV_SP,UNDERIDE,ROLLOVER,ROLINLOC,IMPACT1,DEFORMED,TOWED,M_HARM,VEH_SC1,VEH_SC2,FIRE_EXP,DR_PRES,L_STATE,DR_ZIP,L_STATUS,L_TYPE,CDL_STAT,L_ENDORS,L_COMPL,L_RESTRI,DR_HGT,DR_WGT,PREV_ACC,PREV_SUS,PREV_DWI,PREV_SPD,PREV_OTH,FIRST_MO,FIRST_YR,LAST_MO,LAST_YR,SPEEDREL,DR_SF1,DR_SF2,DR_SF3,DR_SF4,VTRAFWAY,VNUM_LAN,VSPD_LIM,VALIGN,VPROFILE,VPAVETYP,VSURCOND,VTRAFCON,VTCONT_F,P_CRASH1,P_CRASH2,P_CRASH3,PCRASH4,PCRASH5,ACC_TYPE,TRLR1VIN,TRLR2VIN,TRLR3VIN,DEATHS,DR_DRINK,VINTYPE,VINMAKE,VINA_MOD,VIN_BT,VINMODYR,VIN_LNGT,VIN_WGT,WGTCD_TR,WHLBS_LG,WHLBS_SH,SER_TR,FUELCODE,MCYCL_DS,CARBUR,CYLINDER,DISPLACE,MCYCL_CY,MCYCL_WT,TIRE_SZE,TON_RAT,TRK_WT,TRKWTVAR,VIN_REST,WHLDRWHL,Year
2012040375,4,40375,1,1,15,22,7,0,57,1,0,1,1,4,9,7,442,7442,20,2001,2B8GP54L21R1,2,B,8,G,P,5,4,L,2,1,R,1,0,0,0,Not Applicable,Not Applicable,0,0,0,1,0,0,0,0,0,0,0,998,0,1,5,0,6,2,1,0,0,0,1,99,99999,9,9,99,0,9,9,999,999,99,99,99,99,99,99,9999,99,9999,9,99,99,99,99,2,2,75,1,1,2,1,0,0,99,99,99,9,4,5,,,,2,0,T,DODG,GES,ES,1,17,,1,0,1193,CAR,G,,,6,230,,,,,4118,00,E,42,2012
2012040376,4,40376,1,2,1,22,7,15,6,12,6,1,0,4,1,38,472,38472,30,1996,1GGCS1444T87,1,G,G,C,S,1,4,4,4,T,8,7,0,0,0,Not Applicable,Not Applicable,0,0,0,1,0,0,0,0,0,0,0,6,0,0,0,63,6,2,12,0,0,0,1,4,85281,6,1,0,0,3,0,73,180,0,0,0,0,0,0,0,0,0,0,48,0,0,0,9,9,45,1,1,2,1,0,0,12,10,1,1,1,98,,,,1,0,T,ISU,HOM,PK,96,17,,1,0,1083,HOM,G,,,4,133,,,,B,00000,00,M,42,2012
2012040376,4,40376,2,2,2,22,7,15,6,12,6,1,0,4,1,52,401,52401,14,2002,JA4LS41R82J0,J,A,4,L,S,4,1,R,8,2,J,0,0,0,0,Not Applicable,Not Applicable,0,0,0,1,0,0,0,0,0,0,0,38,0,0,0,12,6,2,12,0,0,0,1,4,85282,6,1,0,0,3,0,64,129,0,2,0,1,3,12,2009,8,2011,0,0,0,0,0,9,9,45,1,1,2,1,0,0,1,61,1,1,1,98,,,,0,0,P,MITS,MNS,UT,2,17,4065,,0,1073,,G,,F,6,213,,,16R255,,,,,,2012
2012040377,4,40377,1,1,2,22,7,16,0,1,0,1,0,4,1,20,481,20481,31,2006,1GCEK19T66Z2,1,G,C,E,K,1,9,T,6,6,Z,2,0,0,0,Not Applicable,Not Applicable,0,0,0,1,0,0,0,0,0,0,0,30,0,1,9,0,6,2,1,0,0,0,1,4,85546,6,1,0,0,3,0,70,200,0,0,0,0,0,0,0,0,0,1,0,0,0,0,1,2,30,3,5,2,1,40,3,14,6,6,4,4,7,,,,1,1,T,CHEV,SK1,4C,6,17,,2,1575,1340,SIL,G,,,8,323,,,,B,5050,00,,44,2012
2012040378,4,40378,1,2,2,23,7,9,43,12,6,1,0,4,2,12,17,12017,4,2004,1FAFP55U94G1,1,F,A,F,P,5,5,U,9,4,G,1,0,0,0,Not Applicable,Not Applicable,0,0,0,1,0,0,0,0,0,0,0,998,0,0,0,82,6,2,12,0,0,0,1,4,85308,6,1,0,0,3,0,72,260,0,0,0,0,0,0,0,0,0,0,38,0,0,0,5,5,40,1,1,2,1,2,3,11,15,1,1,1,68,,,,0,0,P,FORD,TSS,4D,4,17,3306,,0,1085,,G,,F,6,182,,,16R215,,,,,,2012
2012040378,4,40378,2,2,1,23,7,9,43,12,6,1,0,4,1,20,16,20016,1,1998,4G1JF3242WB9,4,G,1,J,F,3,2,4,2,W,B,9,0,0,0,Not Applicable,Not Applicable,0,0,0,1,0,0,0,0,0,0,0,998,0,0,0,12,6,2,12,0,0,0,1,4,85053,6,1,0,0,3,3,71,160,0,0,0,1,0,11,2010,11,2010,0,0,0,0,0,5,5,40,1,1,2,1,2,3,1,62,1,1,1,69,,,,1,0,P,CHEV,CZ2,CV,98,17,2899,,0,1041,,G,,F,4,133,,,15R195,,,,,,2012
2012040379,4,40379,1,3,1,24,7,21,21,12,6,1,0,4,1,12,471,12471,30,1996,1FTCR10A3TPB,1,F,T,C,R,1,0,A,3,T,P,B,0,0,0,Not Applicable,Not Applicable,0,0,0,1,0,0,0,0,0,0,0,40,0,0,0,62,6,2,2,0,0,1,1,4,85706,6,1,0,0,3,0,67,118,0,0,0,1,4,12,2010,5,2011,0,99,99,99,99,2,2,40,1,1,2,1,3,3,1,66,1,1,1,89,,,,1,0,T,FORD,RNG,PK,96,17,,1,1140,1080,RNG,G,,,4,140,,,,B,2961,00,B,42,2012
2012040379,4,40379,2,3,2,24,7,21,21,12,6,1,0,4,3,20,20,20020,4,1996,2G1WL52MXT93,2,G,1,W,L,5,2,M,X,T,9,3,0,0,0,Not Applicable,Not Applicable,0,0,0,1,0,0,0,0,0,0,0,0,0,0,0,99,6,2,12,0,0,0,1,4,85756,6,1,0,0,3,0,72,210,0,0,0,0,0,0,0,0,0,0,99,99,99,99,2,2,40,1,1,2,1,2,3,5,62,1,1,1,98,,,,0,0,P,CHEV,LUM,4D,96,17,3330,,0,1075,,G,,F,6,191,,,15R205,,,,,,2012
2012040379,4,40379,3,3,1,24,7,21,21,12,6,1,0,4,1,20,37,20037,4,2012,1FAHP3F25CL2,1,F,A,H,P,3,F,2,5,C,L,2,0,0,0,Not Applicable,Not Applicable,0,0,0,1,0,0,0,0,0,0,0,65,0,0,0,12,6,2,12,0,0,0,1,4,85122,6,1,0,0,3,0,70,170,0,0,0,1,0,2,2012,2,2012,1,89,39,0,0,2,2,40,1,1,2,1,2,3,1,17,1,1,1,88,,,,0,1,P,FORD,FSE,4D,12,17,2918,,0,1042,,G,,F,4,122,,,16R205,,,,,,2012
2012040380,4,40380,1,1,5,26,7,2,8,1,0,1,0,6,1,12,422,12422,15,2000,1FMRU17L3YLA,1,F,M,R,U,1,7,L,3,Y,L,A,0,0,0,Not Applicable,Not Applicable,0,0,0,1,0,0,0,0,0,0,0,998,0,1,1,0,6,2,1,0,0,0,1,6,92069,6,1,0,0,3,0,59,155,0,0,0,0,0,0,0,0,0,1,80,0,0,0,2,2,75,1,1,2,1,0,0,1,1,1,3,6,98,,,,1,0,P,FORD,EPT,UT,0,17,4833,,0,1191,,G,,F,8,330,,,16R255,,,,,,2012
2012040381,4,40381,1,1,3,26,7,15,1,51,0,1,0,4,1,12,481,12481,31,2001,1FTNW21FX1EB,1,F,T,N,W,2,1,F,X,1,E,B,1,2,88,None,None,2,4,1,1,0,0,0,0,0,0,0,998,0,1,1,0,6,2,1,0,0,0,1,4,85303,6,1,0,0,3,0,72,240,0,0,0,0,0,0,0,0,0,0,99,99,99,99,3,2,75,1,6,2,1,0,0,1,98,99,9,3,0,,,,1,0,T,FORD,F2S,CW,1,17,,2,1724,1562,SRW,D,,,8,444,,,,C,5932,07,E,44,2012
2012040382,4,40382,1,2,1,28,7,7,48,12,7,1,0,4,1,72,706,72706,80,2011,1HD1PY918BB9,1,H,D,1,P,Y,9,1,8,B,B,9,0,0,0,Not Applicable,Not Applicable,0,0,0,1,0,0,0,0,0,0,0,65,0,0,0,62,6,2,24,0,0,0,1,4,85286,6,1,0,0,3,0,65,110,0,0,0,0,0,0,0,0,0,0,99,99,99,99,3,2,65,2,6,2,1,0,0,15,10,1,1,2,47,,,,1,0,M,HD,LT2,RS,11,17,,,,,,,1800,,2,,4,754,,,,,,,2012
2012040382,4,40382,2,2,1,28,7,7,48,12,7,1,0,4,1,20,9,20009,2,2011,2G1FB1EDXB92,2,G,1,F,B,1,E,D,X,B,9,2,0,0,0,Not Applicable,Not Applicable,0,0,0,1,0,0,0,0,0,0,0,60,0,0,0,83,2,1,12,0,0,0,1,4,85308,6,1,0,0,3,0,68,200,0,0,0,0,0,0,0,0,0,0,0,0,0,0,3,2,65,2,6,2,1,0,0,14,61,1,1,1,45,,,,0,0,P,CHEV,CLT,CP,11,17,3750,,0,1123,,G,,F,6,220,,,18R245,,,,,,2012
2012040383,4,40383,1,1,1,28,7,9,53,42,0,1,0,28,1,72,706,72706,82,2010,1HD1MBM14AB8,1,H,D,1,M,B,M,1,4,A,B,8,0,0,0,Not Applicable,Not Applicable,0,0,0,1,0,0,0,0,0,0,0,65,0,0,0,12,6,2,42,0,0,0,1,28,38922,6,1,0,0,3,0,74,215,0,0,0,0,0,0,0,0,0,9,0,0,0,0,3,2,55,2,6,2,1,0,0,14,13,1,1,4,1,,,,1,0,M,HD,F3X,RS,10,17,,,,,,,1690,,2,,4,1110,,,,,,,2012
2012040384,4,40384,1,2,2,29,7,0,44,12,6,1,0,4,4,12,870,12870,61,2003,1FDWE35F33HB,1,F,D,W,E,3,5,F,3,3,H,B,0,0,88,None,None,2,1,1,1,0,0,0,0,0,6,0,998,0,0,0,9,2,1,12,0,0,0,1,4,85365,6,1,0,0,3,0,73,242,0,0,0,0,0,0,0,0,0,0,38,0,0,0,1,3,65,1,1,2,1,0,0,12,98,1,1,6,98,,,,0,0,T,FORD,3DC,YY,3,17,,3,1760,1380,CTV,D,,,8,444,,,,,00000,00,E,42,2012
2012040384,4,40384,2,2,1,29,7,0,44,12,6,1,0,4,1,72,706,72706,80,2003,1HD1GDV193K3,1,H,D,1,G,D,V,1,9,3,K,3,0,0,0,Not Applicable,Not Applicable,0,0,0,1,0,0,0,0,0,0,0,998,0,0,0,12,6,2,12,0,0,0,1,4,85364,6,1,6,0,2,0,71,300,0,2,0,0,0,8,2011,9,2011,0,0,0,0,0,1,3,65,1,1,2,1,0,0,1,64,3,2,1,98,,,,1,0,M,HD,FDL,RS,3,17,,,,,,,1450,,2,,4,612,,,,,,,2012
2012040385,4,40385,1,1,1,30,7,0,35,14,0,1,0,20,1,12,461,12461,21,1997,1FDEE14L9VHA,1,F,D,E,E,1,4,L,9,V,H,A,0,0,0,Not Applicable,Not Applicable,0,0,0,1,0,0,0,0,0,0,0,40,0,0,0,12,6,2,14,0,0,0,1,4,85365,6,1,0,0,3,3,70,223,0,0,0,0,0,0,0,0,0,0,89,0,0,0,1,2,35,1,1,2,1,0,0,1,11,1,1,4,11,,,,1,0,T,FORD,15V,CG,97,17,,2,0,1380,VAN,G,,,8,330,,,,B,00000,00,E,42,2012
2012040386,4,40386,1,1,3,30,7,17,47,42,0,1,0,4,1,20,481,20481,31,2000,2GCEC19V8Y13,2,G,C,E,C,1,9,V,8,Y,1,3,0,0,0,Not Applicable,Not Applicable,0,0,0,1,0,0,0,0,0,0,0,998,0,0,0,3,6,2,42,0,0,0,1,4,85381,6,1,0,0,3,0,63,150,0,0,0,0,0,0,0,0,0,0,0,0,0,0,6,1,65,2,1,2,1,0,0,14,9,99,4,4,7,,,,1,1,T,CHEV,SC1,3C,0,17,,2,1575,1435,SIL,G,,,8,293,,,,B,4134,03,,42,2012
2012040387,4,40387,1,2,1,17,7,9,29,12,2,1,0,4,1,20,22,20022,2,2006,1G1AM18B8676,1,G,1,A,M,1,8,B,8,6,7,6,0,0,0,Not Applicable,Not Applicable,0,0,0,1,0,0,0,0,0,0,0,999,3,0,0,12,6,2,12,0,0,0,1,4,85206,6,1,0,0,3,0,60,100,0,0,0,0,0,0,0,0,0,0,99,99,99,99,2,2,75,1,1,2,1,0,0,1,54,1,1,1,50,,,,1,0,P,CHEV,BSS,CP,6,17,2815,,0,1033,,G,,F,4,146,,,17R205,,,,,,2012
2012040387,4,40387,2,2,1,17,7,9,29,12,2,1,0,4,3,86,881,86881,63,2004,1M2AG11C44M0,1,M,2,A,G,1,1,C,4,4,M,0,0,0,57,1682029,571682029,3,2,96,1,0,0,0,0,0,0,0,60,0,0,0,12,6,2,12,0,0,0,1,4,85213,6,1,6,0,3,0,70,215,1,2,0,0,1,8,2009,12,2011,0,0,0,0,0,2,2,75,1,1,2,1,0,0,1,64,1,1,1,51,,,,0,0,T,MACK,CV7,CC,4,17,,8,0,0,700,D,,,6,728,,,,,00000,00,,64,2012
2012040388,4,40388,1,4,1,5,6,17,41,12,1,1,0,4,2,23,461,23461,21,1994,1GDEG25K7RF5,1,G,D,E,G,2,5,K,7,R,F,5,0,0,0,Not Applicable,Not Applicable,0,0,0,1,0,0,0,0,0,0,0,62,0,0,0,12,6,2,12,0,0,0,1,4,85033,0,0,0,0,0,0,68,150,0,0,0,0,0,0,0,0,0,1,35,91,0,0,5,5,45,1,1,2,1,0,0,6,51,1,1,3,24,,,,0,1,T,GMC,RV2,CG,94,17,,2,1250,1100,R/V,G,,,8,350,,,,C,00000,00,B,42,2012
2012040388,4,40388,2,4,1,5,6,17,41,12,1,1,0,4,2,35,47,35047,4,2005,1N4AL11D05N4,1,N,4,A,L,1,1,D,0,5,N,4,0,0,0,Not Applicable,Not Applicable,0,0,0,1,0,0,0,0,0,0,0,40,0,0,0,6,4,1,12,0,0,0,1,4,85033,6,1,0,0,3,0,69,155,0,0,0,0,0,0,0,0,0,0,0,0,0,0,5,5,45,1,1,2,1,0,0,1,53,1,1,1,25,,,,0,0,P,NISS,ASL,4D,5,17,2915,,0,1102,,G,,F,4,153,,,16R215,,,,,,2012
2012040388,4,40388,3,4,1,5,6,17,41,12,1,1,0,4,1,24,5,24005,4,2001,1G8JU54F71Y5,1,G,8,J,U,5,4,F,7,1,Y,5,0,0,0,Not Applicable,Not Applicable,0,0,0,1,0,0,0,0,0,0,0,44,0,0,0,12,6,2,12,0,0,0,1,4,85033,6,1,0,0,3,0,66,140,1,0,0,1,3,11,2009,4,2012,0,0,0,0,0,5,5,45,1,1,2,1,0,0,1,62,1,1,1,98,,,,1,0,P,STRN,L20,4D,1,17,3009,,0,1065,,G,,F,4,134,,,15R195,,,,,,2012
2012040388,4,40388,4,4,2,5,6,17,41,12,1,1,0,4,1,20,482,20482,31,2003,3GNEC13T63G1,3,G,N,E,C,1,3,T,6,3,G,1,0,0,0,Not Applicable,Not Applicable,0,0,0,1,0,0,0,0,0,0,0,41,0,1,1,63,6,2,1,0,0,0,1,4,85338,6,1,6,0,3,3,63,155,0,0,0,0,0,0,0,0,0,0,0,0,0,0,5,5,45,1,1,2,1,0,0,1,60,1,1,1,98,,,,0,0,T,CHEV,CAV,CW,3,17,,2,0,1300,AVL,G,,,8,325,,,,B,5400,00,,42,2012
2012040389,4,40389,1,1,2,3,6,1,1,1,0,1,0,4,2,20,39,20039,4,2009,KL1TD56EX9B6,K,L,1,T,D,5,6,E,X,9,B,6,0,0,0,Not Applicable,Not Applicable,0,0,0,1,0,0,0,0,0,0,0,77,0,1,5,0,6,2,1,0,0,0,1,4,85231,6,1,0,0,3,0,66,125,0,0,0,0,0,0,0,0,0,1,35,0,0,0,1,2,35,1,1,5,1,0,0,6,6,99,9,4,7,,,,1,0,P,CHEV,LTS,4D,9,17,2569,,0,976,,G,,F,4,098,,,14R185,,,,,,2012
2012040390,4,40390,1,1,4,3,6,21,13,8,0,1,0,4,2,12,481,12481,31,1994,1FTEF14Y7RLA,1,F,T,E,F,1,4,Y,7,R,L,A,0,0,0,Not Applicable,Not Applicable,0,0,0,1,0,0,0,0,0,0,0,998,0,0,0,12,9,9,8,0,0,0,1,4,85941,6,1,0,0,3,0,70,165,0,0,0,0,0,0,0,0,0,0,0,0,0,0,9,9,99,9,9,9,99,0,0,1,80,1,1,1,13,,,,0,0,T,FORD,F15,PK,94,17,,2,1330,1170,COF,G,,,6,300,,,,B,3886,01,M,44,2012
2012040391,4,40391,1,1,1,4,6,20,36,8,0,1,1,99,9,99,999,99999,99,9999,Unknown,9,9,9,9,9,9,9,9,9,9,9,9,0,0,0,Not Applicable,Not Applicable,0,0,0,1,0,0,0,0,0,0,0,45,0,0,0,12,9,1,8,0,0,0,1,99,99999,9,9,99,0,9,9,999,999,99,99,99,99,99,99,9999,99,9999,9,99,99,99,99,2,2,40,1,1,2,1,0,0,1,80,1,1,1,13,,,,0,0,,,,,,,,,,,,,,,,,,,,,,,,,2012
2012040392,4,40392,1,2,2,5,6,99,99,12,99,1,9,99,9,99,999,99999,99,9999,Unknown,9,9,9,9,9,9,9,9,9,9,9,9,0,0,0,Not Applicable,Not Applicable,0,0,0,1,0,0,0,0,0,0,0,999,0,0,0,99,9,9,12,0,0,0,1,99,99999,9,9,99,0,9,9,999,999,99,99,99,99,99,99,9999,99,9999,9,99,99,99,99,9,9,99,9,9,2,99,0,0,99,99,99,9,9,99,,,,1,0,,,,,,,,,,,,,,,,,,,,,,,,,2012
2012040392,4,40392,2,2,1,5,6,99,99,12,99,1,9,99,9,99,999,99999,99,9999,Unknown,9,9,9,9,9,9,9,9,9,9,9,9,0,0,0,Not Applicable,Not Applicable,0,0,0,1,0,0,0,0,0,0,0,999,0,0,0,99,9,9,12,0,0,0,1,99,99999,9,9,99,0,9,9,999,999,99,99,99,99,99,99,9999,99,9999,9,99,99,99,99,9,9,99,9,9,9,99,0,0,99,99,99,9,9,99,,,,0,0,,,,,,,,,,,,,,,,,,,,,,,,,2012
2012040393,4,40393,1,1,1,7,6,3,22,5,0,1,0,12,1,72,706,72706,80,2012,1HD1KBM15CB6,1,H,D,1,K,B,M,1,5,C,B,6,0,0,0,Not Applicable,Not Applicable,0,0,0,1,0,0,0,0,0,0,0,999,0,0,0,0,6,2,5,0,0,0,1,12,32763,6,1,0,0,3,0,70,225,0,2,0,0,0,6,2011,7,2011,9,99,99,99,99,2,2,75,1,1,2,1,0,0,1,12,1,1,4,0,,,,1,0,M,HD,FHX,RS,12,17,,,,,,,1690,,2,,4,785,,,,,,,2012
2012040394,4,40394,1,1,1,16,6,99,99,8,0,1,9,99,9,99,999,99999,99,9999,Unknown,9,9,9,9,9,9,9,9,9,9,9,9,0,0,0,Not Applicable,Not Applicable,0,0,0,1,0,0,0,0,0,0,0,999,0,0,0,99,9,9,8,0,0,0,1,99,99999,9,9,99,0,9,9,999,999,99,99,99,99,99,99,9999,99,9999,9,99,99,99,99,9,9,99,9,9,2,99,99,9,99,82,99,9,9,13,,,,0,0,,,,,,,,,,,,,,,,,,,,,,,,,2012
2012040395,4,40395,1,1,1,16,6,0,18,8,0,1,0,4,1,2,403,2403,14,2006,1J4FA64S96P7,1,J,4,F,A,6,4,S,9,6,P,7,0,0,0,Not Applicable,Not Applicable,0,0,0,1,0,0,0,0,0,0,0,32,0,0,0,12,2,1,8,0,0,0,1,4,85382,6,1,0,0,3,0,71,200,0,0,0,0,0,0,0,0,0,0,0,0,0,0,5,5,35,1,1,2,1,0,0,1,80,7,1,1,13,,,,0,0,T,JEEP,RLG,2W,6,17,,1,0,1034,W/T,G,,,6,244,,,,,3801,00,E,44,2012
2012040396,4,40396,1,1,2,16,6,1,25,33,0,1,0,99,9,76,709,76709,80,2007,Unknown,9,9,9,9,9,9,9,9,9,9,9,9,0,0,0,Not Applicable,Not Applicable,0,0,0,1,0,0,0,0,0,0,0,999,0,0,0,14,9,9,5,0,0,0,1,4,85027,6,1,0,0,2,0,71,192,0,0,0,2,0,4,2011,5,2011,1,89,0,0,0,1,2,99,9,1,2,99,0,0,99,12,1,1,4,6,,,,1,1,,,,,,,,,,,,,,,,,,,,,,,,,2012
2012040397,4,40397,1,3,1,16,6,13,49,12,1,1,0,4,1,6,43,6043,4,2005,1C3EL66R05N5,1,C,3,E,L,6,6,R,0,5,N,5,0,0,0,Not Applicable,Not Applicable,0,0,0,1,0,0,0,0,0,0,0,53,0,0,0,12,6,2,12,0,0,0,1,4,85032,6,1,0,0,3,0,71,120,0,0,0,1,0,6,2011,6,2011,0,28,0,0,0,5,5,45,1,1,2,1,0,0,1,50,1,1,3,20,,,,0,0,P,CHRY,SLT,4D,5,17,3164,,0,1080,,G,,F,6,165,,,17R215,,,,,,2012
2012040397,4,40397,2,3,3,16,6,13,49,12,1,1,0,4,1,35,43,35043,4,2002,3N1AB51D32L7,3,N,1,A,B,5,1,D,3,2,L,7,0,0,0,Not Applicable,Not Applicable,0,0,0,1,0,0,0,0,0,0,0,0,0,0,0,6,6,2,12,0,0,0,1,4,85043,6,1,0,0,3,0,62,164,0,0,0,0,0,0,0,0,0,0,0,0,0,0,5,5,45,1,1,2,1,0,0,11,53,1,1,1,22,,,,1,0,P,NISS,SSR,4D,2,17,2652,,0,998,,G,,F,4,153,,,16R195,,,,,,2012
2012040397,4,40397,3,3,2,16,6,13,49,12,1,1,0,35,1,12,17,12017,4,2002,1FAFP53U82A2,1,F,A,F,P,5,3,U,8,2,A,2,0,0,0,Not Applicable,Not Applicable,0,0,0,1,0,0,0,0,0,0,0,31,0,0,0,12,6,2,12,0,0,0,1,35,88030,6,1,0,0,3,3,60,107,98,0,0,1,0,12,2011,12,2011,0,0,0,0,0,5,5,45,1,1,2,1,0,0,1,62,4,1,1,98,,,,0,0,P,FORD,TSE,4D,2,17,3355,,0,1085,,G,,F,6,182,,,16R215,,,,,,2012
2012040398,4,40398,1,2,2,17,6,8,37,12,99,1,0,4,2,20,22,20022,4,2006,1G1AL55F6678,1,G,1,A,L,5,5,F,6,6,7,8,0,0,0,Not Applicable,Not Applicable,0,0,0,1,0,0,0,0,0,0,0,999,0,1,9,99,6,2,2,0,0,1,1,4,85247,1,1,0,0,2,0,64,220,0,3,1,0,0,5,2011,1,2012,0,39,0,0,0,1,2,45,1,1,2,1,20,3,1,17,1,1,1,91,,,,2,1,P,CHEV,BLT,4D,6,17,3216,,0,1033,,G,,F,4,134,,,15R195,,,,,,2012
2012040398,4,40398,2,2,7,17,6,8,37,12,99,1,0,4,2,37,421,37421,15,2011,5FNYF4H58BB0,5,F,N,Y,F,4,H,5,8,B,B,0,0,0,0,Not Applicable,Not Applicable,0,0,0,1,0,0,0,0,0,0,0,65,0,0,0,99,6,2,12,0,0,0,1,4,85383,6,1,0,0,3,3,67,145,0,0,0,0,0,0,0,0,0,0,0,0,0,0,1,2,65,1,1,2,1,0,0,1,66,99,1,9,91,,,,0,0,P,HOND,PIL,UT,11,17,4544,,0,1092,,G,,F,6,213,,,17R245,,,,,,2012
2012040399,4,40399,1,1,1,17,6,2,50,1,0,1,0,99,9,99,999,99999,99,9999,Unknown,9,9,9,9,9,9,9,9,9,9,9,9,0,0,0,Not Applicable,Not Applicable,0,0,0,1,0,0,0,0,0,0,0,999,0,1,9,0,9,9,1,0,0,0,1,4,86510,0,0,0,0,0,0,62,130,0,0,0,0,0,0,0,0,0,9,99,99,99,99,9,9,99,9,9,9,99,0,0,99,99,99,9,9,99,,,,1,0,,,,,,,,,,,,,,,,,,,,,,,,,2012
2012040400,4,40400,1,2,2,17,6,5,57,12,2,1,0,4,1,20,2,20002,4,2010,2G1WA5EK2A12,2,G,1,W,A,5,E,K,2,A,1,2,0,0,0,Not Applicable,Not Applicable,0,0,0,1,0,0,0,0,0,0,0,53,0,0,0,12,6,2,12,0,0,0,1,4,85033,6,1,0,0,3,0,69,160,0,0,0,0,0,0,0,0,0,0,28,91,0,0,5,5,40,1,1,2,1,0,0,1,10,1,1,2,50,,,,0,1,P,CHEV,IPL,4D,10,17,3555,,0,1105,,F,,F,6,214,,,16R225,,,,,,2012
2012040400,4,40400,2,2,4,17,6,5,57,12,2,1,0,4,2,52,46,52046,4,2004,JA3AJ26E74U0,J,A,3,A,J,2,6,E,7,4,U,0,0,0,0,Not Applicable,Not Applicable,0,0,0,1,0,0,0,0,0,0,0,30,0,0,0,12,6,2,12,0,0,0,1,4,85029,6,1,0,0,3,0,67,150,0,0,0,0,1,1,2011,1,2011,0,0,0,0,0,5,5,40,1,1,2,1,0,0,1,62,99,1,1,51,,,,1,1,P,MITS,LES,4D,4,17,2656,,0,1024,,G,,F,4,122,,,14R185,,,,,,2012
2012040401,4,40401,1,1,1,24,6,17,38,1,0,1,0,4,1,76,705,76705,80,2001,JYA5AHE051A0,J,Y,A,5,A,H,E,0,5,1,A,0,0,0,0,Not Applicable,Not Applicable,0,0,0,1,0,0,0,0,0,0,0,50,0,0,0,0,6,2,32,0,0,0,1,4,85041,6,1,0,0,3,0,73,281,0,0,0,0,0,0,0,0,0,1,52,0,0,0,1,2,25,1,1,2,1,20,3,1,6,1,2,3,98,,,,1,0,M,YAMA,YZF,RC,1,17,,,,,,,599,,4,,4,416,,,,,,,2012
2012040402,4,40402,1,1,1,25,6,19,44,1,0,1,0,4,2,42,42,42042,4,2002,WDBRF64J32E0,W,D,B,R,F,6,4,J,3,2,E,0,0,0,0,Not Applicable,Not Applicable,0,0,0,1,0,0,0,0,0,0,0,998,0,1,9,0,6,2,1,0,0,0,1,48,77063,6,1,6,0,3,3,71,999,0,0,0,0,0,0,0,0,0,9,0,0,0,0,8,8,98,8,8,8,98,0,0,99,99,99,9,9,98,,,,1,0,P,MERZ,C32,4D,2,17,3350,,0,1068,,F,,F,6,195,,,16R205,,,,,,2012
2012040403,4,40403,1,2,1,25,6,6,47,12,6,1,0,4,1,20,481,20481,31,2008,3GCEK13Y58G2,3,G,C,E,K,1,3,Y,5,8,G,2,0,0,0,Not Applicable,Not Applicable,0,0,0,1,0,0,0,0,0,0,0,75,0,0,0,12,6,2,12,0,0,0,1,4,85028,6,1,0,0,3,0,71,180,0,1,0,3,0,8,2009,2,2011,1,91,39,0,0,5,5,40,1,1,2,1,0,0,1,72,1,1,1,83,,,,0,0,T,CHEV,SK1,CW,8,17,,2,0,1435,SIL,G,,,8,366,,,,B,5326,00,,44,2012
2012040403,4,40403,2,2,1,25,6,6,47,12,6,1,0,4,1,41,51,41051,5,2007,JM1BK34L6716,J,M,1,B,K,3,4,L,6,7,1,6,0,0,0,Not Applicable,Not Applicable,0,0,0,1,0,0,0,0,0,0,0,7,0,0,0,9,6,2,12,0,0,0,1,4,85013,6,1,0,0,3,3,72,210,0,0,0,0,0,0,0,0,0,0,0,0,0,0,5,5,40,1,1,2,1,0,0,11,15,1,1,1,82,,,,1,0,P,MAZD,MS3,4H,7,17,3153,,0,1039,,G,,T,4,138,,,18R215,,,,,,2012
2012040404,4,40404,1,1,2,26,6,20,12,8,0,1,0,99,9,62,401,62401,14,2002,Unknown,9,9,9,9,9,9,9,9,9,9,9,9,0,0,0,Not Applicable,Not Applicable,0,0,0,1,0,0,0,0,0,0,0,999,0,0,0,12,9,9,8,0,0,0,1,99,99999,9,9,99,0,9,9,999,999,99,99,99,99,99,99,9999,99,9999,9,99,99,99,99,9,9,99,1,1,2,99,2,3,99,80,99,9,9,13,,,,0,0,,,,,,,,,,,,,,,,,,,,,,,,,2012
2012040405,4,40405,1,2,1,28,6,10,4,12,6,1,0,4,1,18,2,18002,4,2004,1G4HP52K64U1,1,G,4,H,P,5,2,K,6,4,U,1,0,0,0,Not Applicable,Not Applicable,0,0,0,1,0,0,0,0,0,0,0,998,0,0,0,9,6,2,12,0,0,0,1,4,85373,6,1,0,0,3,3,63,147,0,0,0,0,0,0,0,0,0,0,39,0,0,0,1,2,25,1,1,2,1,3,3,1,17,1,1,1,89,,,,1,0,P,BUIC,LCF,4D,4,17,3567,,0,1122,,G,,F,6,231,,,15R215,,,,,,2012