accident_id,STATE,ST_CASE,VEH_NO,VE_FORMS,NUMOCCS,DAY,MONTH,HOUR,MINUTE,HARM_EV,MAN_COLL,UNITTYPE,HIT_RUN,REG_STAT,OWNER,MAKE,MODEL,MAK_MOD,BODY_TYP,MOD_YEAR,VIN,VIN_1,VIN_2,VIN_3,VIN_4,VIN_5,VIN_6,VIN_7,VIN_8,VIN_9,VIN_10,VIN_11,VIN_12,TOW_VEH,J_KNIFE,MCARR_I1,MCARR_I2,MCARR_ID,GVWR,V_CONFIG,CARGO_BT,HAZ_INV,HAZ_PLAC,HAZ_ID,HAZ_CNO,HAZ_REL,BUS_USE,SPEC_USE,EMER_USE,TRAV_SP,UNDERIDE,ROLLOVER,ROLINLOC,IMPACT1,DEFORMED,TOWED,M_HARM,VEH_SC1,VEH_SC2,FIRE_EXP,DR_PRES,L_STATE,DR_ZIP,L_STATUS,L_TYPE,CDL_STAT,L_ENDORS,L_COMPL,L_RESTRI,DR_HGT,DR_WGT,PREV_ACC,PREV_SUS,PREV_DWI,PREV_SPD,PREV_OTH,FIRST_MO,FIRST_YR,LAST_MO,LAST_YR,SPEEDREL,DR_SF1,DR_SF2,DR_SF3,DR_SF4,VTRAFWAY,VNUM_LAN,VSPD_LIM,VALIGN,VPROFILE,VPAVETYP,VSURCOND,VTRAFCON,VTCONT_F,P_CRASH1,P_CRASH2,P_CRASH3,PCRASH4,PCRASH5,ACC_TYPE,TRLR1VIN,TRLR2VIN,TRLR3VIN,DEATHS,DR_DRINK,VINTYPE,VINMAKE,VINA_MOD,VIN_BT,VINMODYR,VIN_LNGT,VIN_WGT,WGTCD_TR,WHLBS_LG,WHLBS_SH,SER_TR,FUELCODE,MCYCL_DS,CARBUR,CYLINDER,DISPLACE,MCYCL_CY,MCYCL_WT,TIRE_SZE,TON_RAT,TRK_WT,TRKWTVAR,VIN_REST,WHLDRWHL,Year
2012040405,4,40405,2,2,1,28,6,10,4,12,6,1,0,4,3,42,403,42403,14,2012,WDCGG5GB1CF7,W,D,C,G,G,5,G,B,1,C,F,7,0,0,0,Not Applicable,Not Applicable,0,0,0,1,0,0,0,0,0,0,0,998,0,0,0,12,6,2,12,0,0,0,1,4,85374,6,1,0,0,3,0,66,147,0,0,0,0,0,0,0,0,0,0,89,0,0,0,2,3,45,1,1,2,1,3,3,1,66,1,1,1,88,,,,0,0,P,MERZ,GK3,UT,12,17,3979,,0,1085,,G,,F,6,213,,,17R245,,,,,,2012
2012040406,4,40406,1,1,1,28,6,18,42,1,0,1,0,4,1,49,442,49442,20,2007,5TDZK23C87S0,5,T,D,Z,K,2,3,C,8,7,S,0,0,0,0,Not Applicable,Not Applicable,0,0,0,1,0,0,0,0,0,0,0,57,0,1,1,0,6,2,1,32,0,0,1,4,85901,6,1,0,0,3,0,67,160,0,0,0,1,0,3,2012,3,2012,1,58,0,0,0,1,2,45,1,5,2,1,0,0,1,9,9,1,6,98,,,,1,0,P,TOYT,SIE,SV,7,17,4177,,0,1193,,G,,F,6,214,,,16R215,,,,,,2012
2012040407,4,40407,1,1,2,29,6,12,44,9,0,1,1,4,2,7,472,7472,31,2006,1D5HE48N86S5,1,D,5,H,E,4,8,N,8,6,S,5,0,0,0,Not Applicable,Not Applicable,0,0,0,1,0,0,0,0,0,0,0,40,0,0,0,12,2,1,9,0,0,0,1,4,85225,6,1,0,0,3,0,73,200,0,0,0,0,0,0,0,0,0,0,91,0,0,0,5,6,40,1,1,2,1,0,0,1,83,1,1,1,13,,,,0,0,T,DODG,DQS,CW,6,17,,2,0,1309,DAK,G,,,8,287,,,,B,4259,00,K,42,2012
2012040408,4,40408,1,4,1,5,6,20,59,12,9,1,0,4,2,49,50,49050,3,2006,JTKDE1773600,J,T,K,D,E,1,7,7,3,6,0,0,0,0,0,Not Applicable,Not Applicable,0,0,0,1,0,0,0,0,0,0,0,60,0,0,0,3,6,2,12,0,0,0,1,4,85345,6,1,0,0,3,0,68,145,0,1,0,2,1,7,2011,3,2012,1,0,0,0,0,5,5,40,1,1,2,1,0,0,1,6,99,4,2,32,,,,1,0,P,TOYT,SXC,2H,6,17,2905,,0,1063,,G,,F,4,144,,,17R215,,,,,,2012
2012040408,4,40408,2,4,1,5,6,20,59,12,9,1,0,4,1,49,472,49472,30,2007,5TEJU62N17Z3,5,T,E,J,U,6,2,N,1,7,Z,3,0,0,0,Not Applicable,Not Applicable,0,0,0,1,0,0,0,0,0,0,0,0,0,1,9,6,6,2,12,0,0,0,1,4,85015,6,1,0,0,3,0,70,170,0,0,0,0,0,0,0,0,0,0,0,0,0,0,5,5,40,1,1,2,1,0,0,5,61,1,1,1,32,,,,0,0,T,TOYT,DCP,CW,7,17,,1,0,1278,TAC,G,,,6,244,,,,B,3845,00,E,42,2012
2012040408,4,40408,3,4,2,5,6,20,59,12,9,1,0,4,1,20,431,20431,16,2003,3GNGC26U83G1,3,G,N,G,C,2,6,U,8,3,G,1,0,0,0,Not Applicable,Not Applicable,0,0,0,1,0,0,0,0,0,0,0,40,0,0,0,10,6,2,12,0,0,0,1,4,85301,6,1,0,0,3,0,58,163,0,0,0,0,0,0,0,0,0,0,0,0,0,0,5,5,40,1,1,2,1,0,0,1,62,1,1,1,98,,,,0,0,P,CHEV,C25,UT,3,17,5447,,0,1300,,G,,F,8,364,,,16R245,,,,,,2012
2012040408,4,40408,4,4,1,5,6,20,59,12,9,1,0,4,1,58,33,58033,4,2001,JNKCP11A81T4,J,N,K,C,P,1,1,A,8,1,T,4,0,0,0,Not Applicable,Not Applicable,0,0,0,1,0,0,0,0,0,0,0,40,0,0,0,12,6,2,12,0,0,0,1,4,85015,6,1,0,0,3,0,62,163,0,1,0,0,1,10,2010,1,2011,0,0,0,0,0,5,5,40,1,1,2,1,0,0,1,54,1,1,1,98,,,,0,0,P,INFI,G20,4D,1,17,2826,,0,1024,,G,,F,4,122,,,15R195,,,,,,2012
2012040409,4,40409,1,2,2,29,7,11,1,12,2,1,0,4,1,51,881,51881,66,1999,4VG7DARH2XN7,4,V,G,7,D,A,R,H,2,X,N,7,1,1,57,697444,57697444,3,6,1,1,0,0,0,0,0,0,0,998,7,1,5,12,6,2,12,0,0,1,1,4,85339,6,1,6,1,3,0,65,165,0,0,0,0,1,5,2012,5,2012,0,99,99,99,99,2,2,75,1,1,2,1,0,0,1,9,1,1,7,50,,,,0,0,T,VOLV,VVN,TR,99,17,,8,0,0,VVN,D,,,6,677,,,,,00000,00,,64,2012
2012040409,4,40409,2,2,7,29,7,11,1,12,2,1,0,4,1,6,441,6441,20,2005,1C4GP45R65B2,1,C,4,G,P,4,5,R,6,5,B,2,0,0,0,Not Applicable,Not Applicable,0,0,0,1,0,0,0,0,0,0,0,998,0,0,0,12,6,2,12,0,0,1,1,4,85344,6,1,0,0,3,3,66,160,0,0,0,0,0,0,0,0,0,0,0,0,0,0,2,2,75,1,1,2,1,0,0,1,64,1,1,1,51,,,,7,0,P,CHRY,TWC,SV,5,17,3819,,0,1133,,G,,F,6,201,,,15R215,,,,,,2012
2012040410,4,40410,1,1,1,12,7,21,28,35,0,1,0,4,1,76,705,76705,80,2006,JYARJ06E36A0,J,Y,A,R,J,0,6,E,3,6,A,0,0,0,0,Not Applicable,Not Applicable,0,0,0,1,0,0,0,0,0,0,0,78,0,0,0,12,6,2,35,35,0,0,1,4,85207,6,1,0,0,3,0,65,125,0,2,0,1,0,9,2009,3,2012,1,39,0,0,0,1,2,35,1,1,2,1,20,3,1,14,3,2,4,14,,,,1,0,M,YAMA,R6L,RC,6,17,,,,,,,599,,4,,4,357,,,,,,,2012
2012040411,4,40411,1,2,1,5,7,19,16,12,6,1,0,4,2,51,41,51041,4,1997,YV1KS9600V11,Y,V,1,K,S,9,6,0,0,V,1,1,0,0,0,Not Applicable,Not Applicable,0,0,0,1,0,0,0,0,0,0,0,47,0,0,0,12,6,2,12,0,0,0,1,4,85029,0,0,0,0,0,0,68,170,0,1,0,0,0,1,2011,1,2011,0,39,91,0,0,1,2,30,1,1,2,1,2,3,1,17,1,1,1,86,,,,0,1,P,VOLV,960,4D,97,17,3541,,0,1091,,G,,F,6,178,,,16R205,,,,,,2012
2012040411,4,40411,2,2,4,5,7,19,16,12,6,1,0,4,1,53,402,53402,14,2001,JS3TD62V7141,J,S,3,T,D,6,2,V,7,1,4,1,0,0,0,Not Applicable,Not Applicable,0,0,0,1,0,0,0,0,0,0,0,33,0,1,1,82,6,2,12,0,0,0,1,4,85301,6,1,0,0,3,0,66,165,0,0,0,0,0,0,0,0,0,0,0,0,0,0,5,5,40,1,1,2,1,2,2,1,66,1,1,1,87,,,,1,0,P,SUZI,GVT,UT,1,17,3197,,0,976,,G,,F,6,152,,,16R235,,,,,,2012
2012040412,4,40412,1,1,3,10,7,1,35,1,0,1,0,20,2,12,422,12422,15,2004,1FMPU16L34LA,1,F,M,P,U,1,6,L,3,4,L,A,0,0,0,Not Applicable,Not Applicable,0,0,0,1,0,0,0,0,0,0,0,75,0,1,1,0,6,2,1,0,0,0,1,20,67052,6,1,0,0,3,0,63,160,0,0,0,1,0,9,2011,9,2011,1,0,0,0,0,2,2,75,1,3,2,1,0,0,15,9,7,3,3,98,,,,1,0,P,FORD,EPT,UT,4,17,5394,,0,1191,,G,,F,8,330,,,17R265,,,,,,2012
2012040413,4,40413,1,1,4,19,7,13,42,1,0,1,0,4,1,12,401,12401,14,1998,1FMZU32P8WZA,1,F,M,Z,U,3,2,P,8,W,Z,A,0,0,0,Not Applicable,Not Applicable,0,0,0,1,0,0,0,0,0,0,0,998,0,1,3,0,6,2,1,0,0,0,1,4,85301,6,1,0,0,3,0,63,180,0,0,0,0,0,0,0,0,0,0,80,0,0,0,2,2,65,1,1,2,1,0,0,1,1,1,4,4,7,,,,1,0,P,FORD,EPR,UT,98,17,3911,,0,1115,,G,,F,8,302,,,15R225,,,,,,2012
2012040414,4,40414,1,1,3,29,7,13,32,58,0,1,0,4,1,49,53,49053,5,2010,4T3ZA3BB7AU0,4,T,3,Z,A,3,B,B,7,A,U,0,0,0,0,Not Applicable,Not Applicable,0,0,0,1,0,0,0,0,0,0,0,73,0,1,3,12,6,2,1,0,0,0,1,4,86406,6,1,0,0,3,0,64,130,0,0,0,0,0,0,0,0,0,1,87,0,0,0,2,2,75,2,6,2,6,0,0,14,5,1,9,4,7,,,,1,0,P,TOYT,VEN,UT,10,17,3760,,0,1093,,G,,F,4,164,,,19R245,,,,,,2012
2012040415,4,40415,1,1,1,29,7,22,7,35,0,1,0,4,1,12,481,12481,31,2006,1FTRF122X6NB,1,F,T,R,F,1,2,2,X,6,N,B,0,0,0,Not Applicable,Not Applicable,0,0,0,1,0,0,0,0,0,0,0,55,0,1,5,99,6,2,1,0,0,0,1,4,85321,6,1,0,0,3,3,72,210,0,7,0,0,1,11,2009,1,2011,0,99,99,99,99,1,2,55,3,6,2,2,0,0,14,9,99,9,4,7,,,,1,0,T,FORD,F15,PK,6,17,,2,1450,1260,COF,G,,,6,256,,,,B,4615,02,E,42,2012
2012040416,4,40416,1,2,2,30,7,10,28,24,0,1,0,6,1,18,20,18020,4,1999,2G4WB52K4X14,2,G,4,W,B,5,2,K,4,X,1,4,0,0,0,Not Applicable,Not Applicable,0,0,0,1,0,0,0,0,0,0,0,999,0,0,0,81,6,2,12,0,0,0,1,6,91767,6,1,0,0,3,3,65,130,0,0,0,0,0,0,0,0,0,1,87,0,0,0,2,2,75,1,1,2,6,0,0,1,6,99,4,4,7,,,,1,0,P,BUIC,RLL,4D,99,17,3439,,0,1090,,G,,F,6,231,,,15R215,,,,,,2012
2012040416,4,40416,2,2,1,30,7,10,28,24,0,1,0,32,3,93,981,93981,51,2006,2M93JMDA06W0,2,M,9,3,J,M,D,A,0,6,W,0,0,0,57,659439,57659439,3,21,22,1,0,0,0,0,5,0,0,70,0,0,0,12,2,1,12,0,0,0,1,32,89032,6,1,6,1,3,3,999,999,0,0,0,0,0,0,0,0,0,0,0,0,0,0,2,2,75,1,1,2,2,0,0,1,60,9,1,2,98,,,,0,0,T,MCIN,,,6,17,,,,,,,,,,,,,,,,,,,2012
2012040417,4,40417,1,2,1,3,7,23,33,12,1,1,0,4,1,53,705,53705,80,2005,JS1GR7AJ0521,J,S,1,G,R,7,A,J,0,5,2,1,0,0,0,Not Applicable,Not Applicable,0,0,0,1,0,0,0,0,0,0,0,60,0,0,0,12,6,2,12,0,0,0,1,4,85388,6,1,0,0,3,0,71,190,1,1,0,0,2,4,2010,2,2011,1,0,0,0,0,2,3,45,1,1,2,1,3,3,1,50,1,1,1,20,,,,1,1,M,SUZI,,,5,17,,,,,,,,,,,,,,,,,,,2012
2012040417,4,40417,2,2,1,3,7,23,33,12,1,1,0,4,4,84,881,84881,66,2008,2HSCUAPR98C6,2,H,S,C,U,A,P,R,9,8,C,6,1,1,57,138208,57138208,3,6,1,1,0,0,0,0,0,0,0,0,0,0,0,6,2,1,12,0,0,0,1,4,85295,6,1,6,0,3,0,67,300,0,0,0,0,0,0,0,0,0,0,0,0,0,0,2,3,45,1,1,2,1,3,3,5,53,1,1,1,21,,,,0,0,T,INTL,PPR,TR,8,17,,8,0,0,PRO,D,,,6,915,,,,,00000,00,,64,2012
2012040418,4,40418,1,1,2,13,7,9,23,1,0,1,0,4,2,2,403,2403,14,2000,1J4FA59S3YP7,1,J,4,F,A,5,9,S,3,Y,P,7,0,0,0,Not Applicable,Not Applicable,0,0,0,1,0,0,0,0,0,0,0,998,0,1,1,0,6,2,1,0,0,0,1,4,86040,6,1,0,0,3,0,67,150,0,0,0,0,0,0,0,0,0,0,0,0,0,0,1,2,50,3,6,2,1,0,0,14,13,6,4,6,98,,,,1,0,T,JEEP,SAW,2W,0,17,,1,0,934,W/T,G,,,6,244,,,,,3234,00,U,44,2012
2012040419,4,40419,1,1,1,29,6,99,99,1,0,1,0,99,9,99,999,99999,99,9999,Unknown,9,9,9,9,9,9,9,9,9,9,9,9,0,0,0,Not Applicable,Not Applicable,0,0,0,1,0,0,0,0,0,0,0,999,0,9,9,0,9,9,1,0,0,0,1,4,86505,6,1,0,0,3,0,69,159,0,0,0,0,0,0,0,0,0,9,99,99,99,99,9,9,99,9,9,9,99,0,0,99,99,99,9,4,99,,,,1,0,,,,,,,,,,,,,,,,,,,,,,,,,2012
2012040420,4,40420,1,1,1,29,6,21,50,8,0,1,9,99,9,99,884,99884,66,9999,Unknown,9,9,9,9,9,9,9,9,9,9,9,9,4,1,99,Unknown,Unknown,3,99,99,1,0,0,0,0,0,0,0,999,0,0,0,12,9,9,8,0,0,0,1,99,99999,9,9,99,9,9,9,999,999,99,99,99,99,99,99,9999,99,9999,9,99,99,99,99,2,2,99,9,9,2,99,0,0,99,82,99,9,9,13,,,,0,0,,,,,,,,,,,,,,,,,,,,,,,,,2012
2012040421,4,40421,1,2,2,2,7,1,24,12,6,1,0,4,1,37,31,37031,3,1992,2HGEH2341NH5,2,H,G,E,H,2,3,4,1,N,H,5,0,0,0,Not Applicable,Not Applicable,0,0,0,1,0,0,0,0,0,0,0,17,0,0,0,61,6,2,12,0,0,0,1,4,85367,6,1,0,0,3,0,66,130,0,0,0,0,0,0,0,0,0,0,39,0,0,0,1,2,50,1,1,2,1,4,3,1,17,3,2,1,89,,,,1,0,P,HOND,UCC,2H,92,17,2094,,0,1013,,G,,F,4,091,,,13R165,,,,,,2012
2012040421,4,40421,2,2,1,2,7,1,24,12,6,1,0,4,1,12,471,12471,30,1995,1FTCR10A2SUA,1,F,T,C,R,1,0,A,2,S,U,A,0,0,0,Not Applicable,Not Applicable,0,0,0,1,0,0,0,0,0,0,0,45,0,0,0,12,6,2,12,0,0,0,1,4,85009,6,1,0,0,3,0,68,150,0,0,0,1,0,11,2009,11,2009,0,0,0,0,0,1,2,50,1,1,2,1,0,0,1,66,3,2,1,88,,,,0,0,T,FORD,RNG,PK,95,17,,1,1140,1080,RNG,G,,,4,140,,,,B,00000,00,M,42,2012
2012040422,4,40422,1,1,8,15,7,0,36,1,0,1,0,4,1,2,403,2403,14,2010,1J4BA3H12AL1,1,J,4,B,A,3,H,1,2,A,L,1,0,0,0,Not Applicable,Not Applicable,0,0,0,1,0,0,0,0,0,0,0,40,0,1,9,0,6,2,1,0,0,0,1,4,85251,6,1,0,0,3,3,75,195,0,0,0,0,0,0,0,0,0,1,91,0,0,0,1,2,25,3,6,5,1,0,0,14,13,1,1,4,1,,,,2,1,T,JEEP,WSS,4W,10,17,,1,0,1160,WUL,G,,,6,230,,,,,4075,00,E,44,2012
2012040423,4,40423,1,2,2,15,7,3,14,12,6,1,0,4,2,12,16,12016,4,2001,2FAFP71W61X2,2,F,A,F,P,7,1,W,6,1,X,2,0,0,0,Not Applicable,Not Applicable,0,0,0,1,0,0,0,0,0,0,0,59,0,0,0,3,6,2,12,0,0,1,1,4,85322,0,0,0,0,0,0,69,200,0,0,0,0,1,6,2012,6,2012,0,91,39,0,0,5,4,45,1,1,2,1,2,3,1,17,1,1,1,87,,,,0,1,P,FORD,CVP,4D,1,17,3996,,0,1147,,G,,F,8,281,,,16R225,,,,,,2012
2012040423,4,40423,2,2,1,15,7,3,14,12,6,1,0,4,2,12,481,12481,31,2002,1FTRW07362KD,1,F,T,R,W,0,7,3,6,2,K,D,0,0,0,Not Applicable,Not Applicable,0,0,0,1,0,0,0,0,0,0,0,49,0,0,0,12,6,2,12,0,0,0,1,4,85041,6,1,0,0,3,0,63,204,0,0,0,0,0,0,0,0,0,0,0,0,0,0,5,4,45,1,1,2,1,2,3,1,66,1,1,1,86,,,,1,1,T,FORD,F1H,CW,2,17,,2,0,1385,COF,G,,,8,330,,,,B,00000,00,E,42,2012
2012040424,4,40424,1,1,1,26,7,4,21,33,0,1,0,4,5,18,10,18010,2,1986,1G4GM47Y0GP2,1,G,4,G,M,4,7,Y,0,G,P,2,0,0,0,Not Applicable,Not Applicable,0,0,0,1,0,0,0,0,0,0,0,70,0,1,6,14,6,2,25,0,0,1,1,4,85041,0,0,0,0,0,0,67,135,0,0,0,0,0,0,0,0,0,1,0,0,0,0,1,2,30,2,1,2,1,40,3,14,12,1,1,4,6,,,,1,1,P,BUIC,RLM,CP,86,17,3132,,0,1081,,G,,4,8,307,,,14R195,,,,,,2012
2012040425,4,40425,1,1,2,1,8,16,4,35,0,1,0,4,1,49,40,49040,4,1993,JT2SK12EXP00,J,T,2,S,K,1,2,E,X,P,0,0,0,0,0,Not Applicable,Not Applicable,0,0,0,1,0,0,0,0,0,0,0,998,0,1,1,82,6,2,1,0,0,0,1,4,85541,1,1,0,0,2,0,70,175,0,4,0,1,4,12,2009,7,2012,1,0,0,0,0,3,2,55,2,6,2,1,0,0,14,6,1,3,4,2,,,,1,1,P,TOYT,CLE,4D,93,17,3053,,0,1031,,G,,F,4,132,,,14R195,,,,,,2012
2012040426,4,40426,1,1,5,3,8,6,15,1,0,1,0,6,1,49,40,49040,4,1994,JT2SK12E9R02,J,T,2,S,K,1,2,E,9,R,0,2,0,0,0,Not Applicable,Not Applicable,0,0,0,1,0,0,0,0,0,0,0,80,0,1,5,0,6,2,1,0,0,0,1,6,90731,6,1,0,0,3,0,62,130,0,0,0,0,0,0,0,0,0,1,58,0,0,0,2,2,75,1,1,2,1,0,0,1,9,7,3,4,2,,,,1,0,P,TOYT,CLE,4D,94,17,3086,,0,1031,,G,,F,4,132,,,14R195,,,,,,2012
2012040427,4,40427,1,7,1,4,8,21,47,8,0,1,0,4,1,54,37,54037,2,2001,19UYA42641A0,1,9,U,Y,A,4,2,6,4,1,A,0,0,0,0,Not Applicable,Not Applicable,0,0,0,1,0,0,0,0,0,0,0,65,0,0,0,12,4,1,8,0,0,0,1,4,85718,6,1,0,0,3,0,71,218,0,0,0,0,0,0,0,0,0,0,0,0,0,0,3,5,65,1,1,2,1,0,0,1,80,1,1,1,13,,,,0,0,P,ACUR,32S,CP,1,17,3510,,0,1069,,G,,F,6,197,,,17R215,,,,,,2012
2012040427,4,40427,2,7,1,4,8,21,47,8,0,1,1,99,9,12,401,12401,14,9999,Unknown,9,9,9,9,9,9,9,9,9,9,9,9,0,0,0,Not Applicable,Not Applicable,0,0,0,1,0,0,0,0,0,0,0,65,0,0,0,14,4,1,8,0,0,0,1,99,99999,9,9,99,0,9,9,999,999,99,99,99,99,99,99,9999,99,9999,0,99,99,99,99,3,5,65,1,1,2,1,0,0,1,80,1,1,1,98,,,,0,0,,,,,,,,,,,,,,,,,,,,,,,,,2012
2012040427,4,40427,3,7,1,4,8,21,47,8,0,1,0,4,1,20,39,20039,4,2007,KL1TD56677B1,K,L,1,T,D,5,6,6,7,7,B,1,0,0,0,Not Applicable,Not Applicable,0,0,0,1,0,0,0,0,0,0,0,65,0,0,0,14,0,1,8,0,0,0,1,4,85730,1,1,0,0,2,3,69,130,0,4,0,0,0,4,2010,7,2012,0,0,0,0,0,3,5,65,1,1,2,1,0,0,1,80,1,1,1,98,,,,0,0,P,CHEV,ABS,4D,7,17,2531,,0,976,,G,,F,4,098,,,14R185,,,,,,2012
2012040427,4,40427,4,7,3,4,8,21,47,8,0,1,0,4,2,41,51,41051,4,2010,JM1BL1SG0A13,J,M,1,B,L,1,S,G,0,A,1,3,0,0,0,Not Applicable,Not Applicable,0,0,0,1,0,0,0,0,0,0,0,65,0,0,0,14,0,1,8,0,0,0,1,4,85641,6,1,0,0,3,0,67,140,0,0,0,0,0,0,0,0,0,0,0,0,0,0,3,5,65,1,1,2,1,0,0,1,80,1,1,1,98,,,,0,0,P,MAZD,M3I,4D,10,17,2868,,0,1039,,G,,F,4,122,,,16R205,,,,,,2012
2012040427,4,40427,5,7,99,4,8,21,47,8,0,1,0,4,2,20,23,20023,6,2006,3GNDA13D36S6,3,G,N,D,A,1,3,D,3,6,S,6,0,0,0,Not Applicable,Not Applicable,0,0,0,1,0,0,0,0,0,0,0,65,0,0,0,14,0,1,8,0,0,0,1,4,85747,6,1,0,0,3,3,68,180,0,0,0,0,0,0,0,0,0,0,99,99,99,99,3,5,65,1,1,2,1,0,0,1,80,1,1,1,98,,,,0,0,P,CHEV,HHR,SV,6,17,3155,,0,1035,,G,,F,4,134,,,16R215,,,,,,2012
2012040427,4,40427,6,7,2,4,8,21,47,8,0,1,0,4,1,7,482,7482,31,2007,1D7HU18247J6,1,D,7,H,U,1,8,2,4,7,J,6,0,0,0,Not Applicable,Not Applicable,0,0,0,1,0,0,0,0,0,0,0,65,0,0,0,14,0,1,8,0,0,0,1,4,85747,6,1,0,0,3,0,76,175,0,0,0,0,0,0,0,0,0,0,0,0,0,0,3,5,65,1,1,2,1,0,0,1,80,1,1,1,98,,,,0,0,T,DODG,SQ1,CW,7,17,,2,1605,1405,RPC,G,,,8,348,,,,B,5197,02,E,44,2012
2012040427,4,40427,7,7,3,4,8,21,47,8,0,1,0,4,4,49,43,49043,4,2012,Unknown,9,9,9,9,9,9,9,9,9,9,9,9,0,0,0,Not Applicable,Not Applicable,0,0,0,1,0,0,0,0,0,0,0,65,0,0,0,14,0,1,8,0,0,0,1,42,19518,6,1,0,0,3,3,75,999,0,0,0,0,0,0,0,0,0,0,0,0,0,0,3,5,65,1,1,2,1,0,0,1,80,1,1,1,98,,,,0,0,,,,,,,,,,,,,,,,,,,,,,,,,2012
2012040428,4,40428,1,1,1,6,8,15,30,32,0,1,0,49,1,23,421,23421,15,1995,1GKEK13K8SJ7,1,G,K,E,K,1,3,K,8,S,J,7,0,0,0,Not Applicable,Not Applicable,0,0,0,1,0,0,0,0,0,0,0,55,0,1,5,14,6,2,1,0,0,0,1,49,84741,6,1,0,0,3,0,63,153,98,0,0,0,0,0,0,0,0,0,58,0,0,0,1,2,55,1,1,2,1,0,0,1,9,7,3,4,7,,,,1,0,T,GMC,YUK,4W,95,17,,2,0,1175,YUK,G,,,8,350,,,,B,00000,00,M,44,2012
2012040429,4,40429,1,1,2,7,8,4,1,24,0,1,0,4,3,20,481,20481,31,2003,1GCHC24U53E3,1,G,C,H,C,2,4,U,5,3,E,3,0,0,0,Not Applicable,Not Applicable,0,0,0,1,0,0,0,0,0,0,0,70,0,1,5,99,6,2,1,0,0,0,1,4,85746,1,1,0,0,2,0,70,155,0,2,0,0,0,9,2009,12,2009,1,0,0,0,0,3,2,75,1,1,2,1,0,0,1,9,7,3,4,2,,,,1,0,T,CHEV,2CH,PK,3,17,,2,0,1330,SIL,G,,,8,364,,,,C,5216,00,,42,2012
2012040430,4,40430,1,1,1,8,8,10,46,35,0,1,0,4,1,7,482,7482,31,2005,1D7HA18N25J5,1,D,7,H,A,1,8,N,2,5,J,5,0,0,0,Not Applicable,Not Applicable,0,0,0,1,0,0,0,0,0,0,0,998,0,1,6,14,6,2,1,0,0,0,1,4,85220,6,1,0,0,3,0,70,185,0,0,0,0,0,0,0,0,0,9,99,99,99,99,1,3,35,1,9,2,99,0,0,99,99,99,9,9,99,,,,1,0,T,DODG,SQ1,CW,5,17,,2,1605,1405,RPC,G,,,8,287,,,,B,4620,03,E,42,2012
2012040431,4,40431,1,1,4,8,8,17,55,1,0,1,0,92,0,20,482,20482,31,2002,3GNEK13T52G1,3,G,N,E,K,1,3,T,5,2,G,1,0,0,0,Not Applicable,Not Applicable,0,0,0,1,0,0,0,0,0,0,0,75,0,1,1,0,6,2,1,0,0,0,1,4,85035,1,1,0,0,2,0,71,140,0,7,0,0,0,5,2012,6,2012,0,58,0,0,0,2,2,75,3,6,2,1,0,0,14,9,6,4,6,98,,,,1,0,T,CHEV,KAV,CW,2,17,,2,0,1300,AVL,G,,,8,325,,,,B,5652,00,,44,2012
2012040432,4,40432,1,2,1,9,8,4,8,25,0,1,0,4,1,20,16,20016,2,2000,3G1JF12T9YS1,3,G,1,J,F,1,2,T,9,Y,S,1,0,0,0,Not Applicable,Not Applicable,0,0,0,1,0,0,0,0,0,0,0,78,0,0,0,14,6,2,12,0,0,0,1,4,85282,6,1,0,0,3,0,72,130,0,0,0,0,0,0,0,0,0,1,58,0,0,0,6,2,65,2,6,2,1,0,0,14,12,1,1,4,6,,,,0,0,P,CHEV,CZ2,CP,0,17,2617,,0,1041,,G,,F,4,146,,,16R205,,,,,,2012
2012040432,4,40432,2,2,1,9,8,4,8,25,0,1,0,4,3,23,481,23481,31,2008,2GTEC6383813,2,G,T,E,C,6,3,8,3,8,1,3,0,0,0,Not Applicable,Not Applicable,0,0,0,1,0,0,0,0,0,0,0,65,0,1,1,83,6,2,1,0,0,0,1,4,85225,6,1,0,0,3,3,72,240,0,0,0,1,0,12,2011,12,2011,0,0,0,0,0,6,2,65,2,6,2,1,0,0,14,61,1,1,1,98,,,,1,0,T,GMC,DLN,CW,8,17,,2,1670,1530,SIE,G,,,8,378,,,,C,5742,02,W,42,2012
2012040433,4,40433,1,1,1,9,8,21,34,8,0,1,0,4,1,20,16,20016,2,1999,1G1JC1246X71,1,G,1,J,C,1,2,4,6,X,7,1,0,0,0,Not Applicable,Not Applicable,0,0,0,1,0,0,0,0,0,0,0,35,0,0,0,12,2,1,8,0,0,0,1,4,85202,6,1,0,0,3,0,65,160,0,0,0,0,0,0,0,0,0,0,0,0,0,0,5,4,40,1,1,2,1,3,3,1,80,99,1,1,13,,,,0,0,P,CHEV,C/S,CP,99,17,2617,,0,1041,,G,,F,4,133,,,14R195,,,,,,2012
2012040434,4,40434,1,1,1,11,8,2,30,25,0,1,0,4,1,53,705,53705,80,2007,JS1GN7DA4721,J,S,1,G,N,7,D,A,4,7,2,1,0,0,0,Not Applicable,Not Applicable,0,0,0,1,0,0,0,0,0,0,0,130,0,0,0,99,6,2,25,0,0,0,1,4,85282,6,1,0,0,3,0,72,160,1,1,0,1,0,7,2011,10,2011,1,99,99,99,99,3,4,65,2,1,2,1,0,0,14,12,1,1,4,6,,,,1,1,M,SUZI,G60,RC,7,17,,,,,,,599,,4,,4,354,,,,,,,2012
2012040436,4,40436,1,2,1,15,8,21,38,12,7,1,0,4,2,20,421,20421,15,1995,1GNEK13K1SJ4,1,G,N,E,K,1,3,K,1,S,J,4,0,0,0,Not Applicable,Not Applicable,0,0,0,1,0,0,0,0,0,0,0,75,0,1,3,82,6,2,1,0,0,0,1,4,86314,1,1,0,0,2,0,71,140,0,4,1,3,0,12,2009,7,2012,0,28,0,0,0,2,2,75,1,6,2,1,0,0,15,11,1,1,2,46,,,,1,0,P,CHEV,KTA,UT,95,17,5124,,0,1175,,G,,F,8,350,,,15R235,,,,,,2012