accident_id,STATE,ST_CASE,VEH_NO,VE_FORMS,NUMOCCS,DAY,MONTH,HOUR,MINUTE,HARM_EV,MAN_COLL,UNITTYPE,HIT_RUN,REG_STAT,OWNER,MAKE,MODEL,MAK_MOD,BODY_TYP,MOD_YEAR,VIN,VIN_1,VIN_2,VIN_3,VIN_4,VIN_5,VIN_6,VIN_7,VIN_8,VIN_9,VIN_10,VIN_11,VIN_12,TOW_VEH,J_KNIFE,MCARR_I1,MCARR_I2,MCARR_ID,GVWR,V_CONFIG,CARGO_BT,HAZ_INV,HAZ_PLAC,HAZ_ID,HAZ_CNO,HAZ_REL,BUS_USE,SPEC_USE,EMER_USE,TRAV_SP,UNDERIDE,ROLLOVER,ROLINLOC,IMPACT1,DEFORMED,TOWED,M_HARM,VEH_SC1,VEH_SC2,FIRE_EXP,DR_PRES,L_STATE,DR_ZIP,L_STATUS,L_TYPE,CDL_STAT,L_ENDORS,L_COMPL,L_RESTRI,DR_HGT,DR_WGT,PREV_ACC,PREV_SUS,PREV_DWI,PREV_SPD,PREV_OTH,FIRST_MO,FIRST_YR,LAST_MO,LAST_YR,SPEEDREL,DR_SF1,DR_SF2,DR_SF3,DR_SF4,VTRAFWAY,VNUM_LAN,VSPD_LIM,VALIGN,VPROFILE,VPAVETYP,VSURCOND,VTRAFCON,VTCONT_F,P_CRASH1,P_CRASH2,P_CRASH3,PCRASH4,PCRASH5,ACC_TYPE,TRLR1VIN,TRLR2VIN,TRLR3VIN,DEATHS,DR_DRINK,VINTYPE,VINMAKE,VINA_MOD,VIN_BT,VINMODYR,VIN_LNGT,VIN_WGT,WGTCD_TR,WHLBS_LG,WHLBS_SH,SER_TR,FUELCODE,MCYCL_DS,CARBUR,CYLINDER,DISPLACE,MCYCL_CY,MCYCL_WT,TIRE_SZE,TON_RAT,TRK_WT,TRKWTVAR,VIN_REST,WHLDRWHL,Year
2012040436,4,40436,2,2,1,15,8,21,38,12,7,1,1,99,9,99,999,99999,99,9999,Unknown,9,9,9,9,9,9,9,9,9,9,9,9,0,0,0,Not Applicable,Not Applicable,0,0,0,1,0,0,0,0,0,0,0,998,0,0,0,62,2,1,12,0,0,0,1,99,99999,9,9,99,0,9,9,999,999,99,99,99,99,99,99,9999,99,9999,9,0,0,0,0,2,2,75,1,6,2,1,0,0,99,60,99,9,9,45,,,,0,0,,,,,,,,,,,,,,,,,,,,,,,,,2012
2012040437,4,40437,1,1,2,17,8,5,4,1,0,1,0,4,1,12,481,12481,31,1999,1FTSX30F9XED,1,F,T,S,X,3,0,F,9,X,E,D,0,0,0,Not Applicable,Not Applicable,0,0,0,1,0,0,0,0,0,0,0,72,0,1,5,0,6,2,1,0,0,0,1,4,85705,6,1,6,0,3,3,70,170,0,0,0,0,0,0,0,0,0,0,80,0,0,0,2,2,75,1,1,2,1,0,0,1,1,1,9,4,2,,,,1,0,T,FORD,F3S,4C,99,17,,2,1580,1418,SRW,D,,,8,444,,,,D,5200,01,E,42,2012
2012040438,4,40438,1,3,4,17,8,14,52,12,8,1,0,8,1,12,481,12481,31,1997,1FTHX26F5VEA,1,F,T,H,X,2,6,F,5,V,E,A,1,1,0,Not Applicable,Not Applicable,0,0,0,1,0,0,0,0,0,0,0,65,0,0,0,12,6,2,12,0,0,0,1,8,81321,0,0,0,0,0,0,70,215,0,3,0,0,0,5,2010,11,2010,0,28,0,0,0,1,2,65,1,6,2,1,0,0,1,10,1,1,2,64,,,,3,0,T,FORD,F25,PC,97,17,,2,1550,1390,COF,D,,,8,444,,,,C,5236,00,A,44,2012
2012040438,4,40438,2,3,1,17,8,14,52,12,8,1,0,4,3,51,881,51881,66,2009,4V4MC9EH29N2,4,V,4,M,C,9,E,H,2,9,N,2,1,3,57,034909,57034909,3,6,2,1,0,0,0,0,0,0,0,60,0,0,0,10,6,2,12,0,0,0,1,4,85349,6,1,6,0,3,0,67,190,0,0,0,0,0,0,0,0,0,0,0,0,0,0,1,2,65,1,5,2,1,0,0,1,62,7,1,3,65,,,,0,0,T,VOLV,VNM,TR,9,17,,8,0,0,VVN,D,,,6,793,,,,,00000,00,,64,2012
2012040438,4,40438,3,3,2,17,8,14,52,12,8,1,0,41,4,49,32,49032,4,2012,2T1BU4EE4CC7,2,T,1,B,U,4,E,E,4,C,C,7,0,0,0,Not Applicable,Not Applicable,0,0,0,1,0,0,0,0,0,0,0,65,0,0,0,9,6,2,12,0,0,0,1,95,0,9,9,99,0,9,9,999,999,99,99,99,99,99,99,9999,99,9999,0,0,0,0,0,1,2,65,1,5,2,1,0,0,1,60,7,1,3,98,,,,0,0,P,TOYT,CBS,4D,12,17,2734,,0,1024,,G,,F,4,110,,,15R195,,,,,,2012
2012040439,4,40439,1,1,3,18,8,1,53,1,0,1,0,4,2,49,472,49472,30,1995,4TAVN73F6SZ0,4,T,A,V,N,7,3,F,6,S,Z,0,0,0,0,Not Applicable,Not Applicable,0,0,0,1,0,0,0,0,0,0,0,85,0,1,1,0,6,2,1,0,0,0,1,4,86040,6,1,0,0,3,0,65,130,0,0,0,0,0,0,0,0,0,1,35,0,0,0,1,2,45,2,1,2,1,0,0,6,9,99,9,6,98,,,,1,1,T,TOYT,XTR,PC,95,17,,1,0,1219,TAC,G,,,6,206,,,,B,00000,00,M,44,2012
2012040440,4,40440,1,1,1,18,8,16,19,1,0,1,0,4,2,20,401,20401,14,2002,1GNCS13W92K2,1,G,N,C,S,1,3,W,9,2,K,2,0,0,0,Not Applicable,Not Applicable,0,0,0,1,0,0,0,0,0,0,0,1,0,1,3,0,6,2,1,0,0,0,1,4,85388,6,1,0,0,3,0,69,200,0,0,0,0,0,0,0,0,0,1,0,0,0,0,3,5,65,1,1,2,1,0,0,2,9,8,4,4,7,,,,1,0,P,CHEV,BZR,UT,2,17,3718,,0,1070,,G,,F,6,262,,,000000,,,,,,2012
2012040441,4,40441,1,2,2,19,8,19,37,12,6,1,0,4,2,35,48,35048,2,2006,JN1AZ36A56M4,J,N,1,A,Z,3,6,A,5,6,M,4,0,0,0,Not Applicable,Not Applicable,0,0,0,1,0,0,0,0,0,0,0,72,0,0,0,12,6,2,12,0,0,0,1,4,85213,6,1,0,0,3,0,75,300,0,5,0,3,3,9,2009,6,2012,1,0,0,0,0,5,4,45,1,1,2,1,0,0,1,72,1,1,1,83,,,,0,0,P,NISS,3ZR,RD,6,17,3580,,0,1043,,G,,F,6,214,,,18R225,,,,,,2012
2012040441,4,40441,2,2,1,19,8,19,37,12,6,1,0,4,1,49,51,49051,4,2008,JTDBT9231812,J,T,D,B,T,9,2,3,1,8,1,2,0,0,0,Not Applicable,Not Applicable,0,0,0,1,0,0,0,0,0,0,0,17,0,0,0,61,6,2,12,32,0,0,1,4,85213,6,1,0,0,3,3,68,150,0,0,0,0,0,0,0,0,0,0,0,0,0,0,5,4,45,1,1,2,1,0,0,11,15,1,1,1,82,,,,1,0,P,TOYT,YAR,4D,8,17,2293,,0,969,,G,,F,4,091,,,14R175,,,,,,2012
2012040442,4,40442,1,2,1,21,8,12,34,12,2,1,0,4,1,22,20,22020,4,2002,1G2WR52122F1,1,G,2,W,R,5,2,1,2,2,F,1,0,0,0,Not Applicable,Not Applicable,0,0,0,1,0,0,0,0,0,0,0,45,0,0,0,12,6,2,12,0,0,0,1,4,85297,6,1,0,0,3,0,70,200,0,0,0,0,0,0,0,0,0,0,28,0,0,0,5,6,45,1,1,2,1,0,0,1,10,1,1,2,50,,,,1,1,P,PONT,GTP,4D,2,17,3559,,0,1105,,G,,Z,6,231,,,16R225,,,,,,2012
2012040442,4,40442,2,2,2,21,8,12,34,12,2,1,0,4,2,12,481,12481,31,1997,1FTEF17W1VLA,1,F,T,E,F,1,7,W,1,V,L,A,0,0,0,Not Applicable,Not Applicable,0,0,0,1,0,0,0,0,0,0,0,45,0,0,0,12,6,2,12,0,0,0,1,4,85248,6,1,0,0,3,0,73,410,0,0,0,0,0,0,0,0,0,0,0,0,0,0,5,6,45,1,1,2,1,0,0,1,62,1,1,1,51,,,,1,0,T,FORD,F15,PK,97,17,,2,1390,1200,COF,G,,,8,281,,,,B,3850,01,E,42,2012
2012040443,4,40443,1,1,1,21,8,23,50,8,0,1,1,99,9,99,999,99999,99,9999,Unknown,9,9,9,9,9,9,9,9,9,9,9,9,0,0,0,Not Applicable,Not Applicable,0,0,0,1,0,0,0,0,0,0,0,65,0,0,0,12,2,1,8,0,0,0,1,99,99999,9,9,99,0,9,9,999,999,99,99,99,99,99,99,9999,99,9999,1,99,99,99,99,3,4,65,1,1,2,2,0,0,1,80,6,1,3,13,,,,0,0,,,,,,,,,,,,,,,,,,,,,,,,,2012
2012040444,4,40444,1,2,1,26,8,11,0,1,0,1,0,4,1,71,706,71706,80,2003,ZDM1UB5T03B0,Z,D,M,1,U,B,5,T,0,3,B,0,0,0,0,Not Applicable,Not Applicable,0,0,0,1,0,0,0,0,0,0,0,998,0,0,0,0,6,2,12,0,0,0,1,4,85305,6,1,0,0,3,0,70,155,0,0,0,0,0,0,0,0,0,0,89,28,52,0,1,2,45,2,6,2,1,40,3,14,98,1,1,1,98,,,,0,0,M,DUCA,,,3,17,,,,,,,,,,,,,,,,,,,2012
2012040444,4,40444,2,2,2,26,8,11,0,1,0,1,0,4,1,72,706,72706,80,1993,1HD1BKL11PY0,1,H,D,1,B,K,L,1,1,P,Y,0,0,0,0,Not Applicable,Not Applicable,0,0,0,1,0,0,0,0,0,0,0,998,0,0,0,14,6,2,12,0,0,0,1,4,86406,6,1,0,0,3,0,74,250,0,0,0,0,0,0,0,0,0,0,0,0,0,0,1,2,45,3,5,2,1,40,3,14,62,1,1,1,98,,,,1,0,M,HD,XTC,RS,93,17,,,,,,,1340,,2,,4,710,,,,,,,2012
2012040445,4,40445,1,2,2,26,8,21,2,12,6,1,0,4,1,37,31,37031,4,2001,2HGES267X1H5,2,H,G,E,S,2,6,7,X,1,H,5,0,0,0,Not Applicable,Not Applicable,0,0,0,1,0,0,0,0,0,0,0,998,0,0,0,9,6,2,12,0,0,0,1,4,85308,6,1,0,0,3,3,61,130,0,0,0,0,0,0,0,0,0,9,89,0,0,0,1,2,50,1,1,2,1,20,3,1,17,1,1,1,89,,,,2,0,P,HOND,UAX,4D,1,17,2615,,0,1031,,G,,F,4,102,,,15R185,,,,,,2012
2012040445,4,40445,2,2,6,26,8,21,2,12,6,1,0,4,1,20,481,20481,31,2002,1GCHK23112F1,1,G,C,H,K,2,3,1,1,2,F,1,1,1,0,Not Applicable,Not Applicable,0,0,0,1,0,0,0,0,0,0,0,55,0,1,3,12,6,2,12,0,0,0,1,4,85023,6,1,0,0,3,0,68,155,0,0,0,1,0,11,2009,11,2009,0,0,0,0,0,2,2,55,1,1,2,1,0,0,1,66,1,1,1,88,,,,0,0,T,CHEV,2KH,CW,2,17,,2,1670,1530,SIL,D,,,8,403,,,,C,5753,00,,44,2012
2012040446,4,40446,1,2,1,27,8,13,11,12,6,1,0,4,1,55,401,55401,14,2004,KM8SC13D94U8,K,M,8,S,C,1,3,D,9,4,U,8,0,0,0,Not Applicable,Not Applicable,0,0,0,1,0,0,0,0,0,0,0,10,0,0,0,12,4,3,12,0,0,0,1,4,86401,6,1,0,0,3,3,59,100,0,0,0,0,0,0,0,0,0,0,38,0,0,0,2,2,35,1,1,2,1,3,3,11,15,1,1,1,68,,,,0,0,P,HYUN,SAN,UT,4,17,3720,,0,1031,,G,,F,6,162,,,16R225,,,,,,2012
2012040446,4,40446,2,2,1,27,8,13,11,12,6,1,0,4,1,98,709,98709,80,2005,AZ272597,A,Z,2,7,2,5,9,7,,,,,0,0,0,Not Applicable,Not Applicable,0,0,0,1,0,0,0,0,0,0,0,35,0,0,0,62,6,2,12,35,0,0,1,4,86401,6,1,0,0,3,0,72,260,0,0,0,0,0,0,0,0,0,0,0,0,0,0,2,2,35,1,1,2,1,3,3,1,62,3,2,1,69,,,,1,0,U,,,,5,8,,,,,,,,,,,,,,,,,,,2012
2012040447,4,40447,1,1,1,27,8,16,38,31,0,1,0,4,1,72,706,72706,80,2001,1HD1FDV3X1Y6,1,H,D,1,F,D,V,3,X,1,Y,6,0,0,0,Not Applicable,Not Applicable,0,0,0,1,0,0,0,0,0,0,0,998,0,0,0,12,6,2,1,0,0,0,1,4,86333,6,1,0,0,3,0,71,196,0,2,0,0,0,8,2011,8,2011,0,99,99,99,99,2,2,65,2,1,2,1,0,0,14,12,1,1,4,6,,,,1,1,M,HD,FHR,RS,1,17,,,,,,,1450,,2,,4,723,,,,,,,2012
2012040448,4,40448,1,1,1,27,8,18,8,35,0,1,0,53,1,37,402,37402,14,2000,JHLRD1865YC0,J,H,L,R,D,1,8,6,5,Y,C,0,0,0,0,Not Applicable,Not Applicable,0,0,0,1,0,0,0,0,0,0,0,40,0,0,0,12,6,2,35,0,0,0,1,53,98252,6,1,0,0,3,0,66,233,0,0,0,0,0,0,0,0,0,0,58,0,0,0,1,2,65,4,1,2,1,0,0,14,13,7,1,4,1,,,,1,1,P,HOND,CRV,UT,0,17,3245,,0,1032,,G,,F,4,120,,,15R205,,,,,,2012
2012040449,4,40449,1,2,2,30,8,14,21,12,6,1,0,19,1,32,42,32042,4,2001,WAUEH64B01N0,W,A,U,E,H,6,4,B,0,1,N,0,0,0,0,Not Applicable,Not Applicable,0,0,0,1,0,0,0,0,0,0,0,10,0,0,0,82,6,2,12,0,0,0,1,19,52233,6,1,0,0,3,3,62,109,0,0,0,0,0,0,0,0,0,0,38,0,0,0,5,4,35,1,1,2,1,3,3,11,15,1,1,1,68,,,,0,1,P,AUDI,28Q,4D,1,17,3668,,0,1086,,G,,F,6,169,,,16R205,,,,,,2012
2012040449,4,40449,2,2,1,30,8,14,21,12,6,1,0,4,1,98,709,98709,80,2008,L5YTCKPA1812,L,5,Y,T,C,K,P,A,1,8,1,2,0,0,0,Not Applicable,Not Applicable,0,0,0,1,0,0,0,0,0,0,0,30,0,0,0,12,6,2,12,0,0,0,1,4,85122,6,1,0,0,3,3,70,177,0,0,0,0,0,0,0,0,0,0,0,0,0,0,5,4,35,1,1,2,1,3,3,1,62,1,1,1,69,,,,1,0,U,,,,8,17,,,,,,,,,,,,,,,,,,,2012
2012040450,4,40450,1,1,1,30,8,20,20,8,0,1,0,4,1,99,399,99399,1,2004,YS3FH76Y4460,Y,S,3,F,H,7,6,Y,4,4,6,0,0,0,0,Not Applicable,Not Applicable,0,0,0,1,0,0,0,0,0,0,0,35,0,0,0,12,6,2,8,0,0,0,1,4,85201,6,1,0,0,3,3,62,150,0,0,0,1,2,5,2012,7,2012,0,0,0,0,0,5,4,35,1,1,2,1,0,0,1,80,1,1,1,13,,,,0,0,P,SAA,93O,CV,4,17,3285,,0,1053,,G,,T,4,121,,,17R225,,,,,,2012
2012040451,4,40451,1,2,2,20,8,17,41,1,0,1,0,4,1,76,706,76706,80,2003,JYARN07YX3A0,J,Y,A,R,N,0,7,Y,X,3,A,0,0,0,0,Not Applicable,Not Applicable,0,0,0,1,0,0,0,0,0,0,0,67,0,0,0,0,6,2,12,0,0,0,1,4,85201,6,1,0,0,3,0,72,160,0,0,0,0,0,0,0,0,0,1,89,27,0,0,5,5,45,1,1,2,1,0,0,1,17,98,7,1,98,,,,2,0,M,YAMA,FZS,RC,3,17,,,,,,,998,,4,,4,999,,,,,,,2012
2012040451,4,40451,2,2,3,20,8,17,41,1,0,1,0,4,2,41,50,41050,4,2004,1YVFP80C845N,1,Y,V,F,P,8,0,C,8,4,5,N,0,0,0,Not Applicable,Not Applicable,0,0,0,1,0,0,0,0,0,0,0,11,0,0,0,62,6,2,12,0,0,0,1,4,85022,6,1,0,0,3,0,67,185,0,0,0,2,1,7,2010,2,2012,0,0,0,0,0,5,5,45,1,1,2,1,20,3,11,66,1,1,1,98,,,,0,0,P,MAZD,M6I,4D,4,17,3045,,0,1053,,G,,F,4,138,,,16R205,,,,,,2012
2012040452,4,40452,1,1,2,2,7,99,99,99,99,1,0,99,9,99,999,99999,99,9999,Unknown,9,9,9,9,9,9,9,9,9,9,9,9,0,0,0,Not Applicable,Not Applicable,0,0,0,1,0,0,0,0,0,0,0,999,0,0,0,99,9,9,99,0,0,0,1,99,99999,9,9,99,0,9,9,999,999,99,99,99,99,99,99,9999,99,9999,9,99,99,99,99,9,9,99,9,9,9,99,99,9,99,99,99,9,9,99,,,,1,0,,,,,,,,,,,,,,,,,,,,,,,,,2012
2012040453,4,40453,1,1,1,12,7,18,12,8,0,1,0,4,2,35,43,35043,4,1996,3N1AB41D9TL0,3,N,1,A,B,4,1,D,9,T,L,0,0,0,0,Not Applicable,Not Applicable,0,0,0,1,0,0,0,0,0,0,0,35,0,0,0,12,6,2,8,0,0,0,1,4,85009,6,1,0,0,3,0,73,180,0,0,0,0,0,0,0,0,0,0,38,0,0,0,2,3,35,1,1,2,1,0,0,1,80,1,1,1,13,,,,0,0,P,NISS,XGX,4D,96,17,2334,,0,998,,G,,F,4,097,,,13R155,,,,,,2012
2012040454,4,40454,1,1,1,14,7,1,48,33,0,1,0,4,1,98,709,98709,80,2005,1T9C1L2675F7,1,T,9,C,1,L,2,6,7,5,F,7,0,0,0,Not Applicable,Not Applicable,0,0,0,1,0,0,0,0,0,0,0,35,0,0,0,14,6,2,1,0,0,0,1,4,85022,6,1,0,0,2,3,75,200,1,0,0,0,0,1,2012,1,2012,0,51,0,0,0,2,2,40,1,1,2,1,0,0,1,13,1,1,4,1,,,,1,1,U,,,,5,17,,,,,,,,,,,,,,,,,,,2012
2012040455,4,40455,1,1,1,15,7,22,1,8,0,1,0,99,9,99,999,99999,99,9999,Unknown,9,9,9,9,9,9,9,9,9,9,9,9,0,0,0,Not Applicable,Not Applicable,0,0,0,1,0,0,0,0,0,0,0,999,0,0,0,99,9,9,8,0,0,0,1,99,99999,9,9,99,0,9,9,999,999,99,99,99,99,99,99,9999,99,9999,9,99,99,99,99,9,9,99,9,9,9,99,99,9,99,80,99,9,9,13,,,,0,0,,,,,,,,,,,,,,,,,,,,,,,,,2012
2012040456,4,40456,1,2,1,21,7,1,5,12,2,1,0,4,1,12,471,12471,30,1993,1FTCR15X2PPB,1,F,T,C,R,1,5,X,2,P,P,B,0,0,0,Not Applicable,Not Applicable,0,0,0,1,0,0,0,0,0,0,0,998,0,0,0,12,6,2,12,0,0,0,1,4,85120,6,1,0,0,3,0,64,170,0,0,0,0,0,0,0,0,0,0,28,0,0,0,1,2,65,1,1,2,1,0,0,1,10,1,1,2,50,,,,1,1,T,FORD,RNS,PC,93,17,,1,0,1250,RNG,G,,,6,245,,,,B,3556,00,A,44,2012
2012040456,4,40456,2,2,6,21,7,1,5,12,2,1,0,4,1,7,482,7482,31,2006,1D7HA18N96S5,1,D,7,H,A,1,8,N,9,6,S,5,0,0,0,Not Applicable,Not Applicable,0,0,0,1,0,0,0,0,0,0,0,998,0,0,0,12,6,2,12,0,0,0,1,4,85283,6,1,0,0,3,3,62,178,0,0,0,0,0,0,0,0,0,0,0,0,0,0,1,2,65,1,1,2,1,0,0,1,62,99,1,3,51,,,,0,0,T,DODG,SQ1,CW,6,17,,2,1405,1205,RPC,G,,,8,287,,,,B,4833,02,E,42,2012
2012040457,4,40457,1,1,1,22,7,1,13,99,99,1,0,99,9,99,999,99999,99,9999,Unknown,9,9,9,9,9,9,9,9,9,9,9,9,0,0,0,Not Applicable,Not Applicable,0,0,0,1,0,0,0,0,0,0,0,999,0,0,0,99,9,9,99,0,0,0,1,4,86033,6,1,0,0,3,3,69,220,0,0,0,0,0,0,0,0,0,9,99,99,99,99,9,9,99,9,9,2,99,99,9,99,99,99,9,9,99,,,,1,1,,,,,,,,,,,,,,,,,,,,,,,,,2012
2012040458,4,40458,1,2,2,22,7,15,30,12,2,1,0,41,1,20,402,20402,14,1993,2CNBJ18U4P69,2,C,N,B,J,1,8,U,4,P,6,9,0,0,0,Not Applicable,Not Applicable,0,0,0,1,0,0,0,0,0,0,0,999,0,0,0,12,6,2,12,0,0,0,1,41,97914,6,1,0,0,3,3,65,185,0,0,0,0,0,0,0,0,0,0,51,0,0,0,2,2,75,1,1,2,1,0,0,1,54,99,1,3,50,,,,2,0,P,GEO,GEO,UT,93,17,2365,,0,866,,G,,F,4,097,,,15R205,,,,,,2012
2012040458,4,40458,2,2,1,22,7,15,30,12,2,1,0,4,2,12,481,12481,31,2011,1FTFW1CF5BFA,1,F,T,F,W,1,C,F,5,B,F,A,0,0,0,Not Applicable,Not Applicable,0,0,0,1,0,0,0,0,0,0,0,75,0,0,0,12,6,2,12,0,0,0,1,4,86515,6,1,0,0,3,3,67,140,0,0,0,1,0,12,2009,12,2009,0,0,0,0,0,2,2,75,1,1,2,1,0,0,6,54,99,1,3,51,,,,0,0,T,FORD,F1S,CW,11,17,,2,1570,1450,COF,F,,,8,305,,,,B,5128,03,7,42,2012
2012040459,4,40459,1,1,2,24,7,0,27,8,0,1,0,4,1,12,13,12013,3,1991,1FAPP10J8MW1,1,F,A,P,P,1,0,J,8,M,W,1,0,0,0,Not Applicable,Not Applicable,0,0,0,1,0,0,0,0,0,0,0,998,0,0,0,12,2,1,8,0,0,0,1,4,85120,6,1,0,0,3,3,71,250,1,0,0,2,1,10,2010,4,2012,0,0,0,0,0,2,3,50,1,1,2,1,0,0,1,80,1,1,1,13,,,,0,0,P,FORD,EPL,2H,91,17,2287,,0,984,,G,,F,4,113,,,13R175,,,,,,2012
2012040460,4,40460,1,1,1,24,7,10,39,1,0,1,0,4,1,35,52,35052,6,2012,JN8AZ2KR3CT2,J,N,8,A,Z,2,K,R,3,C,T,2,0,0,0,Not Applicable,Not Applicable,0,0,0,1,0,0,0,0,0,0,0,998,0,1,2,0,6,2,1,0,0,0,1,4,85012,6,1,0,0,3,3,71,190,0,0,0,1,0,3,2010,3,2010,1,0,0,0,0,2,2,75,1,1,2,1,0,0,1,6,99,9,4,2,,,,1,0,P,NISS,CUB,UT,12,17,2789,,0,0,,G,,F,4,110,,,000000,,,,,,2012
2012040461,4,40461,1,1,2,29,7,14,56,1,0,1,0,4,1,72,706,72706,80,2003,1HD1FCW113Y6,1,H,D,1,F,C,W,1,1,3,Y,6,0,0,0,Not Applicable,Not Applicable,0,0,0,1,0,0,0,0,0,0,0,998,0,0,0,0,6,2,1,0,0,0,1,4,85342,6,1,0,0,3,3,72,200,0,0,0,2,1,10,2009,6,2012,0,0,0,0,0,1,2,35,3,5,2,1,0,0,14,9,3,2,1,98,,,,1,0,M,HD,FLU,RS,3,17,,,,,,,1450,,2,,4,788,,,,,,,2012
2012040462,4,40462,1,2,1,30,7,20,46,12,2,1,0,46,2,7,880,7880,67,2011,3D73M4CL3BG5,3,D,7,3,M,4,C,L,3,B,G,5,1,1,88,None,None,2,4,1,1,0,0,0,0,0,0,0,998,0,0,0,12,6,2,12,0,0,0,1,4,57601,6,1,0,0,3,0,72,200,1,2,0,2,2,2,2010,5,2012,1,28,0,0,0,1,2,98,1,1,2,1,0,0,1,10,1,1,2,50,,,,0,1,T,DODG,350,CW,11,17,,3,1690,1490,RPC,D,,,6,408,,,,D,6723,06,K,42,2012
2012040462,4,40462,2,2,2,30,7,20,46,12,2,1,0,4,1,37,32,37032,4,2002,JHMCG66502C0,J,H,M,C,G,6,6,5,0,2,C,0,0,0,0,Not Applicable,Not Applicable,0,0,0,1,0,0,0,0,0,0,0,998,0,0,0,12,6,2,12,0,0,0,1,4,85249,6,1,0,0,3,0,61,180,0,0,0,0,0,0,0,0,0,0,0,0,0,0,1,2,98,1,1,2,1,0,0,1,62,1,1,1,51,,,,2,0,P,HOND,ULX,4D,2,17,3097,,0,1069,,G,,F,4,138,,,15R195,,,,,,2012
2012040463,4,40463,1,2,2,28,7,6,46,12,6,1,0,48,2,35,43,35043,4,2010,3N1AB6AP4AL6,3,N,1,A,B,6,A,P,4,A,L,6,0,0,0,Not Applicable,Not Applicable,0,0,0,1,0,0,0,0,0,0,0,998,0,0,0,12,4,1,12,0,0,0,1,48,77067,6,1,0,0,3,0,999,999,0,0,0,0,0,0,0,0,0,1,0,0,0,0,2,2,75,1,1,2,1,0,0,1,9,7,3,6,48,,,,0,0,P,NISS,SBL,4D,10,17,2862,,0,1057,,G,,F,4,122,,,15R205,,,,,,2012
2012040463,4,40463,2,2,5,28,7,6,46,12,6,1,0,96,2,7,482,7482,31,2001,3B7HF13Z81G2,3,B,7,H,F,1,3,Z,8,1,G,2,0,0,0,Not Applicable,Not Applicable,0,0,0,1,0,0,0,0,0,0,0,998,0,1,5,63,6,2,1,0,0,0,1,4,85043,6,1,0,0,3,0,72,190,0,0,0,0,0,0,0,0,0,0,0,0,0,0,2,2,75,1,1,2,1,0,0,1,60,1,1,1,48,,,,1,0,T,DODG,Q15,4C,1,17,,2,1547,1387,RPC,G,,,8,360,,,,B,5008,01,U,44,2012
2012040464,4,40464,1,4,1,28,7,7,20,12,2,1,0,4,2,48,34,48034,4,1993,4S3BC6533P76,4,S,3,B,C,6,5,3,3,P,7,6,0,0,0,Not Applicable,Not Applicable,0,0,0,1,0,0,0,0,0,0,0,998,0,0,0,12,6,2,12,0,0,0,1,4,85618,6,1,0,0,3,3,67,155,0,0,0,0,0,0,0,0,0,1,28,0,0,0,1,2,65,1,1,2,1,0,0,1,10,1,1,2,50,,,,0,1,P,SUBA,SS4,4D,93,17,3175,,0,1016,,G,,F,4,135,,,14R185,,,,,,2012
2012040464,4,40464,2,4,2,28,7,7,20,12,2,1,0,4,1,18,7,18007,4,1999,2G4WS52M5X14,2,G,4,W,S,5,2,M,5,X,1,4,0,0,0,Not Applicable,Not Applicable,0,0,0,1,0,0,0,0,0,0,0,998,0,1,6,12,6,2,1,0,0,0,1,4,85135,6,1,0,0,3,3,71,190,0,0,0,0,0,0,0,0,0,0,0,0,0,0,1,2,65,1,1,2,1,0,0,1,62,7,1,2,51,,,,1,0,P,BUIC,CCU,4D,99,17,3353,,0,1090,,G,,F,6,191,,,15R205,,,,,,2012
2012040464,4,40464,3,4,2,28,7,7,20,12,2,1,0,4,1,49,401,49401,14,1988,JT4RN62S9J01,J,T,4,R,N,6,2,S,9,J,0,1,0,0,0,Not Applicable,Not Applicable,0,0,0,1,0,0,0,0,0,0,0,998,0,0,0,82,6,2,12,0,0,0,1,4,85623,6,1,0,0,3,0,70,170,0,0,0,1,0,11,2010,11,2010,0,0,0,0,0,1,2,65,1,1,2,1,0,0,1,54,8,1,1,98,,,,0,0,P,TOYT,RUN,UT,88,17,3451,,0,1030,,G,,F,4,144,,,000000,,,,,,2012
2012040464,4,40464,4,4,3,28,7,7,20,12,2,1,0,4,1,55,35,55035,4,2003,KMHDN45D13U6,K,M,H,D,N,4,5,D,1,3,U,6,0,0,0,Not Applicable,Not Applicable,0,0,0,1,0,0,0,0,0,0,0,998,0,0,0,82,6,2,12,0,0,0,1,4,85745,6,1,0,0,3,3,70,200,0,1,0,2,0,3,2011,9,2011,0,0,0,0,0,1,2,65,1,1,2,1,0,0,1,54,8,1,1,98,,,,0,0,P,HYUN,EST,4D,3,17,2635,,0,1027,,G,,F,4,121,,,15R205,,,,,,2012
2012040465,4,40465,1,1,1,15,8,15,29,1,0,1,0,6,1,12,401,12401,14,1997,1FMCU22E3VUC,1,F,M,C,U,2,2,E,3,V,U,C,0,0,0,Not Applicable,Not Applicable,0,0,0,1,0,0,0,0,0,0,0,69,0,1,1,0,6,2,1,0,0,0,1,6,92138,6,1,0,0,3,0,70,150,0,0,0,0,0,0,0,0,0,1,0,0,0,0,1,2,40,3,1,2,1,0,0,14,6,1,4,3,98,,,,1,1,P,FORD,EPR,UT,97,17,3707,,0,1017,,G,,F,6,245,,,15R225,,,,,,2012