accident_id,STATE,ST_CASE,VEH_NO,VE_FORMS,NUMOCCS,DAY,MONTH,HOUR,MINUTE,HARM_EV,MAN_COLL,UNITTYPE,HIT_RUN,REG_STAT,OWNER,MAKE,MODEL,MAK_MOD,BODY_TYP,MOD_YEAR,VIN,VIN_1,VIN_2,VIN_3,VIN_4,VIN_5,VIN_6,VIN_7,VIN_8,VIN_9,VIN_10,VIN_11,VIN_12,TOW_VEH,J_KNIFE,MCARR_I1,MCARR_I2,MCARR_ID,GVWR,V_CONFIG,CARGO_BT,HAZ_INV,HAZ_PLAC,HAZ_ID,HAZ_CNO,HAZ_REL,BUS_USE,SPEC_USE,EMER_USE,TRAV_SP,UNDERIDE,ROLLOVER,ROLINLOC,IMPACT1,DEFORMED,TOWED,M_HARM,VEH_SC1,VEH_SC2,FIRE_EXP,DR_PRES,L_STATE,DR_ZIP,L_STATUS,L_TYPE,CDL_STAT,L_ENDORS,L_COMPL,L_RESTRI,DR_HGT,DR_WGT,PREV_ACC,PREV_SUS,PREV_DWI,PREV_SPD,PREV_OTH,FIRST_MO,FIRST_YR,LAST_MO,LAST_YR,SPEEDREL,DR_SF1,DR_SF2,DR_SF3,DR_SF4,VTRAFWAY,VNUM_LAN,VSPD_LIM,VALIGN,VPROFILE,VPAVETYP,VSURCOND,VTRAFCON,VTCONT_F,P_CRASH1,P_CRASH2,P_CRASH3,PCRASH4,PCRASH5,ACC_TYPE,TRLR1VIN,TRLR2VIN,TRLR3VIN,DEATHS,DR_DRINK,VINTYPE,VINMAKE,VINA_MOD,VIN_BT,VINMODYR,VIN_LNGT,VIN_WGT,WGTCD_TR,WHLBS_LG,WHLBS_SH,SER_TR,FUELCODE,MCYCL_DS,CARBUR,CYLINDER,DISPLACE,MCYCL_CY,MCYCL_WT,TIRE_SZE,TON_RAT,TRK_WT,TRKWTVAR,VIN_REST,WHLDRWHL,Year
2012040466,4,40466,1,1,1,15,8,22,50,1,0,1,0,4,1,7,482,7482,31,2001,3B7KF23Z71G8,3,B,7,K,F,2,3,Z,7,1,G,8,0,0,0,Not Applicable,Not Applicable,0,0,0,1,0,0,0,0,0,0,0,75,0,1,5,0,6,2,1,0,0,0,1,4,86320,0,0,0,0,0,0,72,180,0,0,0,1,0,12,2011,12,2011,9,99,99,99,99,2,2,75,2,6,2,1,0,0,14,8,7,3,4,2,,,,1,1,T,DODG,Q25,4C,1,17,,2,1547,1387,RPC,G,,,8,360,,,,C,5586,01,U,44,2012
2012040467,4,40467,1,1,1,22,8,9,29,1,0,1,0,4,1,12,471,12471,30,2004,1FTYR14U44PA,1,F,T,Y,R,1,4,U,4,4,P,A,0,0,0,Not Applicable,Not Applicable,0,0,0,1,0,0,0,0,0,0,0,65,0,1,5,0,6,2,42,0,0,0,1,4,85742,6,1,0,0,3,0,70,229,0,0,0,0,0,0,0,0,0,0,99,99,99,99,6,1,75,1,1,2,2,0,0,1,13,4,1,4,1,,,,1,0,T,FORD,RNS,PC,4,17,,1,0,1257,RNG,G,,,6,182,,,,B,3864,00,U,42,2012
2012040468,4,40468,1,6,1,31,8,21,31,12,7,1,0,24,1,63,38,63038,4,2010,KNAFU4A27A50,K,N,A,F,U,4,A,2,7,A,5,0,0,0,0,Not Applicable,Not Applicable,0,0,0,1,0,0,0,0,0,0,0,90,0,0,0,63,4,3,12,0,0,0,1,4,85748,6,1,0,0,3,0,66,170,0,0,0,0,0,0,0,0,0,1,89,91,27,0,2,2,55,1,1,2,1,0,0,15,10,1,1,2,47,,,,0,1,P,KIA,FEX,4D,10,17,2707,,0,1043,,G,,F,4,122,,,15R195,,,,,,2012
2012040468,4,40468,2,6,1,31,8,21,31,12,7,1,0,4,1,72,706,72706,80,2006,1HD1CGP106K4,1,H,D,1,C,G,P,1,0,6,K,4,0,0,0,Not Applicable,Not Applicable,0,0,0,1,0,0,0,0,0,0,0,90,0,0,0,82,6,2,12,0,0,0,1,4,85746,6,1,0,0,3,0,69,220,0,0,0,0,0,0,0,0,0,1,0,0,0,0,2,2,55,1,1,2,1,0,0,1,61,1,1,1,45,,,,1,1,M,HD,20C,RS,6,17,,,,,,,1200,,2,,4,554,,,,,,,2012
2012040468,4,40468,3,6,1,31,8,21,31,12,7,1,0,4,2,55,35,55035,4,2004,KMHDN46D44U7,K,M,H,D,N,4,6,D,4,4,U,7,0,0,0,Not Applicable,Not Applicable,0,0,0,1,0,0,0,0,0,0,0,55,0,0,0,12,6,2,54,0,0,0,1,4,85705,6,1,0,0,3,0,62,132,0,0,0,0,0,0,0,0,0,0,0,0,0,0,2,2,55,1,1,2,1,0,0,1,90,1,1,1,98,,,,0,0,P,HYUN,EST,4D,4,17,2635,,0,1027,,G,,F,4,121,,,15R195,,,,,,2012
2012040468,4,40468,4,6,1,31,8,21,31,12,7,1,0,32,1,20,481,20481,31,2012,1GCRCSE0XCZ3,1,G,C,R,C,S,E,0,X,C,Z,3,0,0,0,Not Applicable,Not Applicable,0,0,0,1,0,0,0,0,0,0,0,55,0,0,0,99,0,1,54,0,0,0,1,4,85335,6,1,0,0,3,0,66,150,0,0,0,0,0,0,0,0,0,0,0,0,0,0,2,2,55,1,1,2,1,0,0,1,90,99,1,3,98,,,,0,0,T,CHEV,2SC,4C,12,17,,2,1575,1435,SIL,F,,,8,323,,,,B,4906,03,,42,2012
2012040468,4,40468,5,6,1,31,8,21,31,12,7,1,0,4,1,63,34,63034,4,2003,KNAGD1289352,K,N,A,G,D,1,2,8,9,3,5,2,0,0,0,Not Applicable,Not Applicable,0,0,0,1,0,0,0,0,0,0,0,55,0,0,0,14,0,1,54,0,0,0,1,4,85719,6,1,0,0,3,3,67,110,0,0,0,0,0,0,0,0,0,0,0,0,0,0,2,2,55,1,1,2,1,0,0,1,90,1,1,1,98,,,,0,0,P,KIA,OLS,4D,3,17,3279,,0,1063,,G,,F,6,162,,,15R205,,,,,,2012
2012040468,4,40468,6,6,2,31,8,21,31,12,7,1,0,6,1,6,43,6043,1,2008,1C3LC45K68N2,1,C,3,L,C,4,5,K,6,8,N,2,0,0,0,Not Applicable,Not Applicable,0,0,0,1,0,0,0,0,0,0,0,55,0,0,0,14,2,1,54,0,0,0,1,4,85713,6,1,0,0,3,0,70,183,0,0,0,0,0,0,0,0,0,0,0,0,0,0,2,2,55,1,1,2,1,0,0,1,90,1,1,1,98,,,,0,0,P,CHRY,SEB,CV,8,17,3287,,0,1089,,G,,F,4,146,,,16R215,,,,,,2012
2012040469,4,40469,1,1,6,31,8,23,50,1,0,1,0,48,2,20,421,20421,15,2004,3GNFK16Z94G1,3,G,N,F,K,1,6,Z,9,4,G,1,0,0,0,Not Applicable,Not Applicable,0,0,0,1,0,0,0,0,0,0,0,65,0,1,1,0,6,2,1,0,0,0,1,48,78055,6,1,0,0,3,0,999,999,0,0,0,0,0,0,0,0,0,1,58,0,0,0,1,2,65,3,5,2,1,0,0,14,6,7,3,6,98,,,,2,0,P,CHEV,K15,UT,4,17,5219,,0,1300,,F,,F,8,325,,,16R265,,,,,,2012
2012040470,4,40470,1,1,2,18,7,9,25,35,0,1,0,4,1,37,402,37402,14,2006,JHLRD78926C0,J,H,L,R,D,7,8,9,2,6,C,0,0,0,0,Not Applicable,Not Applicable,0,0,0,1,0,0,0,0,0,0,0,55,0,1,9,99,6,2,1,0,0,0,1,4,85544,1,1,0,0,2,3,69,174,0,1,0,0,0,2,2012,2,2012,9,99,99,99,99,1,2,55,3,6,2,1,0,0,14,13,1,1,4,1,,,,1,0,P,HOND,CRV,UT,6,17,3494,,0,1033,,G,,F,4,146,,,16R215,,,,,,2012
2012040471,4,40471,1,1,1,23,8,5,33,33,0,1,0,4,1,49,482,49482,31,2000,5TBBT4410YS0,5,T,B,B,T,4,4,1,0,Y,S,0,0,0,0,Not Applicable,Not Applicable,0,0,0,1,0,0,0,0,0,0,0,50,0,1,5,14,6,2,1,0,0,0,1,4,85029,6,1,0,0,3,0,65,120,0,0,0,0,0,0,0,0,0,0,99,99,99,99,6,2,65,1,6,2,2,0,0,1,9,7,3,4,2,,,,1,0,T,TOYT,TRS,4C,0,17,,2,0,1283,TUN,G,,,8,285,,,,B,4320,00,U,44,2012
2012040472,4,40472,1,4,2,11,8,16,5,12,1,1,0,41,2,49,471,49471,30,1993,JT4VN13D3P51,J,T,4,V,N,1,3,D,3,P,5,1,0,0,0,Not Applicable,Not Applicable,0,0,0,1,0,0,0,0,0,0,0,998,0,0,0,12,6,2,12,0,0,0,1,4,85739,0,0,0,0,0,0,63,160,0,0,0,0,0,0,0,0,0,0,0,0,0,0,2,3,50,1,1,2,1,2,3,1,52,1,1,1,28,,,,0,0,T,TOYT,ELX,PC,93,17,,1,0,1215,HTP,G,,,6,180,,,,B,00000,00,A,44,2012
2012040472,4,40472,2,4,1,11,8,16,5,12,1,1,0,4,1,53,705,53705,80,2008,JS1GX72A7821,J,S,1,G,X,7,2,A,7,8,2,1,0,0,0,Not Applicable,Not Applicable,0,0,0,1,0,0,0,0,0,0,0,998,0,0,0,6,6,2,12,0,0,0,1,4,85739,6,1,0,0,3,3,70,170,0,0,0,0,0,0,0,0,0,0,0,0,0,0,2,3,50,1,1,2,1,2,3,2,53,1,1,1,29,,,,1,0,M,SUZI,GXR,RC,8,17,,,,,,,1340,,4,,4,485,,,,,,,2012
2012040472,4,40472,3,4,4,11,8,16,5,12,1,1,0,4,2,52,46,52046,4,2002,JA3AJ26E12U0,J,A,3,A,J,2,6,E,1,2,U,0,0,0,0,Not Applicable,Not Applicable,0,0,0,1,0,0,0,0,0,0,0,998,0,0,0,6,4,3,12,0,0,0,1,4,85741,6,1,0,0,3,0,70,170,0,0,0,0,0,0,0,0,0,0,0,0,0,0,2,3,50,1,1,2,1,2,3,2,53,1,1,1,98,,,,0,0,P,MITS,LES,4D,2,17,2646,,0,1024,,G,,F,4,122,,,14R185,,,,,,2012
2012040472,4,40472,4,4,3,11,8,16,5,12,1,1,0,4,2,20,421,20421,15,2004,3GNFK16T24G1,3,G,N,F,K,1,6,T,2,4,G,1,0,0,0,Not Applicable,Not Applicable,0,0,0,1,0,0,0,0,0,0,0,0,0,0,0,6,2,1,12,0,0,0,1,4,85704,6,1,0,0,3,3,76,200,0,0,0,0,0,0,0,0,0,0,0,0,0,0,2,3,50,1,1,2,1,2,3,5,53,1,1,1,98,,,,0,0,P,CHEV,K15,UT,4,17,5219,,0,1300,,G,,F,8,325,,,16R265,,,,,,2012
2012040473,4,40473,1,1,1,21,8,20,9,8,0,1,0,4,1,20,473,20473,30,2009,1GCCS1497981,1,G,C,C,S,1,4,9,7,9,8,1,0,0,0,Not Applicable,Not Applicable,0,0,0,1,0,0,0,0,0,0,0,73,0,0,0,12,4,3,8,0,0,0,1,4,85023,6,1,0,0,3,0,69,185,0,0,0,0,0,0,0,0,0,1,91,0,0,0,5,4,40,1,1,2,1,0,0,1,80,1,1,1,13,,,,0,1,T,CHEV,RDO,PK,9,17,,1,0,1113,CAL,G,,,4,177,,,,B,3366,00,,42,2012
2012040474,4,40474,1,1,1,12,8,5,0,43,0,1,0,35,1,72,706,72706,80,2004,1HD1FSW154Y6,1,H,D,1,F,S,W,1,5,4,Y,6,0,0,0,Not Applicable,Not Applicable,0,0,0,1,0,0,0,0,0,0,0,40,0,0,0,12,6,2,43,0,0,0,1,4,85705,2,1,0,0,2,0,72,180,0,3,0,0,0,3,2010,10,2011,0,0,0,0,0,1,2,40,2,1,2,1,40,3,14,12,99,1,4,6,,,,1,1,M,HD,TRI,RS,4,17,,,,,,,1450,,2,,4,731,,,,,,,2012
2012040475,4,40475,1,2,1,1,8,18,52,12,6,1,0,4,2,37,31,37031,4,1998,2HGEJ6674WH6,2,H,G,E,J,6,6,7,4,W,H,6,0,0,0,Not Applicable,Not Applicable,0,0,0,1,0,0,0,0,0,0,0,998,0,0,0,9,6,2,12,0,0,0,1,4,85388,6,1,0,0,3,3,78,200,0,0,0,2,1,5,2010,9,2011,0,39,0,0,0,2,2,45,1,1,2,1,3,3,1,17,1,1,1,89,,,,1,1,P,HOND,UCL,4D,98,17,2426,,0,1032,,G,,F,4,097,,,14R185,,,,,,2012
2012040475,4,40475,2,2,3,1,8,18,52,12,6,1,0,4,1,12,3,12003,2,2013,1ZVBP8CF6D52,1,Z,V,B,P,8,C,F,6,D,5,2,0,0,0,Not Applicable,Not Applicable,0,0,0,1,0,0,0,0,0,0,0,998,0,0,0,12,6,2,12,0,0,0,1,4,85335,6,1,0,0,3,0,67,178,0,0,0,0,0,0,0,0,0,0,99,99,99,99,2,2,45,1,1,2,1,3,3,1,66,1,1,1,88,,,,0,0,P,FORD,MGT,CP,13,17,3483,,0,1071,,G,,F,8,305,,,18R235,,,,,,2012
2012040476,4,40476,1,1,1,2,8,1,28,8,0,1,1,99,9,99,999,99999,99,9999,Unknown,9,9,9,9,9,9,9,9,9,9,9,9,0,0,0,Not Applicable,Not Applicable,0,0,0,1,0,0,0,0,0,0,0,999,0,0,0,12,9,1,8,0,0,0,1,99,99999,9,9,99,0,9,9,999,999,99,99,99,99,99,99,9999,99,9999,9,99,99,99,99,2,3,40,1,1,2,1,0,0,99,80,99,9,9,13,,,,0,0,,,,,,,,,,,,,,,,,,,,,,,,,2012
2012040477,4,40477,1,2,1,3,8,5,23,12,6,1,0,4,1,76,706,76706,80,2005,JYARN13E05A0,J,Y,A,R,N,1,3,E,0,5,A,0,0,0,0,Not Applicable,Not Applicable,0,0,0,1,0,0,0,0,0,0,0,35,0,0,0,12,6,2,12,0,0,0,1,4,85757,6,1,0,0,3,0,73,250,0,0,0,1,0,3,2012,3,2012,1,33,0,0,0,5,2,35,1,1,2,1,0,0,1,17,1,1,1,83,,,,1,1,M,YAMA,YFR,RC,5,17,,,,,,,998,,4,,4,379,,,,,,,2012
2012040477,4,40477,2,2,2,3,8,5,23,12,6,1,0,4,2,20,881,20881,61,1995,1GBJC34K5SE1,1,G,B,J,C,3,4,K,5,S,E,1,0,0,88,None,None,2,1,3,1,0,0,0,0,0,0,0,15,0,0,0,9,6,9,12,0,0,0,1,4,85714,6,1,0,0,3,0,70,190,0,0,0,0,2,8,2011,12,2011,0,0,0,0,0,5,2,35,1,1,2,1,0,0,11,66,1,1,1,82,,,,0,0,T,CHEV,GC3,CB,95,17,,3,1595,1315,GM4,G,,,8,350,,,,D,4397,00,,42,2012
2012040478,4,40478,1,2,1,3,8,9,11,12,2,1,0,4,2,21,17,21017,4,1991,2G3AL54N3M23,2,G,3,A,L,5,4,N,3,M,2,3,0,0,0,Not Applicable,Not Applicable,0,0,0,1,0,0,0,0,0,0,0,30,0,0,0,12,6,2,12,0,0,0,1,4,85027,6,1,0,0,3,0,67,160,1,0,0,0,0,7,2012,7,2012,0,28,0,0,0,5,5,45,1,1,2,1,0,0,99,10,1,1,2,50,,,,1,0,P,OLDS,CCI,4D,91,17,2662,,0,1049,,G,,F,6,204,,,14R185,,,,,,2012
2012040478,4,40478,2,2,1,3,8,9,11,12,2,1,0,4,3,84,881,84881,62,2005,1HTMMAAL05H1,1,H,T,M,M,A,A,L,0,5,H,1,0,0,88,None,None,2,1,3,1,0,0,0,0,0,0,0,50,0,0,0,12,6,2,12,0,0,0,1,4,85029,6,1,0,0,3,0,69,150,0,0,0,0,0,0,0,0,0,0,0,0,0,0,5,5,45,1,1,2,1,0,0,1,62,1,1,1,51,,,,0,0,T,INTL,430,CC,5,17,,6,0,0,40S,D,,,6,466,,,,,00000,00,,42,2012
2012040479,4,40479,1,1,2,4,8,9,41,5,0,1,0,4,1,35,47,35047,4,1995,1N4BU31D5SC1,1,N,4,B,U,3,1,D,5,S,C,1,0,0,0,Not Applicable,Not Applicable,0,0,0,1,0,0,0,0,0,0,0,25,0,0,0,0,0,1,5,0,0,0,1,4,85225,6,1,0,0,3,0,68,120,0,0,0,0,0,0,0,0,0,0,0,0,0,0,1,2,25,1,1,2,1,0,0,1,98,1,1,1,0,,,,1,0,P,NISS,AGS,4D,95,17,2800,,0,1031,,G,,F,4,146,,,15R205,,,,,,2012
2012040480,4,40480,1,1,4,4,8,10,1,1,0,1,0,4,2,49,32,49032,4,2008,1NXBR32E08Z0,1,N,X,B,R,3,2,E,0,8,Z,0,0,0,0,Not Applicable,Not Applicable,0,0,0,1,0,0,0,0,0,0,0,998,0,1,5,0,6,2,1,0,0,0,1,4,85542,0,0,0,0,0,0,63,130,0,1,1,0,0,1,2012,2,2012,0,99,99,99,99,1,2,98,1,1,2,1,0,0,1,9,99,9,4,2,,,,1,1,P,TOYT,UCS,4D,8,17,2530,,0,1024,,G,,F,4,110,,,15R185,,,,,,2012
2012040481,4,40481,1,1,1,7,8,17,0,1,0,1,0,4,2,35,43,35043,4,1999,3N1AB41D4XL0,3,N,1,A,B,4,1,D,4,X,L,0,0,0,0,Not Applicable,Not Applicable,0,0,0,1,0,0,0,0,0,0,0,80,0,1,5,0,6,2,1,0,0,0,1,4,86031,0,0,0,0,0,0,68,158,0,1,0,0,1,5,2010,5,2010,1,0,0,0,0,1,2,65,1,1,2,1,0,0,1,6,6,4,4,7,,,,1,1,P,NISS,SXG,4D,99,17,2308,,0,998,,G,,F,4,097,,,13R155,,,,,,2012
2012040482,4,40482,1,1,1,7,8,22,52,33,0,1,0,4,2,63,401,63401,14,2008,KNDJF7243874,K,N,D,J,F,7,2,4,3,8,7,4,0,0,0,Not Applicable,Not Applicable,0,0,0,1,0,0,0,0,0,0,0,45,0,0,0,12,6,2,43,0,0,0,1,4,85256,6,1,0,0,3,0,71,215,0,0,0,0,0,0,0,0,0,0,0,0,0,0,2,8,45,1,1,2,1,0,0,1,12,1,1,4,6,,,,1,1,P,KIA,SPO,UT,8,17,3230,,0,1035,,G,,F,4,122,,,16R215,,,,,,2012
2012040483,4,40483,1,1,1,9,8,1,39,33,0,1,0,4,1,37,32,37032,4,1997,JHMCD5630VC0,J,H,M,C,D,5,6,3,0,V,C,0,0,0,0,Not Applicable,Not Applicable,0,0,0,1,0,0,0,0,0,0,0,999,0,0,0,14,6,2,46,0,0,0,1,4,85742,6,1,0,0,3,0,70,185,0,0,0,0,0,0,0,0,0,9,0,0,0,0,2,3,45,1,1,2,1,3,3,99,13,1,1,4,1,,,,1,1,P,HOND,ULE,4D,97,17,2864,,0,1069,,G,,F,4,132,,,15R185,,,,,,2012
2012040484,4,40484,1,1,1,10,8,13,31,8,0,1,0,4,1,37,441,37441,20,2000,2HKRL1870YH6,2,H,K,R,L,1,8,7,0,Y,H,6,0,0,0,Not Applicable,Not Applicable,0,0,0,1,0,0,0,0,0,0,0,30,0,0,0,12,2,1,8,0,0,0,1,4,85032,6,1,0,0,3,3,69,240,0,0,0,0,0,0,0,0,0,9,99,99,99,99,5,5,40,1,1,2,1,2,3,1,80,1,1,1,13,,,,0,0,P,HOND,UDY,SV,0,17,4303,,0,1181,,G,,F,6,212,,,16R215,,,,,,2012
2012040485,4,40485,1,1,2,11,8,3,30,5,0,1,0,4,1,2,403,2403,14,2004,1J4FA69S44P7,1,J,4,F,A,6,9,S,4,4,P,7,0,0,0,Not Applicable,Not Applicable,0,0,0,1,0,0,0,0,0,0,0,998,0,0,0,0,2,1,5,0,0,0,1,4,86303,6,1,0,0,3,0,65,130,0,0,0,0,0,0,0,0,0,9,99,99,99,99,1,2,98,8,8,8,98,0,0,99,98,99,1,1,0,,,,1,1,T,JEEP,WRB,2W,4,17,,1,0,934,W/T,G,,,6,244,,,,,3620,00,E,44,2012
2012040486,4,40486,1,1,3,12,8,3,27,30,0,1,0,4,2,52,40,52040,4,1998,6MMAP37P0WT0,6,M,M,A,P,3,7,P,0,W,T,0,0,0,0,Not Applicable,Not Applicable,0,0,0,1,0,0,0,0,0,0,0,65,0,0,0,12,6,2,19,0,0,0,1,4,85705,6,1,0,0,3,0,62,205,0,2,0,1,1,12,2009,1,2011,1,0,0,0,0,5,4,35,1,1,2,1,0,0,1,9,1,1,4,6,,,,1,1,P,MITS,DES,4D,98,17,3417,,0,1071,,G,,F,6,213,,,15R205,,,,,,2012
2012040487,4,40487,1,1,1,13,8,22,32,8,0,1,0,6,2,20,39,20039,4,2009,KL1TD56E99B3,K,L,1,T,D,5,6,E,9,9,B,3,0,0,0,Not Applicable,Not Applicable,0,0,0,1,0,0,0,0,0,0,0,29,0,0,0,12,6,2,8,0,0,0,1,6,95624,6,1,0,0,3,0,62,115,0,0,0,0,0,0,0,0,0,0,0,0,0,0,5,4,35,1,1,2,1,0,0,1,80,4,2,1,13,,,,0,0,P,CHEV,LTS,4D,9,17,2569,,0,976,,G,,F,4,098,,,14R185,,,,,,2012
2012040488,4,40488,1,2,1,15,8,10,8,12,6,1,0,4,2,20,403,20403,14,2003,1GNDT13S2321,1,G,N,D,T,1,3,S,2,3,2,1,0,0,0,Not Applicable,Not Applicable,0,0,0,1,0,0,0,0,0,0,0,31,0,1,1,12,6,2,1,0,0,0,1,4,85024,6,1,0,0,3,0,70,130,0,0,0,0,0,0,0,0,0,0,39,0,0,0,5,4,40,1,1,2,1,3,3,1,17,1,1,1,86,,,,1,0,P,CHEV,TRL,UT,3,17,4600,,0,1130,,G,,F,6,256,,,16R245,,,,,,2012
2012040488,4,40488,2,2,1,15,8,10,8,12,6,1,0,4,3,14,6,14006,4,2007,2MEFM74V87X6,2,M,E,F,M,7,4,V,8,7,X,6,0,0,0,Not Applicable,Not Applicable,0,0,0,1,0,0,0,0,0,0,0,32,0,0,0,82,6,2,12,0,0,0,1,4,85202,6,1,0,0,3,0,66,168,0,0,0,0,1,1,2011,1,2011,0,0,0,0,0,2,3,45,1,1,2,1,3,3,1,66,1,1,1,87,,,,0,0,P,MERC,GMG,4D,7,17,4135,,0,1147,,F,,F,8,281,,,16R225,,,,,,2012
2012040489,4,40489,1,1,3,15,8,18,25,42,0,1,0,4,1,12,422,12422,15,2001,1FMPU16L01LB,1,F,M,P,U,1,6,L,0,1,L,B,0,0,0,Not Applicable,Not Applicable,0,0,0,1,0,0,0,0,0,0,0,998,0,1,1,12,6,2,1,0,0,0,1,4,85014,1,1,0,0,2,0,63,140,1,2,0,1,0,5,2012,6,2012,1,89,0,0,0,5,2,40,1,1,2,1,0,0,1,9,1,9,4,2,,,,1,1,P,FORD,EPT,UT,1,17,5250,,0,1191,,G,,F,8,330,,,16R255,,,,,,2012
2012040490,4,40490,1,1,1,20,8,1,52,8,0,1,0,4,3,12,16,12016,4,2007,2FAFP71W37X1,2,F,A,F,P,7,1,W,3,7,X,1,0,0,0,Not Applicable,Not Applicable,0,0,0,1,0,0,0,0,0,5,1,63,0,0,0,12,6,2,8,0,0,0,1,4,99999,6,1,0,0,3,0,73,245,0,0,0,0,0,0,0,0,0,9,16,0,0,0,2,3,35,1,1,2,1,0,0,1,80,1,1,1,13,,,,0,0,P,FORD,CVP,4D,7,17,4129,,0,1146,,G,,F,8,281,,,17R235,,,,,,2012
2012040491,4,40491,1,1,1,21,8,9,35,42,0,1,0,4,1,72,706,72706,80,2005,1HD1BMY135Y1,1,H,D,1,B,M,Y,1,3,5,Y,1,0,0,0,Not Applicable,Not Applicable,0,0,0,1,0,0,0,0,0,0,0,37,0,0,0,12,6,2,42,0,0,1,1,4,85021,6,1,0,0,3,3,74,225,0,0,0,0,0,0,0,0,0,0,99,99,99,99,1,4,40,1,1,2,1,0,0,1,13,99,9,4,5,,,,1,0,M,HD,FLF,RS,5,17,,,,,,,1450,,2,,4,671,,,,,,,2012
2012040492,4,40492,1,1,1,22,8,17,59,1,0,1,0,4,2,49,43,49043,4,1995,4T1GB10E6SU0,4,T,1,G,B,1,0,E,6,S,U,0,0,0,0,Not Applicable,Not Applicable,0,0,0,1,0,0,0,0,0,0,0,998,0,1,9,0,6,2,1,0,0,0,1,4,85337,6,1,0,0,3,0,72,190,0,0,0,1,1,12,2009,10,2011,0,99,99,99,99,1,2,65,1,1,2,1,0,0,1,9,99,3,4,2,,,,1,0,P,TOYT,UAL,4D,95,17,3265,,0,1071,,G,,F,6,183,,,15R205,,,,,,2012
2012040493,4,40493,1,1,1,25,8,22,38,25,0,1,0,32,1,73,705,73705,80,1992,JKAENVA18NA0,J,K,A,E,N,V,A,1,8,N,A,0,0,0,0,Not Applicable,Not Applicable,0,0,0,1,0,0,0,0,0,0,0,65,0,0,0,99,4,3,30,0,0,0,1,32,89101,6,1,0,0,3,3,78,210,0,0,0,0,0,0,0,0,0,1,0,0,0,0,2,4,45,3,1,2,1,0,0,14,13,1,1,4,1,,,,1,1,M,KAWK,EN5,RS,92,17,,,,,,,500,,2,,4,397,,,,,,,2012
2012040494,4,40494,1,3,1,26,8,15,34,12,6,1,0,4,1,49,40,49040,4,1995,4T1GK12E8SU0,4,T,1,G,K,1,2,E,8,S,U,0,0,0,0,Not Applicable,Not Applicable,0,0,0,1,0,0,0,0,0,0,0,998,0,0,0,82,6,2,12,0,0,0,1,4,85020,6,1,0,0,3,0,63,96,0,0,0,1,0,9,2009,9,2009,0,91,51,0,0,3,5,65,1,1,2,1,0,0,1,54,6,1,3,66,,,,0,0,P,TOYT,CLE,4D,95,17,3241,,0,1031,,G,,F,6,183,,,15R205,,,,,,2012
2012040494,4,40494,2,3,1,26,8,15,34,12,6,1,0,4,2,72,706,72706,80,1994,1HD1FDL16RY5,1,H,D,1,F,D,L,1,6,R,Y,5,0,0,0,Not Applicable,Not Applicable,0,0,0,1,0,0,0,0,0,0,0,998,0,0,0,12,6,2,12,0,0,0,1,4,85210,6,1,0,0,3,0,72,145,0,1,0,1,1,5,2011,2,2012,0,0,0,0,0,3,5,65,1,1,2,1,0,0,1,54,7,1,3,66,,,,1,0,M,HD,FHR,RS,94,17,,,,,,,1340,,2,,4,999,,,,,,,2012
2012040494,4,40494,3,3,1,26,8,15,34,12,6,1,0,16,1,76,706,76706,80,2007,JYAVP11E07A0,J,Y,A,V,P,1,1,E,0,7,A,0,0,0,0,Not Applicable,Not Applicable,0,0,0,1,0,0,0,0,0,0,0,998,0,0,0,0,6,2,1,0,0,0,1,16,83639,6,1,0,0,3,0,73,155,0,0,0,0,2,2,2010,4,2010,0,0,0,0,0,3,5,65,1,1,2,1,0,0,1,54,98,1,3,98,,,,0,0,M,YAMA,XVS,RS,7,17,,,,,,,1063,,2,,4,571,,,,,,,2012
2012040495,4,40495,1,3,4,26,8,23,52,12,6,1,0,4,2,7,482,7482,31,2003,1D7HA18D93S3,1,D,7,H,A,1,8,D,9,3,S,3,0,0,0,Not Applicable,Not Applicable,0,0,0,1,0,0,0,0,0,0,0,71,0,0,0,12,6,2,12,0,0,0,1,4,85323,6,1,0,0,3,0,69,158,0,2,0,1,1,2,2011,1,2012,1,39,91,0,0,2,3,40,1,1,2,1,2,3,1,17,1,1,1,88,,,,0,1,T,DODG,SQ1,CW,3,17,,2,1605,1405,RPC,G,,,8,345,,,,B,4665,03,E,42,2012
2012040495,4,40495,2,3,1,26,8,23,52,12,6,1,0,4,1,12,3,12003,1,2004,1FAFP45X24F1,1,F,A,F,P,4,5,X,2,4,F,1,0,0,0,Not Applicable,Not Applicable,0,0,0,1,0,0,0,0,0,0,0,37,0,0,0,61,6,2,12,0,0,0,1,4,85345,6,1,0,0,3,0,68,152,0,0,0,0,0,0,0,0,0,0,0,0,0,0,2,2,40,1,1,2,1,2,3,1,66,1,1,1,89,,,,1,0,P,FORD,MGT,CV,4,17,3254,,0,1013,,G,,F,8,281,,,17R245,,,,,,2012
2012040495,4,40495,3,3,1,26,8,23,52,12,6,1,0,4,1,7,21,7021,6,2005,2D4FV48VX5H1,2,D,4,F,V,4,8,V,X,5,H,1,0,0,0,Not Applicable,Not Applicable,0,0,0,1,0,0,0,0,0,0,0,40,0,0,0,12,2,1,54,0,0,0,1,4,85019,6,1,0,0,3,0,71,240,0,0,0,0,0,0,0,0,0,0,0,0,0,0,2,2,40,1,1,2,1,2,3,17,62,99,9,3,98,,,,0,0,P,DODG,MGN,UT,5,17,3811,,0,1200,,G,,F,6,214,,,17R215,,,,,,2012
2012040496,4,40496,1,2,1,27,8,17,26,12,2,1,0,4,1,49,46,49046,5,2009,JTDKB20U9935,J,T,D,K,B,2,0,U,9,9,3,5,0,0,0,Not Applicable,Not Applicable,0,0,0,1,0,0,0,0,0,0,0,40,0,0,0,12,6,2,12,36,0,0,1,4,85749,6,1,0,0,3,0,72,170,0,0,0,0,0,0,0,0,0,0,99,99,99,99,1,2,40,1,1,2,1,3,3,1,17,1,1,1,69,,,,1,0,P,TOYT,PRI,4H,9,17,2932,,0,1063,,B,,F,4,091,,,15R185,,,,,,2012