accident_id,STATE,ST_CASE,VEH_NO,VE_FORMS,NUMOCCS,DAY,MONTH,HOUR,MINUTE,HARM_EV,MAN_COLL,UNITTYPE,HIT_RUN,REG_STAT,OWNER,MAKE,MODEL,MAK_MOD,BODY_TYP,MOD_YEAR,VIN,VIN_1,VIN_2,VIN_3,VIN_4,VIN_5,VIN_6,VIN_7,VIN_8,VIN_9,VIN_10,VIN_11,VIN_12,TOW_VEH,J_KNIFE,MCARR_I1,MCARR_I2,MCARR_ID,GVWR,V_CONFIG,CARGO_BT,HAZ_INV,HAZ_PLAC,HAZ_ID,HAZ_CNO,HAZ_REL,BUS_USE,SPEC_USE,EMER_USE,TRAV_SP,UNDERIDE,ROLLOVER,ROLINLOC,IMPACT1,DEFORMED,TOWED,M_HARM,VEH_SC1,VEH_SC2,FIRE_EXP,DR_PRES,L_STATE,DR_ZIP,L_STATUS,L_TYPE,CDL_STAT,L_ENDORS,L_COMPL,L_RESTRI,DR_HGT,DR_WGT,PREV_ACC,PREV_SUS,PREV_DWI,PREV_SPD,PREV_OTH,FIRST_MO,FIRST_YR,LAST_MO,LAST_YR,SPEEDREL,DR_SF1,DR_SF2,DR_SF3,DR_SF4,VTRAFWAY,VNUM_LAN,VSPD_LIM,VALIGN,VPROFILE,VPAVETYP,VSURCOND,VTRAFCON,VTCONT_F,P_CRASH1,P_CRASH2,P_CRASH3,PCRASH4,PCRASH5,ACC_TYPE,TRLR1VIN,TRLR2VIN,TRLR3VIN,DEATHS,DR_DRINK,VINTYPE,VINMAKE,VINA_MOD,VIN_BT,VINMODYR,VIN_LNGT,VIN_WGT,WGTCD_TR,WHLBS_LG,WHLBS_SH,SER_TR,FUELCODE,MCYCL_DS,CARBUR,CYLINDER,DISPLACE,MCYCL_CY,MCYCL_WT,TIRE_SZE,TON_RAT,TRK_WT,TRKWTVAR,VIN_REST,WHLDRWHL,Year
2012040496,4,40496,2,2,1,27,8,17,26,12,2,1,0,4,1,49,47,49047,6,2006,2T1KR32E16C5,2,T,1,K,R,3,2,E,1,6,C,5,0,0,0,Not Applicable,Not Applicable,0,0,0,1,0,0,0,0,0,0,0,10,0,0,0,12,6,2,12,0,0,0,1,4,85748,6,1,0,0,3,3,66,120,0,0,0,0,0,0,0,0,0,0,99,99,99,99,1,2,40,1,1,2,1,3,3,11,66,1,1,3,68,,,,0,0,P,TOYT,CTR,4H,6,17,2679,,0,1024,,G,,F,4,109,,,16R205,,,,,,2012
2012040497,4,40497,1,1,1,27,8,0,26,33,0,1,0,35,1,53,705,53705,80,2009,JS1GN7EA2921,J,S,1,G,N,7,E,A,2,9,2,1,0,0,0,Not Applicable,Not Applicable,0,0,0,1,0,0,0,0,0,0,0,83,0,0,0,12,6,2,1,0,0,0,1,35,87401,6,1,0,0,3,0,70,175,98,2,0,1,0,8,2012,8,2012,1,37,0,0,0,5,4,45,2,1,2,1,0,0,14,13,1,1,4,5,,,,1,1,M,SUZI,G60,RC,9,17,,,,,,,599,,4,,4,354,,,,,,,2012
2012040498,4,40498,1,1,1,29,8,13,1,33,0,1,0,4,5,37,705,37705,80,2007,JH2PC400X7M0,J,H,2,P,C,4,0,0,X,7,M,0,0,0,0,Not Applicable,Not Applicable,0,0,0,1,0,0,0,0,0,0,0,45,0,0,0,14,6,2,30,0,0,0,1,4,85730,1,1,0,0,2,0,67,170,0,6,0,0,1,8,2011,3,2012,1,0,0,0,0,2,3,45,3,1,2,1,0,0,14,51,4,1,4,5,,,,1,0,M,HOND,B60,RC,7,17,,,,,,,599,,4,,4,345,,,,,,,2012
2012040499,4,40499,1,2,1,30,8,21,41,12,6,1,0,4,1,20,473,20473,30,2009,1GCDT19E3981,1,G,C,D,T,1,9,E,3,9,8,1,0,0,0,Not Applicable,Not Applicable,0,0,0,1,0,0,0,0,0,0,0,998,0,0,0,81,6,2,12,0,0,0,1,51,22125,6,1,0,0,3,0,72,180,0,0,0,1,0,8,2010,8,2010,0,39,0,0,0,2,2,98,1,1,2,1,20,3,1,17,1,1,1,87,,,,1,1,T,CHEV,RDO,4C,9,17,,1,0,1260,CAL,G,,,5,226,,,,B,3878,00,,44,2012
2012040499,4,40499,2,2,1,30,8,21,41,12,6,1,0,4,3,12,16,12016,4,2008,2FAHP71V68X1,2,F,A,H,P,7,1,V,6,8,X,1,0,0,0,Not Applicable,Not Applicable,0,0,0,1,0,0,0,0,0,5,0,998,0,0,0,12,6,2,12,0,0,0,1,4,85123,6,1,0,0,3,0,71,205,0,0,0,1,1,12,2010,4,2012,1,16,0,0,0,2,2,65,1,1,2,1,0,0,1,66,1,1,1,86,,,,0,0,P,FORD,CVP,4D,8,17,0,,0,1146,,F,,F,8,281,,,17R235,,,,,,2012
2012040500,4,40500,1,2,1,16,8,13,14,12,2,1,0,4,1,55,35,55035,4,2005,KMHDN46D45U0,K,M,H,D,N,4,6,D,4,5,U,0,0,0,0,Not Applicable,Not Applicable,0,0,0,1,0,0,0,0,0,0,0,10,0,0,0,12,6,2,12,0,0,0,1,4,85122,6,1,0,0,3,0,69,245,0,0,0,0,0,0,0,0,0,0,38,0,0,0,5,4,35,1,1,2,1,3,3,11,15,1,1,2,68,,,,0,0,P,HYUN,EST,4D,5,17,2635,,0,1027,,G,,F,4,121,,,15R195,,,,,,2012
2012040500,4,40500,2,2,3,16,8,13,14,12,2,1,0,4,2,41,50,41050,5,2005,1YVHP84D155M,1,Y,V,H,P,8,4,D,1,5,5,M,0,0,0,Not Applicable,Not Applicable,0,0,0,1,0,0,0,0,0,0,0,35,0,0,0,12,6,2,12,0,0,0,1,4,85122,6,1,0,0,3,0,67,160,0,0,0,0,0,0,0,0,0,0,89,0,0,0,5,4,35,1,1,2,1,3,3,1,62,1,1,1,69,,,,1,0,P,MAZD,M6S,4H,5,17,3395,,0,1053,,G,,F,6,181,,,17R215,,,,,,2012
2012040501,4,40501,1,1,1,20,8,23,30,8,0,1,0,4,3,82,881,82881,66,2011,1FUBGADV9BSA,1,F,U,B,G,A,D,V,9,B,S,A,1,1,57,1274353,571274353,3,6,1,1,0,0,0,0,0,0,0,60,0,0,0,12,2,1,8,0,0,0,1,4,85748,6,1,6,0,3,3,70,193,0,1,0,1,1,2,2012,6,2012,0,0,0,0,0,2,2,65,1,1,2,1,0,0,1,80,99,1,3,13,,,,0,0,T,FRHT,113,TR,11,17,,7,0,0,CSC,D,,,6,781,,,,,00000,00,,42,2012
2012040502,4,40502,1,1,1,23,8,99,99,99,0,1,0,99,9,99,999,99999,99,9999,Unknown,9,9,9,9,9,9,9,9,9,9,9,9,0,0,0,Not Applicable,Not Applicable,0,0,0,1,0,0,0,0,0,0,0,999,0,0,0,99,9,9,99,0,0,0,1,4,85365,1,1,0,0,2,0,66,180,0,0,0,0,0,0,0,0,0,9,99,99,99,99,9,9,99,9,9,9,99,99,9,99,99,99,9,9,99,,,,1,0,,,,,,,,,,,,,,,,,,,,,,,,,2012
2012040503,4,40503,1,1,2,1,9,10,40,42,0,1,0,4,4,49,32,49032,4,2012,5YFBU4EE1CP0,5,Y,F,B,U,4,E,E,1,C,P,0,0,0,0,Not Applicable,Not Applicable,0,0,0,1,0,0,0,0,0,0,0,998,0,0,0,12,6,2,2,0,0,1,1,4,85297,6,1,0,0,3,3,70,175,0,3,0,1,2,2,2010,1,2012,1,0,0,0,0,2,2,75,1,1,2,1,0,0,1,9,99,4,4,7,,,,2,0,P,TOYT,CBS,4D,12,17,2734,,0,1024,,G,,F,4,110,,,15R195,,,,,,2012
2012040504,4,40504,1,1,1,1,9,13,20,1,0,1,0,4,1,37,706,37706,80,2003,1HFSC47023A2,1,H,F,S,C,4,7,0,2,3,A,2,0,0,0,Not Applicable,Not Applicable,0,0,0,1,0,0,0,0,0,0,0,60,0,0,0,0,6,2,1,0,0,0,1,4,85032,6,1,0,0,3,0,73,260,0,0,0,0,0,0,0,0,0,1,89,85,0,0,3,4,75,1,1,2,1,0,0,1,50,3,2,1,98,,,,1,0,M,HOND,GL8,RS,3,17,,,,,,,1832,,6,,4,816,,,,,,,2012
2012040505,4,40505,1,1,1,1,9,13,20,42,0,1,0,4,2,12,36,12036,3,1997,KNJLT05H0V62,K,N,J,L,T,0,5,H,0,V,6,2,0,0,0,Not Applicable,Not Applicable,0,0,0,1,0,0,0,0,0,0,0,75,0,0,0,9,6,2,42,0,0,0,1,4,85621,6,1,0,0,3,0,68,170,1,0,0,1,0,5,2010,6,2010,0,80,0,0,0,2,2,75,1,1,2,1,0,0,1,1,99,3,4,2,,,,1,0,P,FORD,ASP,2H,97,17,2056,,0,907,,G,,F,4,081,,,13R165,,,,,,2012
2012040506,4,40506,1,1,1,1,9,17,2,43,0,1,0,4,1,53,706,53706,80,2007,JS1GT77A1721,J,S,1,G,T,7,7,A,1,7,2,1,0,0,0,Not Applicable,Not Applicable,0,0,0,1,0,0,0,0,0,0,0,998,0,0,0,12,6,2,19,0,0,0,1,4,85308,6,1,6,0,3,0,76,315,0,2,0,1,0,12,2009,4,2012,9,99,99,99,99,1,2,25,1,1,2,1,0,0,1,14,1,1,4,14,,,,1,0,M,SUZI,XR1,RC,7,17,,,,,,,999,,4,,4,379,,,,,,,2012
2012040507,4,40507,1,2,1,6,9,11,4,12,6,1,0,4,1,3,402,3402,14,2007,5GTDN13E2781,5,G,T,D,N,1,3,E,2,7,8,1,0,0,0,Not Applicable,Not Applicable,0,0,0,1,0,0,0,0,0,0,0,12,0,0,0,3,6,2,12,0,0,0,1,4,85373,6,1,0,0,3,0,69,130,0,0,0,1,0,10,2009,10,2009,0,38,0,0,0,2,3,40,1,1,2,1,3,3,11,15,1,1,1,68,,,,0,0,T,HUMM,HH3,4W,7,17,,1,0,1119,HUM,G,,,5,226,,,,,4700,00,4,44,2012
2012040507,4,40507,2,2,3,6,9,11,4,12,6,1,0,4,2,55,35,55035,6,1999,KMHJW25F4XU1,K,M,H,J,W,2,5,F,4,X,U,1,0,0,0,Not Applicable,Not Applicable,0,0,0,1,0,0,0,0,0,0,0,35,0,0,0,12,6,2,12,0,0,0,1,4,85033,6,1,0,0,3,0,62,105,0,0,0,0,0,0,0,0,0,0,0,0,0,0,2,2,40,1,1,2,1,3,3,1,62,1,1,1,69,,,,1,0,P,HYUN,ELL,SW,99,17,2648,,0,1004,,G,,F,4,121,,,14R175,,,,,,2012
2012040508,4,40508,1,1,1,7,9,2,36,1,0,1,0,4,1,20,481,20481,31,2000,2GCEC19TXY13,2,G,C,E,C,1,9,T,X,Y,1,3,0,0,0,Not Applicable,Not Applicable,0,0,0,1,0,0,0,0,0,0,0,998,0,1,3,0,6,2,1,0,0,0,1,4,85373,6,1,0,0,3,0,72,180,0,0,0,0,0,0,0,0,0,1,58,0,0,0,2,2,75,1,1,1,1,0,0,1,6,6,4,4,7,,,,1,1,T,CHEV,SC1,3C,0,17,,2,1575,1435,SIL,G,,,8,325,,,,B,4134,03,,42,2012
2012040509,4,40509,1,1,1,9,9,9,16,1,0,1,0,4,1,6,51,6051,4,2008,2C3KA63H48H2,2,C,3,K,A,6,3,H,4,8,H,2,0,0,0,Not Applicable,Not Applicable,0,0,0,1,0,0,0,0,0,0,0,50,0,1,5,0,6,2,1,0,0,0,1,4,85224,6,1,0,0,3,0,66,140,0,0,0,0,0,0,0,0,0,1,0,0,0,0,5,6,40,1,1,2,1,0,0,1,13,1,1,4,1,,,,1,0,P,CHRY,30C,4D,8,17,4096,,0,1200,,G,,F,8,348,,,18R225,,,,,,2012
2012040510,4,40510,1,3,2,11,9,14,40,12,9,1,0,4,1,49,40,49040,4,2004,4T1BE32K74U8,4,T,1,B,E,3,2,K,7,4,U,8,0,0,0,Not Applicable,Not Applicable,0,0,0,1,0,0,0,0,0,0,0,65,0,0,0,81,6,2,12,0,0,0,1,4,85756,6,1,0,0,3,3,69,200,0,0,0,1,0,7,2010,7,2010,1,89,0,0,0,2,2,75,1,1,2,2,0,0,1,5,1,3,4,48,,,,2,0,P,TOYT,UXS,4D,4,17,3086,,0,1071,,G,,F,4,144,,,15R205,,,,,,2012
2012040510,4,40510,2,3,1,11,9,14,40,12,9,1,0,4,1,12,881,12881,61,2007,1FDAF56P67EA,1,F,D,A,F,5,6,P,6,7,E,A,0,0,57,633318,57633318,2,1,96,1,0,0,0,0,0,0,0,15,0,0,0,6,6,2,12,0,0,0,1,4,85741,6,1,0,0,3,0,74,205,0,0,0,0,0,0,0,0,0,0,0,0,0,0,2,2,75,1,1,2,2,0,0,1,60,1,1,5,48,,,,0,0,T,FORD,F5D,CB,7,17,,5,2000,1410,DRW,D,,,8,366,,,,D,6465,04,U,42,2012
2012040510,4,40510,3,3,1,11,9,14,40,12,9,1,0,4,1,20,481,20481,31,1993,1GCDC14Z9PZ2,1,G,C,D,C,1,4,Z,9,P,Z,2,0,0,0,Not Applicable,Not Applicable,0,0,0,1,0,0,0,0,0,0,0,5,0,0,0,6,4,1,12,0,0,0,1,4,85602,6,1,0,0,3,0,66,157,0,0,0,0,0,0,0,0,0,0,0,0,0,0,2,2,75,1,1,2,2,0,0,1,53,1,1,1,98,,,,0,0,T,CHEV,GC1,PK,93,17,,1,1315,1175,GM4,G,,,6,262,,,,B,3718,02,,42,2012
2012040511,4,40511,1,2,2,9,9,8,24,12,6,1,0,4,1,20,16,20016,4,1996,1G1JC5240T72,1,G,1,J,C,5,2,4,0,T,7,2,0,0,0,Not Applicable,Not Applicable,0,0,0,1,0,0,0,0,0,0,0,47,0,0,0,4,6,2,12,0,0,0,1,4,85648,6,1,0,0,3,0,65,130,0,1,0,1,0,3,2012,4,2012,0,58,0,0,0,1,2,45,1,3,2,1,0,0,1,9,1,4,4,64,,,,1,1,P,CHEV,CAV,4D,96,17,2676,,0,1041,,G,,F,4,133,,,14R195,,,,,,2012
2012040511,4,40511,2,2,2,9,9,8,24,12,6,1,0,4,2,12,471,12471,30,1994,1FTCR14A9RPB,1,F,T,C,R,1,4,A,9,R,P,B,0,0,0,Not Applicable,Not Applicable,0,0,0,1,0,0,0,0,0,0,0,28,0,0,0,12,6,2,12,0,0,0,1,4,85648,6,1,0,0,3,0,66,215,0,3,0,1,1,10,2009,3,2010,0,0,0,0,0,1,2,45,1,3,2,1,0,0,1,62,7,1,4,65,,,,0,0,T,FORD,RNS,PC,94,17,,1,0,1250,RNG,G,,,4,140,,,,B,3208,00,A,42,2012
2012040512,4,40512,1,1,1,14,9,15,57,17,0,1,0,4,2,12,16,12016,4,1998,2FAFP74W4WX1,2,F,A,F,P,7,4,W,4,W,X,1,0,0,0,Not Applicable,Not Applicable,0,0,0,1,0,0,0,0,0,0,0,75,0,0,0,61,6,2,17,0,0,0,1,4,86326,6,1,0,0,3,0,74,175,0,0,0,0,0,0,0,0,0,1,0,0,0,0,3,2,75,1,1,2,1,0,0,1,6,7,3,4,2,,,,1,0,P,FORD,CVL,4D,98,17,3927,,0,1144,,G,,F,8,281,,,15R225,,,,,,2012
2012040513,4,40513,1,2,2,15,9,9,30,18,0,1,0,4,1,72,706,72706,80,2002,1HD1FDV152Y6,1,H,D,1,F,D,V,1,5,2,Y,6,0,0,0,Not Applicable,Not Applicable,0,0,0,1,0,0,0,0,0,0,0,999,0,0,0,12,4,3,1,0,0,0,1,4,86314,6,1,0,0,3,3,66,200,0,0,0,0,0,0,0,0,0,0,81,0,0,0,1,2,55,2,5,2,1,0,0,14,90,99,1,1,12,,,,1,0,M,HD,FHR,RS,2,17,,,,,,,1450,,2,,4,723,,,,,,,2012
2012040513,4,40513,2,2,2,15,9,9,30,18,0,1,0,34,1,72,706,72706,80,2010,1HD1PR828AB9,1,H,D,1,P,R,8,2,8,A,B,9,0,0,0,Not Applicable,Not Applicable,0,0,0,1,0,0,0,0,0,0,0,999,0,0,0,12,4,3,12,0,0,0,1,34,8559,6,1,6,0,3,3,70,999,0,0,0,4,5,10,2009,5,2012,0,84,0,0,0,1,2,55,2,5,2,1,0,0,14,52,99,1,4,98,,,,0,0,M,HD,SB5,RS,10,17,,,,,,,1803,,2,,4,924,,,,,,,2012
2012040514,4,40514,1,2,1,18,9,3,15,1,0,1,0,4,5,12,481,12481,31,1998,1FTZF1727WKB,1,F,T,Z,F,1,7,2,7,W,K,B,0,0,0,Not Applicable,Not Applicable,0,0,0,1,0,0,0,0,0,0,0,998,0,1,1,0,6,2,1,0,0,0,1,4,85032,1,1,0,0,2,0,72,190,0,13,1,1,3,1,2010,11,2011,0,99,99,99,99,2,2,75,1,1,2,1,0,0,99,9,6,4,6,98,,,,1,1,T,FORD,F15,PK,98,17,,1,1390,1200,COF,G,,,6,256,,,,B,3800,02,E,42,2012
2012040514,4,40514,2,2,1,18,9,3,15,1,0,1,0,4,3,51,881,51881,66,2007,4V4NC9GH57N4,4,V,4,N,C,9,G,H,5,7,N,4,1,1,57,0169528,570169528,3,6,1,1,0,0,0,0,0,0,0,998,0,0,0,12,6,2,54,0,0,0,1,4,85051,6,1,6,0,3,0,76,225,0,0,0,0,1,2,2010,2,2010,0,0,0,0,0,2,2,75,1,1,2,1,0,0,1,91,1,1,1,98,,,,0,0,T,VOLV,VNL,TR,7,17,,8,0,0,VVN,D,,,6,732,,,,,00000,00,,64,2012
2012040515,4,40515,1,1,1,19,9,16,10,1,0,1,0,4,2,63,401,63401,14,2001,KNDJB723X150,K,N,D,J,B,7,2,3,X,1,5,0,0,0,0,Not Applicable,Not Applicable,0,0,0,1,0,0,0,0,0,0,0,65,0,1,1,0,6,2,1,0,0,0,1,4,85653,6,1,0,0,3,0,70,180,0,0,0,0,0,0,0,0,0,0,99,99,99,99,2,3,65,1,1,2,1,0,0,1,9,99,3,6,98,,,,1,0,P,KIA,SPO,UT,1,17,3186,,0,1043,,G,,F,4,122,,,15R205,,,,,,2012
2012040516,4,40516,1,1,1,22,9,0,49,59,0,1,0,1,2,72,706,72706,80,2002,1HD1GKV112Y3,1,H,D,1,G,K,V,1,1,2,Y,3,0,0,0,Not Applicable,Not Applicable,0,0,0,1,0,0,0,0,0,0,0,25,0,0,0,12,6,2,59,0,0,0,1,4,85324,0,0,0,0,0,0,73,220,2,3,1,0,5,3,2011,7,2012,0,89,0,0,0,1,2,25,1,1,2,1,0,0,1,12,1,1,4,6,,,,1,1,M,HD,XDP,RS,2,17,,,,,,,1450,,2,,4,999,,,,,,,2012
2012040517,4,40517,1,1,1,22,9,17,35,17,0,1,0,4,2,20,481,20481,31,2004,1GCHK23144F1,1,G,C,H,K,2,3,1,4,4,F,1,0,0,0,Not Applicable,Not Applicable,0,0,0,1,0,0,0,0,0,0,0,50,0,1,5,12,6,2,1,0,0,0,1,4,85937,6,1,0,0,3,3,71,160,0,1,0,0,0,8,2010,8,2010,1,0,0,0,0,1,2,50,3,1,2,1,0,0,14,6,7,1,4,1,,,,1,0,T,CHEV,2KH,CW,4,17,,2,1670,1530,SIL,D,,,8,403,,,,C,6056,03,,44,2012
2012040518,4,40518,1,1,1,23,9,17,52,30,0,1,0,4,2,37,31,37031,2,1995,2HGEJ1125SH5,2,H,G,E,J,1,1,2,5,S,H,5,0,0,0,Not Applicable,Not Applicable,0,0,0,1,0,0,0,0,0,0,0,999,0,0,0,9,6,2,30,0,0,0,1,4,86030,6,1,0,0,3,3,68,170,0,0,0,0,0,0,0,0,0,9,99,99,99,99,6,1,45,2,1,2,1,0,0,14,9,7,3,4,2,,,,1,1,P,HOND,CEX,CP,95,17,2371,,0,1032,,G,,F,4,097,,,14R185,,,,,,2012
2012040519,4,40519,1,1,1,25,9,16,44,33,0,1,0,4,1,49,471,49471,30,1981,JT4RN44S2B00,J,T,4,R,N,4,4,S,2,B,0,0,0,0,0,Not Applicable,Not Applicable,0,0,0,1,0,0,0,0,0,0,0,998,0,1,5,12,6,2,1,0,0,0,1,4,85009,6,1,0,0,3,0,67,150,2,0,0,2,0,7,2011,6,2012,9,99,99,99,99,2,3,45,1,1,2,1,0,0,99,9,99,9,4,2,,,,1,0,T,TOYT,R4S,PK,81,17,,1,0,1102,PCC,G,,,4,146,,,,,2335,07,,42,2012
2012040520,4,40520,1,1,1,30,9,10,14,9,0,1,0,4,1,2,404,2404,14,2001,1J4FF48SX1L5,1,J,4,F,F,4,8,S,X,1,L,5,0,0,0,Not Applicable,Not Applicable,0,0,0,1,0,0,0,0,0,0,0,998,0,0,0,12,2,1,9,0,0,0,1,4,85638,6,1,0,0,3,3,65,154,0,0,0,0,0,0,0,0,0,0,35,0,0,0,1,2,65,1,1,2,1,0,0,1,13,1,1,4,13,,,,0,0,T,JEEP,SPT,4W,1,17,,1,0,1014,CHK,G,,,6,244,,,,,3249,00,E,44,2012
2012040521,4,40521,1,1,1,30,9,12,13,14,0,1,0,48,3,51,881,51881,66,2005,4V4NC9GH55N3,4,V,4,N,C,9,G,H,5,5,N,3,1,3,57,0167260,570167260,3,6,1,1,0,0,0,0,0,0,0,60,0,1,5,12,6,2,1,0,0,0,1,48,76380,6,1,6,0,3,3,69,350,0,0,0,2,3,8,2011,8,2012,0,99,99,99,99,2,2,75,1,1,2,1,0,0,1,13,1,1,4,1,,,,1,0,T,VOLV,VNL,TR,5,17,,8,0,0,VVN,D,,,6,732,,,,,00000,00,,64,2012
2012040522,4,40522,1,1,2,1,9,2,32,1,0,1,0,4,2,20,37,20037,4,2004,1G1ZT54844F1,1,G,1,Z,T,5,4,8,4,4,F,1,0,0,0,Not Applicable,Not Applicable,0,0,0,1,0,0,0,0,0,0,0,90,0,1,5,0,6,2,1,0,0,0,1,4,85128,6,1,0,0,3,0,66,224,0,0,0,0,0,0,0,0,0,1,0,0,0,0,1,2,65,1,1,2,1,0,0,6,6,99,9,9,2,,,,1,1,P,CHEV,M/L,4D,4,17,3297,,0,1063,,G,,F,6,214,,,15R205,,,,,,2012
2012040523,4,40523,1,1,1,2,9,15,10,42,0,1,0,4,1,20,421,20421,15,2002,1GNEK13Z52R1,1,G,N,E,K,1,3,Z,5,2,R,1,0,0,0,Not Applicable,Not Applicable,0,0,0,1,0,0,0,0,0,0,0,50,0,0,0,12,6,2,42,0,0,0,1,4,85262,6,1,0,0,3,3,68,190,0,0,0,0,0,0,0,0,0,9,99,99,99,99,8,8,35,3,1,8,1,0,0,14,9,99,9,4,2,,,,1,0,P,CHEV,KTA,UT,2,17,5050,,0,1160,,F,,F,8,325,,,16R265,,,,,,2012
2012040524,4,40524,1,1,1,8,9,19,58,8,0,1,1,99,9,99,999,99999,99,9999,Unknown,9,9,9,9,9,9,9,9,9,9,9,9,0,0,0,Not Applicable,Not Applicable,0,0,0,1,0,0,0,0,0,0,0,999,0,0,0,12,9,1,8,0,0,0,1,99,99999,9,9,99,9,9,9,999,999,99,99,99,99,99,99,9999,99,9999,9,99,99,99,99,2,2,65,1,1,2,1,0,0,99,80,99,9,9,13,,,,0,0,,,,,,,,,,,,,,,,,,,,,,,,,2012
2012040525,4,40525,1,5,1,8,9,99,99,12,7,1,0,4,2,7,24,7024,4,2007,2B3KA43R17H7,2,B,3,K,A,4,3,R,1,7,H,7,0,0,0,Not Applicable,Not Applicable,0,0,0,1,0,0,0,0,0,0,0,65,0,1,1,81,6,2,12,0,0,0,1,4,86538,0,0,0,0,0,0,70,202,0,0,0,0,0,0,0,0,0,1,33,0,0,0,1,2,65,1,3,2,1,0,0,6,11,1,1,2,46,,,,1,1,P,DODG,CTL,4D,7,17,3648,,0,1200,,G,,F,6,165,,,17R215,,,,,,2012
2012040525,4,40525,2,5,4,8,9,99,99,12,7,1,0,4,1,49,403,49403,14,2007,JTEEP21A4701,J,T,E,E,P,2,1,A,4,7,0,1,0,0,0,Not Applicable,Not Applicable,0,0,0,1,0,0,0,0,0,0,0,65,0,0,0,10,2,1,12,0,0,0,1,4,86054,6,1,0,0,3,0,62,165,0,0,0,0,0,0,0,0,0,0,0,0,0,0,1,2,65,1,3,2,1,0,0,1,60,1,1,1,45,,,,0,0,P,TOYT,HIG,UT,7,17,3935,,0,1069,,G,,F,6,201,,,16R225,,,,,,2012
2012040525,4,40525,3,5,7,8,9,99,99,12,7,1,0,4,1,49,401,49401,14,1996,JT3HN87R0T00,J,T,3,H,N,8,7,R,0,T,0,0,0,0,0,Not Applicable,Not Applicable,0,0,0,1,0,0,0,0,0,0,0,999,0,1,5,6,6,2,1,0,0,0,1,4,86520,6,1,0,0,3,0,62,169,0,0,0,1,1,6,2011,6,2011,0,0,0,0,0,1,2,65,1,3,2,1,0,0,1,53,1,1,1,98,,,,1,0,P,TOYT,RUN,UT,96,17,0,,0,1053,,G,,F,6,206,,,16R265,,,,,,2012
2012040525,4,40525,4,5,3,8,9,99,99,12,7,1,0,4,1,7,20,7020,4,2005,1B3ES56C05D2,1,B,3,E,S,5,6,C,0,5,D,2,0,0,0,Not Applicable,Not Applicable,0,0,0,1,0,0,0,0,0,0,0,998,0,0,0,12,6,2,12,0,0,0,1,4,86505,6,1,0,0,3,0,65,190,0,0,0,0,0,0,0,0,0,9,99,99,99,99,1,2,65,1,3,2,1,0,0,1,62,99,9,9,98,,,,2,0,P,DODG,NXT,4D,5,17,2634,,0,1040,,G,,F,4,122,,,15R185,,,,,,2012
2012040525,4,40525,5,5,4,8,9,99,99,12,7,1,0,4,2,30,46,30046,4,2010,WVWJM7AN1AE1,W,V,W,J,M,7,A,N,1,A,E,1,0,0,0,Not Applicable,Not Applicable,0,0,0,1,0,0,0,0,0,0,0,999,0,0,0,12,6,2,12,0,0,0,1,4,85203,6,1,0,0,3,0,72,200,0,0,0,0,0,0,0,0,0,0,99,99,99,99,1,2,65,1,3,2,1,0,0,1,99,1,1,1,98,,,,0,1,P,VOLK,PKM,4D,10,17,3330,,0,1067,,G,,T,4,121,,,17R235,,,,,,2012
2012040526,4,40526,1,1,2,12,9,12,49,1,0,1,0,4,2,82,881,82881,63,1989,1FUYDSYB5KP3,1,F,U,Y,D,S,Y,B,5,K,P,3,0,0,88,None,None,3,2,3,1,0,0,0,0,0,0,0,40,0,1,9,0,6,2,1,0,0,0,1,4,86320,6,1,6,0,3,3,72,210,0,2,0,0,0,8,2011,8,2011,1,99,99,99,99,1,2,35,1,1,8,1,0,0,1,99,99,9,4,5,,,,1,0,T,FRHT,FLD,TR,89,17,,8,0,0,CON,D,,,6,893,,,,,00000,00,,64,2012
2012040527,4,40527,1,2,1,14,9,18,45,12,2,1,0,4,2,53,706,53706,80,2002,JS1GT74A0221,J,S,1,G,T,7,4,A,0,2,2,1,0,0,0,Not Applicable,Not Applicable,0,0,0,1,0,0,0,0,0,0,0,50,0,0,0,12,6,2,12,0,0,0,1,4,86044,6,1,0,0,2,0,68,130,0,0,0,0,0,0,0,0,0,1,28,0,0,0,1,2,35,2,1,2,1,0,0,14,10,3,2,2,50,,,,1,0,M,SUZI,XR1,RC,2,17,,,,,,,988,,4,,4,374,,,,,,,2012
2012040527,4,40527,2,2,2,14,9,18,45,12,2,1,0,4,1,55,33,55033,4,2007,5NPEU46F87H1,5,N,P,E,U,4,6,F,8,7,H,1,0,0,0,Not Applicable,Not Applicable,0,0,0,1,0,0,0,0,0,0,0,15,0,0,0,12,6,2,12,0,0,0,1,4,85225,6,1,0,0,3,0,75,235,0,1,0,2,0,2,2010,12,2011,0,0,0,0,0,1,2,35,3,1,2,1,0,0,14,62,9,1,1,51,,,,0,0,P,HYUN,SLI,4D,7,17,3458,,0,1074,,G,,F,6,204,,,17R225,,,,,,2012
2012040528,4,40528,1,1,7,16,9,20,20,1,0,1,0,4,2,23,481,23481,31,1994,2GTEC19Z0R15,2,G,T,E,C,1,9,Z,0,R,1,5,0,0,0,Not Applicable,Not Applicable,0,0,0,1,0,0,0,0,0,0,0,65,0,1,3,0,6,2,1,0,0,0,1,4,85225,6,1,0,0,3,0,66,260,0,0,0,0,0,0,0,0,0,0,80,0,0,0,2,2,65,1,1,2,1,0,0,1,1,6,9,4,7,,,,1,0,T,GMC,SC1,PC,94,17,,2,1555,1415,SIE,G,,,6,262,,,,B,3967,00,A,42,2012