accident_id,STATE,ST_CASE,VEH_NO,VE_FORMS,NUMOCCS,DAY,MONTH,HOUR,MINUTE,HARM_EV,MAN_COLL,UNITTYPE,HIT_RUN,REG_STAT,OWNER,MAKE,MODEL,MAK_MOD,BODY_TYP,MOD_YEAR,VIN,VIN_1,VIN_2,VIN_3,VIN_4,VIN_5,VIN_6,VIN_7,VIN_8,VIN_9,VIN_10,VIN_11,VIN_12,TOW_VEH,J_KNIFE,MCARR_I1,MCARR_I2,MCARR_ID,GVWR,V_CONFIG,CARGO_BT,HAZ_INV,HAZ_PLAC,HAZ_ID,HAZ_CNO,HAZ_REL,BUS_USE,SPEC_USE,EMER_USE,TRAV_SP,UNDERIDE,ROLLOVER,ROLINLOC,IMPACT1,DEFORMED,TOWED,M_HARM,VEH_SC1,VEH_SC2,FIRE_EXP,DR_PRES,L_STATE,DR_ZIP,L_STATUS,L_TYPE,CDL_STAT,L_ENDORS,L_COMPL,L_RESTRI,DR_HGT,DR_WGT,PREV_ACC,PREV_SUS,PREV_DWI,PREV_SPD,PREV_OTH,FIRST_MO,FIRST_YR,LAST_MO,LAST_YR,SPEEDREL,DR_SF1,DR_SF2,DR_SF3,DR_SF4,VTRAFWAY,VNUM_LAN,VSPD_LIM,VALIGN,VPROFILE,VPAVETYP,VSURCOND,VTRAFCON,VTCONT_F,P_CRASH1,P_CRASH2,P_CRASH3,PCRASH4,PCRASH5,ACC_TYPE,TRLR1VIN,TRLR2VIN,TRLR3VIN,DEATHS,DR_DRINK,VINTYPE,VINMAKE,VINA_MOD,VIN_BT,VINMODYR,VIN_LNGT,VIN_WGT,WGTCD_TR,WHLBS_LG,WHLBS_SH,SER_TR,FUELCODE,MCYCL_DS,CARBUR,CYLINDER,DISPLACE,MCYCL_CY,MCYCL_WT,TIRE_SZE,TON_RAT,TRK_WT,TRKWTVAR,VIN_REST,WHLDRWHL,Year
2012040529,4,40529,1,2,1,17,9,14,8,12,1,1,0,4,2,7,482,7482,31,1996,1B7HC16Z9TS6,1,B,7,H,C,1,6,Z,9,T,S,6,0,0,0,Not Applicable,Not Applicable,0,0,0,1,0,0,0,0,0,0,0,35,0,0,0,12,6,2,12,0,0,0,1,4,85017,1,1,0,0,2,3,69,150,0,1,0,0,0,10,2010,10,2010,1,89,0,0,0,5,4,40,1,1,2,1,0,0,1,50,1,1,1,20,,,,1,1,T,DODG,150,PK,96,17,,2,1347,1187,RPC,G,,,8,360,,,,B,3868,01,M,42,2012
2012040529,4,40529,2,2,6,17,9,14,8,12,1,1,0,4,3,98,981,98981,52,2001,1N904010X1A1,1,N,9,0,4,0,1,0,X,1,A,1,0,0,88,None,None,3,21,22,1,0,0,0,0,6,0,0,0,0,0,0,6,6,2,12,0,0,0,1,4,85053,6,1,6,1,3,0,71,238,0,0,0,0,0,0,0,0,0,0,0,0,0,0,5,4,40,1,1,2,1,0,0,5,53,1,1,1,21,,,,0,0,U,,,,1,17,,,,,,,,,,,,,,,,,,,2012
2012040530,4,40530,1,1,1,18,9,18,38,1,0,1,0,4,3,20,481,20481,31,2008,1GCHK29K08E2,1,G,C,H,K,2,9,K,0,8,E,2,0,0,0,Not Applicable,Not Applicable,0,0,0,1,0,0,0,0,0,0,0,55,0,1,5,0,6,2,1,0,0,0,1,4,85630,6,1,0,0,3,0,69,160,0,0,0,0,0,0,0,0,0,1,99,99,99,99,1,2,0,2,6,5,1,0,0,14,6,99,9,4,7,,,,1,1,T,CHEV,2KH,4C,8,17,,2,1575,1435,SIL,G,,,8,366,,,,C,5735,02,,44,2012
2012040531,4,40531,1,3,1,19,9,5,28,12,1,1,0,4,1,12,422,12422,15,2008,1FMFU15508LA,1,F,M,F,U,1,5,5,0,8,L,A,0,0,0,Not Applicable,Not Applicable,0,0,0,1,0,0,0,0,0,0,0,65,0,0,0,12,6,2,12,0,0,0,1,4,85119,6,1,6,0,3,0,71,246,0,0,0,0,0,0,0,0,0,1,0,0,0,0,3,2,65,1,1,2,1,0,0,1,50,8,9,1,20,,,,0,0,P,FORD,EPT,UT,8,17,5578,,0,1190,,G,,F,8,329,,,17R265,,,,,,2012
2012040531,4,40531,2,3,1,19,9,5,28,12,1,1,0,4,1,37,39,37039,5,2009,JHMGE88629S0,J,H,M,G,E,8,8,6,2,9,S,0,0,0,0,Not Applicable,Not Applicable,0,0,0,1,0,0,0,0,0,0,0,0,0,0,0,6,6,2,12,0,0,0,1,4,85219,6,1,0,0,3,0,68,172,0,0,0,0,0,0,0,0,0,0,0,0,0,0,3,2,65,1,1,2,1,0,0,5,53,1,1,1,21,,,,1,0,P,HOND,FIS,4H,9,17,2520,,0,984,,G,,F,4,091,,,15R175,,,,,,2012
2012040531,4,40531,3,3,1,19,9,5,28,12,1,1,0,4,3,12,881,12881,61,2001,1FDXF46S11EB,1,F,D,X,F,4,6,S,1,1,E,B,0,0,88,None,None,2,1,97,1,0,0,0,0,0,0,0,0,0,0,0,99,0,1,54,0,0,0,1,4,85119,6,1,0,0,3,3,74,187,0,0,0,1,0,4,2010,4,2010,0,0,0,0,0,3,2,65,1,1,2,1,0,0,5,90,1,1,1,98,,,,0,0,T,FORD,F4D,CB,1,17,,4,2010,1410,DRW,G,,,10,415,,,,,5968,09,E,42,2012
2012040532,4,40532,1,2,1,19,9,5,28,12,1,1,0,4,2,49,472,49472,30,2008,5TENX22NX8Z4,5,T,E,N,X,2,2,N,X,8,Z,4,0,0,0,Not Applicable,Not Applicable,0,0,0,1,0,0,0,0,0,0,0,65,0,0,0,12,6,2,12,0,0,0,1,4,85218,6,1,0,0,3,0,69,170,0,0,0,0,0,0,0,0,0,0,0,0,0,0,3,2,65,1,1,2,1,0,0,1,51,1,1,1,24,,,,0,0,T,TOYT,REG,PK,8,17,,1,0,1094,TAC,G,,,4,164,,,,B,3200,00,U,42,2012
2012040532,4,40532,2,2,1,19,9,5,28,12,1,1,0,4,1,72,706,72706,80,2006,1HD1GM11X6K3,1,H,D,1,G,M,1,1,X,6,K,3,0,0,0,Not Applicable,Not Applicable,0,0,0,1,0,0,0,0,0,0,0,60,0,0,0,6,6,2,12,0,0,0,1,4,85209,6,1,0,0,3,3,69,170,0,0,0,0,0,0,0,0,0,0,0,0,0,0,3,2,65,1,1,2,1,0,0,1,53,1,1,1,25,,,,1,1,M,HD,FDI,RS,6,17,,,,,,,1450,,2,,4,632,,,,,,,2012
2012040533,4,40533,1,1,1,22,9,14,55,34,0,1,0,4,1,98,733,98733,90,2008,4XACA32A18B5,4,X,A,C,A,3,2,A,1,8,B,5,0,0,0,Not Applicable,Not Applicable,0,0,0,1,0,0,0,0,0,0,0,30,0,0,0,12,6,9,35,0,0,0,1,4,85338,6,1,0,0,3,3,72,230,0,0,0,0,0,0,0,0,0,1,39,0,0,0,1,2,35,1,6,8,1,20,3,11,13,6,9,4,2,,,,1,1,M,POLS,TR3,AT,8,17,,,,,,,329,,1,,4,505,,,,,,,2012
2012040534,4,40534,1,1,1,22,9,22,41,1,0,1,0,4,2,18,3,18003,4,1989,1G4CW54C5K16,1,G,4,C,W,5,4,C,5,K,1,6,0,0,0,Not Applicable,Not Applicable,0,0,0,1,0,0,0,0,0,0,0,75,0,1,3,0,6,2,1,0,0,0,1,4,85713,6,1,0,0,3,0,68,190,0,0,0,0,0,0,0,0,0,1,0,0,0,0,2,2,75,1,1,2,1,0,0,1,9,6,4,4,7,,,,1,0,P,BUIC,EPF,4D,89,17,3241,,0,1108,,G,,F,6,231,,,14R205,,,,,,2012
2012040535,4,40535,1,2,1,23,9,1,34,12,1,1,0,4,2,37,705,37705,80,2004,JH2PC37044M1,J,H,2,P,C,3,7,0,4,4,M,1,0,0,0,Not Applicable,Not Applicable,0,0,0,1,0,0,0,0,0,0,0,100,0,0,0,12,6,2,12,0,0,0,1,4,85716,0,0,0,0,0,0,71,230,0,5,0,0,0,3,2010,1,2012,1,27,0,0,0,2,2,65,1,1,2,1,0,0,15,51,1,1,2,24,,,,1,1,M,HOND,B60,RC,4,17,,,,,,,599,,4,,4,370,,,,,,,2012
2012040535,4,40535,2,2,1,23,9,1,34,12,1,1,0,4,1,20,481,20481,31,1965,C1545S116392,C,1,5,4,5,S,1,1,6,3,9,2,0,0,0,Not Applicable,Not Applicable,0,0,0,1,0,0,0,0,0,0,0,55,0,0,0,6,6,2,12,0,0,0,1,4,85705,6,1,0,0,3,3,74,320,0,0,0,0,0,0,0,0,0,0,0,0,0,0,2,2,65,1,1,2,1,0,0,1,53,1,1,1,25,,,,0,0,T,CHEV,,,65,12,,,,,,,,,,,,,,,,,,,2012
2012040536,4,40536,1,1,1,24,9,17,58,38,0,1,1,4,2,7,482,7482,31,1997,3B7HC13Z7VG7,3,B,7,H,C,1,3,Z,7,V,G,7,0,0,0,Not Applicable,Not Applicable,0,0,0,1,0,0,0,0,0,0,0,998,0,0,0,12,6,2,38,0,0,0,1,4,85029,0,0,0,0,0,0,67,230,0,1,0,0,0,4,2011,4,2011,0,29,0,0,0,1,2,35,1,1,2,1,0,0,1,13,1,1,4,1,,,,1,1,T,DODG,150,PC,97,17,,2,1547,1387,RPC,G,,,8,360,,,,B,4379,01,M,42,2012
2012040537,4,40537,1,1,7,29,9,17,3,1,0,1,0,4,1,12,481,12481,31,2001,3FTZF17281MA,3,F,T,Z,F,1,7,2,8,1,M,A,0,0,0,Not Applicable,Not Applicable,0,0,0,1,0,0,0,0,0,0,0,998,0,1,3,0,6,2,1,0,0,0,1,4,85041,1,1,0,0,2,0,65,230,1,1,0,1,1,4,2012,7,2012,0,80,0,0,0,2,2,75,1,1,2,1,0,0,1,1,6,4,4,7,,,,4,0,T,FORD,F15,PK,1,17,,1,1385,1199,COF,G,,,6,256,,,,B,3923,04,U,42,2012
2012040538,4,40538,1,2,1,2,10,14,25,12,6,1,0,4,2,49,402,49402,14,2007,JTMZD33V6760,J,T,M,Z,D,3,3,V,6,7,6,0,0,0,0,Not Applicable,Not Applicable,0,0,0,1,0,0,0,0,0,0,0,998,0,1,3,81,6,2,1,0,0,0,1,4,85027,6,1,0,0,3,0,71,165,0,0,0,0,0,0,0,0,0,0,80,58,0,0,2,2,75,1,1,2,1,0,0,1,9,1,4,2,98,,,,1,0,P,TOYT,RG4,UT,7,17,3300,,0,1047,,G,,F,4,144,,,16R215,,,,,,2012
2012040538,4,40538,2,2,1,2,10,14,25,12,6,1,0,6,1,51,881,51881,66,2003,4V4NC9TH53N3,4,V,4,N,C,9,T,H,5,3,N,3,1,3,57,0211468,570211468,3,6,1,1,0,0,0,0,0,0,0,73,0,0,0,12,6,2,12,0,0,0,1,6,95843,6,1,6,0,3,0,69,162,0,0,0,0,0,0,0,0,0,0,0,0,0,0,2,2,75,1,1,2,1,0,0,1,62,4,1,1,98,,,,0,0,T,VOLV,VNL,TR,3,17,,8,0,0,VVN,D,,,6,915,,,,,00000,00,,64,2012
2012040539,4,40539,1,2,1,5,10,8,8,12,6,1,0,4,2,12,37,12037,4,2002,1FAFP38382W3,1,F,A,F,P,3,8,3,8,2,W,3,0,0,0,Not Applicable,Not Applicable,0,0,0,1,0,0,0,0,0,0,0,3,0,0,0,61,4,3,12,0,0,0,1,4,85742,6,1,0,0,3,0,61,110,0,0,0,0,0,0,0,0,0,0,38,0,0,0,1,2,40,1,1,2,1,20,3,11,15,1,1,1,82,,,,0,0,P,FORD,FZT,4D,2,17,2604,,0,1030,,G,,F,4,121,,,16R205,,,,,,2012
2012040539,4,40539,2,2,1,5,10,8,8,12,6,1,0,4,1,72,706,72706,80,1993,1HD1FAL17PY5,1,H,D,1,F,A,L,1,7,P,Y,5,0,0,0,Not Applicable,Not Applicable,0,0,0,1,0,0,0,0,0,0,0,35,0,0,0,12,6,2,12,0,0,0,1,4,85742,6,1,0,0,3,0,73,195,0,0,0,0,0,0,0,0,0,0,0,0,0,0,1,2,45,1,1,2,1,0,0,1,67,3,2,1,83,,,,1,0,M,HD,FHS,RS,93,17,,,,,,,1340,,2,,4,692,,,,,,,2012
2012040540,4,40540,1,1,5,7,10,1,36,1,0,1,0,4,2,37,32,37032,4,1994,1HGCD5634RA1,1,H,G,C,D,5,6,3,4,R,A,1,0,0,0,Not Applicable,Not Applicable,0,0,0,1,0,0,0,0,0,0,0,80,0,1,5,0,6,2,1,0,0,0,1,4,85705,6,1,0,0,3,3,67,185,0,0,0,0,0,0,0,0,0,1,91,0,0,0,1,2,35,2,1,2,1,0,0,14,12,3,2,4,7,,,,1,1,P,HOND,ULE,4D,94,17,2809,,0,1069,,G,,F,4,132,,,14R185,,,,,,2012
2012040541,4,40541,1,1,1,7,10,13,3,1,0,1,0,4,1,12,17,12017,4,1989,1FABP50U8KA2,1,F,A,B,P,5,0,U,8,K,A,2,0,0,0,Not Applicable,Not Applicable,0,0,0,1,0,0,0,0,0,0,0,51,0,1,5,0,6,2,1,0,0,0,1,4,85533,6,1,0,0,3,0,62,125,0,0,0,0,0,0,0,0,0,0,99,99,99,99,1,2,65,1,1,2,1,0,0,1,13,1,1,4,1,,,,1,0,P,FORD,TAL,4D,89,17,2901,,0,1060,,G,,F,6,182,,,14R205,,,,,,2012
2012040542,4,40542,1,1,1,7,10,16,22,32,0,1,0,4,1,49,472,49472,30,2002,5TEGN92NX2Z1,5,T,E,G,N,9,2,N,X,2,Z,1,0,0,0,Not Applicable,Not Applicable,0,0,0,1,0,0,0,0,0,0,0,998,0,1,3,99,6,2,2,0,0,1,1,4,86023,6,1,0,0,3,3,72,185,0,0,0,0,0,0,0,0,0,1,89,0,0,0,2,2,75,1,1,2,1,0,0,1,12,1,1,4,6,,,,1,1,T,TOYT,DCP,CW,2,17,,1,0,1219,TAC,G,,,6,206,,,,B,3475,00,E,42,2012
2012040543,4,40543,1,1,3,12,10,21,8,42,0,1,0,4,1,20,421,20421,15,1977,CKR187Z20987,C,K,R,1,8,7,Z,2,0,9,8,7,0,0,0,Not Applicable,Not Applicable,0,0,0,1,0,0,0,0,0,0,0,998,0,1,5,12,6,2,1,0,0,0,1,4,85748,6,1,0,0,3,0,59,100,0,0,0,0,0,0,0,0,0,0,39,0,0,0,1,2,45,1,6,2,1,20,3,1,13,1,1,4,1,,,,1,0,T,CHEV,KBZ,UT,77,13,,2,1315,1065,K10,G,,,8,400,,,,B,4160,02,,44,2012
2012040544,4,40544,1,1,2,13,10,19,0,8,0,1,0,6,3,85,881,85881,66,2012,1XKADP9X9CJ3,1,X,K,A,D,P,9,X,9,C,J,3,1,1,57,1637148,571637148,3,6,1,1,0,0,0,0,0,0,0,70,0,0,0,2,2,1,8,0,0,0,1,6,93722,6,1,6,0,3,0,70,198,0,0,0,0,0,0,0,0,0,0,0,0,0,0,2,2,75,1,1,2,1,0,0,1,80,1,1,1,13,,,,0,0,T,KW,T60,TR,12,17,,8,2600,1600,CON,D,,,6,787,,,,,00000,00,,64,2012
2012040546,4,40546,1,1,3,14,10,21,34,8,0,1,0,4,1,12,442,12442,20,2002,2FMZA53442BB,2,F,M,Z,A,5,3,4,4,2,B,B,0,0,0,Not Applicable,Not Applicable,0,0,0,1,0,0,0,0,0,0,0,75,0,0,0,12,6,2,8,0,0,0,1,4,85648,6,1,0,0,3,0,64,154,0,0,0,0,0,0,0,0,0,0,0,0,0,0,2,2,75,1,1,2,1,0,0,1,80,1,1,1,13,,,,0,0,T,FORD,WSL,ES,2,17,,1,0,1207,WIN,G,,,6,232,,,,B,4291,00,E,42,2012
2012040547,4,40547,1,3,1,20,10,15,8,12,8,1,0,4,1,76,705,76705,80,2004,JYARJ06E84A0,J,Y,A,R,J,0,6,E,8,4,A,0,0,0,0,Not Applicable,Not Applicable,0,0,0,1,0,0,0,0,0,0,0,998,0,0,0,99,6,2,12,0,0,0,1,4,85309,6,1,0,0,3,0,73,165,0,0,0,1,0,5,2010,5,2010,0,89,28,0,0,1,2,45,2,6,2,1,0,0,14,10,1,1,1,64,,,,0,0,M,YAMA,R6L,RC,4,17,,,,,,,599,,4,,4,412,,,,,,,2012
2012040547,4,40547,2,3,1,20,10,15,8,12,8,1,0,6,1,72,706,72706,80,1987,1HD1FAL19HY5,1,H,D,1,F,A,L,1,9,H,Y,5,0,0,0,Not Applicable,Not Applicable,0,0,0,1,0,0,0,0,0,0,0,998,0,0,0,81,6,2,12,0,0,0,1,6,92120,6,1,6,0,3,0,77,265,0,0,0,0,1,8,2010,8,2010,0,0,0,0,0,1,2,45,3,5,2,1,0,0,14,62,1,1,1,65,,,,0,0,M,HD,FHS,RS,87,17,,,,,,,1340,,2,,4,580,,,,,,,2012
2012040547,4,40547,3,3,1,20,10,15,8,12,8,1,0,6,1,72,706,72706,80,2007,1HD1BW5327Y0,1,H,D,1,B,W,5,3,2,7,Y,0,0,0,0,Not Applicable,Not Applicable,0,0,0,1,0,0,0,0,0,0,0,998,0,0,0,61,6,2,12,0,0,0,1,6,92069,6,1,0,0,3,3,71,200,0,0,0,0,0,0,0,0,0,0,0,0,0,0,1,2,45,3,5,2,1,0,0,14,62,1,1,1,98,,,,1,0,M,HD,STC,RS,7,17,,,,,,,1584,,2,,4,725,,,,,,,2012
2012040548,4,40548,1,4,1,24,10,10,30,54,11,1,0,6,3,82,881,82881,66,2008,1FUJA6CK68DZ,1,F,U,J,A,6,C,K,6,8,D,Z,1,1,57,2066530,572066530,3,6,1,1,0,0,0,0,0,0,0,65,0,0,0,18,2,1,54,0,0,0,1,6,92582,6,1,6,0,3,3,72,210,0,0,0,0,1,10,2011,10,2011,0,80,0,0,0,3,5,65,1,1,2,1,0,0,1,98,1,1,1,98,,,,0,0,T,FRHT,COL,TR,8,17,,8,0,0,CON,D,,,6,855,,,,,00000,00,,64,2012
2012040548,4,40548,2,4,1,24,10,10,30,54,11,1,0,5,2,2,404,2404,14,1999,1J4G258SXXC5,1,J,4,G,2,5,8,S,X,X,C,5,0,0,0,Not Applicable,Not Applicable,0,0,0,1,0,0,0,0,0,0,0,65,0,0,0,62,6,2,54,0,0,0,1,5,72542,6,1,0,0,3,0,71,148,0,0,0,1,0,2,2012,2,2012,0,0,0,0,0,3,5,65,1,1,2,1,0,0,1,90,1,1,1,98,,,,1,0,T,JEEP,LRO,4W,99,17,,1,0,1059,GCK,G,,,6,242,,,,,3632,00,E,42,2012
2012040548,4,40548,3,4,1,24,10,10,30,54,11,1,0,29,3,84,881,84881,66,2011,1HSCUAPR8BJ3,1,H,S,C,U,A,P,R,8,B,J,3,1,1,57,1137660,571137660,3,6,1,1,0,0,0,0,0,0,0,45,0,0,0,1,2,1,54,0,0,0,1,4,85392,6,1,6,0,3,3,68,157,0,0,0,0,0,0,0,0,0,0,0,0,0,0,3,5,65,1,1,2,1,0,0,1,90,1,1,1,98,,,,0,0,T,INTL,PPR,TR,11,17,,8,0,0,PRO,D,,,6,915,,,,,00000,00,,64,2012
2012040548,4,40548,4,4,2,24,10,10,30,54,11,1,0,4,1,63,34,63034,4,2012,5XXGR4A60CG0,5,X,X,G,R,4,A,6,0,C,G,0,0,0,0,Not Applicable,Not Applicable,0,0,0,1,0,0,0,0,0,0,0,65,0,0,0,82,2,1,54,0,0,0,1,4,85243,6,1,0,0,3,0,63,125,0,0,0,0,0,0,0,0,0,0,0,0,0,0,3,5,65,1,1,2,1,0,0,1,90,99,1,1,98,,,,0,0,P,KIA,OSX,4D,12,17,3385,,0,1100,,G,,T,4,122,,,18R225,,,,,,2012
2012040549,4,40549,1,2,1,4,10,14,17,12,2,1,0,4,2,12,471,12471,30,1996,1FTCR14U5TPA,1,F,T,C,R,1,4,U,5,T,P,A,0,0,0,Not Applicable,Not Applicable,0,0,0,1,0,0,0,0,0,0,0,998,7,0,0,12,6,2,12,0,0,0,1,4,85357,6,1,0,0,3,0,71,160,0,0,0,0,0,0,0,0,0,0,28,0,0,0,1,2,65,1,1,2,1,0,0,1,10,1,1,2,50,,,,0,0,T,FORD,RNS,PC,96,17,,1,0,1250,RNG,G,,,6,182,,,,B,00000,00,B,42,2012
2012040549,4,40549,2,2,2,4,10,14,17,12,2,1,0,6,1,20,34,20034,3,1994,2C1MR2463R67,2,C,1,M,R,2,4,6,3,R,6,7,0,0,0,Not Applicable,Not Applicable,0,0,0,1,0,0,0,0,0,0,0,998,0,1,5,12,6,2,12,0,0,0,1,6,92284,6,1,0,0,3,0,70,115,0,0,0,0,0,0,0,0,0,0,0,0,0,0,1,2,65,1,1,2,1,0,0,1,62,1,1,1,51,,,,1,0,P,GEO,GEM,2H,94,17,1650,,0,892,,G,,F,3,061,,,12R145,,,,,,2012
2012040550,4,40550,1,1,2,5,10,21,24,1,0,1,0,4,1,72,706,72706,80,2005,1HD1FCW125Y6,1,H,D,1,F,C,W,1,2,5,Y,6,0,0,0,Not Applicable,Not Applicable,0,0,0,1,0,0,0,0,0,0,0,55,0,0,0,0,6,2,1,0,0,0,1,4,86413,6,1,6,0,3,0,68,232,0,0,0,1,0,8,2012,8,2012,0,84,0,0,0,2,2,55,1,6,2,1,0,0,1,67,3,2,1,98,,,,2,0,M,HD,FLU,RS,5,17,,,,,,,1450,,2,,4,788,,,,,,,2012
2012040551,4,40551,1,2,1,13,10,16,11,12,1,1,0,6,3,82,881,82881,66,2005,1FUJBBAVX5LN,1,F,U,J,B,B,A,V,X,5,L,N,1,1,57,0854347,570854347,3,6,1,1,0,0,0,0,0,0,0,70,0,0,0,12,6,2,12,0,0,0,1,6,93722,6,1,6,0,3,0,67,183,0,0,0,0,3,11,2010,11,2011,1,0,0,0,0,2,2,75,1,1,2,1,0,0,1,51,1,1,1,24,,,,0,0,T,FRHT,ST2,TR,5,17,,8,0,0,CON,D,,,6,893,,,,,00000,00,,64,2012
2012040551,4,40551,2,2,2,13,10,16,11,12,1,1,0,6,2,49,471,49471,30,1983,JT4RN38S5D00,J,T,4,R,N,3,8,S,5,D,0,0,4,1,0,Not Applicable,Not Applicable,0,0,0,1,0,0,0,0,0,0,0,55,0,1,1,6,6,2,1,0,0,0,1,6,90260,6,1,6,0,3,3,65,200,0,0,0,0,1,8,2010,8,2010,0,0,0,0,0,2,2,75,1,1,2,1,0,0,1,53,1,1,1,25,,,,1,0,T,TOYT,R38,PK,83,17,,1,0,1018,44P,G,,,4,144,,,,,2468,01,,44,2012
2012040552,4,40552,1,1,1,14,10,12,25,9,0,1,1,4,1,20,481,20481,31,2005,1GCHC23235F9,1,G,C,H,C,2,3,2,3,5,F,9,0,0,0,Not Applicable,Not Applicable,0,0,0,1,0,0,0,0,0,0,0,59,0,0,0,12,2,1,9,0,0,0,1,4,85213,6,1,0,0,3,3,64,165,0,0,0,3,0,9,2010,8,2011,0,0,0,0,0,2,3,50,1,5,2,1,0,0,1,84,1,1,2,13,,,,0,0,T,CHEV,2CH,CW,5,17,,2,1670,1530,SIL,D,,,8,403,,,,C,5615,00,,42,2012
2012040553,4,40553,1,2,2,15,10,11,35,12,7,1,0,4,2,35,401,35401,14,2002,JN8DR09X02W6,J,N,8,D,R,0,9,X,0,2,W,6,0,0,0,Not Applicable,Not Applicable,0,0,0,1,0,0,0,0,0,0,0,998,0,1,3,63,6,2,1,0,0,0,1,4,85383,6,1,3,0,3,3,68,175,0,0,0,0,0,0,0,0,0,0,27,0,0,0,2,2,75,1,1,2,1,0,0,15,10,1,1,2,47,,,,1,0,P,NISS,PFI,UT,2,17,3737,,0,1063,,G,,F,6,213,,,16R255,,,,,,2012
2012040553,4,40553,2,2,1,15,10,11,35,12,7,1,0,28,3,82,881,82881,66,1999,1FUYSSZB7XLA,1,F,U,Y,S,S,Z,B,7,X,L,A,1,1,57,1447301,571447301,3,6,1,1,0,0,0,0,0,0,0,75,0,0,0,82,4,3,12,0,0,0,1,28,70056,6,1,6,0,3,0,68,190,0,0,0,0,0,0,0,0,0,0,0,0,0,0,2,2,75,1,1,2,1,0,0,1,61,6,1,2,45,,,,0,0,T,FRHT,FC2,TR,99,17,,8,0,0,CON,D,,,6,774,,,,,00000,00,,64,2012
2012040554,4,40554,1,1,19,19,10,0,57,46,0,1,0,4,2,12,481,12481,31,1992,2FTJW35G7NCA,2,F,T,J,W,3,5,G,7,N,C,A,0,0,0,Not Applicable,Not Applicable,0,0,0,1,0,0,0,0,0,0,0,998,0,0,0,12,6,2,46,0,0,0,1,99,99999,9,9,99,0,9,9,68,177,99,99,99,99,99,99,9999,99,9999,1,51,48,21,0,2,3,45,1,1,2,1,3,3,11,6,6,4,4,7,,,,1,0,T,FORD,F35,CW,92,17,,2,0,1680,COF,G,,,8,460,,,,D,4114,04,A,42,2012
2012040556,4,40556,1,2,2,20,10,14,17,12,6,1,0,8,1,73,705,73705,80,2006,JKBZXJD186A0,J,K,B,Z,X,J,D,1,8,6,A,0,0,0,0,Not Applicable,Not Applicable,0,0,0,1,0,0,0,0,0,0,0,5,0,0,0,61,6,2,12,0,0,0,1,8,80913,6,1,0,0,3,0,67,175,0,0,0,2,1,6,2010,10,2012,0,48,0,0,0,2,3,55,1,1,2,1,0,0,12,10,1,1,2,98,,,,1,0,M,KAWK,X63,RC,6,17,,,,,,,636,,4,,4,362,,,,,,,2012
2012040556,4,40556,2,2,1,20,10,14,17,12,6,1,0,4,1,37,32,37032,2,2011,1HGCS1B38BA0,1,H,G,C,S,1,B,3,8,B,A,0,0,0,0,Not Applicable,Not Applicable,0,0,0,1,0,0,0,0,0,0,0,45,0,0,0,12,6,2,12,0,0,0,1,4,85387,6,1,0,0,3,0,72,164,0,1,0,1,0,5,2011,5,2011,0,0,0,0,0,2,3,55,1,1,2,1,0,0,1,61,1,1,1,98,,,,0,0,P,HOND,HAS,CP,11,17,3254,,0,1072,,G,,F,4,146,,,16R215,,,,,,2012
2012040557,4,40557,1,2,2,21,10,8,50,12,1,1,0,4,1,20,481,20481,31,1995,1GCHK39F1SE1,1,G,C,H,K,3,9,F,1,S,E,1,0,0,0,Not Applicable,Not Applicable,0,0,0,1,0,0,0,0,0,0,0,40,0,1,5,6,6,2,12,0,0,0,1,4,85541,0,0,0,0,0,0,71,155,0,0,0,0,0,0,0,0,0,0,80,0,0,0,2,2,75,1,6,2,1,0,0,1,53,1,1,1,25,,,,1,0,T,CHEV,GK3,PC,95,17,,2,0,1555,GM4,D,,,8,397,,,,D,00000,00,,44,2012
2012040557,4,40557,2,2,1,21,10,8,50,12,1,1,0,31,3,84,881,84881,66,2012,3HSDJSJR3CN6,3,H,S,D,J,S,J,R,3,C,N,6,1,1,57,0030622,570030622,3,6,1,1,0,0,0,0,0,0,0,65,0,0,0,12,6,2,12,0,0,0,1,48,77489,6,1,6,0,3,3,999,999,0,0,0,0,0,0,0,0,0,1,0,0,0,0,2,2,75,1,1,2,1,0,0,1,51,3,2,1,24,,,,0,0,T,INTL,PRO,TR,12,17,,8,0,0,PRO,D,,,6,793,,,,,00000,00,,64,2012
2012040558,4,40558,1,1,2,23,10,18,51,8,0,1,0,4,1,49,32,49032,4,1992,2T1AE94A4NC1,2,T,1,A,E,9,4,A,4,N,C,1,0,0,0,Not Applicable,Not Applicable,0,0,0,1,0,0,0,0,0,0,0,38,0,0,0,62,2,1,8,0,0,0,1,4,85208,6,1,0,0,3,3,69,218,0,0,0,0,0,0,0,0,0,0,0,0,0,0,2,3,40,1,1,2,1,0,0,1,80,1,1,1,13,,,,0,0,P,TOYT,CDF,4D,92,17,2257,,0,957,,G,,F,4,097,,,000000,,,,,,2012
2012040559,4,40559,1,1,1,23,10,19,55,1,0,1,0,4,2,7,482,7482,31,2006,1D7KS28C36J2,1,D,7,K,S,2,8,C,3,6,J,2,0,0,0,Not Applicable,Not Applicable,0,0,0,1,0,0,0,0,0,0,0,70,0,1,1,0,6,2,1,0,0,0,1,4,85222,6,1,0,0,3,0,75,260,0,0,0,0,0,0,0,0,0,1,0,0,0,0,1,2,50,3,6,2,1,0,0,14,6,7,3,3,98,,,,1,0,T,DODG,SQ2,CW,6,17,,2,1605,1405,RPC,D,,,6,359,,,,C,6218,01,E,44,2012
2012040560,4,40560,1,1,1,24,10,6,16,8,0,1,0,4,1,12,401,12401,14,2001,1FMZU73E71ZA,1,F,M,Z,U,7,3,E,7,1,Z,A,0,0,0,Not Applicable,Not Applicable,0,0,0,1,0,0,0,0,0,0,0,41,0,0,0,12,2,1,8,0,0,0,1,4,85364,6,1,0,0,3,3,72,214,0,0,0,0,0,0,0,0,0,0,38,0,0,0,5,4,35,1,1,2,1,0,0,1,80,1,1,1,13,,,,0,0,P,FORD,EPR,UT,1,17,4045,,0,1116,,G,,F,6,245,,,15R235,,,,,,2012