accident_id,STATE,ST_CASE,VEH_NO,VE_FORMS,NUMOCCS,DAY,MONTH,HOUR,MINUTE,HARM_EV,MAN_COLL,UNITTYPE,HIT_RUN,REG_STAT,OWNER,MAKE,MODEL,MAK_MOD,BODY_TYP,MOD_YEAR,VIN,VIN_1,VIN_2,VIN_3,VIN_4,VIN_5,VIN_6,VIN_7,VIN_8,VIN_9,VIN_10,VIN_11,VIN_12,TOW_VEH,J_KNIFE,MCARR_I1,MCARR_I2,MCARR_ID,GVWR,V_CONFIG,CARGO_BT,HAZ_INV,HAZ_PLAC,HAZ_ID,HAZ_CNO,HAZ_REL,BUS_USE,SPEC_USE,EMER_USE,TRAV_SP,UNDERIDE,ROLLOVER,ROLINLOC,IMPACT1,DEFORMED,TOWED,M_HARM,VEH_SC1,VEH_SC2,FIRE_EXP,DR_PRES,L_STATE,DR_ZIP,L_STATUS,L_TYPE,CDL_STAT,L_ENDORS,L_COMPL,L_RESTRI,DR_HGT,DR_WGT,PREV_ACC,PREV_SUS,PREV_DWI,PREV_SPD,PREV_OTH,FIRST_MO,FIRST_YR,LAST_MO,LAST_YR,SPEEDREL,DR_SF1,DR_SF2,DR_SF3,DR_SF4,VTRAFWAY,VNUM_LAN,VSPD_LIM,VALIGN,VPROFILE,VPAVETYP,VSURCOND,VTRAFCON,VTCONT_F,P_CRASH1,P_CRASH2,P_CRASH3,PCRASH4,PCRASH5,ACC_TYPE,TRLR1VIN,TRLR2VIN,TRLR3VIN,DEATHS,DR_DRINK,VINTYPE,VINMAKE,VINA_MOD,VIN_BT,VINMODYR,VIN_LNGT,VIN_WGT,WGTCD_TR,WHLBS_LG,WHLBS_SH,SER_TR,FUELCODE,MCYCL_DS,CARBUR,CYLINDER,DISPLACE,MCYCL_CY,MCYCL_WT,TIRE_SZE,TON_RAT,TRK_WT,TRKWTVAR,VIN_REST,WHLDRWHL,Year
2012040561,4,40561,1,2,3,25,10,18,55,12,2,1,0,4,2,23,421,23421,15,1995,1GKEK18K4SJ7,1,G,K,E,K,1,8,K,4,S,J,7,0,0,0,Not Applicable,Not Applicable,0,0,0,1,0,0,0,0,0,0,0,65,0,1,5,12,6,2,12,0,0,1,1,4,86040,6,1,0,0,3,0,67,181,0,0,0,0,0,0,0,0,0,0,28,0,0,0,1,2,65,2,1,2,1,0,0,14,10,3,2,2,50,,,,1,0,T,GMC,YUK,2W,95,17,,2,0,1115,YUK,G,,,8,350,,,,B,00000,00,M,44,2012
2012040561,4,40561,2,2,1,25,10,18,55,12,2,1,0,16,3,85,881,85881,66,2004,1XKWDB9X44R0,1,X,K,W,D,B,9,X,4,4,R,0,1,1,57,356944,57356944,3,6,97,1,0,0,0,0,0,0,0,60,0,0,0,12,6,2,12,0,0,1,1,49,84332,6,1,0,0,2,0,66,235,98,0,0,3,0,10,2010,5,2012,0,0,0,0,0,1,2,65,3,1,2,1,0,0,14,62,3,2,1,51,,,,0,0,T,KW,W90,TR,4,17,,8,2850,1600,CON,D,,,6,893,,,,,00000,00,,64,2012
2012040562,4,40562,1,1,1,28,10,13,10,41,0,1,0,4,1,37,705,37705,80,2001,JH2RC44641M4,J,H,2,R,C,4,4,6,4,1,M,4,0,0,0,Not Applicable,Not Applicable,0,0,0,1,0,0,0,0,0,0,0,50,0,0,0,12,6,2,1,0,0,0,1,4,86305,6,1,0,0,3,0,67,160,0,0,0,0,0,0,0,0,0,0,0,0,0,0,1,2,50,1,1,2,1,0,0,1,13,1,1,4,1,,,,1,0,M,HOND,V7D,RS,1,17,,,,,,,745,,2,,4,505,,,,,,,2012
2012040563,4,40563,1,1,1,28,10,12,46,5,0,1,0,4,1,72,706,72706,80,2003,1HD1JBB133Y0,1,H,D,1,J,B,B,1,3,3,Y,0,0,0,0,Not Applicable,Not Applicable,0,0,0,1,0,0,0,0,0,0,0,40,0,0,0,0,6,2,5,0,0,0,1,4,85308,6,1,0,0,3,0,70,150,0,0,0,0,0,0,0,0,0,0,99,99,99,99,1,2,50,1,1,2,1,0,0,1,13,1,1,4,0,,,,1,0,M,HD,XDI,RS,3,17,,,,,,,1450,,2,,4,653,,,,,,,2012
2012040564,4,40564,1,2,1,28,10,22,45,31,0,1,0,4,1,52,37,52037,3,2003,4A3AC74H03E0,4,A,3,A,C,7,4,H,0,3,E,0,0,0,0,Not Applicable,Not Applicable,0,0,0,1,0,0,0,0,0,0,0,60,0,0,0,12,6,2,12,0,0,0,1,4,85631,6,1,0,0,3,0,70,180,0,0,0,0,0,0,0,0,0,1,0,0,0,0,1,2,55,3,6,2,1,40,3,14,13,1,1,4,1,,,,1,1,P,MITS,GTS,2H,3,17,3120,,0,1008,,G,,F,6,183,,,17R215,,,,,,2012
2012040564,4,40564,2,2,3,28,10,22,45,31,0,1,0,4,2,12,422,12422,15,2001,1FMPU18L01LA,1,F,M,P,U,1,8,L,0,1,L,A,0,0,0,Not Applicable,Not Applicable,0,0,0,1,0,0,0,0,0,0,0,55,0,0,0,12,6,2,12,0,0,0,1,4,85501,6,1,0,0,3,0,61,135,0,0,0,0,0,0,0,0,0,0,0,0,0,0,1,2,55,1,5,2,1,40,3,1,62,1,1,1,98,,,,0,0,P,FORD,EPT,UT,1,17,5417,,0,1191,,G,,F,8,330,,,17R265,,,,,,2012
2012040566,4,40566,1,1,1,31,10,11,58,1,0,1,0,4,1,37,31,37031,2,2000,1HGEJ6122YL0,1,H,G,E,J,6,1,2,2,Y,L,0,0,0,0,Not Applicable,Not Applicable,0,0,0,1,0,0,0,0,0,0,0,998,0,1,3,0,6,2,1,0,0,0,1,4,86326,6,1,0,0,3,0,76,260,0,1,0,0,0,9,2012,9,2012,1,0,0,0,0,2,2,65,1,6,2,1,0,0,1,6,6,4,4,7,,,,1,1,P,HOND,UCD,CP,0,17,2359,,0,1032,,G,,F,4,097,,,14R185,,,,,,2012
2012040567,4,40567,1,2,1,31,10,14,3,12,2,1,0,4,1,37,32,37032,4,1995,1HGCE6669SA0,1,H,G,C,E,6,6,6,9,S,A,0,0,0,0,Not Applicable,Not Applicable,0,0,0,1,0,0,0,0,0,0,0,60,0,0,0,12,6,2,12,0,0,0,1,4,86023,6,1,0,0,3,3,69,163,0,0,0,0,0,0,0,0,0,0,51,0,0,0,1,2,65,1,1,2,1,0,0,6,54,8,1,1,50,,,,0,0,P,HOND,AEX,4D,95,17,3184,,0,1069,,G,,F,6,163,,,15R205,,,,,,2012
2012040567,4,40567,2,2,1,31,10,14,3,12,2,1,0,95,1,37,706,37706,80,2001,1HFSC47541A0,1,H,F,S,C,4,7,5,4,1,A,0,0,0,0,Not Applicable,Not Applicable,0,0,0,1,0,0,0,0,0,0,0,65,0,0,0,12,6,2,12,0,0,0,1,95,0,9,9,99,0,9,9,70,200,99,99,99,99,99,99,9999,99,9999,0,0,0,0,0,1,2,65,1,1,2,1,0,0,1,54,1,1,1,51,,,,1,0,M,HOND,18C,RS,1,17,,,,,,,1832,,6,,4,799,,,,,,,2012
2012040568,4,40568,1,2,3,22,9,7,1,12,6,1,0,4,5,52,46,52046,4,2010,JA32U1FU1AU0,J,A,3,2,U,1,F,U,1,A,U,0,0,0,0,Not Applicable,Not Applicable,0,0,0,1,0,0,0,0,0,0,0,86,0,1,6,12,6,2,1,0,0,0,1,4,85323,0,0,0,0,0,0,62,100,0,1,0,0,0,8,2011,8,2011,1,39,0,0,0,2,2,45,1,1,2,1,2,3,1,17,1,1,1,86,,,,1,1,P,MITS,LDE,4D,10,17,2911,,0,1037,,G,,F,4,122,,,16R205,,,,,,2012
2012040568,4,40568,2,2,1,22,9,7,1,12,6,1,0,4,1,12,37,12037,4,2012,1FAHP3F25CL1,1,F,A,H,P,3,F,2,5,C,L,1,0,0,0,Not Applicable,Not Applicable,0,0,0,1,0,0,0,0,0,0,0,44,0,0,0,82,6,2,12,0,0,0,1,4,85353,6,1,0,0,3,0,62,127,0,0,0,0,0,0,0,0,0,0,0,0,0,0,2,2,45,1,1,2,1,2,3,1,66,1,1,1,87,,,,0,0,P,FORD,FSE,4D,12,17,2918,,0,1042,,G,,F,4,122,,,16R205,,,,,,2012
2012040569,4,40569,1,2,1,28,9,9,54,12,6,1,0,4,2,72,706,72706,80,2011,1HD1KB413BB6,1,H,D,1,K,B,4,1,3,B,B,6,0,0,0,Not Applicable,Not Applicable,0,0,0,1,0,0,0,0,0,0,0,50,0,0,0,12,6,2,12,0,0,0,1,4,85086,1,1,0,0,2,0,73,280,0,2,0,1,0,3,2012,5,2012,1,39,0,0,0,2,2,45,1,1,2,1,3,3,1,17,1,1,1,83,,,,1,0,M,HD,FHX,RS,11,17,,,,,,,1584,,2,,4,785,,,,,,,2012
2012040569,4,40569,2,2,3,28,9,9,54,12,6,1,0,4,1,63,441,63441,20,2005,KNDUP1328567,K,N,D,U,P,1,3,2,8,5,6,7,0,0,0,Not Applicable,Not Applicable,0,0,0,1,0,0,0,0,0,0,0,10,0,0,0,62,6,2,12,0,0,0,1,4,85225,6,1,0,0,3,3,66,130,0,0,0,0,0,0,0,0,0,0,0,0,0,0,1,2,45,1,1,2,1,3,3,11,66,1,1,1,82,,,,0,0,P,KIA,SED,SV,5,17,4802,,0,1145,,G,,F,6,213,,,15R215,,,,,,2012
2012040570,4,40570,1,2,5,13,10,5,12,12,1,1,1,4,2,7,24,7024,4,2009,2B3KA43D29H5,2,B,3,K,A,4,3,D,2,9,H,5,0,0,0,Not Applicable,Not Applicable,0,0,0,1,0,0,0,0,0,0,0,104,0,0,0,12,6,2,12,0,0,0,1,4,85043,6,1,0,0,3,0,63,125,0,0,0,1,0,3,2012,3,2012,1,91,0,0,0,5,3,40,1,1,2,1,0,0,1,51,1,1,1,24,,,,1,1,P,DODG,CHA,4D,9,17,3820,,0,1200,,G,,F,6,165,,,17R215,,,,,,2012
2012040570,4,40570,2,2,1,13,10,5,12,12,1,1,0,4,3,7,442,7442,20,2008,1D8HN44H08B1,1,D,8,H,N,4,4,H,0,8,B,1,0,0,0,Not Applicable,Not Applicable,0,0,0,1,0,0,0,0,0,1,0,40,0,0,0,6,6,2,12,32,0,0,1,4,85033,6,1,0,0,3,0,71,300,0,0,0,0,0,0,0,0,0,0,0,0,0,0,5,3,40,1,1,2,1,0,0,1,53,1,1,1,25,,,,0,0,T,DODG,GCS,ES,8,17,,2,0,1212,CAR,F,,,6,201,,,,,4321,00,7,42,2012
2012040571,4,40571,1,1,1,27,10,23,27,17,0,1,0,4,1,76,706,76706,80,2004,JYARN13E54A0,J,Y,A,R,N,1,3,E,5,4,A,0,0,0,0,Not Applicable,Not Applicable,0,0,0,1,0,0,0,0,0,0,0,45,0,0,0,12,6,2,1,0,0,0,1,4,85045,6,1,0,0,3,0,71,150,0,0,0,0,0,0,0,0,0,0,0,0,0,0,2,2,50,1,1,2,1,0,0,1,12,1,1,4,6,,,,1,1,M,YAMA,YFR,RC,4,17,,,,,,,998,,4,,4,999,,,,,,,2012
2012040572,4,40572,1,1,1,31,10,8,3,1,0,1,0,4,1,20,404,20404,14,2005,2CNDL63F3560,2,C,N,D,L,6,3,F,3,5,6,0,0,0,0,Not Applicable,Not Applicable,0,0,0,1,0,0,0,0,0,0,0,998,0,1,9,0,6,2,1,0,0,0,1,4,85128,6,1,0,0,3,3,66,140,0,0,0,0,0,0,0,0,0,0,0,0,0,0,1,2,65,1,1,2,1,0,0,1,9,7,3,4,1,,,,1,0,P,CHEV,EQU,UT,5,17,3660,,0,1125,,G,,F,6,208,,,16R235,,,,,,2012
2012040573,4,40573,1,1,1,28,8,19,48,33,0,1,0,4,1,6,43,6043,2,2002,4C3AG42H42E1,4,C,3,A,G,4,2,H,4,2,E,1,0,0,0,Not Applicable,Not Applicable,0,0,0,1,0,0,0,0,0,0,0,20,0,0,0,12,6,2,30,0,0,0,1,4,85304,6,1,0,0,3,0,65,120,0,0,0,0,0,0,0,0,0,0,39,0,0,0,2,3,50,1,1,2,1,3,3,1,9,1,1,4,6,,,,1,0,P,CHRY,SLX,CP,2,17,3016,,0,1037,,G,,F,6,181,,,16R205,,,,,,2012
2012040574,4,40574,1,1,2,23,10,4,43,1,0,1,0,4,1,20,421,20421,15,1999,3GNEC18R6XG1,3,G,N,E,C,1,8,R,6,X,G,1,0,0,0,Not Applicable,Not Applicable,0,0,0,1,0,0,0,0,0,0,0,65,0,1,1,0,6,2,1,32,0,0,1,4,85653,6,1,0,0,3,3,69,215,0,1,0,1,0,12,2009,11,2010,0,80,0,0,0,3,3,65,1,1,2,1,0,0,1,1,1,1,1,98,,,,1,0,P,CHEV,CTA,UT,99,17,4514,,0,1115,,G,,F,8,350,,,15R235,,,,,,2012
2012040575,4,40575,1,1,1,30,6,14,50,30,0,1,0,4,1,12,481,12481,31,1993,1FTEF14N7PLA,1,F,T,E,F,1,4,N,7,P,L,A,0,0,0,Not Applicable,Not Applicable,0,0,0,1,0,0,0,0,0,0,0,998,0,0,0,12,9,9,30,0,0,0,1,4,85618,6,1,0,0,3,0,71,162,0,0,0,0,0,0,0,0,0,9,99,99,99,99,9,9,99,9,9,2,99,0,0,99,99,99,9,4,99,,,,1,0,T,FORD,F15,PK,93,17,,2,1330,1170,COF,G,,,8,302,,,,B,00000,00,A,44,2012
2012040576,4,40576,1,1,1,11,7,14,58,41,0,1,0,4,1,18,2,18002,4,2005,1G4HR54K75U2,1,G,4,H,R,5,4,K,7,5,U,2,0,0,0,Not Applicable,Not Applicable,0,0,0,1,0,0,0,0,0,0,0,15,0,0,0,12,4,3,19,0,0,0,1,4,85387,6,1,0,0,3,3,72,170,0,0,0,0,0,0,0,0,0,0,0,0,0,0,1,2,25,2,1,2,1,0,0,14,12,1,1,4,6,,,,1,0,P,BUIC,LLF,4D,5,17,3591,,0,1122,,G,,F,6,232,,,15R215,,,,,,2012
2012040577,4,40577,1,2,3,24,8,16,36,12,2,1,0,4,1,49,471,49471,30,1985,JT4RN50R8F00,J,T,4,R,N,5,0,R,8,F,0,0,0,0,0,Not Applicable,Not Applicable,0,0,0,1,0,0,0,0,0,0,0,34,0,0,0,12,6,2,12,0,0,0,1,4,85381,6,1,0,0,3,0,67,210,0,0,0,1,1,11,2009,2,2012,1,39,0,0,0,3,3,45,1,1,1,1,3,3,1,17,99,1,3,69,,,,0,0,T,TOYT,RN5,PK,85,17,,1,0,1030,HTP,G,,,4,144,,,,B,2575,01,A,42,2012
2012040577,4,40577,2,2,2,24,8,16,36,12,2,1,0,4,1,53,706,53706,80,2007,JS1VS55A3721,J,S,1,V,S,5,5,A,3,7,2,1,0,0,0,Not Applicable,Not Applicable,0,0,0,1,0,0,0,0,0,0,0,14,0,0,0,12,6,2,12,0,0,0,1,4,85029,6,1,0,0,3,0,71,220,0,0,0,0,0,0,0,0,0,0,0,0,0,0,3,3,45,1,1,1,1,3,3,11,63,99,1,1,68,,,,1,0,M,SUZI,VL8,RS,7,17,,,,,,,819,,2,,4,542,,,,,,,2012
2012040578,4,40578,1,1,2,30,6,6,29,42,0,1,0,35,2,2,404,2404,14,1991,1J4FJ58S4ML5,1,J,4,F,J,5,8,S,4,M,L,5,0,0,0,Not Applicable,Not Applicable,0,0,0,1,0,0,0,0,0,0,0,55,0,1,9,12,6,2,1,0,0,0,1,35,87420,0,0,0,0,0,0,68,140,98,1,1,0,0,12,2009,9,2011,0,0,0,0,0,1,2,55,1,1,2,1,0,0,1,13,1,1,4,1,,,,1,1,T,JEEP,LAR,4W,91,17,,1,0,1014,CHK,G,,,6,242,,,,,2979,01,A,44,2012
2012040579,4,40579,1,2,1,4,9,14,0,12,6,1,0,4,1,49,32,49032,4,2006,1NXBR32E96Z7,1,N,X,B,R,3,2,E,9,6,Z,7,0,0,0,Not Applicable,Not Applicable,0,0,0,1,0,0,0,0,0,0,0,5,0,0,0,63,6,2,12,0,0,0,1,4,85351,6,1,0,0,3,3,67,155,0,0,0,0,1,5,2011,5,2011,0,39,0,0,0,1,2,35,1,1,2,1,20,3,3,17,1,1,1,89,,,,1,0,P,TOYT,UCS,4D,6,17,2530,,0,1024,,G,,F,4,109,,,15R185,,,,,,2012
2012040579,4,40579,2,2,3,4,9,14,0,12,6,1,0,4,2,23,401,23401,14,1996,1GKDT13W3T25,1,G,K,D,T,1,3,W,3,T,2,5,0,0,0,Not Applicable,Not Applicable,0,0,0,1,0,0,0,0,0,0,0,35,0,0,0,12,6,2,12,0,0,0,1,4,85335,6,1,0,0,3,0,71,180,0,1,0,0,0,5,2012,5,2012,0,0,0,0,0,1,4,35,1,1,2,1,0,0,1,66,1,1,1,88,,,,0,0,T,GMC,JMY,4W,96,17,,1,0,1070,JMY,G,,,6,262,,,,B,4007,00,M,44,2012
2012040580,4,40580,1,1,1,18,9,18,14,9,0,1,0,55,1,7,442,7442,20,2003,1D4GP24373B2,1,D,4,G,P,2,4,3,7,3,B,2,0,0,0,Not Applicable,Not Applicable,0,0,0,1,0,0,0,0,0,0,0,30,0,0,0,12,6,2,9,0,0,0,1,55,54241,6,1,0,0,3,0,66,240,0,0,0,0,1,10,2011,10,2011,0,84,0,0,0,5,4,35,1,1,2,1,0,0,15,83,6,1,2,13,,,,0,0,T,DODG,GCS,ES,3,17,,1,0,1193,CAR,F,,,6,201,,,,,3877,01,E,42,2012
2012040581,4,40581,1,1,1,27,9,18,48,8,0,1,0,4,1,20,421,20421,15,1999,3GNFK16R4XG1,3,G,N,F,K,1,6,R,4,X,G,1,0,0,0,Not Applicable,Not Applicable,0,0,0,1,0,0,0,0,0,0,0,33,0,0,0,12,4,3,8,0,0,0,1,4,85706,1,1,0,0,2,0,68,220,0,3,0,0,1,3,2010,7,2011,0,0,0,0,0,5,4,35,1,1,2,1,0,0,1,80,1,1,1,13,,,,0,0,P,CHEV,K15,UT,99,17,5297,,0,1315,,G,,F,8,350,,,16R245,,,,,,2012
2012040582,4,40582,1,1,1,11,10,3,46,1,0,1,0,4,1,37,704,37704,83,2006,JH2PE060X6K1,J,H,2,P,E,0,6,0,X,6,K,1,0,0,0,Not Applicable,Not Applicable,0,0,0,1,0,0,0,0,0,0,0,999,0,0,0,0,6,2,1,0,0,0,1,4,85712,6,1,0,0,3,3,72,165,0,0,0,0,2,11,2009,9,2012,9,99,99,99,99,2,3,40,3,1,2,1,0,0,14,12,99,1,4,6,,,,1,1,M,HOND,4FC,EN,6,17,,,,,,,449,,1,,4,250,,,,,,,2012
2012040583,4,40583,1,1,2,19,10,18,5,35,0,1,0,4,2,30,998,30998,97,1970,1102633272,1,1,0,2,6,3,3,2,7,2,,,0,0,0,Not Applicable,Not Applicable,0,0,0,1,0,0,0,0,0,0,0,46,0,1,1,12,6,2,1,35,0,0,1,4,86413,6,1,0,0,3,0,68,170,0,0,0,0,0,0,0,0,0,1,0,0,0,0,1,2,45,1,1,5,1,0,0,1,6,4,2,3,12,,,,1,1,P,VOLK,TP1,2D,70,10,1807,,0,945,,G,,,4,096,,,155.60,,,,,,2012
2012040584,4,40584,1,1,1,22,10,18,25,8,0,1,0,4,1,49,32,49032,4,1995,1NXAE09B0SZ3,1,N,X,A,E,0,9,B,0,S,Z,3,0,0,0,Not Applicable,Not Applicable,0,0,0,1,0,0,0,0,0,0,0,15,0,0,0,12,4,8,8,0,0,0,1,4,86025,6,1,0,0,3,0,73,150,0,0,0,0,0,0,0,0,0,0,0,0,0,0,1,4,35,1,1,2,1,0,0,1,80,2,1,1,13,,,,0,0,P,TOYT,LED,4D,95,17,2381,,0,970,,G,,F,4,108,,,14R185,,,,,,2012
2012040585,4,40585,1,1,1,27,10,5,12,14,0,1,0,4,2,2,404,2404,14,1990,1J4FJ58L1LL1,1,J,4,F,J,5,8,L,1,L,L,1,0,0,0,Not Applicable,Not Applicable,0,0,0,1,0,0,0,0,0,0,0,40,0,0,0,12,6,2,14,0,0,1,1,4,85939,6,1,0,0,3,3,67,180,0,0,0,0,0,0,0,0,0,1,28,0,0,0,1,2,25,1,1,2,1,0,0,1,50,1,1,4,11,,,,1,1,T,JEEP,LAR,4W,90,17,,1,0,1014,CHK,G,,,6,242,,,,,2939,01,A,44,2012
2012040586,4,40586,1,1,3,1,9,99,99,1,0,1,9,99,9,99,999,99999,99,9999,Unknown,9,9,9,9,9,9,9,9,9,9,9,9,0,0,0,Not Applicable,Not Applicable,0,0,0,1,0,0,0,0,0,0,0,999,0,1,9,0,9,9,1,0,0,0,1,99,99999,9,9,99,9,9,9,999,999,99,99,99,99,99,99,9999,99,9999,9,99,99,99,99,1,2,99,9,9,2,99,0,0,99,99,99,9,9,99,,,,2,0,,,,,,,,,,,,,,,,,,,,,,,,,2012
2012040587,4,40587,1,2,3,4,9,19,12,12,99,1,0,4,2,18,22,18022,4,2005,2G4WD5321513,2,G,4,W,D,5,3,2,1,5,1,3,0,0,0,Not Applicable,Not Applicable,0,0,0,1,0,0,0,0,0,0,0,998,0,1,9,99,6,2,12,0,0,0,1,4,86505,6,1,0,0,3,0,65,180,0,0,0,0,0,0,0,0,0,1,37,91,0,0,1,2,98,8,8,2,98,0,0,99,6,99,9,9,99,,,,1,1,P,BUIC,LAL,4D,5,17,3502,,0,1138,,G,,F,6,232,,,16R225,,,,,,2012
2012040587,4,40587,2,2,2,4,9,19,12,12,99,1,0,4,1,20,37,20037,4,2012,1G1ZC5E08CF2,1,G,1,Z,C,5,E,0,8,C,F,2,0,0,0,Not Applicable,Not Applicable,0,0,0,1,0,0,0,0,0,0,0,998,0,0,0,99,6,2,12,0,0,0,1,4,86556,6,1,0,0,3,3,72,225,0,0,0,0,0,0,0,0,0,0,0,0,0,0,1,2,98,8,8,2,98,0,0,99,99,99,9,9,99,,,,0,0,P,CHEV,ML1,4D,12,17,3436,,0,1123,,G,,F,4,146,,,17R215,,,,,,2012
2012040588,4,40588,1,1,1,1,9,21,23,1,0,1,0,4,1,63,33,63033,4,2007,KNAFE1222754,K,N,A,F,E,1,2,2,2,7,5,4,0,0,0,Not Applicable,Not Applicable,0,0,0,1,0,0,0,0,0,0,0,80,0,1,1,0,6,2,1,0,0,1,1,4,85140,6,1,0,0,3,3,67,215,0,0,0,1,0,5,2010,5,2010,1,0,0,0,0,2,2,50,1,1,2,1,0,0,1,6,6,4,2,98,,,,1,1,P,KIA,SXC,4D,7,17,2701,,0,1028,,G,,F,4,122,,,15R195,,,,,,2012
2012040589,4,40589,1,1,1,2,9,99,99,99,0,1,1,99,9,99,999,99999,99,9999,Unknown,9,9,9,9,9,9,9,9,9,9,9,9,0,0,0,Not Applicable,Not Applicable,0,0,0,1,0,0,0,0,0,0,0,999,0,0,0,99,9,1,99,0,0,0,1,99,99999,9,9,99,9,9,9,999,999,99,99,99,99,99,99,9999,99,9999,9,99,99,99,99,9,9,99,9,9,9,99,99,9,99,85,99,9,9,99,,,,0,0,,,,,,,,,,,,,,,,,,,,,,,,,2012
2012040590,4,40590,1,1,3,2,9,2,12,42,0,1,0,4,2,20,37,20037,4,2005,1G1ZT628X5F3,1,G,1,Z,T,6,2,8,X,5,F,3,0,0,0,Not Applicable,Not Applicable,0,0,0,1,0,0,0,0,0,0,0,999,0,1,5,99,6,2,1,0,0,0,1,4,85128,0,0,0,0,0,0,67,225,0,0,0,0,0,0,0,0,0,1,0,0,0,0,1,2,99,1,1,2,1,0,0,99,99,6,9,4,7,,,,1,1,P,CHEV,XLS,4D,5,17,3476,,0,1123,,G,,F,6,214,,,16R215,,,,,,2012
2012040591,4,40591,1,1,1,2,9,22,41,8,0,1,0,99,9,7,28,7028,2,2009,Unknown,9,9,9,9,9,9,9,9,9,9,9,9,0,0,0,Not Applicable,Not Applicable,0,0,0,1,0,0,0,0,0,0,0,999,0,0,0,12,9,9,8,0,0,0,1,99,99999,9,9,99,0,9,9,999,999,99,99,99,99,99,99,9999,99,9999,9,99,99,99,99,9,9,99,1,1,2,1,99,9,99,80,99,9,9,13,,,,0,0,,,,,,,,,,,,,,,,,,,,,,,,,2012
2012040592,4,40592,1,1,2,3,9,99,99,1,0,1,0,99,9,99,999,99999,99,9999,Unknown,9,9,9,9,9,9,9,9,9,9,9,9,0,0,0,Not Applicable,Not Applicable,0,0,0,1,0,0,0,0,0,0,0,999,0,1,9,0,9,9,1,0,0,0,1,99,99999,9,9,99,9,9,9,999,999,99,99,99,99,99,99,9999,99,9999,9,99,99,99,99,9,9,99,9,9,9,99,99,9,99,99,99,9,9,99,,,,1,0,,,,,,,,,,,,,,,,,,,,,,,,,2012
2012040593,4,40593,1,1,3,5,9,18,27,8,0,1,0,4,1,20,403,20403,14,2006,1GNET16S7661,1,G,N,E,T,1,6,S,7,6,6,1,0,0,0,Not Applicable,Not Applicable,0,0,0,1,0,0,0,0,0,0,0,998,0,0,0,12,0,1,8,0,0,0,1,4,85282,6,1,0,0,3,0,69,204,0,0,0,0,0,0,0,0,0,0,0,0,0,0,1,2,25,1,1,2,1,0,0,8,82,1,1,1,13,,,,0,0,P,CHEV,TRL,UT,6,17,4954,,0,1290,,G,,F,6,256,,,17R245,,,,,,2012
2012040594,4,40594,1,1,1,5,9,18,59,1,0,1,0,4,1,49,471,49471,30,1992,JT4RN13P0N60,J,T,4,R,N,1,3,P,0,N,6,0,0,0,0,Not Applicable,Not Applicable,0,0,0,1,0,0,0,0,0,0,0,75,0,1,5,0,6,2,1,0,0,0,1,4,86505,6,1,6,0,3,3,72,230,0,0,0,0,0,0,0,0,0,1,58,0,0,0,1,2,55,3,6,2,1,0,0,14,13,1,1,4,1,,,,1,0,T,TOYT,ELD,PC,92,17,,1,0,1215,HTP,G,,,4,144,,,,B,00000,00,A,44,2012
2012040595,4,40595,1,1,5,8,9,21,48,5,0,1,0,4,1,20,403,20403,14,2005,1GNET16SX561,1,G,N,E,T,1,6,S,X,5,6,1,0,0,0,Not Applicable,Not Applicable,0,0,0,1,0,0,0,0,0,0,0,998,0,0,0,0,0,1,5,0,0,0,1,4,86512,6,1,6,0,3,0,62,130,0,0,0,0,0,0,0,0,0,0,0,0,0,0,8,8,98,8,8,2,98,0,0,1,98,1,1,1,0,,,,1,0,P,CHEV,TRL,UT,5,17,4954,,0,1290,,G,,F,6,256,,,17R245,,,,,,2012
2012040596,4,40596,1,1,1,8,9,99,99,1,0,1,0,99,9,98,998,98998,92,9999,Unknown,9,9,9,9,9,9,9,9,9,9,9,9,0,0,0,Not Applicable,Not Applicable,0,0,0,1,0,0,0,0,0,0,0,998,0,9,5,0,8,8,1,0,0,0,1,4,85602,6,1,0,0,3,3,70,150,0,0,0,0,0,0,0,0,0,9,99,99,99,99,8,8,98,8,8,8,98,0,0,99,13,99,1,4,5,,,,1,0,,,,,,,,,,,,,,,,,,,,,,,,,2012
2012040597,4,40597,1,1,1,9,9,22,3,9,0,1,1,4,2,35,472,35472,30,2010,1N6AD0CW0AC4,1,N,6,A,D,0,C,W,0,A,C,4,0,0,0,Not Applicable,Not Applicable,0,0,0,1,0,0,0,0,0,0,0,40,0,0,0,12,4,1,9,0,0,0,1,4,86004,6,1,0,0,3,0,63,138,0,0,0,1,0,5,2010,5,2010,1,91,0,0,0,1,2,25,1,1,2,1,0,0,1,83,99,1,1,13,,,,0,1,T,NISS,KEN,4C,10,17,,1,0,0,FRT,G,,,6,244,,,,,4070,00,7,44,2012
2012040598,4,40598,1,2,1,14,9,18,44,12,6,1,0,4,2,23,481,23481,31,2006,3GTEK14V86G1,3,G,T,E,K,1,4,V,8,6,G,1,0,0,0,Not Applicable,Not Applicable,0,0,0,1,0,0,0,0,0,0,0,64,0,0,0,12,6,2,12,0,0,0,1,4,85131,6,1,0,0,3,0,67,130,0,1,0,4,0,4,2011,3,2012,1,39,6,0,0,1,2,50,1,1,2,1,20,3,1,17,1,1,1,88,,,,0,0,T,GMC,NK1,PK,6,17,,2,1330,1190,SIE,G,,,8,293,,,,B,4508,01,4,44,2012