accident_id,STATE,ST_CASE,VEH_NO,VE_FORMS,NUMOCCS,DAY,MONTH,HOUR,MINUTE,HARM_EV,MAN_COLL,UNITTYPE,HIT_RUN,REG_STAT,OWNER,MAKE,MODEL,MAK_MOD,BODY_TYP,MOD_YEAR,VIN,VIN_1,VIN_2,VIN_3,VIN_4,VIN_5,VIN_6,VIN_7,VIN_8,VIN_9,VIN_10,VIN_11,VIN_12,TOW_VEH,J_KNIFE,MCARR_I1,MCARR_I2,MCARR_ID,GVWR,V_CONFIG,CARGO_BT,HAZ_INV,HAZ_PLAC,HAZ_ID,HAZ_CNO,HAZ_REL,BUS_USE,SPEC_USE,EMER_USE,TRAV_SP,UNDERIDE,ROLLOVER,ROLINLOC,IMPACT1,DEFORMED,TOWED,M_HARM,VEH_SC1,VEH_SC2,FIRE_EXP,DR_PRES,L_STATE,DR_ZIP,L_STATUS,L_TYPE,CDL_STAT,L_ENDORS,L_COMPL,L_RESTRI,DR_HGT,DR_WGT,PREV_ACC,PREV_SUS,PREV_DWI,PREV_SPD,PREV_OTH,FIRST_MO,FIRST_YR,LAST_MO,LAST_YR,SPEEDREL,DR_SF1,DR_SF2,DR_SF3,DR_SF4,VTRAFWAY,VNUM_LAN,VSPD_LIM,VALIGN,VPROFILE,VPAVETYP,VSURCOND,VTRAFCON,VTCONT_F,P_CRASH1,P_CRASH2,P_CRASH3,PCRASH4,PCRASH5,ACC_TYPE,TRLR1VIN,TRLR2VIN,TRLR3VIN,DEATHS,DR_DRINK,VINTYPE,VINMAKE,VINA_MOD,VIN_BT,VINMODYR,VIN_LNGT,VIN_WGT,WGTCD_TR,WHLBS_LG,WHLBS_SH,SER_TR,FUELCODE,MCYCL_DS,CARBUR,CYLINDER,DISPLACE,MCYCL_CY,MCYCL_WT,TIRE_SZE,TON_RAT,TRK_WT,TRKWTVAR,VIN_REST,WHLDRWHL,Year
2012040598,4,40598,2,2,1,14,9,18,44,12,6,1,0,4,2,12,401,12401,14,1987,1FMCU14T8HUB,1,F,M,C,U,1,4,T,8,H,U,B,0,0,0,Not Applicable,Not Applicable,0,0,0,1,0,0,0,0,0,0,0,45,0,1,5,61,6,2,30,0,0,0,1,4,85193,6,1,0,0,3,0,67,180,0,0,0,0,0,0,0,0,0,0,0,0,0,0,1,2,45,1,1,2,1,0,0,1,66,1,1,1,89,,,,1,0,P,FORD,BII,UT,87,17,3050,,0,940,,G,,F,6,177,,,000000,,,,,,2012
2012040599,4,40599,1,2,1,18,9,10,13,12,6,1,0,4,2,72,706,72706,80,1999,1HD1CAP19XK1,1,H,D,1,C,A,P,1,9,X,K,1,0,0,0,Not Applicable,Not Applicable,0,0,0,1,0,0,0,0,0,0,0,45,0,0,0,12,6,2,12,0,0,0,1,4,85273,6,1,0,0,3,0,69,155,0,0,0,0,0,0,0,0,0,1,39,0,0,0,5,4,45,1,1,2,1,3,3,1,17,1,1,1,88,,,,1,0,M,HD,L12,RS,99,17,,,,,,,1200,,2,,4,491,,,,,,,2012
2012040599,4,40599,2,2,1,18,9,10,13,12,6,1,0,4,1,49,401,49401,14,2001,JT3GN86R2101,J,T,3,G,N,8,6,R,2,1,0,1,0,0,0,Not Applicable,Not Applicable,0,0,0,1,0,0,0,0,0,0,0,35,0,0,0,63,2,1,12,0,0,0,1,4,85207,6,1,0,0,3,0,62,150,0,0,0,0,0,0,0,0,0,0,0,0,0,0,1,2,45,1,1,2,1,3,3,1,66,1,1,1,89,,,,0,0,P,TOYT,RUN,UT,1,17,3600,,0,1053,,G,,F,6,206,,,15R225,,,,,,2012
2012040600,4,40600,1,1,2,19,9,99,99,5,0,1,0,99,9,99,999,99999,99,9999,Unknown,9,9,9,9,9,9,9,9,9,9,9,9,0,0,0,Not Applicable,Not Applicable,0,0,0,1,0,0,0,0,0,0,0,999,0,0,0,0,0,9,5,0,0,0,1,99,99999,9,9,99,9,9,9,999,999,99,99,99,99,99,99,9999,99,9999,9,99,99,99,99,9,9,99,9,9,9,99,99,9,99,98,99,9,9,0,,,,1,0,,,,,,,,,,,,,,,,,,,,,,,,,2012
2012040601,4,40601,1,1,1,20,9,16,49,35,0,1,0,4,2,20,481,20481,31,2005,1GCEC19X45Z2,1,G,C,E,C,1,9,X,4,5,Z,2,0,0,0,Not Applicable,Not Applicable,0,0,0,1,0,0,0,0,0,0,0,65,0,1,5,10,6,2,1,0,0,0,1,4,86045,6,1,0,0,3,0,70,151,0,1,0,0,1,7,2012,7,2012,1,99,99,99,99,1,2,35,1,8,5,1,0,0,3,6,99,9,4,2,,,,1,1,T,CHEV,SC1,4C,5,17,,2,1575,1435,SIL,G,,,6,262,,,,B,4555,00,,42,2012
2012040602,4,40602,1,1,1,21,9,21,32,8,0,1,0,4,1,35,481,35481,31,2008,1N6AA06A48N3,1,N,6,A,A,0,6,A,4,8,N,3,0,0,0,Not Applicable,Not Applicable,0,0,0,1,0,0,0,0,0,0,0,40,0,0,0,12,2,1,8,0,0,0,1,4,85016,6,1,6,0,3,0,73,250,0,2,0,0,0,8,2010,9,2010,0,0,0,0,0,5,5,40,1,1,2,1,0,0,6,80,9,1,1,13,,,,0,0,T,NISS,TXS,PC,8,17,,2,0,1398,TTN,G,,,8,342,,,,B,4836,00,4,42,2012
2012040603,4,40603,1,1,2,22,9,20,15,8,0,1,0,4,2,20,401,20401,14,1999,1GNCS13W0X22,1,G,N,C,S,1,3,W,0,X,2,2,0,0,0,Not Applicable,Not Applicable,0,0,0,1,0,0,0,0,0,0,0,45,0,0,0,12,4,3,8,0,0,0,1,4,86034,6,1,0,0,3,3,64,160,0,0,0,0,0,0,0,0,0,0,0,0,0,0,1,2,45,1,1,2,1,0,0,1,80,1,1,1,13,,,,0,0,P,CHEV,BZR,UT,99,17,3692,,0,1070,,G,,F,6,262,,,15R205,,,,,,2012
2012040604,4,40604,1,1,1,23,9,11,0,1,0,1,0,99,9,99,999,99999,99,9999,Unknown,9,9,9,9,9,9,9,9,9,9,9,9,0,0,0,Not Applicable,Not Applicable,0,0,0,1,0,0,0,0,0,0,0,999,0,1,9,0,9,9,1,0,0,0,1,4,86504,6,1,0,0,3,3,65,154,0,0,0,0,0,0,0,0,0,9,99,99,99,99,9,9,99,9,9,2,99,0,0,99,99,99,9,4,99,,,,1,0,,,,,,,,,,,,,,,,,,,,,,,,,2012
2012040605,4,40605,1,2,2,27,9,16,58,12,99,1,0,99,9,99,999,99999,99,9999,Unknown,9,9,9,9,9,9,9,9,9,9,9,9,0,0,0,Not Applicable,Not Applicable,0,0,0,1,0,0,0,0,0,0,0,999,0,0,0,99,9,9,12,0,0,0,1,99,99999,9,9,99,9,9,9,999,999,99,99,99,99,99,99,9999,99,9999,9,99,99,99,99,9,9,99,9,9,2,99,0,0,99,99,99,9,9,99,,,,2,0,,,,,,,,,,,,,,,,,,,,,,,,,2012
2012040605,4,40605,2,2,1,27,9,16,58,12,99,1,0,99,9,99,999,99999,99,9999,Unknown,9,9,9,9,9,9,9,9,9,9,9,9,0,0,0,Not Applicable,Not Applicable,0,0,0,1,0,0,0,0,0,0,0,999,0,0,0,99,9,9,12,0,0,0,1,99,99999,9,9,99,9,9,9,999,999,99,99,99,99,99,99,9999,99,9999,9,99,99,99,99,9,9,99,9,9,2,99,0,0,99,99,99,9,9,99,,,,0,0,,,,,,,,,,,,,,,,,,,,,,,,,2012
2012040606,4,40606,1,3,1,8,5,13,50,12,1,1,0,4,1,49,402,49402,14,2002,JTEHH20VX260,J,T,E,H,H,2,0,V,X,2,6,0,0,0,0,Not Applicable,Not Applicable,0,0,0,1,0,0,0,0,0,0,0,70,0,0,0,12,6,2,12,0,0,0,1,4,85263,6,1,0,0,3,0,66,140,0,0,0,0,0,0,0,0,0,0,0,0,0,0,1,2,50,1,1,2,1,50,3,1,50,1,1,1,20,,,,1,1,P,TOYT,RV4,UT,2,17,2877,,0,980,,G,,F,4,122,,,16R215,,,,,,2012
2012040606,4,40606,2,3,1,8,5,13,50,12,1,1,0,4,2,12,481,12481,31,2007,1FTPX12V27KC,1,F,T,P,X,1,2,V,2,7,K,C,0,0,0,Not Applicable,Not Applicable,0,0,0,1,0,0,0,0,0,0,0,0,0,0,0,6,6,2,12,0,0,0,1,4,85262,6,1,0,0,3,0,70,190,0,0,0,0,0,0,0,0,0,0,0,0,0,0,1,2,50,1,1,2,1,50,3,5,53,1,1,1,21,,,,0,0,T,FORD,F15,4C,7,17,,2,1630,1330,COF,F,,,8,329,,,,B,4979,05,E,42,2012
2012040606,4,40606,3,3,1,8,5,13,50,12,1,1,0,27,3,37,421,37421,15,2011,5FNYF4H90BB0,5,F,N,Y,F,4,H,9,0,B,B,0,0,0,0,Not Applicable,Not Applicable,0,0,0,1,0,0,0,0,0,0,0,0,0,0,0,6,6,2,12,0,0,0,1,27,55902,6,1,0,0,3,3,65,135,0,0,0,0,0,0,0,0,0,0,0,0,0,0,1,2,50,1,1,2,1,50,3,5,53,1,1,1,98,,,,0,0,P,HOND,PIL,UT,11,17,4608,,0,1092,,G,,F,6,213,,,17R245,,,,,,2012
2012040607,4,40607,1,1,2,14,1,16,37,35,0,1,0,99,9,99,999,99999,99,9999,Unknown,9,9,9,9,9,9,9,9,9,9,9,9,0,0,0,Not Applicable,Not Applicable,0,0,0,1,0,0,0,0,0,0,0,999,0,1,5,99,9,9,1,0,0,0,1,99,99999,9,9,99,9,9,9,999,999,99,99,99,99,99,99,9999,99,9999,1,99,99,99,99,1,2,99,4,9,5,99,0,0,14,6,99,9,4,99,,,,1,0,,,,,,,,,,,,,,,,,,,,,,,,,2012
2012040608,4,40608,1,1,2,26,5,9,3,5,0,1,0,4,1,76,998,76998,95,1990,JF2002540,J,F,2,0,0,2,5,4,0,,,,0,0,0,Not Applicable,Not Applicable,0,0,0,1,0,0,0,0,0,0,0,17,0,0,0,0,0,8,5,0,0,0,1,4,85374,6,1,0,0,3,0,72,220,0,0,0,0,0,0,0,0,0,0,84,0,0,0,1,2,98,1,1,2,1,0,0,11,98,6,9,2,0,,,,1,0,M,YAMA,,,90,9,,,,,,,,,,,,,,,,,,,2012
2012040609,4,40609,1,2,1,12,10,9,1,12,6,1,0,4,1,2,405,2405,14,2004,1J4GK48K94W3,1,J,4,G,K,4,8,K,9,4,W,3,0,0,0,Not Applicable,Not Applicable,0,0,0,1,0,0,0,0,0,0,0,34,0,0,0,12,6,2,12,0,0,0,1,4,85203,6,1,0,0,3,0,65,108,1,0,0,2,0,1,2010,1,2012,0,39,0,0,0,2,3,40,1,1,2,1,3,3,1,17,1,1,1,88,,,,0,0,T,JEEP,SPR,4W,4,17,,1,0,1043,LIB,G,,,6,226,,,,,3462,01,E,42,2012
2012040609,4,40609,2,2,1,12,10,9,1,12,6,1,0,4,1,34,35,34035,4,2002,WBADT43482GZ,W,B,A,D,T,4,3,4,8,2,G,Z,0,0,0,Not Applicable,Not Applicable,0,0,0,1,0,0,0,0,0,0,0,22,0,0,0,9,6,2,12,0,0,0,1,4,85260,6,1,0,0,3,3,64,118,0,0,0,0,0,0,0,0,0,0,0,0,0,0,1,2,35,1,1,2,1,3,3,1,66,1,1,1,89,,,,1,0,P,BMW,A52,4D,2,17,3505,,0,1114,,G,,F,6,152,,,16R225,,,,,,2012
2012040610,4,40610,1,1,1,12,10,12,29,1,0,1,0,4,1,20,421,20421,15,2000,1GNCT18W7YK2,1,G,N,C,T,1,8,W,7,Y,K,2,0,0,0,Not Applicable,Not Applicable,0,0,0,1,0,0,0,0,0,0,0,998,0,1,3,0,6,2,1,0,0,0,1,4,85602,6,1,0,0,3,0,71,165,0,0,0,0,0,0,0,0,0,1,58,0,0,0,2,2,65,1,6,2,1,0,0,1,9,7,4,4,7,,,,1,0,P,CHEV,BZR,UT,0,17,3848,,0,1005,,G,,F,6,262,,,15R205,,,,,,2012
2012040611,4,40611,1,1,1,17,10,18,22,8,0,1,0,4,1,35,43,35043,2,1992,1N4GB32A9NC7,1,N,4,G,B,3,2,A,9,N,C,7,0,0,0,Not Applicable,Not Applicable,0,0,0,1,0,0,0,0,0,0,0,31,0,0,0,12,4,1,8,0,0,0,1,4,85051,6,1,0,0,3,1,68,140,0,0,0,0,0,0,0,0,0,0,0,0,0,0,5,5,35,1,1,2,1,0,0,1,80,3,2,1,13,,,,0,0,P,NISS,USE,2D,92,17,2414,,0,957,,G,,F,4,122,,,14R185,,,,,,2012
2012040612,4,40612,1,1,1,19,10,8,7,33,0,1,0,4,1,18,2,18002,4,2005,1G4HP52K35U2,1,G,4,H,P,5,2,K,3,5,U,2,0,0,0,Not Applicable,Not Applicable,0,0,0,1,0,0,0,0,0,0,0,96,0,0,0,12,6,2,42,0,0,1,1,4,85351,6,1,0,0,3,3,69,155,0,0,0,0,0,0,0,0,0,1,0,0,0,0,1,2,30,3,1,2,1,0,0,14,9,99,9,4,2,,,,1,0,P,BUIC,LCF,4D,5,17,3567,,0,1122,,G,,F,6,232,,,15R215,,,,,,2012
2012040613,4,40613,1,1,1,1,10,99,99,99,99,1,0,99,9,99,709,99709,80,9999,Unknown,9,9,9,9,9,9,9,9,9,9,9,9,0,0,0,Not Applicable,Not Applicable,0,0,0,1,0,0,0,0,0,0,0,999,0,0,0,99,9,9,99,0,0,0,1,4,86044,6,1,0,0,2,0,70,320,0,0,0,0,0,0,0,0,0,9,99,99,99,99,9,9,99,9,9,2,99,99,9,99,99,99,9,9,99,,,,1,0,,,,,,,,,,,,,,,,,,,,,,,,,2012
2012040614,4,40614,1,1,1,2,10,6,49,9,0,1,0,4,3,85,881,85881,63,2007,1NKDX0TX27R1,1,N,K,D,X,0,T,X,2,7,R,1,0,0,99,Unknown,Unknown,3,1,4,1,0,0,0,0,0,0,0,5,0,0,0,12,2,1,9,0,0,0,1,4,85037,6,1,6,0,3,0,72,180,0,0,0,0,0,0,0,0,0,0,0,0,0,0,6,1,65,1,1,1,1,3,3,11,85,1,1,1,13,,,,0,0,T,KW,T80,CC,7,17,,8,2600,1600,CON,D,,,6,659,,,,,00000,00,,,2012
2012040615,4,40615,1,2,3,2,10,16,26,12,6,1,0,4,2,12,461,12461,21,2004,1FBNE31L44HA,1,F,B,N,E,3,1,L,4,4,H,A,0,0,0,Not Applicable,Not Applicable,0,0,0,1,0,0,0,0,0,0,0,8,0,0,0,8,2,3,12,0,0,0,1,4,85326,6,1,0,0,3,3,70,250,0,1,0,1,0,4,2011,8,2011,0,89,38,0,0,0,0,0,0,0,0,0,0,0,11,15,1,1,1,82,,,,0,0,P,FORD,ECO,SV,4,17,6231,,0,1380,,G,,F,8,330,,,000000,,,,,,2012
2012040615,4,40615,2,2,1,2,10,16,26,12,6,1,0,4,1,73,705,73705,80,2011,JKAEXEC10BDA,J,K,A,E,X,E,C,1,0,B,D,A,0,0,0,Not Applicable,Not Applicable,0,0,0,1,0,0,0,0,0,0,0,59,0,0,0,12,6,2,12,0,0,0,1,4,85085,6,1,0,0,3,0,69,155,0,0,0,1,0,7,2012,7,2012,0,89,0,0,0,2,3,45,1,1,2,1,0,0,1,67,3,2,1,83,,,,1,0,M,KAWK,E6C,RC,11,17,,,,,,,649,,2,,4,441,,,,,,,2012
2012040616,4,40616,1,2,1,8,10,18,18,1,0,1,0,4,1,35,39,35039,4,2005,1N4BA41E75C8,1,N,4,B,A,4,1,E,7,5,C,8,0,0,0,Not Applicable,Not Applicable,0,0,0,1,0,0,0,0,0,0,0,13,0,0,0,83,6,2,54,0,0,0,1,4,85085,6,1,0,0,3,2,67,145,0,0,0,0,0,0,0,0,0,0,38,74,0,0,5,4,45,1,1,2,1,3,3,11,15,1,1,1,98,,,,0,0,P,NISS,MEL,4D,5,17,3321,,0,1112,,G,,F,6,214,,,17R225,,,,,,2012
2012040616,4,40616,2,2,1,8,10,18,18,1,0,1,0,4,1,50,706,50706,80,2009,SMTC05LRX9J3,S,M,T,C,0,5,L,R,X,9,J,3,0,0,0,Not Applicable,Not Applicable,0,0,0,1,0,0,0,0,0,0,0,57,0,0,0,0,6,2,1,0,0,0,1,4,85035,6,1,0,0,3,0,76,205,1,1,0,1,0,10,2011,11,2011,0,0,0,0,0,5,4,45,1,1,2,1,3,3,1,62,3,2,1,98,,,,1,0,M,TRUM,RCT,RS,9,17,,,,,,,2294,,3,,4,788,,,,,,,2012
2012040617,4,40617,1,1,1,10,10,13,16,1,0,1,0,99,9,99,999,99999,99,9999,Unknown,9,9,9,9,9,9,9,9,9,9,9,9,0,0,0,Not Applicable,Not Applicable,0,0,0,1,0,0,0,0,0,0,0,999,0,1,9,0,9,9,1,0,0,0,1,4,86434,6,1,0,0,3,0,67,219,0,0,0,0,0,0,0,0,0,9,99,99,99,99,9,9,99,9,9,9,99,99,9,99,99,99,9,9,99,,,,1,1,,,,,,,,,,,,,,,,,,,,,,,,,2012
2012040618,4,40618,1,2,1,12,10,17,42,12,11,1,0,4,1,35,39,35039,4,2006,1N4BA41E66C8,1,N,4,B,A,4,1,E,6,6,C,8,0,0,0,Not Applicable,Not Applicable,0,0,0,1,0,0,0,0,0,0,0,17,0,0,0,3,2,1,12,0,0,0,1,4,85340,6,1,0,0,3,0,70,205,0,0,0,1,0,4,2011,4,2011,0,38,0,0,0,5,6,40,1,1,2,1,0,0,11,15,1,1,1,74,,,,0,0,P,NISS,MEL,4D,6,17,3359,,0,1112,,G,,F,6,214,,,000000,,,,,,2012
2012040618,4,40618,2,2,1,12,10,17,42,12,11,1,0,4,1,76,705,76705,80,2012,JYARJ16E7CA0,J,Y,A,R,J,1,6,E,7,C,A,0,0,0,0,Not Applicable,Not Applicable,0,0,0,1,0,0,0,0,0,0,0,21,0,0,0,13,6,2,12,0,0,0,1,4,85023,6,1,0,0,3,0,68,155,0,0,0,2,2,1,2010,8,2012,0,89,0,0,0,5,6,40,1,1,2,1,0,0,1,62,9,2,2,74,,,,1,0,M,YAMA,R6L,RC,12,17,,,,,,,599,,4,,4,417,,,,,,,2012
2012040619,4,40619,1,1,2,12,10,16,8,99,99,1,0,99,9,99,999,99999,99,9999,Unknown,9,9,9,9,9,9,9,9,9,9,9,9,0,0,0,Not Applicable,Not Applicable,0,0,0,1,0,0,0,0,0,0,0,999,0,0,0,99,9,9,99,0,0,0,1,99,99999,9,9,99,0,9,9,999,999,99,99,99,99,99,99,9999,99,9999,9,99,99,99,99,9,9,99,9,9,9,99,99,9,99,99,99,9,9,99,,,,1,0,,,,,,,,,,,,,,,,,,,,,,,,,2012
2012040620,4,40620,1,1,1,12,10,20,45,8,0,1,0,4,1,12,481,12481,31,1997,1FTDF172XVNA,1,F,T,D,F,1,7,2,X,V,N,A,0,0,0,Not Applicable,Not Applicable,0,0,0,1,0,0,0,0,0,0,0,43,0,0,0,12,2,1,8,0,0,0,1,4,85339,6,1,0,0,3,0,68,180,0,2,0,1,2,2,2010,2,2011,0,0,0,0,0,1,2,50,1,1,2,1,0,0,1,83,1,1,1,13,,,,0,0,T,FORD,F15,PK,97,17,,1,1390,1200,COF,G,,,6,256,,,,B,3850,01,E,42,2012
2012040621,4,40621,1,1,1,13,10,1,6,46,0,1,0,4,1,35,47,35047,2,2010,1N4AL2EP7AC1,1,N,4,A,L,2,E,P,7,A,C,1,0,0,0,Not Applicable,Not Applicable,0,0,0,1,0,0,0,0,0,0,0,39,0,0,0,12,6,2,46,0,0,0,1,4,85323,6,1,0,0,3,0,72,250,0,0,0,0,0,0,0,0,0,1,99,99,99,99,5,5,40,1,1,2,1,2,3,1,12,1,1,4,6,,,,1,1,P,NISS,A5S,CP,10,17,3007,,0,1053,,G,,F,4,153,,,17R215,,,,,,2012
2012040622,4,40622,1,1,2,14,10,12,56,8,0,1,0,4,1,7,482,7482,31,1999,3B7HC13Z8XM5,3,B,7,H,C,1,3,Z,8,X,M,5,0,0,0,Not Applicable,Not Applicable,0,0,0,1,0,0,0,0,0,0,0,25,0,0,0,12,2,1,8,0,0,0,1,4,85345,6,1,0,0,3,3,67,190,0,1,0,1,0,10,2010,10,2010,0,0,0,0,0,1,2,25,1,1,2,1,28,3,1,80,1,1,1,13,,,,0,0,T,DODG,Q15,4C,99,17,,2,1547,1387,RPC,G,,,8,360,,,,B,4604,02,U,42,2012
2012040623,4,40623,1,2,3,15,10,7,19,1,0,1,0,4,2,18,7,18007,4,2001,2G4WS52J0111,2,G,4,W,S,5,2,J,0,1,1,1,0,0,0,Not Applicable,Not Applicable,0,0,0,1,0,0,0,0,0,0,0,5,0,0,0,62,6,2,12,0,0,0,1,4,85033,6,1,0,0,3,0,66,220,0,0,0,1,0,11,2010,11,2010,0,38,0,0,0,1,2,25,1,1,2,1,20,3,11,15,1,1,1,98,,,,0,0,P,BUIC,CCU,4D,1,17,3368,,0,1090,,G,,F,6,191,,,15R205,,,,,,2012
2012040623,4,40623,2,2,1,15,10,7,19,1,0,1,0,4,1,72,706,72706,80,2006,1HD1FFW156Y6,1,H,D,1,F,F,W,1,5,6,Y,6,0,0,0,Not Applicable,Not Applicable,0,0,0,1,0,0,0,0,0,0,0,33,0,0,0,0,6,2,12,0,0,0,1,4,85335,6,1,0,0,3,3,74,210,0,0,0,0,0,0,0,0,0,0,0,0,0,0,5,4,45,1,1,2,1,0,0,1,67,3,2,1,98,,,,1,0,M,HD,TCI,RS,6,17,,,,,,,1450,,2,,4,776,,,,,,,2012
2012040624,4,40624,1,1,1,16,10,99,99,3,0,1,0,99,9,99,999,99999,99,9999,Unknown,9,9,9,9,9,9,9,9,9,9,9,9,0,0,0,Not Applicable,Not Applicable,0,0,0,1,0,0,0,0,0,0,0,999,0,0,0,0,9,9,3,0,0,0,1,99,99999,9,9,99,0,9,9,999,999,99,99,99,99,99,99,9999,99,9999,9,99,99,99,99,9,9,99,1,1,2,99,99,9,99,99,99,9,9,0,,,,1,0,,,,,,,,,,,,,,,,,,,,,,,,,2012
2012040625,4,40625,1,1,1,20,10,4,7,33,0,1,0,4,1,49,40,49040,4,1992,JT2SK12E8N00,J,T,2,S,K,1,2,E,8,N,0,0,0,0,0,Not Applicable,Not Applicable,0,0,0,1,0,0,0,0,0,0,0,5,0,0,0,12,6,2,2,0,0,1,1,4,85225,6,1,0,0,3,3,73,245,0,0,0,0,0,0,0,0,0,0,99,99,99,99,1,2,25,1,1,2,1,0,0,99,14,1,1,4,14,,,,1,0,P,TOYT,CLE,4D,92,17,3053,,0,1031,,G,,F,4,132,,,000000,,,,,,2012
2012040626,4,40626,1,2,1,24,10,17,57,12,2,1,0,99,9,99,999,99999,99,9999,Unknown,9,9,9,9,9,9,9,9,9,9,9,9,0,0,0,Not Applicable,Not Applicable,0,0,0,1,0,0,0,0,0,0,0,999,0,0,0,12,9,9,12,0,0,0,1,99,99999,9,9,99,0,9,9,999,999,99,99,99,99,99,99,9999,99,9999,9,99,99,99,99,9,9,99,1,1,2,99,99,9,11,15,99,9,9,68,,,,0,0,,,,,,,,,,,,,,,,,,,,,,,,,2012
2012040626,4,40626,2,2,1,24,10,17,57,12,2,1,0,99,9,72,709,72709,80,9999,Unknown,9,9,9,9,9,9,9,9,9,9,9,9,0,0,0,Not Applicable,Not Applicable,0,0,0,1,0,0,0,0,0,0,0,999,0,0,0,12,9,9,12,0,0,0,1,4,85345,6,1,0,0,3,0,66,250,1,0,0,0,0,7,2010,7,2010,9,99,99,99,99,9,9,99,1,1,2,99,99,9,1,62,99,9,9,69,,,,1,0,,,,,,,,,,,,,,,,,,,,,,,,,2012
2012040627,4,40627,1,1,1,25,10,12,31,99,99,1,0,99,9,99,999,99999,99,9999,Unknown,9,9,9,9,9,9,9,9,9,9,9,9,0,0,0,Not Applicable,Not Applicable,0,0,0,1,0,0,0,0,0,0,0,999,0,0,0,99,9,9,99,0,0,0,1,4,85018,6,1,0,0,3,3,70,200,0,0,0,0,0,0,0,0,0,9,99,99,99,99,9,9,99,9,9,9,99,99,9,99,99,99,9,9,99,,,,1,0,,,,,,,,,,,,,,,,,,,,,,,,,2012
2012040628,4,40628,1,1,2,25,10,18,11,8,0,1,0,4,1,7,442,7442,20,1996,2B4GP44R7TR8,2,B,4,G,P,4,4,R,7,T,R,8,0,0,0,Not Applicable,Not Applicable,0,0,0,1,0,0,0,0,0,0,0,26,0,0,0,12,2,1,8,0,0,0,1,4,85009,6,1,0,0,3,1,62,180,0,1,0,0,0,7,2011,7,2011,0,0,0,0,0,5,5,40,1,1,2,1,0,0,1,80,99,1,1,13,,,,0,0,T,DODG,GCS,ES,96,17,,1,0,1193,CAR,G,,,6,201,,,,,3663,03,E,42,2012
2012040629,4,40629,1,2,1,25,10,20,27,12,2,1,0,4,1,20,401,20401,14,2000,1GNCS18W1YK2,1,G,N,C,S,1,8,W,1,Y,K,2,0,0,0,Not Applicable,Not Applicable,0,0,0,1,0,0,0,0,0,0,0,12,0,0,0,12,6,2,12,0,0,0,1,4,85323,6,1,0,0,3,0,74,210,0,1,0,2,0,1,2010,1,2011,0,38,48,0,0,1,2,45,1,1,2,1,0,0,11,15,1,1,1,68,,,,0,0,P,CHEV,BZR,UT,0,17,3518,,0,1005,,G,,F,6,262,,,15R205,,,,,,2012
2012040629,4,40629,2,2,2,25,10,20,27,12,2,1,0,4,1,98,709,98709,80,2003,AZ259841,A,Z,2,5,9,8,4,1,,,,,0,0,0,Not Applicable,Not Applicable,0,0,0,1,0,0,0,0,0,0,0,42,0,0,0,12,6,2,12,0,0,0,1,4,85037,6,1,6,0,3,3,72,170,0,0,0,0,0,0,0,0,0,0,0,0,0,0,1,2,45,1,1,2,1,0,0,1,62,99,1,1,69,,,,2,1,U,,,,3,8,,,,,,,,,,,,,,,,,,,2012
2012040630,4,40630,1,1,2,26,10,0,56,17,0,1,0,4,4,41,54,41054,6,2011,JM3TB2CA6B03,J,M,3,T,B,2,C,A,6,B,0,3,0,0,0,Not Applicable,Not Applicable,0,0,0,1,0,0,0,0,0,0,0,111,0,1,3,12,6,2,1,0,0,0,1,17,62236,6,1,0,0,3,0,67,175,0,0,0,0,0,0,0,0,0,1,0,0,0,0,2,2,45,4,1,2,1,0,0,14,12,99,9,4,10,,,,1,1,P,MAZD,CX9,UT,11,17,4330,,0,1132,,G,,F,6,226,,,18R245,,,,,,2012
2012040631,4,40631,1,2,1,29,10,23,24,12,6,1,0,4,1,37,402,37402,14,2012,5J6RM3H71CL0,5,J,6,R,M,3,H,7,1,C,L,0,0,0,0,Not Applicable,Not Applicable,0,0,0,1,0,0,0,0,0,0,0,93,0,1,1,12,6,2,2,0,0,1,1,4,85307,6,1,0,0,3,3,66,120,0,0,0,0,0,0,0,0,0,1,0,0,0,0,5,4,45,1,1,2,1,2,3,1,17,1,1,1,69,,,,1,1,P,HOND,CRV,UT,12,17,3408,,0,1031,,G,,F,4,146,,,17R225,,,,,,2012
2012040631,4,40631,2,2,1,29,10,23,24,12,6,1,0,4,1,38,401,38401,14,2000,JACDJ58X7Y7J,J,A,C,D,J,5,8,X,7,Y,7,J,0,0,0,Not Applicable,Not Applicable,0,0,0,1,0,0,0,0,0,0,0,14,0,0,0,82,6,2,12,0,0,0,1,4,85037,6,1,0,0,3,0,68,220,0,0,0,0,0,0,0,0,0,0,0,0,0,0,5,4,45,1,1,2,1,2,3,11,63,1,1,1,68,,,,0,0,P,ISU,TRO,UT,0,17,4455,,0,1087,,G,,F,6,213,,,16R245,,,,,,2012
2012040632,4,40632,1,2,1,30,10,16,22,12,2,1,0,4,1,76,705,76705,80,2012,JYARJ16E4CA0,J,Y,A,R,J,1,6,E,4,C,A,0,0,0,0,Not Applicable,Not Applicable,0,0,0,1,0,0,0,0,0,0,0,999,0,0,0,12,6,2,12,0,0,1,1,4,85225,6,1,0,0,3,0,69,165,0,0,0,0,0,0,0,0,0,1,0,0,0,0,2,2,45,1,1,2,1,0,0,1,62,1,1,1,69,,,,1,0,M,YAMA,R6L,RC,12,17,,,,,,,599,,4,,4,417,,,,,,,2012