accident_id,STATE,ST_CASE,VEH_NO,VE_FORMS,NUMOCCS,DAY,MONTH,HOUR,MINUTE,HARM_EV,MAN_COLL,UNITTYPE,HIT_RUN,REG_STAT,OWNER,MAKE,MODEL,MAK_MOD,BODY_TYP,MOD_YEAR,VIN,VIN_1,VIN_2,VIN_3,VIN_4,VIN_5,VIN_6,VIN_7,VIN_8,VIN_9,VIN_10,VIN_11,VIN_12,TOW_VEH,J_KNIFE,MCARR_I1,MCARR_I2,MCARR_ID,GVWR,V_CONFIG,CARGO_BT,HAZ_INV,HAZ_PLAC,HAZ_ID,HAZ_CNO,HAZ_REL,BUS_USE,SPEC_USE,EMER_USE,TRAV_SP,UNDERIDE,ROLLOVER,ROLINLOC,IMPACT1,DEFORMED,TOWED,M_HARM,VEH_SC1,VEH_SC2,FIRE_EXP,DR_PRES,L_STATE,DR_ZIP,L_STATUS,L_TYPE,CDL_STAT,L_ENDORS,L_COMPL,L_RESTRI,DR_HGT,DR_WGT,PREV_ACC,PREV_SUS,PREV_DWI,PREV_SPD,PREV_OTH,FIRST_MO,FIRST_YR,LAST_MO,LAST_YR,SPEEDREL,DR_SF1,DR_SF2,DR_SF3,DR_SF4,VTRAFWAY,VNUM_LAN,VSPD_LIM,VALIGN,VPROFILE,VPAVETYP,VSURCOND,VTRAFCON,VTCONT_F,P_CRASH1,P_CRASH2,P_CRASH3,PCRASH4,PCRASH5,ACC_TYPE,TRLR1VIN,TRLR2VIN,TRLR3VIN,DEATHS,DR_DRINK,VINTYPE,VINMAKE,VINA_MOD,VIN_BT,VINMODYR,VIN_LNGT,VIN_WGT,WGTCD_TR,WHLBS_LG,WHLBS_SH,SER_TR,FUELCODE,MCYCL_DS,CARBUR,CYLINDER,DISPLACE,MCYCL_CY,MCYCL_WT,TIRE_SZE,TON_RAT,TRK_WT,TRKWTVAR,VIN_REST,WHLDRWHL,Year
2012040689,4,40689,1,2,1,17,12,16,12,12,2,1,0,4,2,49,40,49040,4,1986,JT2SV16E7G04,J,T,2,S,V,1,6,E,7,G,0,4,0,0,0,Not Applicable,Not Applicable,0,0,0,1,0,0,0,0,0,0,0,40,0,0,0,12,6,2,12,0,0,0,1,4,85205,6,1,0,0,3,0,67,245,0,0,0,0,0,0,0,0,0,0,28,0,0,0,5,4,45,1,1,2,1,0,0,1,10,1,1,2,50,,,,1,0,P,TOYT,CLE,4D,86,17,2381,,0,1024,,G,,F,4,122,,,13R185,,,,,,2012
2012040689,4,40689,2,2,2,17,12,16,12,12,2,1,0,4,2,20,403,20403,14,2004,1GNDS13S1424,1,G,N,D,S,1,3,S,1,4,2,4,0,0,0,Not Applicable,Not Applicable,0,0,0,1,0,0,0,0,0,0,0,45,0,0,0,12,6,2,12,0,0,0,1,4,85213,6,1,0,0,3,0,72,190,0,0,0,1,0,5,2011,5,2011,0,0,0,0,0,5,4,45,1,1,2,1,0,0,1,62,1,1,1,51,,,,0,0,P,CHEV,TRL,UT,4,17,4425,,0,1130,,G,,F,6,256,,,16R245,,,,,,2012
2012040690,4,40690,1,1,2,18,12,9,13,8,0,1,0,4,2,20,442,20442,20,1994,1GNDU06D7RT1,1,G,N,D,U,0,6,D,7,R,T,1,0,0,0,Not Applicable,Not Applicable,0,0,0,1,0,0,0,0,0,0,0,10,0,0,0,12,2,3,8,0,0,0,1,4,85222,6,1,0,0,3,0,63,150,0,0,0,0,0,0,0,0,0,0,38,0,0,0,1,2,35,1,1,2,1,20,3,11,80,1,1,1,13,,,,0,0,P,CHEV,L/M,SV,94,17,3554,,0,1098,,G,,F,6,191,,,15R205,,,,,,2012
2012040692,4,40692,1,1,1,26,12,99,99,8,0,1,1,99,9,99,999,99999,99,9999,Unknown,9,9,9,9,9,9,9,9,9,9,9,9,0,0,0,Not Applicable,Not Applicable,0,0,0,1,0,0,0,0,0,0,0,998,0,0,0,12,4,1,8,0,0,0,1,99,99999,9,9,99,0,9,9,999,999,99,99,99,99,99,99,9999,99,9999,1,99,99,99,99,5,4,55,1,1,2,1,0,0,99,80,99,1,3,13,,,,0,0,,,,,,,,,,,,,,,,,,,,,,,,,2012
2012040693,4,40693,1,1,5,26,12,19,45,8,0,1,0,4,2,35,39,35039,4,1997,JN1CA21D7VT8,J,N,1,C,A,2,1,D,7,V,T,8,0,0,0,Not Applicable,Not Applicable,0,0,0,1,0,0,0,0,0,0,0,52,0,0,0,12,8,8,8,0,0,0,1,53,98682,6,1,0,0,3,0,63,140,0,2,0,1,1,1,2010,10,2011,0,0,0,0,0,2,2,40,1,1,2,1,0,0,1,80,1,1,1,13,,,,0,0,P,NISS,MGS,4D,97,17,2886,,0,1063,,G,,F,6,182,,,15R205,,,,,,2012
2012040694,4,40694,1,3,4,29,12,16,30,12,2,1,0,4,2,37,421,37421,15,2005,5FNYF18565B0,5,F,N,Y,F,1,8,5,6,5,B,0,0,0,0,Not Applicable,Not Applicable,0,0,0,1,0,0,0,0,0,0,0,998,0,0,0,12,6,2,12,0,0,0,1,4,85937,6,1,0,0,3,0,64,135,0,0,0,0,0,0,0,0,0,0,89,28,0,0,1,2,45,1,1,2,1,40,3,1,10,1,1,2,50,,,,0,0,P,HOND,PIL,UT,5,17,4431,,0,1063,,G,,F,6,212,,,16R235,,,,,,2012
2012040694,4,40694,2,3,2,29,12,16,30,12,2,1,0,27,2,21,441,21441,20,2001,1GHDX23E91D1,1,G,H,D,X,2,3,E,9,1,D,1,0,0,0,Not Applicable,Not Applicable,0,0,0,1,0,0,0,0,0,0,0,998,0,0,0,12,6,2,12,0,0,0,1,27,56007,6,1,0,0,3,0,68,200,0,0,0,0,0,0,0,0,0,0,0,0,0,0,1,2,45,1,1,2,1,40,3,1,62,1,1,1,51,,,,1,0,T,OLDS,ECO,ES,1,17,,1,0,1200,SIL,G,,,6,207,,,,B,3948,00,K,42,2012
2012040694,4,40694,3,3,3,29,12,16,30,12,2,1,0,35,2,14,402,14402,14,2007,4M2CU91137KJ,4,M,2,C,U,9,1,1,3,7,K,J,0,0,0,Not Applicable,Not Applicable,0,0,0,1,0,0,0,0,0,0,0,65,0,0,0,12,6,2,12,0,0,0,1,4,85008,6,1,0,0,3,0,74,235,0,2,0,1,0,4,2010,7,2010,1,26,0,0,0,1,2,45,1,1,2,1,40,3,1,59,1,1,1,98,,,,0,0,P,MERC,MRN,UT,7,17,3484,,0,1031,,G,,F,6,183,,,16R235,,,,,,2012
2012040695,4,40695,1,2,1,23,11,22,51,12,1,1,0,21,2,45,31,45031,2,2013,WP0AB2A94DS1,W,P,0,A,B,2,A,9,4,D,S,1,0,0,0,Not Applicable,Not Applicable,0,0,0,1,0,0,0,0,0,0,0,998,0,1,3,12,6,2,12,0,0,0,1,55,54650,2,1,0,0,2,0,71,190,0,3,1,0,2,2,2010,1,2012,9,91,0,0,0,2,2,75,1,1,2,1,0,0,1,51,1,1,1,24,,,,0,0,P,PORS,9NS,CP,13,17,3075,,0,0,,G,,F,6,232,,,000000,,,,,,2012
2012040695,4,40695,2,2,6,23,11,22,51,12,1,1,0,6,1,20,431,20431,16,1996,3GNEC16R5TG1,3,G,N,E,C,1,6,R,5,T,G,1,0,0,0,Not Applicable,Not Applicable,0,0,0,1,0,0,0,0,0,0,0,75,0,1,3,6,6,2,1,0,0,0,1,6,92501,6,1,0,0,3,0,66,135,0,0,0,0,0,0,0,0,0,0,0,0,0,0,2,2,75,1,1,2,1,0,0,1,53,1,1,1,25,,,,1,0,P,CHEV,C15,UT,96,17,4634,,0,1315,,G,,F,8,350,,,15R235,,,,,,2012
2012040696,4,40696,1,1,1,4,11,11,0,41,0,1,0,4,1,37,403,37403,14,2003,5J6YH28503L0,5,J,6,Y,H,2,8,5,0,3,L,0,0,0,0,Not Applicable,Not Applicable,0,0,0,1,0,0,0,0,0,0,0,50,0,0,0,12,6,2,30,0,0,0,1,4,85209,6,1,0,0,3,3,72,250,1,3,0,1,2,5,2010,5,2012,1,0,0,0,0,5,4,35,1,1,2,1,0,0,1,13,1,1,4,1,,,,1,0,P,HOND,ELE,UT,3,17,3544,,0,1014,,G,,F,4,146,,,16R215,,,,,,2012
2012040697,4,40697,1,1,1,1,11,20,33,9,0,1,0,4,2,49,472,49472,30,2004,5TENL42N64Z3,5,T,E,N,L,4,2,N,6,4,Z,3,0,0,0,Not Applicable,Not Applicable,0,0,0,1,0,0,0,0,0,0,0,42,0,0,0,12,2,1,9,0,0,0,1,49,84047,1,1,0,0,2,0,75,178,98,1,0,0,0,6,2012,6,2012,0,0,0,0,0,5,4,50,1,1,2,1,0,0,1,83,6,1,1,13,,,,0,0,T,TOYT,REG,PK,4,17,,1,0,1033,TAC,G,,,4,149,,,,B,2750,00,U,42,2012
2012040698,4,40698,1,1,1,5,11,18,2,8,0,1,0,4,1,32,42,32042,4,2008,WAUAH74F18N0,W,A,U,A,H,7,4,F,1,8,N,0,0,0,0,Not Applicable,Not Applicable,0,0,0,1,0,0,0,0,0,0,0,30,0,0,0,12,6,2,8,0,0,0,1,4,85085,6,1,0,0,3,0,70,160,0,0,0,2,0,6,2011,4,2012,0,53,0,0,0,5,5,40,1,1,2,1,0,0,1,80,8,1,1,13,,,,0,0,P,AUDI,632,4D,8,17,3858,,0,1119,,G,,F,6,191,,,18R245,,,,,,2012
2012040699,4,40699,1,1,2,10,11,7,0,1,0,1,0,99,9,99,999,99999,99,9999,Unknown,9,9,9,9,9,9,9,9,9,9,9,9,0,0,0,Not Applicable,Not Applicable,0,0,0,1,0,0,0,0,0,0,0,999,0,1,9,0,9,9,1,0,0,0,1,99,99999,9,9,99,0,9,9,999,999,99,99,99,99,99,99,9999,99,9999,9,99,99,99,99,9,9,99,9,9,2,99,0,0,99,99,99,9,9,99,,,,1,0,,,,,,,,,,,,,,,,,,,,,,,,,2012
2012040700,4,40700,1,2,1,14,11,0,13,12,6,1,0,99,9,63,33,63033,4,2005,Unknown,9,9,9,9,9,9,9,9,9,9,9,9,0,0,0,Not Applicable,Not Applicable,0,0,0,1,0,0,0,0,0,0,0,999,0,0,0,61,9,9,12,0,0,0,1,4,85395,6,1,0,0,3,3,66,115,0,0,0,0,0,0,0,0,0,0,99,99,99,99,5,5,99,1,1,2,99,99,9,12,99,99,9,9,98,,,,0,0,,,,,,,,,,,,,,,,,,,,,,,,,2012
2012040700,4,40700,2,2,1,14,11,0,13,12,6,1,0,99,9,76,709,76709,80,2001,Unknown,9,9,9,9,9,9,9,9,9,9,9,9,0,0,0,Not Applicable,Not Applicable,0,0,0,1,0,0,0,0,0,0,0,999,0,0,0,12,9,9,12,0,0,0,1,4,85023,6,1,0,0,2,0,70,135,0,0,0,0,0,0,0,0,0,9,99,99,99,99,5,5,99,1,1,2,99,99,9,1,99,99,9,9,98,,,,1,0,,,,,,,,,,,,,,,,,,,,,,,,,2012
2012040701,4,40701,1,1,1,15,11,2,8,33,0,1,0,4,2,53,405,53405,14,2007,2S3DB7171761,2,S,3,D,B,7,1,7,1,7,6,1,0,0,0,Not Applicable,Not Applicable,0,0,0,1,0,0,0,0,0,0,0,998,0,0,0,12,6,2,2,0,0,1,1,4,86409,6,1,0,0,3,0,72,165,0,0,0,0,0,0,0,0,0,1,0,0,0,0,6,1,75,2,6,2,1,0,0,14,12,1,1,4,6,,,,1,1,P,SUZI,XL7,UT,7,17,4094,,0,1125,,G,,F,6,220,,,17R235,,,,,,2012
2012040702,4,40702,1,1,1,15,11,18,37,8,0,1,0,6,1,20,9,20009,2,2012,2G1FK1EJ5C91,2,G,1,F,K,1,E,J,5,C,9,1,0,0,0,Not Applicable,Not Applicable,0,0,0,1,0,0,0,0,0,0,0,46,0,0,0,12,6,2,8,0,0,0,1,6,92113,6,1,0,0,3,3,68,175,0,0,0,1,0,4,2010,4,2010,0,0,0,0,0,5,5,40,1,1,2,1,0,0,1,80,99,1,1,13,,,,0,0,P,CHEV,SSM,CP,12,17,3913,,0,1123,,G,,F,8,378,,,20R245,,,,,,2012
2012040703,4,40703,1,1,1,18,11,19,16,8,0,1,0,99,9,2,403,2403,14,2004,Unknown,9,9,9,9,9,9,9,9,9,9,9,9,0,0,0,Not Applicable,Not Applicable,0,0,0,1,0,0,0,0,0,0,0,999,0,0,0,12,9,9,8,0,0,0,1,4,85017,6,1,0,0,3,0,71,228,0,0,0,0,0,0,0,0,0,9,99,99,99,99,5,9,99,1,1,2,99,0,0,99,80,99,9,9,13,,,,0,0,,,,,,,,,,,,,,,,,,,,,,,,,2012
2012040704,4,40704,1,1,2,19,11,99,99,35,0,1,0,99,9,99,999,99999,99,9999,Unknown,9,9,9,9,9,9,9,9,9,9,9,9,0,0,0,Not Applicable,Not Applicable,0,0,0,1,0,0,0,0,0,0,0,999,0,1,5,99,9,9,1,0,0,0,1,99,99999,9,9,99,0,9,9,999,999,99,99,99,99,99,99,9999,99,9999,1,6,0,0,0,9,9,99,9,9,5,99,99,9,99,99,99,9,9,99,,,,1,0,,,,,,,,,,,,,,,,,,,,,,,,,2012
2012040705,4,40705,1,1,2,21,11,99,99,99,99,1,9,99,9,99,709,99709,80,9999,Unknown,9,9,9,9,9,9,9,9,9,9,9,9,0,0,0,Not Applicable,Not Applicable,0,0,0,1,0,0,0,0,0,0,0,999,0,0,0,99,9,9,99,0,0,0,1,99,99999,9,9,99,0,9,9,999,999,99,99,99,99,99,99,9999,99,9999,9,99,99,99,99,9,9,99,9,9,9,99,99,9,99,99,99,9,9,99,,,,1,0,,,,,,,,,,,,,,,,,,,,,,,,,2012
2012040706,4,40706,1,2,1,24,11,17,7,1,0,1,0,4,2,37,32,37032,4,2012,1HGCP2F72CA1,1,H,G,C,P,2,F,7,2,C,A,1,0,0,0,Not Applicable,Not Applicable,0,0,0,1,0,0,0,0,0,0,0,0,0,0,0,14,0,3,54,0,0,0,1,15,96792,6,1,0,0,3,0,64,140,0,0,0,1,0,8,2010,8,2010,0,38,0,0,0,2,2,45,1,1,2,1,0,0,5,15,2,1,1,98,,,,0,0,P,HOND,UEX,4D,12,17,3311,,0,1102,,G,,F,4,146,,,17R225,,,,,,2012
2012040706,4,40706,2,2,1,24,11,17,7,1,0,1,0,4,2,53,706,53706,80,1980,GS100G104289,G,S,1,0,0,G,1,0,4,2,8,9,0,0,0,Not Applicable,Not Applicable,0,0,0,1,0,0,0,0,0,0,0,51,0,0,0,0,6,2,1,0,0,0,1,4,85249,6,1,0,0,3,0,70,275,0,0,0,0,0,0,0,0,0,0,84,0,0,0,2,2,45,1,1,2,1,0,0,1,62,3,2,1,98,,,,1,0,M,SUZI,GS1,RS,80,12,,,,,,,997,,4,,4,516,,,,,,,2012
2012040707,4,40707,1,7,1,20,11,23,44,12,1,1,0,6,3,87,881,87881,66,1998,1XP5DB9XXWD4,1,X,P,5,D,B,9,X,X,W,D,4,1,1,57,1314935,571314935,3,6,1,1,0,0,0,0,0,0,0,998,0,0,0,12,6,2,2,0,0,1,1,6,92173,6,1,6,0,3,0,73,275,1,0,0,0,3,1,2011,6,2012,1,0,0,0,0,2,2,75,1,1,2,1,0,0,1,50,1,1,1,20,,,,1,0,T,PTRB,379,TR,98,17,,8,0,0,CON,D,,,6,893,,,,,00000,00,,64,2012
2012040707,4,40707,2,7,1,20,11,23,44,12,1,1,0,32,2,82,881,82881,66,1995,1FUYDDYB5SH5,1,F,U,Y,D,D,Y,B,5,S,H,5,1,1,57,2322391,572322391,3,6,3,1,0,0,0,0,0,0,0,0,0,0,0,6,6,2,12,0,0,0,1,12,33012,6,1,6,0,3,0,68,999,0,0,0,0,0,0,0,0,0,0,0,0,0,0,2,2,75,1,1,2,1,0,0,5,53,1,1,1,21,,,,0,0,T,FRHT,FLD,TR,95,17,,8,0,0,CON,D,,,6,855,,,,,00000,00,,64,2012
2012040707,4,40707,3,7,1,20,11,23,44,12,1,1,0,4,1,20,28,20028,4,2012,1G1JC5SH9C41,1,G,1,J,C,5,S,H,9,C,4,1,0,0,0,Not Applicable,Not Applicable,0,0,0,1,0,0,0,0,0,0,0,0,0,0,0,6,6,2,12,0,0,0,1,4,85222,6,1,6,0,3,0,72,280,0,2,0,0,0,2,2010,3,2010,0,0,0,0,0,2,2,75,1,1,2,1,0,0,5,50,1,1,1,98,,,,0,0,P,CHEV,SNT,4D,12,17,2721,,0,994,,G,,F,4,110,,,15R195,,,,,,2012
2012040707,4,40707,4,7,2,20,11,23,44,12,1,1,0,6,1,18,23,18023,4,2006,1G4HE57Y26U2,1,G,4,H,E,5,7,Y,2,6,U,2,0,0,0,Not Applicable,Not Applicable,0,0,0,1,0,0,0,0,0,0,0,0,0,0,0,6,4,1,12,0,0,0,1,6,93556,6,1,0,0,3,0,69,200,0,0,0,0,0,0,0,0,0,0,0,0,0,0,2,2,75,1,1,2,1,0,0,5,50,1,1,1,98,,,,0,0,P,BUIC,UXS,4D,6,17,4013,,0,1156,,G,,F,8,281,,,18R245,,,,,,2012
2012040707,4,40707,5,7,1,20,11,23,44,12,1,1,0,6,2,7,880,7880,67,2007,3D7ML48C37G7,3,D,7,M,L,4,8,C,3,7,G,7,0,0,88,None,None,2,1,97,1,0,0,0,0,0,0,0,0,0,0,0,6,4,1,12,0,0,0,1,6,91042,6,1,0,0,3,0,70,210,0,0,0,0,0,0,0,0,0,0,0,0,0,0,2,2,75,1,1,2,1,0,0,5,50,1,1,1,98,,,,0,0,T,DODG,SQ3,CW,7,17,,3,0,1600,RPC,D,,,6,359,,,,D,6282,07,E,42,2012
2012040707,4,40707,6,7,4,20,11,23,44,12,1,1,0,6,1,35,47,35047,4,2009,1N4AL21E99C1,1,N,4,A,L,2,1,E,9,9,C,1,0,0,0,Not Applicable,Not Applicable,0,0,0,1,0,0,0,0,0,0,0,0,0,0,0,6,6,2,12,0,0,0,1,6,91384,6,1,0,0,3,0,73,190,0,0,0,0,0,0,0,0,0,0,0,0,0,0,2,2,75,1,1,2,1,0,0,5,50,1,1,1,98,,,,0,0,P,NISS,ATS,4D,9,17,3179,,0,1093,,G,,F,4,153,,,16R215,,,,,,2012
2012040707,4,40707,7,7,1,20,11,23,44,12,1,1,0,4,3,51,881,51881,66,2012,4V4NC9TH6CN5,4,V,4,N,C,9,T,H,6,C,N,5,1,1,57,1725083,571725083,3,6,1,1,0,0,0,0,0,0,0,0,0,0,0,83,2,1,54,0,0,0,1,4,85326,6,1,6,0,3,3,71,250,0,0,0,0,0,0,0,0,0,0,0,0,0,0,2,2,75,1,1,2,1,0,0,5,98,1,1,1,98,,,,0,0,T,VOLV,VNL,TR,12,17,,8,0,0,VVN,D,,,6,915,,,,,00000,00,,64,2012
2012040708,4,40708,1,2,2,6,12,11,50,12,6,1,0,4,2,20,37,20037,4,2004,1G1ND52F74M5,1,G,1,N,D,5,2,F,7,4,M,5,0,0,0,Not Applicable,Not Applicable,0,0,0,1,0,0,0,0,0,0,0,998,0,0,0,62,6,2,12,0,0,0,1,4,85223,6,1,0,0,3,0,62,302,0,0,0,0,0,0,0,0,0,0,38,0,0,0,1,2,25,1,1,2,1,20,3,1,17,1,1,1,89,,,,2,0,P,CHEV,CLA,4D,4,17,3106,,0,1070,,G,,F,4,134,,,15R215,,,,,,2012
2012040708,4,40708,2,2,2,6,12,11,50,12,6,1,0,4,3,20,481,20481,31,2007,1GBHC24U47E1,1,G,B,H,C,2,4,U,4,7,E,1,1,1,88,None,None,2,4,3,1,0,0,0,0,0,0,0,998,0,0,0,12,6,2,12,0,0,0,1,4,85210,6,1,0,0,3,0,74,195,0,0,0,0,0,0,0,0,0,0,0,0,0,0,1,2,45,1,1,2,1,0,0,1,66,1,1,1,88,,,,0,0,T,CHEV,2CH,PK,7,17,,2,0,1330,SIL,G,,,8,366,,,,C,5142,00,,42,2012
2012040709,4,40709,1,1,1,9,11,19,49,2,0,1,0,4,2,42,48,42048,4,2007,WDBUF77X67B0,W,D,B,U,F,7,7,X,6,7,B,0,0,0,0,Not Applicable,Not Applicable,0,0,0,1,0,0,0,0,0,0,0,998,0,0,0,0,6,2,2,0,0,1,1,6,92028,6,1,0,0,3,3,64,135,0,0,0,0,0,0,0,0,0,0,0,0,0,0,1,2,98,8,8,2,1,0,0,99,98,1,1,9,0,,,,1,1,P,MERZ,E6A,4D,7,17,4035,,0,1124,,G,,F,8,379,,,18R245,,,,,,2012
2012040710,4,40710,1,1,1,12,12,4,40,17,0,1,0,4,2,7,880,7880,67,1998,1B7MC3363WJ1,1,B,7,M,C,3,3,6,3,W,J,1,0,0,88,None,None,2,1,97,1,0,0,0,0,0,0,0,65,0,1,5,4,6,2,1,0,0,0,1,4,85936,6,1,0,0,3,0,69,165,0,0,0,0,0,0,0,0,0,9,99,99,99,99,1,2,65,8,8,2,1,0,0,1,9,6,4,4,7,,,,1,1,T,DODG,Q35,4C,98,17,,3,0,1547,RPC,D,,,6,359,,,,D,5708,00,U,42,2012
2012040711,4,40711,1,1,2,2,12,22,18,42,0,1,0,18,3,85,881,85881,66,2005,3WKADB9X45F0,3,W,K,A,D,B,9,X,4,5,F,0,2,1,57,265752,57265752,3,7,1,1,0,0,0,0,0,0,0,998,0,0,0,12,6,2,35,0,0,0,1,4,85035,6,1,6,1,3,0,69,240,0,0,0,0,0,0,0,0,0,0,0,0,0,0,2,2,75,1,5,2,1,0,0,99,13,1,1,4,1,,,,1,0,T,KW,T60,TR,5,17,,8,2600,1600,CON,D,,,6,893,,,,,00000,00,,64,2012
2012040712,4,40712,1,1,2,9,12,6,49,30,0,1,0,4,2,2,407,2407,14,2008,1J8FT28W38D5,1,J,8,F,T,2,8,W,3,8,D,5,0,0,0,Not Applicable,Not Applicable,0,0,0,1,0,0,0,0,0,0,0,58,0,0,0,12,6,2,30,0,0,0,1,4,85019,0,0,0,0,0,0,72,182,0,0,0,0,0,0,0,0,0,1,0,0,0,0,5,4,40,1,1,2,1,0,0,1,13,1,1,4,1,,,,2,1,T,JEEP,SPO,4W,8,17,,1,0,1037,PRT,G,,,4,144,,,,,3108,00,L,42,2012
2012040713,4,40713,1,1,1,12,12,7,9,53,0,1,0,4,1,22,20,22020,4,2002,1G2WK52J72F2,1,G,2,W,K,5,2,J,7,2,F,2,0,0,0,Not Applicable,Not Applicable,0,0,0,1,0,0,0,0,0,0,0,999,0,0,0,12,6,2,53,0,0,0,1,4,86004,6,1,0,0,3,0,65,195,0,0,0,0,0,0,0,0,0,0,99,99,99,99,1,2,50,1,1,2,1,0,0,1,13,1,1,4,1,,,,1,0,P,PONT,GFS,4D,2,17,3384,,0,1105,,G,,F,6,191,,,15R205,,,,,,2012
2012040714,4,40714,1,1,1,15,12,3,31,8,0,1,0,4,1,7,482,7482,31,2006,1D7HU18266S6,1,D,7,H,U,1,8,2,6,6,S,6,0,0,0,Not Applicable,Not Applicable,0,0,0,1,0,0,0,0,0,0,0,60,0,0,0,12,2,1,8,0,0,0,1,4,85016,6,1,0,0,3,0,78,250,0,0,0,0,0,0,0,0,0,0,0,0,0,0,6,1,65,1,5,2,2,0,0,1,80,1,1,1,13,,,,0,0,T,DODG,SQ1,CW,6,17,,2,1605,1405,RPC,G,,,8,348,,,,B,5233,02,E,44,2012
2012040715,4,40715,1,2,2,15,12,12,44,12,2,1,0,4,1,2,403,2403,14,2004,1J4FA69SX4P7,1,J,4,F,A,6,9,S,X,4,P,7,0,0,0,Not Applicable,Not Applicable,0,0,0,1,0,0,0,0,0,0,0,25,0,0,0,12,6,2,12,0,0,0,1,4,86018,6,1,0,0,3,0,70,155,0,0,0,1,0,2,2011,2,2011,1,51,87,0,0,1,2,25,1,1,2,3,0,0,1,11,1,1,3,52,,,,1,0,T,JEEP,WRB,2W,4,17,,1,0,934,W/T,G,,,6,244,,,,,3620,00,E,44,2012
2012040715,4,40715,2,2,1,15,12,12,44,12,2,1,0,4,2,12,481,12481,31,2002,1FTNX21F82EC,1,F,T,N,X,2,1,F,8,2,E,C,0,0,0,Not Applicable,Not Applicable,0,0,0,1,0,0,0,0,0,0,0,25,0,0,0,12,6,2,12,0,0,0,1,4,86046,6,1,6,0,3,0,70,195,0,2,0,0,0,1,2010,2,2010,1,51,87,0,0,1,2,25,1,1,2,3,0,0,1,11,1,1,3,52,,,,0,0,T,FORD,F2S,4C,2,17,,2,1580,1418,SRW,D,,,8,444,,,,C,5949,05,U,44,2012
2012040716,4,40716,1,2,5,16,12,0,8,1,0,1,0,4,2,52,46,52046,4,2003,JA3AJ86E63U0,J,A,3,A,J,8,6,E,6,3,U,0,0,0,0,Not Applicable,Not Applicable,0,0,0,1,0,0,0,0,0,0,0,998,0,1,3,0,6,2,1,0,0,0,1,4,85602,0,0,0,0,0,0,68,140,0,0,0,0,0,0,0,0,0,1,0,0,0,0,2,2,75,2,5,2,1,0,0,14,6,6,4,4,7,,,,1,1,P,MITS,LZR,4D,3,17,2701,,0,1024,,G,,F,4,122,,,15R195,,,,,,2012
2012040716,4,40716,2,2,2,16,12,0,8,1,0,1,0,35,1,13,421,13421,15,2009,5LMFU28559LJ,5,L,M,F,U,2,8,5,5,9,L,J,0,0,0,Not Applicable,Not Applicable,0,0,0,1,0,0,0,0,0,0,0,70,0,0,0,8,0,1,54,0,0,0,1,35,88033,6,1,0,0,3,3,60,110,98,0,0,0,0,0,0,0,0,0,0,0,0,0,2,2,75,2,5,2,1,0,0,14,98,1,1,1,98,,,,0,0,P,LINC,NAV,UT,9,17,6070,,0,1190,,F,,F,8,329,,,20R275,,,,,,2012
2012040717,4,40717,1,2,1,18,12,5,16,1,0,1,0,4,1,98,709,98709,80,2008,ZD4VRC0018S0,Z,D,4,V,R,C,0,0,1,8,S,0,0,0,0,Not Applicable,Not Applicable,0,0,0,1,0,0,0,0,0,0,0,50,0,0,0,0,4,3,1,0,0,0,1,4,85736,6,1,6,0,3,3,72,208,0,0,0,0,1,3,2011,3,2011,0,0,0,0,0,1,2,50,1,1,2,1,0,0,1,8,3,2,1,98,,,,1,0,U,,,,8,17,,,,,,,,,,,,,,,,,,,2012
2012040717,4,40717,2,2,1,18,12,5,16,1,0,1,0,4,1,23,481,23481,31,2004,1GTHC29U34E2,1,G,T,H,C,2,9,U,3,4,E,2,0,0,0,Not Applicable,Not Applicable,0,0,0,1,0,0,0,0,0,0,0,50,0,0,0,12,8,1,54,0,0,0,1,4,85735,6,1,0,0,3,0,69,185,0,0,0,0,0,0,0,0,0,0,0,0,0,0,1,2,50,1,1,2,1,0,0,1,62,3,2,1,98,,,,0,0,T,GMC,2CH,4C,4,17,,2,1575,1430,SIE,G,,,8,364,,,,C,5556,00,U,42,2012
2012040718,4,40718,1,1,3,19,12,12,3,8,0,1,0,4,2,12,481,12481,31,1997,1FTFX28L7VKC,1,F,T,F,X,2,8,L,7,V,K,C,0,0,0,Not Applicable,Not Applicable,0,0,0,1,0,0,0,0,0,0,0,34,0,0,0,12,4,3,8,0,0,0,1,4,85259,6,1,0,0,3,0,73,160,0,0,0,0,0,0,0,0,0,0,0,0,0,0,2,2,40,1,1,2,1,0,0,1,80,4,1,1,13,,,,0,0,T,FORD,F25,3C,97,17,,2,0,1390,COF,G,,,8,330,,,,C,4770,00,E,44,2012
2012040719,4,40719,1,1,2,22,12,15,22,1,0,1,0,4,2,20,401,20401,14,2001,1GNCS13W9121,1,G,N,C,S,1,3,W,9,1,2,1,6,1,0,Not Applicable,Not Applicable,0,0,0,1,0,0,0,0,0,0,0,998,0,1,3,0,6,2,1,0,0,0,1,96,0,9,9,99,0,9,9,999,999,99,99,99,99,99,99,9999,99,9999,1,0,0,0,0,2,3,75,1,1,2,1,0,0,1,9,7,3,4,2,,,,1,0,P,CHEV,BZR,UT,1,17,3887,,0,1070,,G,,F,6,262,,,15R235,,,,,,2012
2012040720,4,40720,1,1,1,1,12,11,54,33,0,1,0,4,1,38,402,38402,14,1993,4S2CG58V1P43,4,S,2,C,G,5,8,V,1,P,4,3,0,0,0,Not Applicable,Not Applicable,0,0,0,1,0,0,0,0,0,0,0,22,0,1,5,12,6,2,1,0,0,0,1,4,85051,6,1,0,0,3,0,71,140,0,0,0,0,1,10,2012,10,2012,1,0,0,0,0,5,5,40,1,1,2,1,0,0,6,6,4,2,4,2,,,,1,0,P,ISU,ROD,UT,93,17,0,,0,1087,,G,,F,6,195,,,000000,,,,,,2012