accident_id,STATE,ST_CASE,VEH_NO,VE_FORMS,NUMOCCS,DAY,MONTH,HOUR,MINUTE,HARM_EV,MAN_COLL,UNITTYPE,HIT_RUN,REG_STAT,OWNER,MAKE,MODEL,MAK_MOD,BODY_TYP,MOD_YEAR,VIN,VIN_1,VIN_2,VIN_3,VIN_4,VIN_5,VIN_6,VIN_7,VIN_8,VIN_9,VIN_10,VIN_11,VIN_12,TOW_VEH,J_KNIFE,MCARR_I1,MCARR_I2,MCARR_ID,GVWR,V_CONFIG,CARGO_BT,HAZ_INV,HAZ_PLAC,HAZ_ID,HAZ_CNO,HAZ_REL,BUS_USE,SPEC_USE,EMER_USE,TRAV_SP,UNDERIDE,ROLLOVER,ROLINLOC,IMPACT1,DEFORMED,TOWED,M_HARM,VEH_SC1,VEH_SC2,FIRE_EXP,DR_PRES,L_STATE,DR_ZIP,L_STATUS,L_TYPE,CDL_STAT,L_ENDORS,L_COMPL,L_RESTRI,DR_HGT,DR_WGT,PREV_ACC,PREV_SUS,PREV_DWI,PREV_SPD,PREV_OTH,FIRST_MO,FIRST_YR,LAST_MO,LAST_YR,SPEEDREL,DR_SF1,DR_SF2,DR_SF3,DR_SF4,VTRAFWAY,VNUM_LAN,VSPD_LIM,VALIGN,VPROFILE,VPAVETYP,VSURCOND,VTRAFCON,VTCONT_F,P_CRASH1,P_CRASH2,P_CRASH3,PCRASH4,PCRASH5,ACC_TYPE,TRLR1VIN,TRLR2VIN,TRLR3VIN,DEATHS,DR_DRINK,VINTYPE,VINMAKE,VINA_MOD,VIN_BT,VINMODYR,VIN_LNGT,VIN_WGT,WGTCD_TR,WHLBS_LG,WHLBS_SH,SER_TR,FUELCODE,MCYCL_DS,CARBUR,CYLINDER,DISPLACE,MCYCL_CY,MCYCL_WT,TIRE_SZE,TON_RAT,TRK_WT,TRKWTVAR,VIN_REST,WHLDRWHL,Year
2012040721,4,40721,1,1,1,2,12,0,6,1,0,1,0,4,1,20,471,20471,30,2000,1GCCS1455YK2,1,G,C,C,S,1,4,5,5,Y,K,2,0,0,0,Not Applicable,Not Applicable,0,0,0,1,0,0,0,0,0,0,0,998,0,1,1,0,6,2,1,0,0,0,1,4,85305,6,1,0,0,3,0,74,230,0,0,0,0,0,0,0,0,0,1,0,0,0,0,2,2,40,1,1,2,1,0,0,1,13,99,1,6,98,,,,1,1,T,CHEV,S14,PK,0,17,,1,1179,1083,S,F,,,4,133,,,,B,3029,03,,42,2012
2012040722,4,40722,1,2,1,4,12,18,21,12,6,1,0,4,1,6,16,6016,1,1988,1C3XJ45E0JG4,1,C,3,X,J,4,5,E,0,J,G,4,0,0,0,Not Applicable,Not Applicable,0,0,0,1,0,0,0,0,0,0,0,55,0,0,0,12,6,2,12,0,0,1,1,4,85008,6,1,0,0,3,0,72,165,0,0,0,0,0,0,0,0,0,1,0,0,0,0,5,5,35,1,1,2,1,0,0,1,62,9,2,2,69,,,,0,0,P,CHRY,LEB,CV,88,17,2843,,0,1003,,G,,T,4,135,,,14R195,,,,,,2012
2012040722,4,40722,2,2,1,4,12,18,21,12,6,1,0,4,1,6,43,6043,4,2007,1C3LC46KX7N5,1,C,3,L,C,4,6,K,X,7,N,5,0,0,0,Not Applicable,Not Applicable,0,0,0,1,0,0,0,0,0,0,0,21,0,0,0,82,6,2,12,0,0,0,1,4,85008,6,1,0,0,3,0,66,240,0,1,0,0,0,3,2010,3,2010,0,48,0,0,0,5,5,35,1,1,2,1,0,0,11,15,99,1,1,68,,,,1,0,P,CHRY,SEB,4D,7,17,3201,,0,1089,,G,,F,4,144,,,16R215,,,,,,2012
2012040723,4,40723,1,1,2,8,12,99,99,3,0,1,9,99,9,99,999,99999,99,9999,Unknown,9,9,9,9,9,9,9,9,9,9,9,9,0,0,0,Not Applicable,Not Applicable,0,0,0,1,0,0,0,0,0,0,0,999,0,0,0,0,9,9,3,0,0,0,1,99,99999,9,9,99,0,9,9,999,999,99,99,99,99,99,99,9999,99,9999,9,99,99,99,99,9,9,99,9,9,9,99,99,9,99,99,99,9,9,0,,,,1,0,,,,,,,,,,,,,,,,,,,,,,,,,2012
2012040724,4,40724,1,1,2,11,12,18,26,8,0,1,1,4,1,20,481,20481,31,2003,1GCEC14X33Z3,1,G,C,E,C,1,4,X,3,3,Z,3,0,0,0,Not Applicable,Not Applicable,0,0,0,1,0,0,0,0,0,0,0,43,0,0,0,12,2,1,8,0,0,0,1,4,85016,6,1,0,0,3,0,72,250,0,4,0,1,1,7,2010,12,2012,0,0,0,0,0,5,5,40,1,1,2,1,0,0,1,80,8,9,3,13,,,,0,0,T,CHEV,SC1,PK,3,17,,2,1330,1190,SIL,G,,,6,262,,,,B,4073,00,,42,2012
2012040725,4,40725,1,1,1,12,12,4,57,8,0,1,0,4,1,6,54,6054,6,2004,2C8GM68454R2,2,C,8,G,M,6,8,4,5,4,R,2,0,0,0,Not Applicable,Not Applicable,0,0,0,1,0,0,0,0,0,0,0,37,0,0,0,12,2,4,8,0,0,0,1,4,85035,6,1,0,0,3,0,60,120,0,0,0,0,1,4,2011,4,2011,0,0,0,0,0,2,3,40,1,1,2,1,0,0,1,80,1,1,1,13,,,,0,0,P,CHRY,PIF,UT,4,17,4334,,0,1163,,G,,F,6,214,,,17R235,,,,,,2012
2012040726,4,40726,1,1,1,13,12,17,5,3,0,1,0,99,9,99,999,99999,99,9999,Unknown,9,9,9,9,9,9,9,9,9,9,9,9,0,0,0,Not Applicable,Not Applicable,0,0,0,1,0,0,0,0,0,0,0,999,0,0,0,0,9,9,3,0,0,0,1,4,85239,6,1,0,0,3,3,73,220,0,0,0,0,0,0,0,0,0,9,99,99,99,99,9,9,99,9,9,9,99,0,0,99,99,99,9,4,0,,,,1,0,,,,,,,,,,,,,,,,,,,,,,,,,2012
2012040727,4,40727,1,2,1,15,12,2,14,12,2,1,0,4,2,20,481,20481,31,2000,1GCEC14W7YE1,1,G,C,E,C,1,4,W,7,Y,E,1,0,0,0,Not Applicable,Not Applicable,0,0,0,1,0,0,0,0,0,0,0,47,0,1,9,12,6,2,1,0,0,0,1,4,85326,1,1,0,0,2,0,72,185,0,7,1,1,0,2,2010,11,2012,0,28,0,0,0,1,2,50,3,1,2,1,0,0,14,10,99,1,2,50,,,,1,1,T,CHEV,SC1,PK,0,17,,2,1330,1190,SIL,G,,,6,262,,,,B,3923,02,,42,2012
2012040727,4,40727,2,2,1,15,12,2,14,12,2,1,0,4,2,35,47,35047,4,2008,1N4AL21E08N4,1,N,4,A,L,2,1,E,0,8,N,4,0,0,0,Not Applicable,Not Applicable,0,0,0,1,0,0,0,0,0,0,0,50,0,0,0,12,6,2,12,0,0,0,1,4,85033,6,1,0,0,3,3,74,210,0,0,0,1,0,5,2012,5,2012,0,0,0,0,0,1,2,50,2,1,2,1,0,0,14,62,99,1,1,51,,,,0,0,P,NISS,ATS,4D,8,17,3028,,0,1093,,G,,F,4,153,,,16R215,,,,,,2012
2012040728,4,40728,1,2,1,16,12,4,48,12,2,1,0,4,2,37,31,37031,2,1995,2HGEJ1131SH5,2,H,G,E,J,1,1,3,1,S,H,5,0,0,0,Not Applicable,Not Applicable,0,0,0,1,0,0,0,0,0,0,0,998,0,0,0,12,6,2,12,0,0,0,1,4,85339,1,1,0,0,2,0,65,131,0,3,0,0,2,4,2011,6,2012,0,28,0,0,0,5,2,45,1,1,2,2,0,0,1,10,1,1,1,50,,,,1,1,P,HOND,CEX,CP,95,17,2415,,0,1032,,G,,F,4,097,,,14R185,,,,,,2012
2012040728,4,40728,2,2,1,16,12,4,48,12,2,1,0,4,2,59,32,59032,4,1991,JT8UF11E5M00,J,T,8,U,F,1,1,E,5,M,0,0,0,0,0,Not Applicable,Not Applicable,0,0,0,1,0,0,0,0,0,0,0,998,0,0,0,12,6,2,12,0,0,0,1,4,85353,6,1,0,0,3,0,69,170,0,0,0,0,0,0,0,0,0,0,0,0,0,0,5,2,45,1,1,2,2,0,0,1,62,1,1,1,51,,,,0,0,P,LEXS,LS4,4D,91,17,3591,,0,1108,,G,,F,8,242,,,15R205,,,,,,2012
2012040729,4,40729,1,2,1,18,12,12,53,12,6,1,1,4,2,7,24,7024,4,2010,2B3CA3CV5AH2,2,B,3,C,A,3,C,V,5,A,H,2,0,0,0,Not Applicable,Not Applicable,0,0,0,1,0,0,0,0,0,0,0,63,0,0,0,12,6,2,12,0,0,0,1,4,85007,0,0,0,0,0,0,69,250,0,5,0,1,1,10,2011,10,2012,1,91,0,0,0,1,2,25,1,1,2,1,0,0,1,17,8,1,2,88,,,,0,0,P,DODG,CHS,4D,10,17,3820,,0,1200,,G,,F,6,214,,,17R215,,,,,,2012
2012040729,4,40729,2,2,1,18,12,12,53,12,6,1,0,4,1,24,1,24001,4,1996,1G8ZK5279TZ3,1,G,8,Z,K,5,2,7,9,T,Z,3,0,0,0,Not Applicable,Not Applicable,0,0,0,1,0,0,0,0,0,0,0,13,0,0,0,9,6,2,12,0,0,0,1,4,85210,6,1,0,0,3,0,65,160,0,0,0,0,0,0,0,0,0,0,0,0,0,0,1,2,25,1,1,2,1,20,3,1,66,99,1,1,89,,,,1,0,P,STRN,SL2,4D,96,17,2350,,0,1024,,G,,F,4,116,,,15R185,,,,,,2012
2012040730,4,40730,1,2,2,22,12,14,16,12,2,1,0,4,2,7,24,7024,4,2007,2B3KA43G77H6,2,B,3,K,A,4,3,G,7,7,H,6,0,0,0,Not Applicable,Not Applicable,0,0,0,1,0,0,0,0,0,0,0,45,0,0,0,12,6,2,12,0,0,0,1,4,85143,6,1,0,0,3,0,65,203,0,0,0,0,0,0,0,0,0,0,38,0,0,0,2,2,45,1,1,2,1,3,3,11,15,1,1,1,68,,,,0,0,P,DODG,CTL,4D,7,17,3720,,0,1200,,G,,F,6,214,,,17R215,,,,,,2012
2012040730,4,40730,2,2,4,22,12,14,16,12,2,1,0,4,2,49,401,49401,14,2005,JTEZU14R0500,J,T,E,Z,U,1,4,R,0,5,0,0,0,0,0,Not Applicable,Not Applicable,0,0,0,1,0,0,0,0,0,0,0,45,0,0,0,12,6,2,12,0,0,0,1,4,85207,6,1,0,0,3,0,68,175,0,0,0,0,0,0,0,0,0,0,0,0,0,0,2,2,45,1,1,2,1,3,3,1,62,1,1,1,69,,,,1,0,P,TOYT,RUN,UT,5,17,4070,,0,1098,,G,,F,6,244,,,17R265,,,,,,2012
2012040731,4,40731,1,2,2,21,12,13,30,1,0,1,0,4,2,7,26,7026,4,2009,1B3LC46B99N5,1,B,3,L,C,4,6,B,9,9,N,5,0,0,0,Not Applicable,Not Applicable,0,0,0,1,0,0,0,0,0,0,0,11,0,0,0,61,6,2,12,0,0,0,1,4,85027,6,1,0,0,3,0,73,180,0,0,0,1,0,11,2011,11,2011,0,38,0,0,0,0,0,0,0,0,0,0,0,0,11,15,1,1,1,98,,,,0,0,P,DODG,AST,4D,9,17,3355,,0,1089,,G,,F,4,146,,,16R215,,,,,,2012
2012040731,4,40731,2,2,1,21,12,13,30,1,0,1,0,4,1,72,706,72706,80,2002,1HD1FRW192Y6,1,H,D,1,F,R,W,1,9,2,Y,6,0,0,0,Not Applicable,Not Applicable,0,0,0,1,0,0,0,0,0,0,0,45,0,0,0,0,6,2,1,0,0,0,1,4,85304,6,1,0,0,3,0,70,185,0,0,0,0,0,0,0,0,0,0,0,0,0,0,5,6,40,1,1,2,1,0,0,1,72,4,2,3,98,,,,1,0,M,HD,FCI,RS,2,17,,,,,,,1450,,2,,4,710,,,,,,,2012
2012040732,4,40732,1,1,1,23,12,3,25,8,0,1,0,4,1,55,35,55035,4,2012,5NPDH4AE9CH0,5,N,P,D,H,4,A,E,9,C,H,0,0,0,0,Not Applicable,Not Applicable,0,0,0,1,0,0,0,0,0,0,0,28,0,0,0,12,2,1,8,0,0,0,1,4,85037,6,1,0,0,3,3,62,222,0,0,0,2,0,1,2010,10,2011,0,0,0,0,0,5,5,35,1,1,2,1,0,0,1,80,1,1,1,13,,,,0,0,P,HYUN,EGM,4D,12,17,2661,,0,1063,,G,,F,4,110,,,17R215,,,,,,2012
2012040733,4,40733,1,1,1,25,12,13,33,99,99,1,9,99,9,99,999,99999,99,9999,Unknown,9,9,9,9,9,9,9,9,9,9,9,9,0,0,0,Not Applicable,Not Applicable,0,0,0,1,0,0,0,0,0,0,0,999,0,0,0,99,9,9,99,0,0,0,1,4,85228,6,1,0,0,3,0,66,230,0,0,0,0,0,0,0,0,0,9,99,99,99,99,9,9,99,9,9,9,99,99,9,99,99,99,9,9,99,,,,1,1,,,,,,,,,,,,,,,,,,,,,,,,,2012
2012040734,4,40734,1,2,4,26,12,12,33,12,6,1,0,4,2,37,32,37032,4,2011,1HGCP2F85BA1,1,H,G,C,P,2,F,8,5,B,A,1,0,0,0,Not Applicable,Not Applicable,0,0,0,1,0,0,0,0,0,0,0,5,0,0,0,83,6,2,12,0,0,0,1,97,0,9,9,99,0,9,9,999,999,99,99,99,99,99,99,9999,99,9999,0,38,0,0,0,2,2,45,1,1,2,1,2,3,11,15,1,1,1,68,,,,1,0,P,HOND,AXL,4D,11,17,3421,,0,1102,,G,,F,4,146,,,17R225,,,,,,2012
2012040734,4,40734,2,2,1,26,12,12,33,12,6,1,0,4,3,12,881,12881,62,2000,3FDWF658XYMA,3,F,D,W,F,6,5,8,X,Y,M,A,0,0,57,1783661,571783661,2,1,98,1,0,0,0,0,0,0,0,40,0,0,0,12,6,2,12,0,0,0,1,4,85298,6,1,0,0,3,0,66,195,1,0,0,0,0,9,2011,9,2011,0,89,0,0,0,2,2,45,1,1,2,1,2,3,1,62,1,1,1,69,,,,0,0,T,FORD,F6S,CC,0,17,,6,2600,1580,COF,D,,,6,359,,,,,00000,00,,42,2012
2012040735,4,40735,1,2,1,26,12,16,52,12,6,1,0,4,1,53,706,53706,80,2007,JS1GT77A2721,J,S,1,G,T,7,7,A,2,7,2,1,0,0,0,Not Applicable,Not Applicable,0,0,0,1,0,0,0,0,0,0,0,76,0,0,0,12,6,2,12,0,0,0,1,4,85032,6,1,0,0,3,0,71,180,0,0,0,3,0,5,2010,1,2012,1,0,0,0,0,2,3,45,1,1,2,1,2,3,1,62,7,1,3,69,,,,1,0,M,SUZI,XR1,RC,7,17,,,,,,,999,,4,,4,379,,,,,,,2012
2012040735,4,40735,2,2,1,26,12,16,52,12,6,1,0,4,1,35,43,35043,4,1996,1N4AB41D1TC7,1,N,4,A,B,4,1,D,1,T,C,7,0,0,0,Not Applicable,Not Applicable,0,0,0,1,0,0,0,0,0,0,0,15,0,0,0,82,6,2,12,0,0,0,1,4,85254,6,1,0,0,3,3,67,152,0,0,0,0,0,0,0,0,0,0,0,0,0,0,2,3,45,1,1,2,1,2,3,11,15,10,1,1,68,,,,0,0,P,NISS,EXE,4D,96,17,2237,,0,998,,G,,F,4,097,,,13R155,,,,,,2012
2012040736,4,40736,1,1,1,27,12,10,36,33,0,1,0,4,2,53,402,53402,14,1999,2S3TC52C9X61,2,S,3,T,C,5,2,C,9,X,6,1,0,0,0,Not Applicable,Not Applicable,0,0,0,1,0,0,0,0,0,0,0,17,0,1,5,12,6,2,1,0,0,0,1,4,85032,6,1,0,0,3,0,67,110,0,0,0,0,0,0,0,0,0,1,0,0,0,0,1,2,35,4,1,2,1,0,0,11,12,1,1,4,6,,,,1,0,P,SUZI,VIT,UT,99,17,2690,,0,866,,G,,F,4,122,,,16R215,,,,,,2012
2012040737,4,40737,1,1,1,28,12,6,58,8,0,1,0,4,2,49,471,49471,30,1991,JT4VN13DXM50,J,T,4,V,N,1,3,D,X,M,5,0,0,0,0,Not Applicable,Not Applicable,0,0,0,1,0,0,0,0,0,0,0,20,0,0,0,12,2,1,8,0,0,0,1,4,85009,0,0,0,0,0,0,999,999,1,0,0,0,2,4,2011,3,2012,0,0,0,0,0,5,5,40,1,1,2,1,2,3,1,80,8,1,3,13,,,,0,0,T,TOYT,ELD,PC,91,17,,1,0,1215,HTP,G,,,6,180,,,,B,00000,00,A,44,2012
2012040738,4,40738,1,1,3,30,12,23,56,33,0,1,0,4,1,20,481,20481,31,2001,1GCEC14TX1Z2,1,G,C,E,C,1,4,T,X,1,Z,2,0,0,0,Not Applicable,Not Applicable,0,0,0,1,0,0,0,0,0,0,0,998,0,1,6,12,6,2,1,0,0,0,1,4,85345,6,1,0,0,3,0,70,160,0,1,0,1,0,7,2010,1,2011,0,0,0,0,0,2,3,40,1,1,2,1,0,0,1,12,1,1,4,6,,,,2,1,T,CHEV,SC1,PK,1,17,,2,1330,1190,SIL,G,,,8,325,,,,B,4135,00,,42,2012
2012040739,4,40739,1,1,0,14,7,16,18,8,0,1,0,4,6,53,401,53401,14,1988,JS4JC51C9J42,J,S,4,J,C,5,1,C,9,J,4,2,0,0,0,Not Applicable,Not Applicable,0,0,0,1,0,0,0,0,0,0,0,998,0,1,5,99,9,9,8,0,0,0,0,0,99997,7,6,97,7,6,7,998,997,998,998,998,998,998,98,9998,98,9998,8,0,0,0,0,1,2,98,9,6,5,1,0,0,0,80,0,0,0,98,,,,0,0,P,SUZI,SMR,UT,88,17,0,,0,799,,G,,2,4,081,,,000000,,,,,,2012
2012040740,4,40740,1,1,6,4,12,1,3,99,99,1,9,99,9,99,999,99999,99,9999,Unknown,9,9,9,9,9,9,9,9,9,9,9,9,0,0,0,Not Applicable,Not Applicable,0,0,0,1,0,0,0,0,0,0,0,999,0,0,0,99,9,9,99,0,0,0,1,99,99999,9,9,99,0,9,9,999,999,99,99,99,99,99,99,9999,99,9999,9,99,99,99,99,9,9,99,9,9,2,99,99,9,99,99,99,9,9,99,,,,3,0,,,,,,,,,,,,,,,,,,,,,,,,,2012
2012040741,4,40741,1,1,1,21,12,13,0,8,0,1,0,4,1,41,52,41052,6,2012,JM1CW2CLXC01,J,M,1,C,W,2,C,L,X,C,0,1,0,0,0,Not Applicable,Not Applicable,0,0,0,1,0,0,0,0,0,0,0,998,0,0,0,12,2,1,8,0,0,0,1,4,85326,6,1,0,0,3,0,64,130,0,0,0,0,0,0,0,0,0,0,89,0,0,0,2,3,45,1,1,2,1,3,3,10,80,6,1,2,13,,,,0,0,P,MAZD,MA5,SW,12,17,3457,,0,1083,,G,,F,4,152,,,17R205,,,,,,2012
2012040742,4,40742,1,1,1,8,9,99,99,99,0,1,0,99,9,99,999,99999,99,9999,Unknown,9,9,9,9,9,9,9,9,9,9,9,9,0,0,0,Not Applicable,Not Applicable,0,0,0,1,0,0,0,0,0,0,0,999,0,0,0,99,9,9,99,0,0,0,1,4,86039,0,0,0,0,0,0,63,186,0,0,0,0,0,0,0,0,0,9,99,99,99,99,9,9,99,9,9,2,99,0,0,99,99,99,9,9,99,,,,1,0,,,,,,,,,,,,,,,,,,,,,,,,,2012
2012040743,4,40743,1,1,2,9,10,11,25,42,0,1,0,99,9,99,999,99999,99,9999,Unknown,9,9,9,9,9,9,9,9,9,9,9,9,0,0,0,Not Applicable,Not Applicable,0,0,0,1,0,0,0,0,0,0,0,999,0,1,9,99,9,9,1,0,0,0,1,24,21797,6,1,0,0,3,0,64,155,0,0,0,0,0,0,0,0,0,9,99,99,99,99,9,9,99,9,9,2,99,0,0,99,99,99,9,4,99,,,,1,0,,,,,,,,,,,,,,,,,,,,,,,,,2012
2012040744,4,40744,1,2,1,14,12,3,32,12,1,1,1,4,1,20,421,20421,15,2007,1GNFK13037R1,1,G,N,F,K,1,3,0,3,7,R,1,0,0,0,Not Applicable,Not Applicable,0,0,0,1,0,0,0,0,0,0,0,998,0,0,0,12,4,1,12,0,0,0,1,4,85122,6,1,0,0,3,0,68,185,0,10,0,3,1,12,2009,12,2011,1,0,0,0,0,3,4,65,1,1,2,2,0,0,1,51,99,1,1,24,,,,0,0,P,CHEV,KTA,UT,7,17,5706,,0,1160,,F,,F,8,323,,,17R265,,,,,,2012
2012040744,4,40744,2,2,3,14,12,3,32,12,1,1,0,4,2,20,16,20016,4,1997,1G1JC5240V72,1,G,1,J,C,5,2,4,0,V,7,2,0,0,0,Not Applicable,Not Applicable,0,0,0,1,0,0,0,0,0,0,0,998,0,0,0,6,6,2,12,0,0,0,1,4,85240,6,1,0,0,3,0,73,185,0,0,0,0,0,0,0,0,0,0,0,0,0,0,3,4,65,1,1,2,2,0,0,1,53,1,1,1,25,,,,1,0,P,CHEV,CAV,4D,97,17,2630,,0,1041,,G,,F,4,133,,,14R195,,,,,,2012
2012040745,4,40745,1,2,2,22,11,16,50,12,6,1,0,4,1,55,35,55035,5,2001,KMHDN55D21U0,K,M,H,D,N,5,5,D,2,1,U,0,0,0,0,Not Applicable,Not Applicable,0,0,0,1,0,0,0,0,0,0,0,12,0,1,1,62,6,2,1,0,0,0,1,4,85539,6,1,0,0,3,0,62,130,0,0,0,0,0,0,0,0,0,0,39,0,0,0,1,2,40,1,1,2,1,20,3,1,17,1,1,1,89,,,,1,0,P,HYUN,EST,4H,1,17,0,,0,1027,,G,,F,4,121,,,000000,,,,,,2012
2012040745,4,40745,2,2,2,22,11,16,50,12,6,1,0,4,1,35,47,35047,4,2012,1N4AL2AP2CN5,1,N,4,A,L,2,A,P,2,C,N,5,0,0,0,Not Applicable,Not Applicable,0,0,0,1,0,0,0,0,0,0,0,52,0,0,0,12,6,2,12,0,0,0,1,4,85208,6,1,0,0,3,3,62,135,0,0,0,0,0,0,0,0,0,0,0,0,0,0,1,2,50,1,1,2,1,0,0,1,66,1,1,1,88,,,,0,0,P,NISS,ATS,4D,12,17,3180,,0,1093,,G,,F,4,153,,,16R215,,,,,,2012
2012040746,4,40746,1,2,1,3,12,16,11,12,99,1,0,4,2,7,482,7482,31,2004,3D7KU28C74G2,3,D,7,K,U,2,8,C,7,4,G,2,0,0,0,Not Applicable,Not Applicable,0,0,0,1,0,0,0,0,0,0,0,999,0,1,9,99,6,2,1,0,0,0,1,4,85625,6,1,0,0,3,3,67,120,0,0,0,0,0,0,0,0,0,0,99,99,99,99,1,2,0,1,1,5,1,0,0,1,17,1,1,1,91,,,,0,0,T,DODG,SQ2,CW,4,17,,2,1605,1405,RPC,D,,,6,359,,,,C,5438,13,E,44,2012
2012040746,4,40746,2,2,1,3,12,16,11,12,99,1,0,4,2,13,1,13001,4,1995,1LNLM82W6SY6,1,L,N,L,M,8,2,W,6,S,Y,6,0,0,0,Not Applicable,Not Applicable,0,0,0,1,0,0,0,0,0,0,0,999,0,0,0,99,6,2,12,32,0,0,1,4,85643,1,1,0,0,2,0,70,150,0,0,0,0,0,0,0,0,0,0,38,0,0,0,1,2,0,1,1,5,1,0,0,1,17,1,1,1,91,,,,1,0,P,LINC,SES,4D,95,17,4057,,0,1174,,G,,F,8,281,,,15R215,,,,,,2012
2012040747,4,40747,1,2,1,14,12,16,30,12,6,1,0,95,1,12,481,12481,31,2012,1FTFW1ET5CFC,1,F,T,F,W,1,E,T,5,C,F,C,0,0,0,Not Applicable,Not Applicable,0,0,0,1,0,0,0,0,0,0,0,10,0,0,0,83,4,1,12,0,0,0,1,95,0,9,9,99,0,9,9,999,999,99,99,99,99,99,99,9999,99,9999,0,38,48,0,0,5,3,45,1,1,2,2,0,0,11,15,1,1,1,68,,,,1,0,T,FORD,F1S,CW,12,17,,2,1570,1450,COF,G,,,6,214,,,,B,5586,02,7,44,2012
2012040747,4,40747,2,2,1,14,12,16,30,12,6,1,0,4,1,12,481,12481,31,1998,2FTZX18W2WCA,2,F,T,Z,X,1,8,W,2,W,C,A,0,0,0,Not Applicable,Not Applicable,0,0,0,1,0,0,0,0,0,0,0,45,0,0,0,12,4,1,12,0,0,0,1,4,85140,6,1,0,0,3,0,66,165,0,0,0,0,0,0,0,0,0,0,0,0,0,0,5,3,45,1,1,2,2,0,0,1,62,4,1,1,69,,,,0,0,T,FORD,F15,3C,98,17,,1,1570,1390,COF,G,,,8,281,,,,B,4480,01,E,44,2012
2012040748,4,40748,1,1,1,31,12,19,30,15,0,1,0,4,1,12,23,12023,4,2007,3FAHP071X7R1,3,F,A,H,P,0,7,1,X,7,R,1,0,0,0,Not Applicable,Not Applicable,0,0,0,1,0,0,0,0,0,0,0,42,0,0,0,12,2,3,15,0,0,0,1,4,85008,6,1,0,0,3,0,67,240,0,0,0,0,0,0,0,0,0,0,0,0,0,0,5,5,40,1,1,2,1,0,0,1,80,1,1,1,13,,,,0,0,P,FORD,F/E,4D,7,17,3101,,0,1074,,G,,F,6,183,,,16R205,,,,,,2012
2012040749,4,40749,1,1,2,26,11,0,53,1,0,1,0,4,2,24,1,24001,4,1996,1G8ZK5272TZ1,1,G,8,Z,K,5,2,7,2,T,Z,1,0,0,0,Not Applicable,Not Applicable,0,0,0,1,0,0,0,0,0,0,0,63,0,1,5,0,6,2,1,0,0,0,1,4,85308,6,1,0,0,3,2,72,175,0,4,1,1,0,12,2009,3,2012,1,74,0,0,0,1,2,25,3,1,2,1,0,0,14,6,99,9,4,2,,,,1,1,P,STRN,SL2,4D,96,17,2350,,0,1024,,G,,F,4,116,,,15R185,,,,,,2012
2012040750,4,40750,1,1,1,31,10,99,99,34,0,1,0,99,9,99,999,99999,99,9999,Unknown,9,9,9,9,9,9,9,9,9,9,9,9,0,0,0,Not Applicable,Not Applicable,0,0,0,1,0,0,0,0,0,0,0,999,0,0,0,99,6,2,3,0,0,0,1,4,85281,6,1,0,0,3,3,67,172,2,0,0,0,3,12,2009,7,2012,9,99,99,99,99,9,9,99,9,9,9,99,99,9,99,99,99,9,4,99,,,,1,0,,,,,,,,,,,,,,,,,,,,,,,,,2012
2012040751,4,40751,1,1,1,21,5,5,22,8,0,1,0,99,9,22,20,22020,4,2001,1G2WK52J41F1,1,G,2,W,K,5,2,J,4,1,F,1,0,0,0,Not Applicable,Not Applicable,0,0,0,1,0,0,0,0,0,0,0,55,0,0,0,82,8,8,8,0,0,0,1,4,86545,6,1,0,0,3,0,65,156,0,0,0,0,0,0,0,0,0,0,0,0,0,0,1,2,55,1,1,2,1,0,0,1,80,99,9,3,13,,,,0,0,P,PONT,GFS,4D,1,17,3384,,0,1105,,G,,F,6,191,,,15R205,,,,,,2012
2012040752,4,40752,1,1,2,2,9,99,99,5,0,1,0,99,9,99,499,99499,39,9999,Unknown,9,9,9,9,9,9,9,9,9,9,9,9,0,0,0,Not Applicable,Not Applicable,0,0,0,1,0,0,0,0,0,0,0,999,0,0,0,0,0,9,5,0,0,0,1,99,99999,9,9,99,0,9,9,999,999,99,99,99,99,99,99,9999,99,9999,9,99,99,99,99,9,9,99,9,9,9,99,99,9,99,99,99,9,9,0,,,,1,0,,,,,,,,,,,,,,,,,,,,,,,,,2012
2012040753,4,40753,1,1,2,7,2,99,99,5,0,1,9,99,9,99,999,99999,99,9999,Unknown,9,9,9,9,9,9,9,9,9,9,9,9,0,0,0,Not Applicable,Not Applicable,0,0,0,1,0,0,0,0,0,0,0,999,0,0,0,0,0,9,5,0,0,0,1,99,99999,9,9,99,0,9,9,999,999,99,99,99,99,99,99,9999,99,9999,9,99,99,99,99,9,9,99,9,9,5,99,0,0,99,98,99,9,9,0,,,,1,0,,,,,,,,,,,,,,,,,,,,,,,,,2012
2012040754,4,40754,1,1,1,8,12,99,99,8,0,1,1,99,9,99,999,99999,99,9999,Unknown,9,9,9,9,9,9,9,9,9,9,9,9,0,0,0,Not Applicable,Not Applicable,0,0,0,1,0,0,0,0,0,0,0,999,0,0,0,12,9,1,8,0,0,0,1,99,99999,9,9,99,0,9,9,999,999,99,99,99,99,99,99,9999,99,9999,9,99,99,99,99,9,9,99,9,9,2,99,99,9,99,82,99,9,9,13,,,,0,0,,,,,,,,,,,,,,,,,,,,,,,,,2012